timestamp,target_temp_24h,xgb_prediction,lstm_prediction
2023-01-01 00:00:00,22.5,23.279343,
2023-01-01 01:00:00,22.2,23.780006,
2023-01-01 02:00:00,22.1,22.974438,
2023-01-01 03:00:00,22.1,22.466167,
2023-01-01 04:00:00,21.8,22.597837,
2023-01-01 05:00:00,23.5,22.444696,
2023-01-01 06:00:00,23.2,22.533306,
2023-01-01 07:00:00,24.6,23.045008,
2023-01-01 08:00:00,25.7,23.32777,
2023-01-01 09:00:00,27.1,25.872492,
2023-01-01 10:00:00,27.6,27.391848,
2023-01-01 11:00:00,28.0,27.620018,
2023-01-01 12:00:00,28.2,28.205946,
2023-01-01 13:00:00,28.2,28.80359,
2023-01-01 14:00:00,27.9,28.591093,
2023-01-01 15:00:00,27.6,27.87948,
2023-01-01 16:00:00,27.0,26.740692,
2023-01-01 17:00:00,26.3,26.053646,
2023-01-01 18:00:00,25.5,25.281635,
2023-01-01 19:00:00,25.2,24.833498,
2023-01-01 20:00:00,24.9,24.589373,
2023-01-01 21:00:00,24.4,24.271881,
2023-01-01 22:00:00,23.5,23.90523,
2023-01-01 23:00:00,23.1,23.172411,
2023-01-02 00:00:00,22.8,22.402395,25.352839
2023-01-02 01:00:00,23.0,22.524164,24.719006
2023-01-02 02:00:00,22.9,22.398031,24.92568
2023-01-02 03:00:00,22.5,22.527246,24.986406
2023-01-02 04:00:00,22.0,22.35119,25.235636
2023-01-02 05:00:00,22.6,23.012114,25.431162
2023-01-02 06:00:00,22.5,23.206066,26.172949
2023-01-02 07:00:00,23.4,24.090914,26.35612
2023-01-02 08:00:00,25.0,25.922852,26.98955
2023-01-02 09:00:00,26.6,26.994083,28.346199
2023-01-02 10:00:00,27.6,27.457184,30.6176
2023-01-02 11:00:00,27.8,27.91946,31.022907
2023-01-02 12:00:00,27.8,28.174564,31.424213
2023-01-02 13:00:00,27.6,28.311155,31.546785
2023-01-02 14:00:00,27.4,27.99432,31.26221
2023-01-02 15:00:00,27.0,27.471037,30.594458
2023-01-02 16:00:00,26.5,26.925095,29.887125
2023-01-02 17:00:00,26.0,26.099773,28.983065
2023-01-02 18:00:00,25.4,25.231007,28.388033
2023-01-02 19:00:00,25.2,24.930481,27.460363
2023-01-02 20:00:00,25.1,24.793911,27.158514
2023-01-02 21:00:00,24.9,24.517086,26.76542
2023-01-02 22:00:00,24.8,23.817286,26.435974
2023-01-02 23:00:00,24.7,23.511751,25.81198
2023-01-03 00:00:00,24.4,23.338268,25.790684
2023-01-03 01:00:00,24.0,22.801428,24.980326
2023-01-03 02:00:00,23.7,22.76768,24.98038
2023-01-03 03:00:00,22.3,21.941147,24.895952
2023-01-03 04:00:00,22.0,21.89364,24.650852
2023-01-03 05:00:00,22.5,22.149817,25.202955
2023-01-03 06:00:00,23.0,22.286352,25.909502
2023-01-03 07:00:00,23.9,23.000296,26.292196
2023-01-03 08:00:00,25.6,24.822445,27.736101
2023-01-03 09:00:00,26.7,26.573448,28.854021
2023-01-03 10:00:00,27.1,27.462204,29.743265
2023-01-03 11:00:00,27.2,27.736422,30.90962
2023-01-03 12:00:00,27.4,27.824282,31.141577
2023-01-03 13:00:00,27.6,27.730415,31.025427
2023-01-03 14:00:00,27.5,27.458874,30.690565
2023-01-03 15:00:00,27.3,27.123081,30.24776
2023-01-03 16:00:00,26.9,26.506626,29.577406
2023-01-03 17:00:00,26.2,25.850939,28.837116
2023-01-03 18:00:00,26.0,25.128988,28.19525
2023-01-03 19:00:00,25.9,24.755644,27.354689
2023-01-03 20:00:00,25.8,24.684105,27.09492
2023-01-03 21:00:00,25.5,24.634558,26.807842
2023-01-03 22:00:00,25.5,24.435093,26.511076
2023-01-03 23:00:00,25.4,24.346903,26.334715
2023-01-04 00:00:00,25.3,23.858622,26.189337
2023-01-04 01:00:00,25.4,23.567436,25.404127
2023-01-04 02:00:00,25.3,23.202032,25.37277
2023-01-04 03:00:00,25.4,22.227322,25.322346
2023-01-04 04:00:00,25.3,21.8324,24.652964
2023-01-04 05:00:00,25.3,22.079199,25.293365
2023-01-04 06:00:00,25.6,22.956972,25.94526
2023-01-04 07:00:00,26.0,24.179884,25.822954
2023-01-04 08:00:00,27.0,25.328682,26.91237
2023-01-04 09:00:00,27.7,26.514866,28.866468
2023-01-04 10:00:00,28.1,27.376234,30.239294
2023-01-04 11:00:00,28.4,27.575825,30.801035
2023-01-04 12:00:00,28.5,27.713596,30.703104
2023-01-04 13:00:00,28.5,27.694036,30.675322
2023-01-04 14:00:00,28.2,27.46482,30.628138
2023-01-04 15:00:00,27.7,27.128922,30.27605
2023-01-04 16:00:00,27.1,26.575146,29.62651
2023-01-04 17:00:00,26.7,26.016056,29.100296
2023-01-04 18:00:00,26.1,25.705053,28.362516
2023-01-04 19:00:00,25.9,25.700584,27.859135
2023-01-04 20:00:00,25.6,25.454288,27.6542
2023-01-04 21:00:00,25.3,25.11847,27.250364
2023-01-04 22:00:00,25.2,24.97529,26.948196
2023-01-04 23:00:00,25.0,24.832218,26.895481
2023-01-05 00:00:00,24.8,24.668604,26.790041
2023-01-05 01:00:00,24.7,24.668175,26.113676
2023-01-05 02:00:00,24.4,24.504782,26.31906
2023-01-05 03:00:00,24.4,24.439032,26.4909
2023-01-05 04:00:00,24.5,24.131887,26.697065
2023-01-05 05:00:00,24.4,23.85863,26.858568
2023-01-05 06:00:00,25.0,24.087404,27.205507
2023-01-05 07:00:00,25.8,25.015787,27.905983
2023-01-05 08:00:00,26.7,26.027481,28.667559
2023-01-05 09:00:00,27.3,26.789797,29.85961
2023-01-05 10:00:00,27.8,27.258476,30.672112
2023-01-05 11:00:00,28.1,27.825989,31.028746
2023-01-05 12:00:00,28.1,27.956583,31.252373
2023-01-05 13:00:00,28.1,27.942339,31.254423
2023-01-05 14:00:00,27.8,27.857336,31.000198
2023-01-05 15:00:00,27.4,27.389711,30.48621
2023-01-05 16:00:00,26.7,26.711174,29.755861
2023-01-05 17:00:00,26.0,26.027111,29.08311
2023-01-05 18:00:00,25.5,25.595331,28.39157
2023-01-05 19:00:00,25.4,25.387245,27.845251
2023-01-05 20:00:00,25.4,25.026955,27.405527
2023-01-05 21:00:00,25.2,24.694088,27.05553
2023-01-05 22:00:00,25.0,24.576912,26.696535
2023-01-05 23:00:00,24.9,24.409374,26.610735
2023-01-06 00:00:00,24.7,24.056713,26.419981
2023-01-06 01:00:00,24.7,23.904636,25.66638
2023-01-06 02:00:00,24.8,23.317997,25.79665
2023-01-06 03:00:00,24.8,23.019897,25.816393
2023-01-06 04:00:00,24.6,23.068481,26.13378
2023-01-06 05:00:00,24.2,22.9769,26.65001
2023-01-06 06:00:00,24.6,23.480053,26.793318
2023-01-06 07:00:00,25.2,24.661465,27.745321
2023-01-06 08:00:00,26.6,25.960041,28.556755
2023-01-06 09:00:00,27.4,26.849127,29.735449
2023-01-06 10:00:00,27.8,27.434238,30.414919
2023-01-06 11:00:00,28.0,27.725914,30.986792
2023-01-06 12:00:00,28.0,27.68281,31.183084
2023-01-06 13:00:00,27.9,27.683475,31.104223
2023-01-06 14:00:00,27.4,27.38915,30.822937
2023-01-06 15:00:00,26.4,27.024963,30.32295
2023-01-06 16:00:00,25.8,26.559649,29.714111
2023-01-06 17:00:00,25.2,25.88595,29.026232
2023-01-06 18:00:00,24.8,25.284298,28.238724
2023-01-06 19:00:00,24.7,25.02911,27.66584
2023-01-06 20:00:00,24.5,24.85154,27.257273
2023-01-06 21:00:00,24.4,24.765163,27.019495
2023-01-06 22:00:00,24.0,24.697468,26.74878
2023-01-06 23:00:00,23.7,24.57272,26.57596
2023-01-07 00:00:00,23.3,24.125158,26.45668
2023-01-07 01:00:00,22.5,23.872025,25.672495
2023-01-07 02:00:00,22.3,23.75811,25.794992
2023-01-07 03:00:00,22.3,23.643991,26.013071
2023-01-07 04:00:00,22.2,23.50917,26.199663
2023-01-07 05:00:00,22.9,23.32058,26.471956
2023-01-07 06:00:00,23.1,23.332361,26.419054
2023-01-07 07:00:00,23.6,24.494425,27.277052
2023-01-07 08:00:00,24.7,25.832716,28.05914
2023-01-07 09:00:00,25.6,27.100288,29.530642
2023-01-07 10:00:00,26.5,27.415995,30.295328
2023-01-07 11:00:00,27.2,27.714655,30.755009
2023-01-07 12:00:00,27.2,27.768833,31.001198
2023-01-07 13:00:00,27.2,27.67777,30.907946
2023-01-07 14:00:00,27.1,27.289003,30.659521
2023-01-07 15:00:00,26.7,26.717653,30.024017
2023-01-07 16:00:00,26.1,25.885748,29.13657
2023-01-07 17:00:00,25.6,25.129213,28.42464
2023-01-07 18:00:00,24.8,24.751307,27.61548
2023-01-07 19:00:00,24.7,24.584116,27.100794
2023-01-07 20:00:00,24.4,24.154095,26.76531
2023-01-07 21:00:00,24.1,24.108099,26.456743
2023-01-07 22:00:00,23.9,24.142912,26.15169
2023-01-07 23:00:00,23.5,23.903824,25.934168
2023-01-08 00:00:00,23.1,23.062004,25.67076
2023-01-08 01:00:00,22.8,22.372126,24.709803
2023-01-08 02:00:00,22.6,21.973948,24.435415
2023-01-08 03:00:00,22.3,21.4076,24.541798
2023-01-08 04:00:00,22.1,21.229013,24.785849
2023-01-08 05:00:00,22.0,22.03647,24.953085
2023-01-08 06:00:00,22.0,22.757002,25.766502
2023-01-08 07:00:00,23.1,23.54766,26.24103
2023-01-08 08:00:00,25.0,25.074442,27.671627
2023-01-08 09:00:00,25.8,26.136663,28.292038
2023-01-08 10:00:00,26.4,26.923794,29.172304
2023-01-08 11:00:00,26.7,27.5968,30.058104
2023-01-08 12:00:00,27.0,27.550695,30.482832
2023-01-08 13:00:00,27.0,27.493572,30.483683
2023-01-08 14:00:00,26.9,27.240856,30.192781
2023-01-08 15:00:00,26.5,26.749336,29.86848
2023-01-08 16:00:00,25.8,26.127193,29.213732
2023-01-08 17:00:00,25.4,25.50465,28.643995
2023-01-08 18:00:00,24.3,24.863726,27.976164
2023-01-08 19:00:00,23.7,24.579126,27.31304
2023-01-08 20:00:00,23.4,24.415222,27.066336
2023-01-08 21:00:00,23.1,24.1449,26.702818
2023-01-08 22:00:00,22.6,23.88209,26.352995
2023-01-08 23:00:00,21.8,23.383556,26.174955
2023-01-09 00:00:00,21.6,22.882113,25.904547
2023-01-09 01:00:00,21.5,22.602419,24.984068
2023-01-09 02:00:00,20.9,22.200993,24.86986
2023-01-09 03:00:00,20.3,21.99057,24.931475
2023-01-09 04:00:00,20.0,21.714025,25.044691
2023-01-09 05:00:00,20.7,21.661032,25.27997
2023-01-09 06:00:00,21.1,21.540558,25.632141
2023-01-09 07:00:00,21.7,22.580727,26.179647
2023-01-09 08:00:00,23.3,24.420069,27.327137
2023-01-09 09:00:00,25.4,25.693975,29.078405
2023-01-09 10:00:00,26.8,26.467648,29.90594
2023-01-09 11:00:00,27.0,26.92253,30.470606
2023-01-09 12:00:00,27.2,27.159124,30.734667
2023-01-09 13:00:00,27.3,27.249237,30.717777
2023-01-09 14:00:00,26.9,26.998686,30.451996
2023-01-09 15:00:00,26.5,26.502127,30.006102
2023-01-09 16:00:00,25.9,25.822157,29.400795
2023-01-09 17:00:00,25.5,25.247667,28.678917
2023-01-09 18:00:00,24.5,24.350891,27.972963
2023-01-09 19:00:00,24.0,23.862206,27.061575
2023-01-09 20:00:00,23.7,23.219688,26.582369
2023-01-09 21:00:00,23.3,22.911013,26.236912
2023-01-09 22:00:00,23.0,22.570833,25.848059
2023-01-09 23:00:00,21.8,21.90533,25.48293
2023-01-10 00:00:00,20.8,21.885738,25.492758
2023-01-10 01:00:00,20.1,21.557173,24.700226
2023-01-10 02:00:00,19.8,21.603758,24.78673
2023-01-10 03:00:00,19.5,21.146748,24.659327
2023-01-10 04:00:00,19.3,20.593164,24.711063
2023-01-10 05:00:00,19.5,20.684893,24.978598
2023-01-10 06:00:00,19.8,21.12632,25.679525
2023-01-10 07:00:00,20.7,21.689886,26.441301
2023-01-10 08:00:00,23.0,23.177599,27.147104
2023-01-10 09:00:00,25.0,25.374676,28.475527
2023-01-10 10:00:00,26.5,26.812391,29.233843
2023-01-10 11:00:00,27.2,27.319609,30.564901
2023-01-10 12:00:00,27.6,27.517069,30.615294
2023-01-10 13:00:00,27.6,27.678297,30.61037
2023-01-10 14:00:00,27.4,27.269728,30.519709
2023-01-10 15:00:00,26.9,26.846127,29.896341
2023-01-10 16:00:00,26.1,26.152542,29.258648
2023-01-10 17:00:00,25.4,25.577848,28.4997
2023-01-10 18:00:00,24.3,24.671572,27.970564
2023-01-10 19:00:00,23.8,24.074585,26.993895
2023-01-10 20:00:00,23.4,23.741013,26.506353
2023-01-10 21:00:00,22.8,23.106798,26.211275
2023-01-10 22:00:00,21.9,22.642834,25.719788
2023-01-10 23:00:00,21.1,22.171705,25.475925
2023-01-11 00:00:00,21.0,22.09833,25.17029
2023-01-11 01:00:00,20.8,21.826479,24.186712
2023-01-11 02:00:00,20.5,20.86118,24.112928
2023-01-11 03:00:00,20.3,20.805653,24.101015
2023-01-11 04:00:00,19.9,20.579111,24.106945
2023-01-11 05:00:00,20.4,20.134012,24.282042
2023-01-11 06:00:00,20.2,19.984846,24.952753
2023-01-11 07:00:00,20.8,21.246872,25.75104
2023-01-11 08:00:00,23.2,23.039051,26.835825
2023-01-11 09:00:00,25.2,24.601648,28.505026
2023-01-11 10:00:00,26.4,26.358849,29.838732
2023-01-11 11:00:00,27.2,27.46074,30.134554
2023-01-11 12:00:00,27.6,27.52667,30.390379
2023-01-11 13:00:00,27.5,27.611013,30.706545
2023-01-11 14:00:00,27.3,27.512932,30.418085
2023-01-11 15:00:00,26.8,26.97585,29.919546
2023-01-11 16:00:00,26.0,26.280952,29.146744
2023-01-11 17:00:00,25.1,25.48722,28.303534
2023-01-11 18:00:00,23.2,24.521467,27.658495
2023-01-11 19:00:00,21.9,24.242825,26.680891
2023-01-11 20:00:00,21.5,23.697292,26.17673
2023-01-11 21:00:00,21.3,23.160847,25.81767
2023-01-11 22:00:00,21.1,22.751377,25.295809
2023-01-11 23:00:00,21.0,22.230597,24.827936
2023-01-12 00:00:00,20.9,22.229801,24.760563
2023-01-12 01:00:00,21.1,22.205276,23.87554
2023-01-12 02:00:00,22.4,21.730932,23.8044
2023-01-12 03:00:00,20.6,21.406702,23.904976
2023-01-12 04:00:00,18.8,20.772722,24.217257
2023-01-12 05:00:00,20.6,20.394192,24.398912
2023-01-12 06:00:00,21.1,20.434967,25.242048
2023-01-12 07:00:00,22.0,21.556875,25.673468
2023-01-12 08:00:00,23.9,23.843143,26.506124
2023-01-12 09:00:00,25.7,25.235891,28.394213
2023-01-12 10:00:00,26.9,26.621775,29.724741
2023-01-12 11:00:00,27.6,27.584425,30.105509
2023-01-12 12:00:00,27.9,27.729128,30.383234
2023-01-12 13:00:00,28.0,27.746191,30.769968
2023-01-12 14:00:00,27.7,27.538147,30.656097
2023-01-12 15:00:00,27.2,27.047937,30.092855
2023-01-12 16:00:00,26.5,26.239155,29.450037
2023-01-12 17:00:00,25.4,25.431404,28.659937
2023-01-12 18:00:00,24.0,24.193058,27.716019
2023-01-12 19:00:00,23.4,23.24257,26.44612
2023-01-12 20:00:00,22.7,22.891735,25.78167
2023-01-12 21:00:00,22.2,23.003439,25.612143
2023-01-12 22:00:00,21.7,22.773308,25.367735
2023-01-12 23:00:00,21.4,22.635437,25.051558
2023-01-13 00:00:00,20.9,22.35355,24.792768
2023-01-13 01:00:00,21.0,22.21344,24.10597
2023-01-13 02:00:00,22.3,21.854502,24.23335
2023-01-13 03:00:00,21.2,21.918365,24.37225
2023-01-13 04:00:00,19.1,20.984385,24.238522
2023-01-13 05:00:00,20.0,21.361467,24.098326
2023-01-13 06:00:00,20.5,21.97384,25.441393
2023-01-13 07:00:00,21.4,22.439257,25.73949
2023-01-13 08:00:00,23.6,24.204435,26.553553
2023-01-13 09:00:00,25.5,25.720648,28.359087
2023-01-13 10:00:00,26.5,26.880404,29.093607
2023-01-13 11:00:00,27.2,27.736395,30.588564
2023-01-13 12:00:00,27.6,27.945309,31.226686
2023-01-13 13:00:00,27.6,27.920935,31.46932
2023-01-13 14:00:00,27.4,27.6365,31.331501
2023-01-13 15:00:00,27.0,27.006338,30.86334
2023-01-13 16:00:00,26.2,26.4457,29.91033
2023-01-13 17:00:00,25.3,25.514511,29.130257
2023-01-13 18:00:00,23.5,24.349285,27.98765
2023-01-13 19:00:00,22.6,23.777737,26.888235
2023-01-13 20:00:00,22.0,23.404562,26.291979
2023-01-13 21:00:00,21.9,23.079355,25.957193
2023-01-13 22:00:00,21.9,22.732704,25.717724
2023-01-13 23:00:00,21.1,22.635832,25.354885
2023-01-14 00:00:00,20.8,22.321604,25.152525
2023-01-14 01:00:00,23.3,22.171213,24.268879
2023-01-14 02:00:00,22.4,22.086039,24.433393
2023-01-14 03:00:00,18.6,21.570482,24.83181
2023-01-14 04:00:00,19.0,20.828926,24.647139
2023-01-14 05:00:00,19.2,20.501802,24.335426
2023-01-14 06:00:00,19.3,20.822468,25.352385
2023-01-14 07:00:00,19.7,22.203827,26.103704
2023-01-14 08:00:00,22.2,24.290451,27.082138
2023-01-14 09:00:00,25.0,25.221413,28.736279
2023-01-14 10:00:00,26.2,26.745058,29.994947
2023-01-14 11:00:00,26.9,27.702812,30.589365
2023-01-14 12:00:00,27.3,27.81417,30.97053
2023-01-14 13:00:00,27.3,27.829815,31.064024
2023-01-14 14:00:00,27.0,27.61951,30.89017
2023-01-14 15:00:00,26.5,27.183023,30.312147
2023-01-14 16:00:00,25.9,26.297882,29.690231
2023-01-14 17:00:00,24.8,25.398571,28.875889
2023-01-14 18:00:00,23.4,24.209501,28.016268
2023-01-14 19:00:00,22.7,23.475115,26.922358
2023-01-14 20:00:00,22.7,23.124653,26.289614
2023-01-14 21:00:00,22.5,22.90052,25.76859
2023-01-14 22:00:00,21.9,23.073658,25.514349
2023-01-14 23:00:00,20.4,22.987026,25.527306
2023-01-15 00:00:00,20.4,22.732803,25.21531
2023-01-15 01:00:00,20.8,22.757435,24.502823
2023-01-15 02:00:00,20.9,22.094305,25.530128
2023-01-15 03:00:00,19.2,20.971577,24.590324
2023-01-15 04:00:00,18.2,20.856218,23.749866
2023-01-15 05:00:00,19.9,20.620323,24.303179
2023-01-15 06:00:00,19.9,20.724028,24.693533
2023-01-15 07:00:00,20.9,21.71202,25.31879
2023-01-15 08:00:00,23.4,23.416588,26.115572
2023-01-15 09:00:00,25.4,25.610502,28.182446
2023-01-15 10:00:00,26.6,26.322023,29.912868
2023-01-15 11:00:00,27.3,27.182505,30.279697
2023-01-15 12:00:00,27.4,27.473982,30.864998
2023-01-15 13:00:00,27.4,27.598873,31.105265
2023-01-15 14:00:00,27.1,27.299103,31.003824
2023-01-15 15:00:00,26.6,26.82783,30.349377
2023-01-15 16:00:00,25.9,26.078331,29.679224
2023-01-15 17:00:00,25.4,25.248222,29.0544
2023-01-15 18:00:00,24.6,24.061453,28.233355
2023-01-15 19:00:00,24.0,23.37791,27.128325
2023-01-15 20:00:00,23.5,23.227448,26.364685
2023-01-15 21:00:00,23.2,23.010181,26.246248
2023-01-15 22:00:00,23.3,22.918211,26.126818
2023-01-15 23:00:00,23.3,22.900166,25.936289
2023-01-16 00:00:00,23.1,22.521923,25.416098
2023-01-16 01:00:00,21.9,22.833158,24.801264
2023-01-16 02:00:00,20.8,22.945194,25.363577
2023-01-16 03:00:00,22.8,21.65273,25.203825
2023-01-16 04:00:00,22.0,20.574312,23.8542
2023-01-16 05:00:00,20.7,20.500673,23.850449
2023-01-16 06:00:00,20.2,20.189116,25.109419
2023-01-16 07:00:00,21.7,21.761816,25.372759
2023-01-16 08:00:00,23.9,23.420544,26.38472
2023-01-16 09:00:00,25.7,24.825068,28.412207
2023-01-16 10:00:00,27.1,26.664907,30.143953
2023-01-16 11:00:00,27.8,27.406992,30.434107
2023-01-16 12:00:00,27.9,27.543264,30.882034
2023-01-16 13:00:00,28.1,27.533655,31.023476
2023-01-16 14:00:00,27.9,27.314232,30.672754
2023-01-16 15:00:00,27.3,26.835287,30.052938
2023-01-16 16:00:00,26.8,26.129082,29.347498
2023-01-16 17:00:00,25.9,25.421185,28.68321
2023-01-16 18:00:00,25.0,24.68058,27.866869
2023-01-16 19:00:00,24.3,24.145687,26.934877
2023-01-16 20:00:00,23.9,23.649982,26.507305
2023-01-16 21:00:00,23.7,23.47966,26.332829
2023-01-16 22:00:00,23.7,23.555243,26.122679
2023-01-16 23:00:00,23.7,23.61646,25.990906
2023-01-17 00:00:00,22.3,23.424435,25.89087
2023-01-17 01:00:00,21.7,23.088827,25.136421
2023-01-17 02:00:00,21.3,22.850847,24.708403
2023-01-17 03:00:00,21.6,22.411552,24.669657
2023-01-17 04:00:00,23.9,22.374138,25.322882
2023-01-17 05:00:00,20.0,21.938646,24.946527
2023-01-17 06:00:00,20.2,21.58458,25.142067
2023-01-17 07:00:00,21.1,22.73657,25.66204
2023-01-17 08:00:00,23.9,25.03827,26.877798
2023-01-17 09:00:00,26.6,26.092875,28.585783
2023-01-17 10:00:00,28.0,27.110456,29.859083
2023-01-17 11:00:00,27.9,27.925386,30.898695
2023-01-17 12:00:00,27.4,27.879906,31.645525
2023-01-17 13:00:00,28.3,27.96938,31.572918
2023-01-17 14:00:00,28.4,27.797771,31.312954
2023-01-17 15:00:00,27.6,27.350666,30.673483
2023-01-17 16:00:00,27.0,26.816471,30.229914
2023-01-17 17:00:00,25.8,26.068375,29.45587
2023-01-17 18:00:00,24.8,25.290192,28.347486
2023-01-17 19:00:00,23.9,24.705069,27.654968
2023-01-17 20:00:00,23.3,24.197037,27.090387
2023-01-17 21:00:00,23.8,23.911299,27.006092
2023-01-17 22:00:00,23.6,23.75558,26.66624
2023-01-17 23:00:00,22.4,23.804808,26.77756
2023-01-18 00:00:00,22.3,23.145815,26.655838
2023-01-18 01:00:00,22.0,22.45562,25.28419
2023-01-18 02:00:00,20.9,22.33763,25.097063
2023-01-18 03:00:00,20.5,21.658245,24.903784
2023-01-18 04:00:00,19.5,21.833817,25.308836
2023-01-18 05:00:00,20.5,21.444687,26.449446
2023-01-18 06:00:00,20.6,20.492027,24.832989
2023-01-18 07:00:00,21.7,22.280771,25.745783
2023-01-18 08:00:00,24.4,24.096739,26.845255
2023-01-18 09:00:00,26.7,26.45893,28.827288
2023-01-18 10:00:00,27.7,27.720007,30.223951
2023-01-18 11:00:00,28.0,27.933006,31.890635
2023-01-18 12:00:00,28.3,27.871717,31.686377
2023-01-18 13:00:00,28.4,28.293898,31.413746
2023-01-18 14:00:00,28.1,28.235542,31.964392
2023-01-18 15:00:00,27.6,27.777777,31.313917
2023-01-18 16:00:00,27.1,27.048903,30.21298
2023-01-18 17:00:00,26.2,26.149075,29.749424
2023-01-18 18:00:00,24.8,25.1022,28.409296
2023-01-18 19:00:00,24.1,24.57197,27.754297
2023-01-18 20:00:00,24.5,23.945436,27.02173
2023-01-18 21:00:00,24.5,23.826208,26.776459
2023-01-18 22:00:00,24.8,23.676947,26.932932
2023-01-18 23:00:00,25.1,22.974495,26.68483
2023-01-19 00:00:00,25.2,22.438038,25.949587
2023-01-19 01:00:00,25.0,22.031013,25.004147
2023-01-19 02:00:00,24.8,21.675371,24.627382
2023-01-19 03:00:00,24.5,21.130642,24.256105
2023-01-19 04:00:00,24.4,20.877811,24.206266
2023-01-19 05:00:00,22.0,20.694384,24.841333
2023-01-19 06:00:00,22.7,21.439089,25.43673
2023-01-19 07:00:00,23.4,21.800093,26.174614
2023-01-19 08:00:00,24.4,24.712946,27.20926
2023-01-19 09:00:00,25.9,26.695704,29.28817
2023-01-19 10:00:00,26.5,27.644741,30.80559
2023-01-19 11:00:00,26.5,27.941534,31.748096
2023-01-19 12:00:00,26.9,27.84503,31.702465
2023-01-19 13:00:00,27.4,28.075214,31.608023
2023-01-19 14:00:00,27.0,27.939726,31.516264
2023-01-19 15:00:00,26.6,27.395687,30.938166
2023-01-19 16:00:00,27.1,26.947916,30.30226
2023-01-19 17:00:00,26.4,25.949574,29.571396
2023-01-19 18:00:00,25.4,24.980934,28.419767
2023-01-19 19:00:00,24.7,24.134867,27.28468
2023-01-19 20:00:00,24.3,24.254461,26.646204
2023-01-19 21:00:00,23.9,24.251158,26.711111
2023-01-19 22:00:00,23.9,24.314371,26.659512
2023-01-19 23:00:00,24.0,24.469841,26.629007
2023-01-20 00:00:00,23.8,24.302986,26.528662
2023-01-20 01:00:00,23.0,24.078012,25.98339
2023-01-20 02:00:00,23.0,23.834707,25.928621
2023-01-20 03:00:00,22.8,23.487446,25.936146
2023-01-20 04:00:00,22.8,22.79887,25.9271
2023-01-20 05:00:00,23.2,22.611198,26.128603
2023-01-20 06:00:00,22.9,22.802946,24.909296
2023-01-20 07:00:00,24.3,23.946054,25.871914
2023-01-20 08:00:00,26.2,25.235634,26.58198
2023-01-20 09:00:00,27.7,26.442371,27.841183
2023-01-20 10:00:00,28.2,27.040567,29.331728
2023-01-20 11:00:00,28.9,27.203999,30.398802
2023-01-20 12:00:00,29.1,27.44111,30.408367
2023-01-20 13:00:00,29.0,27.945276,30.665031
2023-01-20 14:00:00,28.6,27.458109,30.699926
2023-01-20 15:00:00,26.8,27.198399,29.954618
2023-01-20 16:00:00,25.9,26.961271,29.314411
2023-01-20 17:00:00,24.8,26.133877,29.283978
2023-01-20 18:00:00,24.7,25.176378,28.230734
2023-01-20 19:00:00,24.3,24.847672,27.16665
2023-01-20 20:00:00,23.8,24.389353,26.5933
2023-01-20 21:00:00,24.1,24.052225,26.131273
2023-01-20 22:00:00,24.2,24.119925,25.81183
2023-01-20 23:00:00,24.2,24.127226,25.988382
2023-01-21 00:00:00,24.0,23.620558,25.909805
2023-01-21 01:00:00,23.7,23.603811,25.268694
2023-01-21 02:00:00,23.1,23.474998,25.125967
2023-01-21 03:00:00,23.0,23.01366,25.07392
2023-01-21 04:00:00,22.4,22.737349,25.224092
2023-01-21 05:00:00,23.5,22.834724,25.263273
2023-01-21 06:00:00,23.2,23.102732,25.485395
2023-01-21 07:00:00,24.1,24.130455,25.982908
2023-01-21 08:00:00,25.9,25.570873,27.196177
2023-01-21 09:00:00,27.2,27.227594,28.82462
2023-01-21 10:00:00,27.7,27.72853,30.550003
2023-01-21 11:00:00,28.2,28.487232,31.018682
2023-01-21 12:00:00,28.3,28.733604,31.388094
2023-01-21 13:00:00,27.8,28.65987,31.522947
2023-01-21 14:00:00,27.6,28.50711,31.198853
2023-01-21 15:00:00,27.2,27.425692,30.677166
2023-01-21 16:00:00,26.6,26.441408,29.20962
2023-01-21 17:00:00,26.3,25.367867,28.496874
2023-01-21 18:00:00,25.5,25.007267,27.516935
2023-01-21 19:00:00,25.1,24.914974,27.112812
2023-01-21 20:00:00,24.9,24.530704,26.66036
2023-01-21 21:00:00,25.1,24.520893,26.32701
2023-01-21 22:00:00,25.2,24.390184,26.331867
2023-01-21 23:00:00,25.1,24.114979,26.132227
2023-01-22 00:00:00,25.0,23.67956,26.21829
2023-01-22 01:00:00,24.8,23.60719,25.567522
2023-01-22 02:00:00,24.5,23.236551,25.401918
2023-01-22 03:00:00,24.7,23.007292,25.297838
2023-01-22 04:00:00,24.9,22.780357,25.322086
2023-01-22 05:00:00,25.1,22.91309,25.240152
2023-01-22 06:00:00,25.3,22.884115,26.095125
2023-01-22 07:00:00,25.9,23.898874,26.295248
2023-01-22 08:00:00,26.7,25.777071,27.263617
2023-01-22 09:00:00,27.6,27.04519,29.027254
2023-01-22 10:00:00,28.1,27.727774,30.346952
2023-01-22 11:00:00,28.7,27.993187,30.965275
2023-01-22 12:00:00,28.7,28.212673,31.334705
2023-01-22 13:00:00,28.6,28.055393,31.348131
2023-01-22 14:00:00,27.9,27.50754,30.81693
2023-01-22 15:00:00,27.7,26.947163,30.381138
2023-01-22 16:00:00,27.6,26.430485,29.52362
2023-01-22 17:00:00,26.5,25.911541,28.863213
2023-01-22 18:00:00,25.9,25.325787,28.267262
2023-01-22 19:00:00,25.6,25.12307,27.555506
2023-01-22 20:00:00,25.3,24.905733,27.055147
2023-01-22 21:00:00,25.4,24.849976,26.879686
2023-01-22 22:00:00,25.5,24.818266,26.92323
2023-01-22 23:00:00,25.3,24.721455,26.864626
2023-01-23 00:00:00,25.1,24.458195,26.759485
2023-01-23 01:00:00,24.7,24.211031,26.010199
2023-01-23 02:00:00,24.3,23.935724,25.94161
2023-01-23 03:00:00,24.3,23.851112,25.925371
2023-01-23 04:00:00,24.3,23.844292,26.094902
2023-01-23 05:00:00,23.9,24.047516,26.519163
2023-01-23 06:00:00,23.3,24.268639,26.869263
2023-01-23 07:00:00,24.8,25.060495,27.509855
2023-01-23 08:00:00,26.3,26.20665,28.340338
2023-01-23 09:00:00,27.0,27.174265,29.593214
2023-01-23 10:00:00,27.7,27.707163,30.5453
2023-01-23 11:00:00,28.0,28.231232,30.982763
2023-01-23 12:00:00,28.0,28.22945,31.362776
2023-01-23 13:00:00,28.0,28.252523,31.170147
2023-01-23 14:00:00,27.7,27.663313,30.914621
2023-01-23 15:00:00,27.2,27.36994,30.26375
2023-01-23 16:00:00,26.5,27.063652,29.791975
2023-01-23 17:00:00,25.8,26.221193,29.367762
2023-01-23 18:00:00,25.0,25.60733,28.351538
2023-01-23 19:00:00,24.7,25.338463,27.76832
2023-01-23 20:00:00,24.6,24.983229,27.435328
2023-01-23 21:00:00,24.4,24.84751,27.121252
2023-01-23 22:00:00,24.2,24.865685,27.106144
2023-01-23 23:00:00,24.0,24.695223,26.972652
2023-01-24 00:00:00,23.8,24.482128,26.9143
2023-01-24 01:00:00,23.5,24.070663,26.147219
2023-01-24 02:00:00,23.1,23.764364,26.045046
2023-01-24 03:00:00,22.9,23.523973,26.052753
2023-01-24 04:00:00,22.3,23.535465,26.409517
2023-01-24 05:00:00,22.9,23.434954,26.735762
2023-01-24 06:00:00,23.2,23.300608,26.934174
2023-01-24 07:00:00,24.3,24.56101,27.102295
2023-01-24 08:00:00,25.8,25.853098,28.55374
2023-01-24 09:00:00,26.9,27.091282,29.969118
2023-01-24 10:00:00,27.6,27.688843,30.661177
2023-01-24 11:00:00,27.9,28.001911,31.394484
2023-01-24 12:00:00,28.0,27.992172,31.483435
2023-01-24 13:00:00,28.0,27.991335,31.284197
2023-01-24 14:00:00,27.8,27.755552,31.01687
2023-01-24 15:00:00,27.3,27.344337,30.474646
2023-01-24 16:00:00,26.8,26.781786,29.862272
2023-01-24 17:00:00,26.7,25.814959,29.103662
2023-01-24 18:00:00,26.1,25.10137,28.345297
2023-01-24 19:00:00,25.7,24.692,27.68993
2023-01-24 20:00:00,25.4,24.530447,27.36733
2023-01-24 21:00:00,25.1,24.36569,27.111475
2023-01-24 22:00:00,24.8,24.19374,26.848917
2023-01-24 23:00:00,24.5,24.056948,26.705423
2023-01-25 00:00:00,24.1,23.70151,26.565
2023-01-25 01:00:00,23.9,23.395336,25.829618
2023-01-25 02:00:00,23.5,22.925133,25.713955
2023-01-25 03:00:00,23.3,22.883944,25.60535
2023-01-25 04:00:00,21.9,22.403854,25.809927
2023-01-25 05:00:00,21.5,22.662424,25.89499
2023-01-25 06:00:00,21.8,23.297153,26.20643
2023-01-25 07:00:00,22.8,24.349775,26.925304
2023-01-25 08:00:00,25.1,25.961895,27.822659
2023-01-25 09:00:00,26.9,26.819315,29.195923
2023-01-25 10:00:00,28.1,27.509804,30.364561
2023-01-25 11:00:00,28.4,27.770653,31.154222
2023-01-25 12:00:00,29.0,27.867044,31.40365
2023-01-25 13:00:00,29.3,27.845455,31.486296
2023-01-25 14:00:00,29.1,27.663086,31.251497
2023-01-25 15:00:00,27.9,27.05771,30.717825
2023-01-25 16:00:00,27.3,26.532978,29.959883
2023-01-25 17:00:00,26.6,26.154833,29.27453
2023-01-25 18:00:00,25.6,25.801079,28.732048
2023-01-25 19:00:00,25.3,25.391985,28.142918
2023-01-25 20:00:00,25.2,25.093136,27.58829
2023-01-25 21:00:00,25.0,24.851616,27.32125
2023-01-25 22:00:00,24.7,24.673605,26.998774
2023-01-25 23:00:00,24.5,24.438086,26.750603
2023-01-26 00:00:00,23.8,23.964533,26.468094
2023-01-26 01:00:00,23.4,23.65372,25.686426
2023-01-26 02:00:00,22.9,23.162025,25.509388
2023-01-26 03:00:00,21.8,22.817106,25.345997
2023-01-26 04:00:00,21.2,22.5646,25.3854
2023-01-26 05:00:00,22.9,22.248096,25.130259
2023-01-26 06:00:00,23.3,22.29475,25.809946
2023-01-26 07:00:00,24.3,22.839174,26.417273
2023-01-26 08:00:00,26.2,25.006508,27.641127
2023-01-26 09:00:00,27.5,26.620634,29.269766
2023-01-26 10:00:00,28.0,27.769272,30.32292
2023-01-26 11:00:00,28.7,28.209188,31.395315
2023-01-26 12:00:00,28.7,28.710844,31.446442
2023-01-26 13:00:00,28.6,28.860533,31.737135
2023-01-26 14:00:00,28.2,28.691608,31.697823
2023-01-26 15:00:00,27.7,28.02546,31.027807
2023-01-26 16:00:00,26.9,27.204239,30.043167
2023-01-26 17:00:00,26.4,26.67126,29.254677
2023-01-26 18:00:00,25.2,25.709478,28.600807
2023-01-26 19:00:00,24.6,25.184175,27.746275
2023-01-26 20:00:00,24.0,24.986767,27.416658
2023-01-26 21:00:00,23.3,24.82774,27.209618
2023-01-26 22:00:00,22.5,24.710403,26.964815
2023-01-26 23:00:00,22.4,24.484728,26.996782
2023-01-27 00:00:00,22.1,24.039654,26.804321
2023-01-27 01:00:00,21.8,23.609688,25.761053
2023-01-27 02:00:00,21.7,23.239498,25.68302
2023-01-27 03:00:00,21.5,22.699903,25.563482
2023-01-27 04:00:00,21.1,22.256662,25.130678
2023-01-27 05:00:00,21.1,22.523748,24.855173
2023-01-27 06:00:00,21.1,22.968683,25.886812
2023-01-27 07:00:00,21.7,23.664669,26.425367
2023-01-27 08:00:00,24.0,25.563938,27.407385
2023-01-27 09:00:00,26.2,27.05521,29.430685
2023-01-27 10:00:00,27.7,27.816229,31.049852
2023-01-27 11:00:00,28.5,28.482937,31.557016
2023-01-27 12:00:00,28.9,28.568968,31.799631
2023-01-27 13:00:00,28.9,28.797115,31.697489
2023-01-27 14:00:00,28.7,28.409468,31.43495
2023-01-27 15:00:00,28.2,27.728409,30.744345
2023-01-27 16:00:00,27.5,26.943382,29.921253
2023-01-27 17:00:00,26.8,26.287767,29.18397
2023-01-27 18:00:00,25.8,25.259314,28.629385
2023-01-27 19:00:00,25.3,24.714876,27.53993
2023-01-27 20:00:00,25.0,24.284845,26.995634
2023-01-27 21:00:00,24.6,23.751549,26.55813
2023-01-27 22:00:00,24.6,23.137676,26.138823
2023-01-27 23:00:00,24.7,22.65522,25.519924
2023-01-28 00:00:00,24.7,22.652306,25.383394
2023-01-28 01:00:00,24.4,22.36052,24.470392
2023-01-28 02:00:00,24.1,22.293762,24.301771
2023-01-28 03:00:00,23.8,22.149721,24.35172
2023-01-28 04:00:00,23.5,22.11905,24.345945
2023-01-28 05:00:00,22.7,22.090034,24.866438
2023-01-28 06:00:00,23.0,21.873438,25.729134
2023-01-28 07:00:00,23.8,22.241686,26.202278
2023-01-28 08:00:00,26.0,24.3828,27.21481
2023-01-28 09:00:00,27.6,26.369862,28.920742
2023-01-28 10:00:00,28.0,27.680613,29.671736
2023-01-28 11:00:00,28.3,28.521013,30.71874
2023-01-28 12:00:00,28.5,28.845013,31.333319
2023-01-28 13:00:00,28.2,28.910715,31.424372
2023-01-28 14:00:00,27.9,28.514936,31.238287
2023-01-28 15:00:00,27.9,28.068356,30.727222
2023-01-28 16:00:00,27.5,27.274471,30.034681
2023-01-28 17:00:00,27.0,26.72646,29.261728
2023-01-28 18:00:00,26.0,25.770643,28.393408
2023-01-28 19:00:00,25.8,25.219551,27.458647
2023-01-28 20:00:00,25.6,24.955212,26.885006
2023-01-28 21:00:00,25.6,24.616707,26.519754
2023-01-28 22:00:00,25.5,24.524876,26.151648
2023-01-28 23:00:00,25.3,24.622623,26.040281
2023-01-29 00:00:00,24.8,24.289663,26.06677
2023-01-29 01:00:00,24.7,24.08054,25.330462
2023-01-29 02:00:00,24.1,23.738752,25.357956
2023-01-29 03:00:00,24.2,23.51489,25.336502
2023-01-29 04:00:00,25.1,23.309887,25.44811
2023-01-29 05:00:00,24.5,23.13369,25.634577
2023-01-29 06:00:00,25.0,23.357294,25.830595
2023-01-29 07:00:00,25.9,24.334173,26.458456
2023-01-29 08:00:00,26.9,25.920456,27.495544
2023-01-29 09:00:00,27.7,27.072441,28.765978
2023-01-29 10:00:00,28.4,27.564974,30.400167
2023-01-29 11:00:00,29.0,27.943178,30.967493
2023-01-29 12:00:00,28.7,28.21335,31.293726
2023-01-29 13:00:00,28.8,27.90846,31.405237
2023-01-29 14:00:00,28.4,27.27392,30.880375
2023-01-29 15:00:00,27.9,27.418516,30.366278
2023-01-29 16:00:00,27.6,27.042456,29.930153
2023-01-29 17:00:00,26.7,26.50126,29.45795
2023-01-29 18:00:00,25.9,25.974699,28.71781
2023-01-29 19:00:00,25.8,25.638885,27.836796
2023-01-29 20:00:00,25.5,25.278416,27.55052
2023-01-29 21:00:00,25.2,25.080837,27.31148
2023-01-29 22:00:00,25.0,24.943062,27.07075
2023-01-29 23:00:00,25.0,24.898926,26.884058
2023-01-30 00:00:00,24.6,24.369728,26.666622
2023-01-30 01:00:00,24.7,24.226416,25.720095
2023-01-30 02:00:00,24.6,23.898165,25.657383
2023-01-30 03:00:00,24.5,23.566076,25.461138
2023-01-30 04:00:00,24.5,23.95995,25.914469
2023-01-30 05:00:00,24.8,24.057995,26.771551
2023-01-30 06:00:00,24.4,24.018618,26.423128
2023-01-30 07:00:00,25.1,25.01824,27.030602
2023-01-30 08:00:00,25.7,26.231531,28.156645
2023-01-30 09:00:00,26.1,27.429436,29.539747
2023-01-30 10:00:00,26.6,28.201803,30.429543
2023-01-30 11:00:00,27.6,28.613451,31.006147
2023-01-30 12:00:00,27.9,28.507061,31.450144
2023-01-30 13:00:00,27.9,28.448515,31.116386
2023-01-30 14:00:00,27.8,28.141457,30.972734
2023-01-30 15:00:00,27.1,27.547657,30.421404
2023-01-30 16:00:00,26.9,27.102615,29.813726
2023-01-30 17:00:00,26.2,26.276972,29.264715
2023-01-30 18:00:00,25.4,25.701761,28.329992
2023-01-30 19:00:00,25.5,25.49445,27.616598
2023-01-30 20:00:00,25.6,25.33407,27.366024
2023-01-30 21:00:00,25.5,25.101406,27.120447
2023-01-30 22:00:00,25.6,24.908253,26.752346
2023-01-30 23:00:00,25.6,24.763193,26.471384
2023-01-31 00:00:00,25.4,24.307415,26.376049
2023-01-31 01:00:00,25.1,24.065783,25.450403
2023-01-31 02:00:00,25.1,23.989414,25.677477
2023-01-31 03:00:00,25.3,23.70761,25.686668
2023-01-31 04:00:00,25.4,23.7975,25.856844
2023-01-31 05:00:00,25.1,23.714142,26.235353
2023-01-31 06:00:00,25.3,23.958565,26.606386
2023-01-31 07:00:00,26.0,24.913956,26.781599
2023-01-31 08:00:00,27.1,25.66164,27.682287
2023-01-31 09:00:00,27.5,26.288527,28.546444
2023-01-31 10:00:00,28.3,26.756536,29.207048
2023-01-31 11:00:00,28.7,27.138964,29.8135
2023-01-31 12:00:00,28.4,26.956171,30.571672
2023-01-31 13:00:00,28.4,27.06703,30.612444
2023-01-31 14:00:00,28.1,27.161068,30.381327
2023-01-31 15:00:00,27.5,27.04557,29.985632
2023-01-31 16:00:00,27.0,26.753864,29.309923
2023-01-31 17:00:00,25.5,25.919209,28.837587
2023-01-31 18:00:00,25.5,25.076412,28.114294
2023-01-31 19:00:00,24.9,24.985125,27.2396
2023-01-31 20:00:00,25.1,24.941776,27.10283
2023-01-31 21:00:00,25.3,25.039732,26.87068
2023-01-31 22:00:00,25.4,25.026503,26.567324
2023-01-31 23:00:00,25.6,25.018154,26.468763
2023-02-01 00:00:00,25.6,24.782616,26.485826
2023-02-01 01:00:00,25.6,24.596716,26.10421
2023-02-01 02:00:00,25.6,24.48705,26.078167
2023-02-01 03:00:00,25.6,24.347788,26.25297
2023-02-01 04:00:00,25.6,24.285553,26.413218
2023-02-01 05:00:00,25.6,24.250145,26.776472
2023-02-01 06:00:00,25.6,24.430613,26.961401
2023-02-01 07:00:00,26.2,25.39455,27.517279
2023-02-01 08:00:00,26.9,26.420311,28.346537
2023-02-01 09:00:00,28.0,26.976925,29.579706
2023-02-01 10:00:00,28.6,27.558725,30.149454
2023-02-01 11:00:00,28.6,28.056608,30.84026
2023-02-01 12:00:00,29.0,28.080286,31.293098
2023-02-01 13:00:00,29.0,27.877733,31.040363
2023-02-01 14:00:00,28.4,27.534456,30.905825
2023-02-01 15:00:00,28.2,27.054502,30.468369
2023-02-01 16:00:00,27.5,26.582243,29.817766
2023-02-01 17:00:00,26.9,25.715698,29.227247
2023-02-01 18:00:00,26.2,25.148434,27.968225
2023-02-01 19:00:00,26.0,25.195219,27.679678
2023-02-01 20:00:00,25.8,25.000092,27.233744
2023-02-01 21:00:00,25.7,25.137297,26.99566
2023-02-01 22:00:00,25.7,25.209019,27.024565
2023-02-01 23:00:00,26.0,25.088003,27.023531
2023-02-02 00:00:00,26.0,24.811563,27.006691
2023-02-02 01:00:00,26.1,24.875925,26.322725
2023-02-02 02:00:00,26.1,24.803198,26.37604
2023-02-02 03:00:00,26.1,24.64951,26.532745
2023-02-02 04:00:00,26.0,24.59271,26.747496
2023-02-02 05:00:00,26.0,24.606396,27.038538
2023-02-02 06:00:00,26.1,24.770073,27.327501
2023-02-02 07:00:00,26.7,25.634811,27.829012
2023-02-02 08:00:00,27.5,26.508564,28.706892
2023-02-02 09:00:00,28.0,27.533674,29.731485
2023-02-02 10:00:00,28.5,28.22325,30.676123
2023-02-02 11:00:00,28.9,28.344234,31.317545
2023-02-02 12:00:00,29.1,27.756863,31.397331
2023-02-02 13:00:00,29.1,27.79562,31.553247
2023-02-02 14:00:00,28.8,27.99914,31.360899
2023-02-02 15:00:00,28.3,27.498367,30.716967
2023-02-02 16:00:00,27.7,26.78381,30.246962
2023-02-02 17:00:00,27.2,26.06789,29.516874
2023-02-02 18:00:00,26.8,25.672512,28.73945
2023-02-02 19:00:00,26.4,25.431162,28.04549
2023-02-02 20:00:00,26.2,25.444609,27.616762
2023-02-02 21:00:00,26.1,25.25541,27.370928
2023-02-02 22:00:00,26.0,25.200924,27.238422
2023-02-02 23:00:00,25.8,25.485544,27.274202
2023-02-03 00:00:00,25.5,25.301664,27.351408
2023-02-03 01:00:00,25.2,25.22253,26.822176
2023-02-03 02:00:00,24.8,25.213867,26.988558
2023-02-03 03:00:00,24.4,25.24818,27.154493
2023-02-03 04:00:00,24.0,25.1538,27.385862
2023-02-03 05:00:00,24.0,25.055294,27.707254
2023-02-03 06:00:00,24.4,25.192198,27.942686
2023-02-03 07:00:00,25.5,25.979746,28.48525
2023-02-03 08:00:00,26.9,26.965374,29.262594
2023-02-03 09:00:00,27.8,27.781887,30.223879
2023-02-03 10:00:00,28.4,28.41327,30.8416
2023-02-03 11:00:00,28.9,28.87446,31.40776
2023-02-03 12:00:00,29.0,29.066383,31.690374
2023-02-03 13:00:00,29.0,28.710667,31.733683
2023-02-03 14:00:00,28.8,28.510216,31.555342
2023-02-03 15:00:00,28.3,28.070648,30.979658
2023-02-03 16:00:00,27.7,27.393045,30.424892
2023-02-03 17:00:00,26.9,26.841526,29.714506
2023-02-03 18:00:00,25.6,26.318842,29.019392
2023-02-03 19:00:00,25.0,25.909481,28.372936
2023-02-03 20:00:00,24.5,25.61245,27.906353
2023-02-03 21:00:00,24.3,25.603489,27.645857
2023-02-03 22:00:00,23.9,25.579775,27.385117
2023-02-03 23:00:00,23.5,25.473127,27.263182
2023-02-04 00:00:00,23.0,25.08457,27.20273
2023-02-04 01:00:00,22.3,24.667728,26.432173
2023-02-04 02:00:00,21.6,24.509174,26.446926
2023-02-04 03:00:00,21.1,24.23298,26.3915
2023-02-04 04:00:00,21.0,23.945858,26.450294
2023-02-04 05:00:00,21.5,23.721346,26.506863
2023-02-04 06:00:00,21.7,23.744602,26.801294
2023-02-04 07:00:00,22.3,25.081114,27.499071
2023-02-04 08:00:00,24.5,26.433155,28.658295
2023-02-04 09:00:00,26.9,27.638386,30.023073
2023-02-04 10:00:00,27.9,28.253504,30.76642
2023-02-04 11:00:00,28.5,28.869019,31.477133
2023-02-04 12:00:00,28.7,28.996443,31.779459
2023-02-04 13:00:00,28.7,28.995808,31.87018
2023-02-04 14:00:00,28.5,28.855707,31.6146
2023-02-04 15:00:00,28.0,28.217924,31.101934
2023-02-04 16:00:00,27.3,27.587305,30.406084
2023-02-04 17:00:00,26.3,26.618309,29.615767
2023-02-04 18:00:00,25.2,25.778162,28.78494
2023-02-04 19:00:00,24.7,25.00855,27.852694
2023-02-04 20:00:00,24.2,24.76771,27.23172
2023-02-04 21:00:00,23.8,24.602074,26.833548
2023-02-04 22:00:00,23.2,24.29259,26.589342
2023-02-04 23:00:00,22.6,23.662949,26.305384
2023-02-05 00:00:00,22.1,23.154604,26.01098
2023-02-05 01:00:00,22.0,22.60037,25.045752
2023-02-05 02:00:00,21.2,21.718779,24.853094
2023-02-05 03:00:00,20.9,22.094269,24.693663
2023-02-05 04:00:00,20.8,21.37862,24.720438
2023-02-05 05:00:00,21.2,21.571503,25.292562
2023-02-05 06:00:00,21.1,21.839308,26.31351
2023-02-05 07:00:00,21.7,22.635498,26.901249
2023-02-05 08:00:00,23.2,24.947052,27.67689
2023-02-05 09:00:00,25.8,26.972818,29.312014
2023-02-05 10:00:00,27.6,28.180193,30.444765
2023-02-05 11:00:00,28.5,28.788578,31.1951
2023-02-05 12:00:00,28.6,29.02235,31.646856
2023-02-05 13:00:00,28.5,28.911907,31.693615
2023-02-05 14:00:00,28.3,28.75365,31.436445
2023-02-05 15:00:00,27.9,28.203747,30.961515
2023-02-05 16:00:00,27.2,27.559988,30.201006
2023-02-05 17:00:00,26.6,26.553896,29.509825
2023-02-05 18:00:00,25.2,25.476606,28.566221
2023-02-05 19:00:00,24.6,24.917118,27.532557
2023-02-05 20:00:00,24.2,24.568573,26.909197
2023-02-05 21:00:00,24.0,24.149391,26.369892
2023-02-05 22:00:00,23.8,23.954094,25.972502
2023-02-05 23:00:00,23.7,23.401146,25.721485
2023-02-06 00:00:00,23.5,22.684582,25.404127
2023-02-06 01:00:00,23.4,22.535122,24.819288
2023-02-06 02:00:00,22.7,22.14132,24.81257
2023-02-06 03:00:00,21.7,21.939308,24.59271
2023-02-06 04:00:00,21.5,21.694221,24.715353
2023-02-06 05:00:00,20.8,22.173067,25.09007
2023-02-06 06:00:00,21.2,22.139135,25.845812
2023-02-06 07:00:00,21.8,22.736437,26.298326
2023-02-06 08:00:00,23.1,23.79637,27.107807
2023-02-06 09:00:00,25.7,26.237669,28.275885
2023-02-06 10:00:00,27.6,27.716982,29.71963
2023-02-06 11:00:00,29.0,28.710484,30.820997
2023-02-06 12:00:00,29.4,28.869507,31.464941
2023-02-06 13:00:00,29.3,28.85031,31.539165
2023-02-06 14:00:00,28.9,28.47875,31.30974
2023-02-06 15:00:00,28.2,28.014555,30.816889
2023-02-06 16:00:00,27.3,27.361393,30.116678
2023-02-06 17:00:00,26.7,26.659966,29.209211
2023-02-06 18:00:00,25.3,25.451723,28.37676
2023-02-06 19:00:00,24.7,25.013788,27.243723
2023-02-06 20:00:00,24.2,24.63985,26.702356
2023-02-06 21:00:00,24.1,24.257786,26.433605
2023-02-06 22:00:00,24.0,24.26083,26.37459
2023-02-06 23:00:00,23.7,24.44207,26.019608
2023-02-07 00:00:00,23.5,24.005661,25.880142
2023-02-07 01:00:00,23.2,23.86783,25.038183
2023-02-07 02:00:00,22.8,23.45323,25.154299
2023-02-07 03:00:00,22.1,22.99446,25.059729
2023-02-07 04:00:00,22.9,22.82635,25.169956
2023-02-07 05:00:00,22.1,22.060976,25.47727
2023-02-07 06:00:00,22.3,22.302576,25.354307
2023-02-07 07:00:00,23.5,23.409334,26.453718
2023-02-07 08:00:00,25.4,24.568226,27.464682
2023-02-07 09:00:00,26.9,26.653563,28.824486
2023-02-07 10:00:00,27.9,28.018085,31.31303
2023-02-07 11:00:00,28.7,29.100727,32.24594
2023-02-07 12:00:00,29.0,29.344713,32.68567
2023-02-07 13:00:00,29.1,29.311018,32.61295
2023-02-07 14:00:00,28.9,29.0081,32.158405
2023-02-07 15:00:00,28.3,28.358557,31.74492
2023-02-07 16:00:00,27.5,27.501276,30.847445
2023-02-07 17:00:00,26.4,26.847393,29.835947
2023-02-07 18:00:00,25.1,25.616535,29.020166
2023-02-07 19:00:00,24.5,25.170437,27.654997
2023-02-07 20:00:00,24.0,24.903322,27.142313
2023-02-07 21:00:00,23.8,24.609217,26.583303
2023-02-07 22:00:00,23.5,24.518915,26.495974
2023-02-07 23:00:00,23.0,24.480766,26.323236
2023-02-08 00:00:00,21.9,23.912954,26.036177
2023-02-08 01:00:00,21.8,23.85654,25.182676
2023-02-08 02:00:00,22.8,23.657282,25.243677
2023-02-08 03:00:00,22.5,23.130117,25.289938
2023-02-08 04:00:00,21.5,22.98383,25.390284
2023-02-08 05:00:00,23.0,22.984226,25.764286
2023-02-08 06:00:00,22.9,22.669506,25.541437
2023-02-08 07:00:00,23.6,24.086935,26.523623
2023-02-08 08:00:00,25.1,25.86011,27.797392
2023-02-08 09:00:00,26.8,27.053547,29.821802
2023-02-08 10:00:00,28.1,28.27751,30.95867
2023-02-08 11:00:00,28.7,29.127443,31.94855
2023-02-08 12:00:00,28.7,29.499886,32.411186
2023-02-08 13:00:00,28.8,29.5022,32.465717
2023-02-08 14:00:00,28.7,29.225092,32.26338
2023-02-08 15:00:00,28.3,28.435823,31.714258
2023-02-08 16:00:00,27.5,27.58345,30.815119
2023-02-08 17:00:00,26.3,26.642075,30.027792
2023-02-08 18:00:00,25.0,25.49539,28.850313
2023-02-08 19:00:00,23.9,25.037918,27.65579
2023-02-08 20:00:00,23.3,24.648594,27.178732
2023-02-08 21:00:00,22.8,24.41939,26.524061
2023-02-08 22:00:00,22.4,24.01639,26.293367
2023-02-08 23:00:00,22.3,23.615276,25.907587
2023-02-09 00:00:00,22.1,23.419338,25.711042
2023-02-09 01:00:00,24.0,22.974033,24.996973
2023-02-09 02:00:00,23.4,23.089327,25.414122
2023-02-09 03:00:00,20.6,22.997824,26.150057
2023-02-09 04:00:00,20.4,22.34495,26.078707
2023-02-09 05:00:00,20.8,23.015406,25.81294
2023-02-09 06:00:00,20.9,23.54074,26.918451
2023-02-09 07:00:00,21.2,24.037092,27.113298
2023-02-09 08:00:00,23.1,25.972712,28.074232
2023-02-09 09:00:00,26.1,27.099321,29.874372
2023-02-09 10:00:00,28.7,28.136253,30.091887
2023-02-09 11:00:00,30.6,28.839758,31.678522
2023-02-09 12:00:00,31.3,29.087095,32.0484
2023-02-09 13:00:00,31.2,29.044874,32.01054
2023-02-09 14:00:00,30.3,28.925592,31.894615
2023-02-09 15:00:00,29.3,28.395273,31.570501
2023-02-09 16:00:00,27.9,27.609957,30.842943
2023-02-09 17:00:00,26.8,26.446241,29.962694
2023-02-09 18:00:00,25.3,25.43117,29.091513
2023-02-09 19:00:00,24.8,24.808823,28.03768
2023-02-09 20:00:00,24.4,24.319708,27.112785
2023-02-09 21:00:00,23.9,23.7904,26.656456
2023-02-09 22:00:00,23.9,23.489313,26.227262
2023-02-09 23:00:00,23.7,23.29672,26.170837
2023-02-10 00:00:00,22.7,22.884222,26.136072
2023-02-10 01:00:00,21.8,22.944012,25.394243
2023-02-10 02:00:00,22.2,23.15135,26.182951
2023-02-10 03:00:00,22.7,22.035067,25.89046
2023-02-10 04:00:00,21.2,21.55009,25.171717
2023-02-10 05:00:00,21.6,22.119253,25.50986
2023-02-10 06:00:00,21.3,22.003994,26.314535
2023-02-10 07:00:00,21.7,22.627268,26.543768
2023-02-10 08:00:00,23.3,24.326992,27.28792
2023-02-10 09:00:00,25.7,26.347704,28.985579
2023-02-10 10:00:00,27.8,28.85154,31.358154
2023-02-10 11:00:00,29.3,30.130194,32.61611
2023-02-10 12:00:00,30.0,31.030048,33.50636
2023-02-10 13:00:00,29.7,31.014063,33.757168
2023-02-10 14:00:00,29.1,30.388914,33.737415
2023-02-10 15:00:00,28.5,29.180344,32.686462
2023-02-10 16:00:00,27.8,28.057564,31.334328
2023-02-10 17:00:00,26.7,26.845135,30.009949
2023-02-10 18:00:00,24.6,25.588285,28.817007
2023-02-10 19:00:00,23.3,25.050575,27.661482
2023-02-10 20:00:00,22.8,24.953516,27.189688
2023-02-10 21:00:00,22.7,24.604622,26.848684
2023-02-10 22:00:00,23.0,24.431118,26.540384
2023-02-10 23:00:00,23.1,24.275871,26.622053
2023-02-11 00:00:00,24.1,23.603355,26.543667
2023-02-11 01:00:00,23.4,22.854046,25.40291
2023-02-11 02:00:00,19.7,22.867012,25.965271
2023-02-11 03:00:00,20.4,23.108007,26.27268
2023-02-11 04:00:00,20.1,22.603392,26.279278
2023-02-11 05:00:00,20.7,22.547562,25.528717
2023-02-11 06:00:00,20.6,22.643717,26.551746
2023-02-11 07:00:00,21.0,22.797855,26.738367
2023-02-11 08:00:00,23.0,24.331501,27.443964
2023-02-11 09:00:00,26.0,26.498629,29.097055
2023-02-11 10:00:00,28.1,28.21396,31.324589
2023-02-11 11:00:00,29.6,29.600903,33.534473
2023-02-11 12:00:00,30.2,30.363329,33.285866
2023-02-11 13:00:00,29.9,29.94991,33.552563
2023-02-11 14:00:00,29.7,29.477057,33.10837
2023-02-11 15:00:00,29.0,28.774971,32.374966
2023-02-11 16:00:00,27.9,27.76321,31.670963
2023-02-11 17:00:00,26.8,26.757345,30.598867
2023-02-11 18:00:00,24.7,25.349419,28.906015
2023-02-11 19:00:00,23.4,24.359058,27.489916
2023-02-11 20:00:00,22.6,24.004099,26.81336
2023-02-11 21:00:00,22.2,23.573185,26.586315
2023-02-11 22:00:00,21.8,23.517618,26.512482
2023-02-11 23:00:00,23.0,23.88066,26.690643
2023-02-12 00:00:00,23.8,23.226267,26.915934
2023-02-12 01:00:00,21.5,23.289179,26.486084
2023-02-12 02:00:00,20.0,22.352537,25.66013
2023-02-12 03:00:00,20.6,21.735033,24.774488
2023-02-12 04:00:00,20.4,21.856941,25.67838
2023-02-12 05:00:00,20.0,21.552755,25.573816
2023-02-12 06:00:00,20.1,21.984535,26.172539
2023-02-12 07:00:00,20.4,22.941269,26.645254
2023-02-12 08:00:00,22.1,23.875795,27.369501
2023-02-12 09:00:00,25.5,26.36052,29.086563
2023-02-12 10:00:00,27.6,28.280378,31.584833
2023-02-12 11:00:00,28.9,29.638601,33.43954
2023-02-12 12:00:00,29.4,29.766014,33.73796
2023-02-12 13:00:00,29.4,29.805851,33.60192
2023-02-12 14:00:00,29.1,29.467455,33.019817
2023-02-12 15:00:00,28.6,28.824387,32.543667
2023-02-12 16:00:00,27.7,27.857256,31.883081
2023-02-12 17:00:00,26.6,26.883125,30.55855
2023-02-12 18:00:00,24.9,25.2072,29.237896
2023-02-12 19:00:00,24.2,24.302046,27.616976
2023-02-12 20:00:00,24.0,24.05739,26.595562
2023-02-12 21:00:00,23.5,23.443947,26.320255
2023-02-12 22:00:00,22.6,23.151178,26.188675
2023-02-12 23:00:00,21.9,23.318935,26.060705
2023-02-13 00:00:00,21.4,23.045954,26.05219
2023-02-13 01:00:00,21.8,22.173094,25.127588
2023-02-13 02:00:00,23.6,21.757132,24.86238
2023-02-13 03:00:00,19.6,22.15381,24.766891
2023-02-13 04:00:00,20.1,21.909943,25.33135
2023-02-13 05:00:00,20.3,21.461483,25.528898
2023-02-13 06:00:00,20.1,21.531729,25.78127
2023-02-13 07:00:00,20.6,21.790771,26.310205
2023-02-13 08:00:00,22.7,23.844564,26.472586
2023-02-13 09:00:00,25.8,25.905842,28.516218
2023-02-13 10:00:00,27.8,27.499748,31.188002
2023-02-13 11:00:00,29.0,29.170984,31.783758
2023-02-13 12:00:00,29.2,29.460743,32.771378
2023-02-13 13:00:00,29.0,29.434715,32.97221
2023-02-13 14:00:00,28.8,29.3438,32.555523
2023-02-13 15:00:00,28.3,28.729889,32.14224
2023-02-13 16:00:00,27.6,27.810505,31.355675
2023-02-13 17:00:00,26.7,26.721016,30.15691
2023-02-13 18:00:00,25.2,25.213634,28.877253
2023-02-13 19:00:00,24.6,24.564903,27.703379
2023-02-13 20:00:00,24.3,24.253918,27.169758
2023-02-13 21:00:00,23.9,23.84054,26.870916
2023-02-13 22:00:00,22.7,23.437284,26.651957
2023-02-13 23:00:00,22.7,22.941833,26.206984
2023-02-14 00:00:00,22.7,22.394796,26.157892
2023-02-14 01:00:00,21.8,22.65821,25.498327
2023-02-14 02:00:00,21.8,22.916758,25.418316
2023-02-14 03:00:00,21.1,22.413622,26.391134
2023-02-14 04:00:00,20.8,21.012419,24.541607
2023-02-14 05:00:00,20.7,20.944515,25.417246
2023-02-14 06:00:00,20.8,20.647394,25.645681
2023-02-14 07:00:00,21.3,21.853184,25.943808
2023-02-14 08:00:00,23.4,24.126028,26.751268
2023-02-14 09:00:00,26.1,25.953451,28.567186
2023-02-14 10:00:00,28.2,27.871147,30.85754
2023-02-14 11:00:00,29.6,29.020819,31.269669
2023-02-14 12:00:00,30.1,29.287659,32.4754
2023-02-14 13:00:00,29.6,29.195635,32.283825
2023-02-14 14:00:00,29.1,28.926682,31.902487
2023-02-14 15:00:00,28.6,28.408772,31.56254
2023-02-14 16:00:00,27.5,27.663513,30.417711
2023-02-14 17:00:00,26.5,26.713848,29.59141
2023-02-14 18:00:00,25.2,25.36047,28.801445
2023-02-14 19:00:00,24.7,24.866003,27.687853
2023-02-14 20:00:00,24.4,24.600801,27.22289
2023-02-14 21:00:00,23.9,24.074533,27.020317
2023-02-14 22:00:00,23.1,23.571835,26.768541
2023-02-14 23:00:00,21.9,23.30072,26.179983
2023-02-15 00:00:00,22.3,23.349161,26.341436
2023-02-15 01:00:00,23.4,23.04109,25.562954
2023-02-15 02:00:00,21.6,22.667717,25.51075
2023-02-15 03:00:00,20.1,22.581558,25.952166
2023-02-15 04:00:00,20.6,22.170294,24.934496
2023-02-15 05:00:00,21.2,21.94728,25.495134
2023-02-15 06:00:00,21.1,22.088036,25.819124
2023-02-15 07:00:00,21.8,22.711245,26.168726
2023-02-15 08:00:00,22.8,24.382051,27.079405
2023-02-15 09:00:00,25.4,26.429903,28.961004
2023-02-15 10:00:00,27.6,27.846502,31.541615
2023-02-15 11:00:00,28.9,29.30665,32.88876
2023-02-15 12:00:00,29.2,29.753649,32.608223
2023-02-15 13:00:00,29.0,29.651417,33.00884
2023-02-15 14:00:00,28.5,29.241398,32.328186
2023-02-15 15:00:00,28.0,28.522041,31.82119
2023-02-15 16:00:00,27.3,27.614174,30.955423
2023-02-15 17:00:00,26.7,26.547764,29.876066
2023-02-15 18:00:00,25.5,25.452837,28.885931
2023-02-15 19:00:00,24.8,24.887947,27.765015
2023-02-15 20:00:00,24.2,24.648525,27.080534
2023-02-15 21:00:00,23.1,24.243956,26.787844
2023-02-15 22:00:00,23.1,23.947073,26.329882
2023-02-15 23:00:00,24.6,23.242203,25.655535
2023-02-16 00:00:00,24.1,22.817904,25.328566
2023-02-16 01:00:00,23.0,23.089304,24.884367
2023-02-16 02:00:00,20.8,22.501532,25.118887
2023-02-16 03:00:00,20.1,21.31374,25.42095
2023-02-16 04:00:00,19.4,21.405682,24.969103
2023-02-16 05:00:00,20.7,22.023125,25.604761
2023-02-16 06:00:00,21.2,22.40583,25.942814
2023-02-16 07:00:00,21.9,23.305687,26.334547
2023-02-16 08:00:00,23.8,23.934465,27.268198
2023-02-16 09:00:00,26.8,26.10521,28.552282
2023-02-16 10:00:00,28.2,27.775553,30.430605
2023-02-16 11:00:00,28.8,29.151306,31.418959
2023-02-16 12:00:00,29.1,29.444056,32.559322
2023-02-16 13:00:00,29.1,29.297052,32.692055
2023-02-16 14:00:00,28.9,28.772694,32.339428
2023-02-16 15:00:00,28.4,28.263226,31.629223
2023-02-16 16:00:00,27.6,27.46756,30.767447
2023-02-16 17:00:00,26.8,26.740982,30.06733
2023-02-16 18:00:00,25.5,25.545717,29.63447
2023-02-16 19:00:00,24.6,24.819239,28.502542
2023-02-16 20:00:00,23.5,24.5337,27.716469
2023-02-16 21:00:00,22.8,23.796343,27.276781
2023-02-16 22:00:00,22.2,23.767897,26.596415
2023-02-16 23:00:00,21.7,24.11502,26.304401
2023-02-17 00:00:00,21.6,23.472837,26.630388
2023-02-17 01:00:00,21.3,22.787476,25.217678
2023-02-17 02:00:00,20.8,22.530874,25.347094
2023-02-17 03:00:00,20.8,21.888876,24.647245
2023-02-17 04:00:00,22.1,21.247705,24.784025
2023-02-17 05:00:00,23.5,21.637434,25.22068
2023-02-17 06:00:00,22.6,22.412983,26.092781
2023-02-17 07:00:00,22.7,23.147223,27.012432
2023-02-17 08:00:00,25.2,24.70289,27.704683
2023-02-17 09:00:00,27.3,26.689022,29.205622
2023-02-17 10:00:00,28.4,28.044418,31.962782
2023-02-17 11:00:00,29.1,28.751022,32.611
2023-02-17 12:00:00,29.4,29.087654,33.09955
2023-02-17 13:00:00,29.5,29.104551,33.06968
2023-02-17 14:00:00,29.4,28.846457,32.848656
2023-02-17 15:00:00,28.9,28.46885,32.198673
2023-02-17 16:00:00,28.3,27.74711,31.347025
2023-02-17 17:00:00,27.6,26.800308,30.38838
2023-02-17 18:00:00,26.4,25.634684,29.71845
2023-02-17 19:00:00,26.2,24.88023,28.572596
2023-02-17 20:00:00,25.9,24.086172,27.822126
2023-02-17 21:00:00,25.6,23.566439,27.033922
2023-02-17 22:00:00,25.3,23.217289,26.643202
2023-02-17 23:00:00,24.8,22.602343,26.29864
2023-02-18 00:00:00,24.1,22.340534,26.23088
2023-02-18 01:00:00,23.4,22.592045,25.44461
2023-02-18 02:00:00,22.2,22.608974,25.282648
2023-02-18 03:00:00,22.6,22.470345,25.019804
2023-02-18 04:00:00,22.8,22.25747,25.249182
2023-02-18 05:00:00,22.9,22.850164,26.046776
2023-02-18 06:00:00,22.8,23.283588,27.419508
2023-02-18 07:00:00,25.0,23.423475,27.008715
2023-02-18 08:00:00,26.6,25.687181,27.757492
2023-02-18 09:00:00,28.0,27.32959,30.15768
2023-02-18 10:00:00,28.9,28.383688,32.292988
2023-02-18 11:00:00,29.3,29.110273,32.477562
2023-02-18 12:00:00,29.5,29.275444,32.950596
2023-02-18 13:00:00,29.6,29.407957,32.966633
2023-02-18 14:00:00,29.4,29.246252,32.784225
2023-02-18 15:00:00,28.9,28.876444,32.44863
2023-02-18 16:00:00,28.1,28.251932,31.582022
2023-02-18 17:00:00,27.3,27.445242,30.5621
2023-02-18 18:00:00,25.8,26.313414,29.811659
2023-02-18 19:00:00,25.2,25.819567,28.578262
2023-02-18 20:00:00,24.8,25.751965,28.178247
2023-02-18 21:00:00,24.7,25.282146,27.846846
2023-02-18 22:00:00,24.5,25.05352,27.462275
2023-02-18 23:00:00,24.2,24.807808,27.141
2023-02-19 00:00:00,23.7,24.481323,26.81666
2023-02-19 01:00:00,22.1,24.011305,25.846571
2023-02-19 02:00:00,24.3,23.52013,25.653929
2023-02-19 03:00:00,23.1,23.177399,25.41766
2023-02-19 04:00:00,20.4,23.367344,26.012796
2023-02-19 05:00:00,21.1,23.111614,26.73463
2023-02-19 06:00:00,21.2,23.697626,26.898977
2023-02-19 07:00:00,22.0,25.106224,27.403086
2023-02-19 08:00:00,24.2,26.704405,29.108892
2023-02-19 09:00:00,26.9,27.961252,30.684439
2023-02-19 10:00:00,28.8,28.970959,31.790218
2023-02-19 11:00:00,30.3,29.359053,32.574883
2023-02-19 12:00:00,30.8,29.761784,32.751366
2023-02-19 13:00:00,30.8,29.821201,32.594723
2023-02-19 14:00:00,30.6,29.637144,32.27196
2023-02-19 15:00:00,29.7,29.174118,31.834803
2023-02-19 16:00:00,28.3,28.281881,31.059746
2023-02-19 17:00:00,27.3,27.4554,30.25104
2023-02-19 18:00:00,25.8,26.268692,29.34704
2023-02-19 19:00:00,25.0,25.58717,28.129728
2023-02-19 20:00:00,24.3,25.22567,27.871576
2023-02-19 21:00:00,23.1,25.00446,27.539783
2023-02-19 22:00:00,22.6,24.588383,27.2974
2023-02-19 23:00:00,22.1,24.279451,27.138613
2023-02-20 00:00:00,22.6,23.972956,26.918932
2023-02-20 01:00:00,22.1,23.345318,25.957575
2023-02-20 02:00:00,21.6,23.749535,25.384777
2023-02-20 03:00:00,20.8,23.424885,26.286863
2023-02-20 04:00:00,21.1,21.671175,25.343065
2023-02-20 05:00:00,20.9,22.077822,25.547064
2023-02-20 06:00:00,20.8,22.614023,26.303308
2023-02-20 07:00:00,21.8,22.1998,26.800879
2023-02-20 08:00:00,25.0,24.763073,28.0148
2023-02-20 09:00:00,27.9,27.295275,29.767958
2023-02-20 10:00:00,30.1,28.69861,32.349
2023-02-20 11:00:00,31.4,29.958817,33.778805
2023-02-20 12:00:00,31.5,30.359377,33.66811
2023-02-20 13:00:00,31.2,30.227318,33.854954
2023-02-20 14:00:00,30.8,30.1849,33.60641
2023-02-20 15:00:00,30.0,29.607075,33.394062
2023-02-20 16:00:00,29.0,28.307623,32.15225
2023-02-20 17:00:00,27.9,27.28529,30.65122
2023-02-20 18:00:00,26.3,25.956646,29.973701
2023-02-20 19:00:00,25.4,25.18049,28.591536
2023-02-20 20:00:00,25.0,24.550617,27.768667
2023-02-20 21:00:00,24.2,23.983757,27.402506
2023-02-20 22:00:00,23.3,23.27736,26.822098
2023-02-20 23:00:00,22.6,23.09184,26.743109
2023-02-21 00:00:00,22.6,22.91304,26.66266
2023-02-21 01:00:00,23.1,22.814734,26.042105
2023-02-21 02:00:00,23.0,22.573614,25.921919
2023-02-21 03:00:00,22.5,22.80994,26.324846
2023-02-21 04:00:00,22.8,22.527525,26.054478
2023-02-21 05:00:00,21.0,22.696606,25.854208
2023-02-21 06:00:00,21.7,21.964289,26.198086
2023-02-21 07:00:00,22.1,22.643536,26.660807
2023-02-21 08:00:00,25.1,25.312294,27.871197
2023-02-21 09:00:00,28.4,27.845232,30.55646
2023-02-21 10:00:00,30.6,29.489927,33.039608
2023-02-21 11:00:00,31.0,30.51996,34.750763
2023-02-21 12:00:00,30.9,30.674683,34.45012
2023-02-21 13:00:00,30.5,30.426256,34.655483
2023-02-21 14:00:00,30.0,30.134335,34.33615
2023-02-21 15:00:00,29.4,29.560873,33.68967
2023-02-21 16:00:00,28.5,28.76391,32.4801
2023-02-21 17:00:00,27.7,27.660688,31.32981
2023-02-21 18:00:00,26.0,26.103657,29.94167
2023-02-21 19:00:00,25.4,25.272522,28.80719
2023-02-21 20:00:00,25.2,25.088007,27.974957
2023-02-21 21:00:00,24.9,24.570602,27.571268
2023-02-21 22:00:00,24.6,24.164415,26.945356
2023-02-21 23:00:00,24.4,23.646782,26.359406
2023-02-22 00:00:00,24.0,23.271816,26.095015
2023-02-22 01:00:00,23.3,23.368265,25.498356
2023-02-22 02:00:00,21.7,23.620764,25.924921
2023-02-22 03:00:00,23.1,23.407,26.242678
2023-02-22 04:00:00,20.7,23.444248,26.335638
2023-02-22 05:00:00,21.3,23.16374,26.892653
2023-02-22 06:00:00,20.9,22.49052,26.117369
2023-02-22 07:00:00,22.0,23.33317,26.885654
2023-02-22 08:00:00,24.9,25.65334,27.757257
2023-02-22 09:00:00,27.4,28.105509,30.30583
2023-02-22 10:00:00,29.0,30.04238,33.92081
2023-02-22 11:00:00,30.0,30.698065,34.42111
2023-02-22 12:00:00,30.4,30.616716,34.931255
2023-02-22 13:00:00,30.2,30.205994,34.511112
2023-02-22 14:00:00,29.8,29.76497,34.05643
2023-02-22 15:00:00,29.1,29.265263,33.259613
2023-02-22 16:00:00,28.1,28.518093,32.14325
2023-02-22 17:00:00,27.1,27.687958,31.048967
2023-02-22 18:00:00,25.8,26.23409,30.035881
2023-02-22 19:00:00,25.3,25.450035,28.647139
2023-02-22 20:00:00,25.0,25.0854,28.13774
2023-02-22 21:00:00,24.8,24.75055,27.972784
2023-02-22 22:00:00,24.4,24.518967,27.715778
2023-02-22 23:00:00,23.6,24.435907,27.37676
2023-02-23 00:00:00,23.4,24.264719,27.27627
2023-02-23 01:00:00,22.5,23.690361,26.503944
2023-02-23 02:00:00,22.5,22.906202,26.487291
2023-02-23 03:00:00,23.2,23.08369,26.139723
2023-02-23 04:00:00,21.1,22.513363,27.11857
2023-02-23 05:00:00,20.7,22.524908,25.731016
2023-02-23 06:00:00,21.6,22.612234,26.48084
2023-02-23 07:00:00,22.5,22.868608,26.75191
2023-02-23 08:00:00,25.2,25.313719,27.945644
2023-02-23 09:00:00,27.3,27.888588,30.824293
2023-02-23 10:00:00,28.6,29.286886,33.31395
2023-02-23 11:00:00,29.6,29.986399,34.32044
2023-02-23 12:00:00,30.0,29.809988,34.220375
2023-02-23 13:00:00,30.1,29.763222,33.885746
2023-02-23 14:00:00,29.9,29.463245,33.319073
2023-02-23 15:00:00,29.3,29.183937,32.780113
2023-02-23 16:00:00,28.2,28.196453,31.8675
2023-02-23 17:00:00,27.2,27.319174,30.56408
2023-02-23 18:00:00,25.5,25.943256,29.44618
2023-02-23 19:00:00,24.6,25.25372,28.460173
2023-02-23 20:00:00,24.1,24.950897,28.099512
2023-02-23 21:00:00,23.6,24.81648,27.802124
2023-02-23 22:00:00,23.2,24.570887,27.611645
2023-02-23 23:00:00,21.9,23.98668,27.205122
2023-02-24 00:00:00,22.1,23.573826,27.002466
2023-02-24 01:00:00,24.0,23.209,26.106337
2023-02-24 02:00:00,21.6,23.091368,25.943548
2023-02-24 03:00:00,19.6,23.148357,26.151484
2023-02-24 04:00:00,19.9,22.458601,27.110617
2023-02-24 05:00:00,20.2,22.28768,25.689306
2023-02-24 06:00:00,20.2,22.382452,26.10575
2023-02-24 07:00:00,20.9,23.014458,26.773512
2023-02-24 08:00:00,24.2,25.1891,27.815142
2023-02-24 09:00:00,26.8,27.360144,30.490595
2023-02-24 10:00:00,29.0,28.645935,33.171734
2023-02-24 11:00:00,30.4,29.420483,33.256138
2023-02-24 12:00:00,30.8,29.560144,33.898235
2023-02-24 13:00:00,30.5,29.63241,33.95668
2023-02-24 14:00:00,30.1,29.582148,33.6108
2023-02-24 15:00:00,29.3,29.112604,33.133564
2023-02-24 16:00:00,28.3,28.09019,32.186855
2023-02-24 17:00:00,27.2,27.191559,30.835808
2023-02-24 18:00:00,25.6,25.71316,29.806017
2023-02-24 19:00:00,24.9,24.885103,28.23036
2023-02-24 20:00:00,24.0,24.150322,27.740465
2023-02-24 21:00:00,22.7,23.747555,27.385973
2023-02-24 22:00:00,23.0,23.456781,26.987196
2023-02-24 23:00:00,24.0,22.789873,26.8192
2023-02-25 00:00:00,22.5,22.47227,26.23187
2023-02-25 01:00:00,20.4,22.747877,25.851278
2023-02-25 02:00:00,20.4,22.182262,26.76542
2023-02-25 03:00:00,19.9,21.295057,25.045752
2023-02-25 04:00:00,20.1,21.26602,25.177145
2023-02-25 05:00:00,19.9,20.862968,25.624311
2023-02-25 06:00:00,20.2,20.955002,26.024914
2023-02-25 07:00:00,20.9,22.268028,26.579443
2023-02-25 08:00:00,22.6,24.452234,27.47617
2023-02-25 09:00:00,26.1,27.055567,30.292734
2023-02-25 10:00:00,28.0,28.700949,32.51573
2023-02-25 11:00:00,28.9,29.917055,32.46485
2023-02-25 12:00:00,29.5,30.232906,33.530376
2023-02-25 13:00:00,29.5,30.014334,33.825504
2023-02-25 14:00:00,29.1,29.772638,33.26761
2023-02-25 15:00:00,28.7,29.264736,32.569504
2023-02-25 16:00:00,28.0,28.274279,31.474401
2023-02-25 17:00:00,27.3,27.213926,30.441393
2023-02-25 18:00:00,26.0,25.748138,29.286566
2023-02-25 19:00:00,25.3,24.913692,28.088552
2023-02-25 20:00:00,24.9,24.378971,27.51638
2023-02-25 21:00:00,24.5,23.565117,27.003344
2023-02-25 22:00:00,23.9,23.291975,26.211035
2023-02-25 23:00:00,23.0,23.806562,26.081846
2023-02-26 00:00:00,22.0,22.773186,25.984049
2023-02-26 01:00:00,21.8,21.968668,24.87108
2023-02-26 02:00:00,20.7,21.55937,24.7155
2023-02-26 03:00:00,20.9,21.40242,24.857962
2023-02-26 04:00:00,20.8,20.865522,25.015299
2023-02-26 05:00:00,21.1,21.19809,25.36921
2023-02-26 06:00:00,21.2,20.765696,25.678602
2023-02-26 07:00:00,21.9,22.38111,26.27616
2023-02-26 08:00:00,24.8,23.305761,27.108694
2023-02-26 09:00:00,27.6,26.115124,28.809603
2023-02-26 10:00:00,29.7,28.470072,30.992117
2023-02-26 11:00:00,30.8,29.253763,32.317165
2023-02-26 12:00:00,31.5,29.648684,33.010258
2023-02-26 13:00:00,31.7,29.473337,32.955456
2023-02-26 14:00:00,31.5,29.35131,32.489613
2023-02-26 15:00:00,30.8,29.032816,31.746832
2023-02-26 16:00:00,29.5,27.934937,30.93975
2023-02-26 17:00:00,27.8,27.13852,30.087877
2023-02-26 18:00:00,26.2,25.91573,28.9839
2023-02-26 19:00:00,25.8,25.073328,27.951166
2023-02-26 20:00:00,25.4,24.761745,27.337996
2023-02-26 21:00:00,25.2,24.461777,26.886786
2023-02-26 22:00:00,24.9,24.085653,26.47827
2023-02-26 23:00:00,24.7,23.449064,26.13848
2023-02-27 00:00:00,24.3,22.841133,25.807062
2023-02-27 01:00:00,24.1,22.273933,24.440718
2023-02-27 02:00:00,23.8,22.257843,24.600245
2023-02-27 03:00:00,23.6,21.920542,24.66273
2023-02-27 04:00:00,23.1,21.662992,25.232302
2023-02-27 05:00:00,23.6,21.499292,25.437977
2023-02-27 06:00:00,23.6,21.651434,25.825876
2023-02-27 07:00:00,25.5,22.138475,26.406775
2023-02-27 08:00:00,27.7,24.599522,27.351473
2023-02-27 09:00:00,28.8,27.302883,29.53176
2023-02-27 10:00:00,29.4,28.852367,31.824312
2023-02-27 11:00:00,29.9,30.09603,33.023724
2023-02-27 12:00:00,30.2,31.033281,33.787243
2023-02-27 13:00:00,30.1,31.178717,34.154217
2023-02-27 14:00:00,29.9,30.925661,34.057766
2023-02-27 15:00:00,29.5,29.986742,33.33462
2023-02-27 16:00:00,28.8,28.755922,32.367657
2023-02-27 17:00:00,27.7,27.758797,30.988108
2023-02-27 18:00:00,26.8,26.215061,29.542715
2023-02-27 19:00:00,26.5,25.563108,28.1364
2023-02-27 20:00:00,26.3,25.277147,27.630135
2023-02-27 21:00:00,26.1,25.038055,27.366526
2023-02-27 22:00:00,25.8,24.926243,27.04718
2023-02-27 23:00:00,25.6,24.675404,26.81362
2023-02-28 00:00:00,25.5,24.116104,26.513218
2023-02-28 01:00:00,25.4,23.945604,25.59712
2023-02-28 02:00:00,25.1,23.44228,25.543581
2023-02-28 03:00:00,25.0,23.104624,25.403526
2023-02-28 04:00:00,25.0,22.81331,25.472332
2023-02-28 05:00:00,25.2,23.191214,25.514305
2023-02-28 06:00:00,25.2,23.096611,26.133154
2023-02-28 07:00:00,26.6,25.03149,26.516207
2023-02-28 08:00:00,28.0,26.939201,28.30121
2023-02-28 09:00:00,29.1,28.455753,30.476767
2023-02-28 10:00:00,29.9,29.584356,31.792953
2023-02-28 11:00:00,30.4,29.990557,32.48499
2023-02-28 12:00:00,30.7,30.839966,32.851875
2023-02-28 13:00:00,30.7,30.994425,33.04169
2023-02-28 14:00:00,30.3,30.754997,32.56632
2023-02-28 15:00:00,29.7,29.937613,32.057274
2023-02-28 16:00:00,29.0,29.235695,31.314524
2023-02-28 17:00:00,28.3,27.751873,30.331518
2023-02-28 18:00:00,26.9,26.763245,29.090288
2023-02-28 19:00:00,26.6,26.230385,28.198914
2023-02-28 20:00:00,26.4,25.864079,27.79306
2023-02-28 21:00:00,26.1,25.805595,27.383863
2023-02-28 22:00:00,25.8,25.572802,27.183702
2023-02-28 23:00:00,25.6,25.126625,27.021132
2023-03-01 00:00:00,25.2,24.91415,26.963615
2023-03-01 01:00:00,24.7,24.793667,26.438347
2023-03-01 02:00:00,23.9,24.41329,26.432297
2023-03-01 03:00:00,22.4,24.079035,26.423775
2023-03-01 04:00:00,22.3,23.866442,26.783087
2023-03-01 05:00:00,21.9,24.191122,26.982557
2023-03-01 06:00:00,21.7,24.375946,27.482939
2023-03-01 07:00:00,24.1,25.57875,27.749735
2023-03-01 08:00:00,26.9,27.500237,29.362665
2023-03-01 09:00:00,28.9,28.842268,30.914156
2023-03-01 10:00:00,30.0,29.65444,31.973904
2023-03-01 11:00:00,30.4,30.316845,32.793205
2023-03-01 12:00:00,30.6,30.689882,33.11179
2023-03-01 13:00:00,30.5,30.514973,33.209003
2023-03-01 14:00:00,30.3,30.122034,32.89
2023-03-01 15:00:00,29.8,29.588327,32.287468
2023-03-01 16:00:00,29.1,29.088179,31.438864
2023-03-01 17:00:00,29.5,28.085144,30.555353
2023-03-01 18:00:00,27.3,26.911636,29.649912
2023-03-01 19:00:00,26.5,26.40254,28.491827
2023-03-01 20:00:00,25.9,26.208733,28.233377
2023-03-01 21:00:00,25.1,25.927778,28.00905
2023-03-01 22:00:00,24.2,25.592995,27.654005
2023-03-01 23:00:00,23.4,25.255884,27.461554
2023-03-02 00:00:00,22.9,24.749645,27.344425
2023-03-02 01:00:00,22.0,24.119547,26.637285
2023-03-02 02:00:00,21.8,23.562654,26.553095
2023-03-02 03:00:00,21.5,22.372059,26.256475
2023-03-02 04:00:00,21.5,21.800898,25.96438
2023-03-02 05:00:00,21.5,21.188053,26.336514
2023-03-02 06:00:00,21.5,21.107115,26.198065
2023-03-02 07:00:00,22.3,23.690718,27.22917
2023-03-02 08:00:00,25.4,26.453123,29.361168
2023-03-02 09:00:00,28.0,28.986942,30.795422
2023-03-02 10:00:00,29.8,29.784445,33.327297
2023-03-02 11:00:00,30.7,30.370277,34.091255
2023-03-02 12:00:00,30.7,30.723911,34.18515
2023-03-02 13:00:00,30.6,30.683016,34.119385
2023-03-02 14:00:00,30.3,30.298262,33.728622
2023-03-02 15:00:00,29.8,29.807304,33.039516
2023-03-02 16:00:00,29.0,28.918873,32.196396
2023-03-02 17:00:00,28.7,28.446053,31.180103
2023-03-02 18:00:00,27.0,27.46818,30.976492
2023-03-02 19:00:00,26.1,26.265553,29.03236
2023-03-02 20:00:00,25.7,25.688244,28.367464
2023-03-02 21:00:00,25.3,24.85436,27.80415
2023-03-02 22:00:00,24.9,24.017752,27.150019
2023-03-02 23:00:00,24.6,23.053478,26.665892
2023-03-03 00:00:00,24.1,22.994617,26.2806
2023-03-03 01:00:00,23.2,22.010796,25.344725
2023-03-03 02:00:00,22.8,21.805155,25.45967
2023-03-03 03:00:00,21.8,21.83234,25.663334
2023-03-03 04:00:00,21.3,21.733274,25.673822
2023-03-03 05:00:00,22.4,22.216063,26.164131
2023-03-03 06:00:00,22.5,22.173847,26.544806
2023-03-03 07:00:00,24.6,22.556599,27.02709
2023-03-03 08:00:00,26.8,25.446726,28.354898
2023-03-03 09:00:00,28.5,28.030115,30.586384
2023-03-03 10:00:00,29.9,29.608274,31.647322
2023-03-03 11:00:00,30.9,30.345554,33.099434
2023-03-03 12:00:00,31.2,30.408108,33.77785
2023-03-03 13:00:00,30.9,30.233576,33.678364
2023-03-03 14:00:00,30.5,29.839214,33.208836
2023-03-03 15:00:00,29.8,29.433073,32.539047
2023-03-03 16:00:00,29.1,28.884426,31.724546
2023-03-03 17:00:00,28.2,28.573523,30.787783
2023-03-03 18:00:00,26.7,27.022722,30.205715
2023-03-03 19:00:00,26.0,25.93593,28.588305
2023-03-03 20:00:00,25.5,25.327618,27.867746
2023-03-03 21:00:00,25.0,25.01038,27.496237
2023-03-03 22:00:00,24.4,24.719578,27.154207
2023-03-03 23:00:00,24.0,24.62107,26.870958
2023-03-04 00:00:00,23.3,24.124876,26.672235
2023-03-04 01:00:00,23.1,23.455496,25.7088
2023-03-04 02:00:00,22.8,22.836323,25.31405
2023-03-04 03:00:00,22.3,21.851559,25.205944
2023-03-04 04:00:00,22.4,21.749239,25.080256
2023-03-04 05:00:00,23.2,22.087706,25.273111
2023-03-04 06:00:00,23.5,22.029093,26.406715
2023-03-04 07:00:00,24.5,24.082844,26.44089
2023-03-04 08:00:00,26.6,26.155209,28.688234
2023-03-04 09:00:00,28.8,28.105927,30.074785
2023-03-04 10:00:00,30.1,29.52511,31.740885
2023-03-04 11:00:00,30.8,30.6839,33.094486
2023-03-04 12:00:00,31.0,31.126205,33.87656
2023-03-04 13:00:00,31.1,30.87883,33.89221
2023-03-04 14:00:00,30.8,30.314285,33.325138
2023-03-04 15:00:00,30.0,29.566324,32.639038
2023-03-04 16:00:00,29.1,29.225227,31.611143
2023-03-04 17:00:00,28.1,28.194546,30.75907
2023-03-04 18:00:00,26.6,26.92058,29.850952
2023-03-04 19:00:00,25.8,25.796898,28.324709
2023-03-04 20:00:00,25.3,25.284777,27.7395
2023-03-04 21:00:00,24.9,24.847897,27.361013
2023-03-04 22:00:00,24.3,24.500679,26.885628
2023-03-04 23:00:00,23.7,24.16018,26.408796
2023-03-05 00:00:00,23.6,23.666124,26.14822
2023-03-05 01:00:00,23.2,23.283272,25.565355
2023-03-05 02:00:00,22.7,22.690899,25.548658
2023-03-05 03:00:00,22.3,22.181152,25.626112
2023-03-05 04:00:00,22.4,22.142225,25.551949
2023-03-05 05:00:00,22.5,22.51097,25.96302
2023-03-05 06:00:00,23.3,22.736235,26.841908
2023-03-05 07:00:00,24.3,24.07986,27.318083
2023-03-05 08:00:00,25.8,26.529675,27.936571
2023-03-05 09:00:00,28.2,28.54758,29.804605
2023-03-05 10:00:00,29.8,29.789026,31.889431
2023-03-05 11:00:00,30.7,30.82391,33.16507
2023-03-05 12:00:00,31.0,31.177628,33.767765
2023-03-05 13:00:00,31.0,30.966284,33.591743
2023-03-05 14:00:00,30.6,30.473873,33.339268
2023-03-05 15:00:00,29.9,29.64261,32.702217
2023-03-05 16:00:00,29.1,29.281054,31.669436
2023-03-05 17:00:00,28.4,28.015099,30.696186
2023-03-05 18:00:00,26.7,26.82234,29.662912
2023-03-05 19:00:00,25.9,25.708683,28.301937
2023-03-05 20:00:00,25.3,25.214455,27.588383
2023-03-05 21:00:00,24.3,24.854143,27.201994
2023-03-05 22:00:00,23.5,24.320927,26.762373
2023-03-05 23:00:00,23.0,24.008013,26.292044
2023-03-06 00:00:00,22.8,23.85184,26.034918
2023-03-06 01:00:00,24.2,23.27961,25.67729
2023-03-06 02:00:00,24.6,22.465828,25.576097
2023-03-06 03:00:00,23.9,21.97801,25.618301
2023-03-06 04:00:00,22.0,22.023848,25.657581
2023-03-06 05:00:00,23.5,21.950914,26.158175
2023-03-06 06:00:00,23.3,22.596478,26.05057
2023-03-06 07:00:00,24.5,24.578623,27.28607
2023-03-06 08:00:00,26.5,26.108828,28.544561
2023-03-06 09:00:00,28.4,28.665209,29.878553
2023-03-06 10:00:00,29.6,29.832596,32.20748
2023-03-06 11:00:00,30.1,30.535925,33.310783
2023-03-06 12:00:00,30.4,31.208101,33.949757
2023-03-06 13:00:00,30.3,31.183012,34.034946
2023-03-06 14:00:00,29.8,30.44835,33.74897
2023-03-06 15:00:00,29.2,29.809591,32.94175
2023-03-06 16:00:00,28.4,29.141571,31.920681
2023-03-06 17:00:00,27.4,28.22285,31.061298
2023-03-06 18:00:00,26.4,27.05205,29.938307
2023-03-06 19:00:00,26.1,26.203821,28.524172
2023-03-06 20:00:00,25.9,25.485165,27.98128
2023-03-06 21:00:00,25.6,24.72187,27.364988
2023-03-06 22:00:00,25.4,23.968071,26.860113
2023-03-06 23:00:00,25.1,23.656286,26.562874
2023-03-07 00:00:00,24.6,23.417646,26.469522
2023-03-07 01:00:00,24.3,23.254128,25.873863
2023-03-07 02:00:00,24.1,23.721117,26.39781
2023-03-07 03:00:00,23.7,23.196384,26.144724
2023-03-07 04:00:00,23.4,22.22471,25.811287
2023-03-07 05:00:00,24.0,23.096298,26.555658
2023-03-07 06:00:00,24.2,23.745077,27.900797
2023-03-07 07:00:00,25.9,24.976479,28.12158
2023-03-07 08:00:00,27.3,26.711395,29.291206
2023-03-07 09:00:00,28.3,28.287432,31.29364
2023-03-07 10:00:00,29.5,29.731575,32.101116
2023-03-07 11:00:00,30.0,30.342495,33.005043
2023-03-07 12:00:00,30.5,30.732155,33.377834
2023-03-07 13:00:00,30.6,30.706482,33.39237
2023-03-07 14:00:00,30.3,30.1267,33.35542
2023-03-07 15:00:00,29.7,29.668766,32.56956
2023-03-07 16:00:00,28.7,28.80454,31.567274
2023-03-07 17:00:00,27.6,27.93063,30.539215
2023-03-07 18:00:00,26.4,26.506256,29.513914
2023-03-07 19:00:00,25.9,26.064447,28.52812
2023-03-07 20:00:00,25.6,25.821297,28.113325
2023-03-07 21:00:00,25.3,25.626286,27.853775
2023-03-07 22:00:00,25.0,25.164593,27.49583
2023-03-07 23:00:00,24.4,25.032232,27.19104
2023-03-08 00:00:00,23.9,24.518795,26.97886
2023-03-08 01:00:00,23.4,24.115553,26.09294
2023-03-08 02:00:00,23.3,23.75251,26.267246
2023-03-08 03:00:00,23.2,23.58549,26.268337
2023-03-08 04:00:00,23.0,23.536787,26.252184
2023-03-08 05:00:00,23.8,23.340961,26.026274
2023-03-08 06:00:00,23.9,23.463892,27.222563
2023-03-08 07:00:00,25.6,25.513054,27.717745
2023-03-08 08:00:00,27.7,27.005138,29.498798
2023-03-08 09:00:00,29.0,28.306921,30.808235
2023-03-08 10:00:00,29.9,29.689575,31.732828
2023-03-08 11:00:00,30.4,30.099508,32.845753
2023-03-08 12:00:00,30.6,30.6415,33.184124
2023-03-08 13:00:00,30.3,30.630743,33.390797
2023-03-08 14:00:00,30.3,30.251724,33.154255
2023-03-08 15:00:00,29.7,29.62248,32.577557
2023-03-08 16:00:00,28.9,28.764015,31.767485
2023-03-08 17:00:00,28.1,27.686388,30.505579
2023-03-08 18:00:00,26.9,26.57425,29.299246
2023-03-08 19:00:00,26.6,26.065828,28.341194
2023-03-08 20:00:00,26.4,25.717752,27.92233
2023-03-08 21:00:00,26.3,25.277063,27.56031
2023-03-08 22:00:00,26.0,24.992945,27.228815
2023-03-08 23:00:00,25.6,24.646025,27.048037
2023-03-09 00:00:00,25.2,24.180367,26.548218
2023-03-09 01:00:00,24.5,23.80777,25.610811
2023-03-09 02:00:00,24.1,23.613966,25.4564
2023-03-09 03:00:00,23.6,23.570719,25.55532
2023-03-09 04:00:00,23.4,23.390331,25.617544
2023-03-09 05:00:00,23.7,23.804527,26.274721
2023-03-09 06:00:00,24.0,24.02252,26.635424
2023-03-09 07:00:00,25.3,25.569344,26.91266
2023-03-09 08:00:00,27.4,27.374748,28.571873
2023-03-09 09:00:00,28.9,28.80727,30.603304
2023-03-09 10:00:00,29.6,29.913761,31.852085
2023-03-09 11:00:00,29.8,30.411854,32.814266
2023-03-09 12:00:00,30.2,30.87078,33.14534
2023-03-09 13:00:00,30.4,30.592793,33.231117
2023-03-09 14:00:00,30.1,30.415695,32.56335
2023-03-09 15:00:00,29.7,29.85245,32.157616
2023-03-09 16:00:00,28.7,29.067316,31.388998
2023-03-09 17:00:00,28.0,28.103931,30.464083
2023-03-09 18:00:00,26.9,27.041641,29.466322
2023-03-09 19:00:00,26.3,26.65568,28.549929
2023-03-09 20:00:00,25.8,26.272455,28.16958
2023-03-09 21:00:00,25.6,26.097921,27.92251
2023-03-09 22:00:00,25.4,25.831427,27.66957
2023-03-09 23:00:00,24.9,25.438463,27.389782
2023-03-10 00:00:00,24.4,25.375134,27.085548
2023-03-10 01:00:00,24.1,24.838318,26.138607
2023-03-10 02:00:00,23.7,24.705883,25.675694
2023-03-10 03:00:00,23.5,24.138742,26.105993
2023-03-10 04:00:00,22.8,23.805197,26.295385
2023-03-10 05:00:00,23.6,23.960165,26.551538
2023-03-10 06:00:00,24.0,24.07194,27.119978
2023-03-10 07:00:00,26.0,25.414455,27.706484
2023-03-10 08:00:00,28.0,27.421036,28.30168
2023-03-10 09:00:00,29.3,29.1853,30.55629
2023-03-10 10:00:00,30.1,29.989328,32.130123
2023-03-10 11:00:00,30.3,30.197823,32.714497
2023-03-10 12:00:00,30.5,30.48584,32.88451
2023-03-10 13:00:00,30.4,30.62409,33.016605
2023-03-10 14:00:00,30.1,30.204397,32.83778
2023-03-10 15:00:00,29.4,29.7594,32.29773
2023-03-10 16:00:00,28.6,28.93234,31.483706
2023-03-10 17:00:00,27.1,27.963037,30.435625
2023-03-10 18:00:00,26.7,27.030628,29.603666
2023-03-10 19:00:00,27.1,26.355003,28.640802
2023-03-10 20:00:00,27.0,26.098528,28.026464
2023-03-10 21:00:00,26.9,25.879568,27.668608
2023-03-10 22:00:00,26.6,25.381617,27.394552
2023-03-10 23:00:00,26.2,25.062809,27.02749
2023-03-11 00:00:00,25.6,24.663542,26.827333
2023-03-11 01:00:00,24.6,24.233404,25.895056
2023-03-11 02:00:00,23.8,24.022205,25.820427
2023-03-11 03:00:00,23.6,23.58949,25.63051
2023-03-11 04:00:00,23.1,23.0983,25.706297
2023-03-11 05:00:00,23.9,23.225552,25.764193
2023-03-11 06:00:00,23.9,23.84225,26.482311
2023-03-11 07:00:00,25.6,25.556982,27.009308
2023-03-11 08:00:00,27.8,27.682093,28.88973
2023-03-11 09:00:00,29.3,28.99306,31.011295
2023-03-11 10:00:00,30.2,29.791704,32.100796
2023-03-11 11:00:00,30.6,30.438442,32.94535
2023-03-11 12:00:00,30.8,30.732605,33.16306
2023-03-11 13:00:00,30.7,30.498055,33.28739
2023-03-11 14:00:00,30.4,30.088377,32.92156
2023-03-11 15:00:00,29.7,29.709997,32.42948
2023-03-11 16:00:00,28.9,28.777098,31.512535
2023-03-11 17:00:00,28.3,27.608242,30.568773
2023-03-11 18:00:00,27.1,26.83628,29.331324
2023-03-11 19:00:00,26.7,26.910221,28.616156
2023-03-11 20:00:00,26.4,26.709755,28.545666
2023-03-11 21:00:00,26.2,26.594877,28.273474
2023-03-11 22:00:00,25.9,26.375893,28.086063
2023-03-11 23:00:00,25.3,25.9525,27.89418
2023-03-12 00:00:00,24.7,25.46549,27.52683
2023-03-12 01:00:00,23.8,24.782635,26.496965
2023-03-12 02:00:00,24.2,24.29586,25.97283
2023-03-12 03:00:00,23.9,24.340807,25.552221
2023-03-12 04:00:00,23.9,23.84132,26.135447
2023-03-12 05:00:00,24.3,24.197157,26.257132
2023-03-12 06:00:00,24.3,24.078981,27.149818
2023-03-12 07:00:00,25.0,25.572844,27.729198
2023-03-12 08:00:00,27.3,27.663742,29.509768
2023-03-12 09:00:00,29.2,29.213007,30.80305
2023-03-12 10:00:00,30.5,30.277412,31.97714
2023-03-12 11:00:00,31.4,30.868847,32.98235
2023-03-12 12:00:00,31.8,30.911959,33.131557
2023-03-12 13:00:00,31.6,30.645609,33.184994
2023-03-12 14:00:00,31.0,30.320354,32.784325
2023-03-12 15:00:00,30.4,29.66845,32.17171
2023-03-12 16:00:00,29.6,28.988869,31.289692
2023-03-12 17:00:00,28.7,28.21036,30.36302
2023-03-12 18:00:00,27.2,27.37433,29.340483
2023-03-12 19:00:00,26.6,27.017258,28.407099
2023-03-12 20:00:00,26.2,26.615482,28.062704
2023-03-12 21:00:00,25.9,26.394142,27.704504
2023-03-12 22:00:00,25.6,26.040241,27.449774
2023-03-12 23:00:00,25.4,25.570225,27.202238
2023-03-13 00:00:00,25.1,24.99332,26.82372
2023-03-13 01:00:00,24.9,24.6829,25.83637
2023-03-13 02:00:00,24.3,24.336437,25.306122
2023-03-13 03:00:00,23.5,24.273249,26.101585
2023-03-13 04:00:00,23.6,24.397703,26.253996
2023-03-13 05:00:00,23.4,24.376225,26.65418
2023-03-13 06:00:00,23.8,24.558287,27.152864
2023-03-13 07:00:00,24.9,25.41111,27.605669
2023-03-13 08:00:00,26.6,27.212198,28.688787
2023-03-13 09:00:00,28.9,29.384382,30.041435
2023-03-13 10:00:00,30.4,30.525015,32.0338
2023-03-13 11:00:00,31.1,31.409689,33.095573
2023-03-13 12:00:00,31.2,31.585112,33.71654
2023-03-13 13:00:00,31.0,31.430048,33.88505
2023-03-13 14:00:00,30.6,31.048891,33.402058
2023-03-13 15:00:00,29.8,30.420677,32.592014
2023-03-13 16:00:00,29.1,29.454002,31.659302
2023-03-13 17:00:00,28.4,28.654732,30.783524
2023-03-13 18:00:00,27.3,27.463158,29.74809
2023-03-13 19:00:00,27.1,26.842726,28.558687
2023-03-13 20:00:00,26.9,26.26386,27.943697
2023-03-13 21:00:00,26.8,26.077175,27.713625
2023-03-13 22:00:00,26.6,25.753738,27.401913
2023-03-13 23:00:00,26.5,25.445368,27.020405
2023-03-14 00:00:00,26.3,25.227434,26.859056
2023-03-14 01:00:00,25.8,25.03365,25.920582
2023-03-14 02:00:00,25.4,24.560825,25.907843
2023-03-14 03:00:00,25.2,23.798681,25.767023
2023-03-14 04:00:00,24.8,23.44331,25.763487
2023-03-14 05:00:00,25.0,23.344093,25.982195
2023-03-14 06:00:00,24.8,24.001966,26.797087
2023-03-14 07:00:00,26.2,25.43563,27.868944
2023-03-14 08:00:00,28.2,26.687973,28.755484
2023-03-14 09:00:00,29.9,29.431282,30.290483
2023-03-14 10:00:00,30.9,30.3802,32.72763
2023-03-14 11:00:00,31.0,31.42915,33.744007
2023-03-14 12:00:00,30.7,31.52325,34.35046
2023-03-14 13:00:00,30.6,31.38657,34.22742
2023-03-14 14:00:00,30.8,30.866045,33.69531
2023-03-14 15:00:00,29.9,30.087553,33.030785
2023-03-14 16:00:00,29.2,29.429016,32.0169
2023-03-14 17:00:00,28.7,28.504324,31.159048
2023-03-14 18:00:00,27.7,27.502262,29.671415
2023-03-14 19:00:00,27.1,27.124706,28.721693
2023-03-14 20:00:00,26.8,26.782827,28.521418
2023-03-14 21:00:00,26.5,26.725212,28.348755
2023-03-14 22:00:00,26.5,26.509123,28.254753
2023-03-14 23:00:00,26.4,26.38186,28.065279
2023-03-15 00:00:00,26.6,26.118015,28.03372
2023-03-15 01:00:00,26.5,25.878044,27.374357
2023-03-15 02:00:00,26.2,25.555813,27.23921
2023-03-15 03:00:00,26.0,25.13427,27.554663
2023-03-15 04:00:00,25.9,25.016075,27.657637
2023-03-15 05:00:00,25.9,25.124758,27.862314
2023-03-15 06:00:00,26.1,25.193733,27.901638
2023-03-15 07:00:00,27.4,26.34967,28.446934
2023-03-15 08:00:00,28.7,27.960327,30.30218
2023-03-15 09:00:00,29.8,29.681494,32.41374
2023-03-15 10:00:00,30.7,30.805265,33.522945
2023-03-15 11:00:00,30.9,31.30495,34.20739
2023-03-15 12:00:00,30.9,30.994438,34.120567
2023-03-15 13:00:00,30.3,30.736618,33.83157
2023-03-15 14:00:00,30.3,30.693186,33.58681
2023-03-15 15:00:00,29.7,30.032179,33.213413
2023-03-15 16:00:00,29.1,29.3194,32.17034
2023-03-15 17:00:00,28.7,28.654291,31.359106
2023-03-15 18:00:00,28.0,27.69396,30.668165
2023-03-15 19:00:00,27.7,27.219645,29.620924
2023-03-15 20:00:00,27.6,26.904722,29.175299
2023-03-15 21:00:00,27.4,26.615374,28.868792
2023-03-15 22:00:00,27.2,26.473265,28.567667
2023-03-15 23:00:00,27.0,26.358839,28.467588
2023-03-16 00:00:00,26.9,26.419193,28.47027
2023-03-16 01:00:00,26.7,26.236277,27.90595
2023-03-16 02:00:00,26.3,25.976377,27.976606
2023-03-16 03:00:00,26.3,25.88109,28.09726
2023-03-16 04:00:00,26.0,25.84723,28.31941
2023-03-16 05:00:00,26.1,25.774988,28.701887
2023-03-16 06:00:00,25.4,25.896269,29.00459
2023-03-16 07:00:00,24.6,26.963379,29.480993
2023-03-16 08:00:00,26.0,28.45876,31.103708
2023-03-16 09:00:00,29.0,29.846691,32.422985
2023-03-16 10:00:00,29.6,30.715918,33.312115
2023-03-16 11:00:00,30.3,31.161882,34.09027
2023-03-16 12:00:00,30.3,30.954191,34.086666
2023-03-16 13:00:00,30.1,30.538195,34.05148
2023-03-16 14:00:00,30.1,30.430006,33.165615
2023-03-16 15:00:00,27.5,29.845268,33.116203
2023-03-16 16:00:00,27.3,29.19711,32.17889
2023-03-16 17:00:00,27.0,28.595217,31.226397
2023-03-16 18:00:00,26.7,27.823637,30.662323
2023-03-16 19:00:00,26.6,27.439993,29.968212
2023-03-16 20:00:00,26.4,27.293985,29.528067
2023-03-16 21:00:00,26.1,27.057465,29.158426
2023-03-16 22:00:00,26.3,26.884407,28.914434
2023-03-16 23:00:00,26.3,26.678047,28.771643
2023-03-17 00:00:00,26.3,26.439487,28.67756
2023-03-17 01:00:00,26.1,26.315636,28.01416
2023-03-17 02:00:00,26.0,26.046038,28.06782
2023-03-17 03:00:00,25.6,25.790796,28.082468
2023-03-17 04:00:00,24.8,25.66816,28.408876
2023-03-17 05:00:00,26.0,25.70895,28.65004
2023-03-17 06:00:00,26.4,25.518068,28.510273
2023-03-17 07:00:00,27.3,25.639036,29.138159
2023-03-17 08:00:00,27.7,27.049402,29.934702
2023-03-17 09:00:00,29.1,29.409727,31.333572
2023-03-17 10:00:00,30.4,30.108479,32.883015
2023-03-17 11:00:00,29.2,30.542461,33.27927
2023-03-17 12:00:00,26.1,30.600887,33.30405
2023-03-17 13:00:00,27.2,30.173508,33.442673
2023-03-17 14:00:00,27.2,30.10686,32.657047
2023-03-17 15:00:00,27.4,29.129574,32.110588
2023-03-17 16:00:00,27.4,28.528461,30.168924
2023-03-17 17:00:00,29.3,27.669916,29.595695
2023-03-17 18:00:00,28.5,26.83448,29.424976
2023-03-17 19:00:00,28.2,26.812735,28.790047
2023-03-17 20:00:00,28.1,26.625563,28.22394
2023-03-17 21:00:00,28.0,26.350927,28.003721
2023-03-17 22:00:00,27.9,26.174854,27.596933
2023-03-17 23:00:00,27.5,26.226686,27.799112
2023-03-18 00:00:00,27.1,26.037165,27.875937
2023-03-18 01:00:00,26.6,25.860786,27.384785
2023-03-18 02:00:00,25.9,25.751915,27.541319
2023-03-18 03:00:00,25.0,25.456345,27.66328
2023-03-18 04:00:00,24.6,25.053694,27.693245
2023-03-18 05:00:00,24.3,25.38922,27.993143
2023-03-18 06:00:00,23.9,26.005003,28.7636
2023-03-18 07:00:00,23.3,26.84144,29.635565
2023-03-18 08:00:00,25.2,27.535103,30.581255
2023-03-18 09:00:00,25.3,29.225767,31.613806
2023-03-18 10:00:00,24.6,30.213871,33.050697
2023-03-18 11:00:00,26.2,29.971416,33.910755
2023-03-18 12:00:00,27.4,28.939072,32.454185
2023-03-18 13:00:00,28.5,29.182365,31.119217
2023-03-18 14:00:00,29.9,28.781923,32.753372
2023-03-18 15:00:00,28.8,27.84571,31.362774
2023-03-18 16:00:00,27.6,27.621515,31.142794
2023-03-18 17:00:00,28.9,28.812136,30.456667
2023-03-18 18:00:00,27.6,28.295927,31.289934
2023-03-18 19:00:00,27.0,27.96536,29.90934
2023-03-18 20:00:00,26.8,27.73446,29.547083
2023-03-18 21:00:00,26.7,27.64518,29.206375
2023-03-18 22:00:00,26.5,27.457514,29.094368
2023-03-18 23:00:00,25.9,27.129793,29.056393
2023-03-19 00:00:00,25.2,26.726793,28.800404
2023-03-19 01:00:00,24.3,26.480087,27.870493
2023-03-19 02:00:00,23.7,26.115568,28.037098
2023-03-19 03:00:00,23.5,25.494713,27.70133
2023-03-19 04:00:00,23.6,25.075287,27.560022
2023-03-19 05:00:00,24.0,24.847252,27.966803
2023-03-19 06:00:00,24.4,25.057028,28.26925
2023-03-19 07:00:00,25.1,25.268963,28.844984
2023-03-19 08:00:00,26.7,26.717264,29.68902
2023-03-19 09:00:00,28.0,27.636337,31.074286
2023-03-19 10:00:00,28.5,27.465284,30.541342
2023-03-19 11:00:00,28.3,29.170393,31.989214
2023-03-19 12:00:00,28.9,28.495096,31.111414
2023-03-19 13:00:00,28.3,29.378525,32.596886
2023-03-19 14:00:00,28.2,29.743782,32.775555
2023-03-19 15:00:00,28.5,29.03258,33.10359
2023-03-19 16:00:00,28.2,27.881834,31.11712
2023-03-19 17:00:00,28.2,28.943401,30.410791
2023-03-19 18:00:00,27.4,28.04271,30.995705
2023-03-19 19:00:00,27.1,27.363579,29.783697
2023-03-19 20:00:00,26.9,27.10095,28.749659
2023-03-19 21:00:00,27.1,26.898146,28.274275
2023-03-19 22:00:00,26.9,26.806896,28.434525
2023-03-19 23:00:00,26.8,26.583216,28.484192
2023-03-20 00:00:00,26.2,25.912306,28.261477
2023-03-20 01:00:00,25.9,25.023333,27.472055
2023-03-20 02:00:00,25.4,24.783058,27.37863
2023-03-20 03:00:00,25.0,24.0214,27.215952
2023-03-20 04:00:00,24.4,23.933493,27.28277
2023-03-20 05:00:00,24.4,24.225105,27.644701
2023-03-20 06:00:00,24.8,24.650295,28.171722
2023-03-20 07:00:00,25.5,25.621466,28.673376
2023-03-20 08:00:00,26.5,26.847628,29.455912
2023-03-20 09:00:00,28.3,28.0045,31.176723
2023-03-20 10:00:00,29.3,28.53847,31.992739
2023-03-20 11:00:00,30.3,29.000496,32.118385
2023-03-20 12:00:00,30.5,29.355186,32.564697
2023-03-20 13:00:00,30.3,28.88519,32.716553
2023-03-20 14:00:00,29.7,29.457209,32.156456
2023-03-20 15:00:00,29.8,28.938517,32.13169
2023-03-20 16:00:00,28.7,28.333677,31.555841
2023-03-20 17:00:00,29.2,28.449333,30.78367
2023-03-20 18:00:00,28.1,27.569212,30.727486
2023-03-20 19:00:00,28.1,27.111177,29.648531
2023-03-20 20:00:00,27.9,26.813856,29.291079
2023-03-20 21:00:00,27.6,26.96365,28.962324
2023-03-20 22:00:00,27.4,26.680876,28.922071
2023-03-20 23:00:00,27.1,26.603832,28.733427
2023-03-21 00:00:00,27.1,26.301426,28.57385
2023-03-21 01:00:00,25.6,26.071833,27.484625
2023-03-21 02:00:00,25.0,25.788486,27.39717
2023-03-21 03:00:00,25.0,25.180265,27.474928
2023-03-21 04:00:00,24.9,24.961119,27.550707
2023-03-21 05:00:00,24.7,24.571386,27.687346
2023-03-21 06:00:00,25.2,24.804518,27.586628
2023-03-21 07:00:00,25.9,25.817068,28.858854
2023-03-21 08:00:00,27.6,26.899881,29.76844
2023-03-21 09:00:00,29.1,28.433067,31.179691
2023-03-21 10:00:00,30.7,29.542141,32.385044
2023-03-21 11:00:00,31.7,30.389376,32.93746
2023-03-21 12:00:00,31.9,30.881401,33.496166
2023-03-21 13:00:00,31.5,30.196947,33.297108
2023-03-21 14:00:00,30.7,29.685942,32.729534
2023-03-21 15:00:00,30.3,29.623255,32.227333
2023-03-21 16:00:00,29.8,28.961138,32.04834
2023-03-21 17:00:00,28.8,28.91102,31.057531
2023-03-21 18:00:00,28.0,28.253216,30.414553
2023-03-21 19:00:00,27.8,27.810038,29.647455
2023-03-21 20:00:00,27.7,27.646269,29.377928
2023-03-21 21:00:00,27.5,27.457748,29.027214
2023-03-21 22:00:00,27.5,27.209202,28.835741
2023-03-21 23:00:00,27.5,26.93679,28.669523
2023-03-22 00:00:00,27.4,26.765526,28.54166
2023-03-22 01:00:00,27.2,26.00716,28.027912
2023-03-22 02:00:00,27.0,25.442156,27.614344
2023-03-22 03:00:00,26.7,25.26766,27.647982
2023-03-22 04:00:00,26.4,25.277443,27.85583
2023-03-22 05:00:00,25.6,25.094212,28.069536
2023-03-22 06:00:00,26.0,25.385328,28.387362
2023-03-22 07:00:00,26.8,26.415644,29.239527
2023-03-22 08:00:00,27.8,27.59028,30.2093
2023-03-22 09:00:00,29.2,29.18649,31.699072
2023-03-22 10:00:00,30.5,30.808104,33.060078
2023-03-22 11:00:00,31.1,31.62049,33.964306
2023-03-22 12:00:00,31.3,31.923868,34.5478
2023-03-22 13:00:00,29.4,31.574732,34.13484
2023-03-22 14:00:00,30.3,30.997648,33.45284
2023-03-22 15:00:00,29.2,30.563684,32.66094
2023-03-22 16:00:00,29.0,29.609344,32.310204
2023-03-22 17:00:00,29.3,29.039349,31.532291
2023-03-22 18:00:00,28.1,28.161276,30.691427
2023-03-22 19:00:00,27.7,27.910498,29.763418
2023-03-22 20:00:00,27.5,27.78352,29.4397
2023-03-22 21:00:00,27.5,27.582273,29.145498
2023-03-22 22:00:00,27.3,27.460878,28.869898
2023-03-22 23:00:00,27.2,27.357157,28.883463
2023-03-23 00:00:00,27.1,27.261719,28.915283
2023-03-23 01:00:00,26.9,26.967604,28.267746
2023-03-23 02:00:00,26.6,26.736536,28.103281
2023-03-23 03:00:00,26.3,26.542309,28.139559
2023-03-23 04:00:00,26.2,26.297525,28.289951
2023-03-23 05:00:00,26.5,25.757198,28.609999
2023-03-23 06:00:00,26.7,26.024502,28.70104
2023-03-23 07:00:00,27.9,26.981194,29.483545
2023-03-23 08:00:00,29.0,28.166008,30.445272
2023-03-23 09:00:00,30.6,29.509161,31.816185
2023-03-23 10:00:00,31.6,30.891687,33.04865
2023-03-23 11:00:00,31.9,31.57166,34.007065
2023-03-23 12:00:00,31.1,31.650034,34.32456
2023-03-23 13:00:00,30.6,31.413752,34.068233
2023-03-23 14:00:00,31.1,30.811342,32.80064
2023-03-23 15:00:00,30.7,30.096182,33.105576
2023-03-23 16:00:00,30.1,29.427332,31.988808
2023-03-23 17:00:00,29.0,29.224394,31.381247
2023-03-23 18:00:00,28.1,28.267118,31.096813
2023-03-23 19:00:00,27.8,27.748384,29.874096
2023-03-23 20:00:00,27.6,27.533028,29.538446
2023-03-23 21:00:00,27.5,27.34036,29.252344
2023-03-23 22:00:00,27.4,27.220871,29.110928
2023-03-23 23:00:00,27.3,27.21314,28.963648
2023-03-24 00:00:00,27.1,26.921701,28.889288
2023-03-24 01:00:00,26.9,26.659773,28.22237
2023-03-24 02:00:00,26.8,26.464453,28.042274
2023-03-24 03:00:00,26.5,26.176376,28.24336
2023-03-24 04:00:00,26.4,25.99885,28.159924
2023-03-24 05:00:00,26.4,26.263157,28.45603
2023-03-24 06:00:00,26.2,26.563824,28.767786
2023-03-24 07:00:00,26.6,27.67861,29.647303
2023-03-24 08:00:00,28.2,29.07467,31.038313
2023-03-24 09:00:00,29.8,30.443373,32.25468
2023-03-24 10:00:00,31.1,31.588905,33.649284
2023-03-24 11:00:00,31.5,31.93782,34.340183
2023-03-24 12:00:00,31.1,31.718845,34.30509
2023-03-24 13:00:00,31.0,30.91229,33.721676
2023-03-24 14:00:00,30.4,31.046227,33.0268
2023-03-24 15:00:00,29.6,30.402534,33.251152
2023-03-24 16:00:00,29.2,29.825287,32.402245
2023-03-24 17:00:00,29.1,29.158731,31.683054
2023-03-24 18:00:00,28.2,28.160639,30.633158
2023-03-24 19:00:00,27.8,27.757828,29.961428
2023-03-24 20:00:00,27.7,27.503395,29.519157
2023-03-24 21:00:00,27.4,27.365482,29.149876
2023-03-24 22:00:00,27.0,27.169605,29.006128
2023-03-24 23:00:00,26.7,27.075838,28.788187
2023-03-25 00:00:00,26.6,26.906149,28.793373
2023-03-25 01:00:00,26.5,26.63722,28.120079
2023-03-25 02:00:00,26.5,26.497803,28.168724
2023-03-25 03:00:00,26.5,26.270191,28.351002
2023-03-25 04:00:00,26.5,26.180265,28.46575
2023-03-25 05:00:00,26.6,26.168856,28.77145
2023-03-25 06:00:00,27.0,26.17695,29.365145
2023-03-25 07:00:00,28.2,27.190815,29.704649
2023-03-25 08:00:00,29.2,28.772131,30.436262
2023-03-25 09:00:00,29.9,30.147085,32.285778
2023-03-25 10:00:00,30.7,31.43496,33.540134
2023-03-25 11:00:00,30.2,31.656097,34.40589
2023-03-25 12:00:00,30.4,31.353373,34.371853
2023-03-25 13:00:00,30.7,31.12321,33.92023
2023-03-25 14:00:00,30.4,30.969479,33.71999
2023-03-25 15:00:00,30.0,30.155254,33.13318
2023-03-25 16:00:00,29.4,29.580431,32.088825
2023-03-25 17:00:00,28.7,29.11476,31.547634
2023-03-25 18:00:00,28.2,28.255754,30.857601
2023-03-25 19:00:00,27.9,27.829206,29.928198
2023-03-25 20:00:00,27.5,27.627426,29.49949
2023-03-25 21:00:00,27.3,27.402075,29.295172
2023-03-25 22:00:00,27.2,26.950605,29.058512
2023-03-25 23:00:00,27.0,26.681452,28.748297
2023-03-26 00:00:00,26.5,26.43805,28.532263
2023-03-26 01:00:00,26.3,26.342573,27.78918
2023-03-26 02:00:00,26.0,26.242296,28.008291
2023-03-26 03:00:00,25.5,26.163982,28.165092
2023-03-26 04:00:00,25.4,26.150488,28.41722
2023-03-26 05:00:00,26.3,26.328928,28.84966
2023-03-26 06:00:00,26.6,26.67249,29.237492
2023-03-26 07:00:00,28.1,27.846556,29.87678
2023-03-26 08:00:00,29.6,29.154478,31.160364
2023-03-26 09:00:00,31.2,30.088303,32.197662
2023-03-26 10:00:00,32.5,31.007055,33.0172
2023-03-26 11:00:00,33.0,31.127531,33.80052
2023-03-26 12:00:00,31.8,31.098486,33.522617
2023-03-26 13:00:00,31.7,30.991085,33.73484
2023-03-26 14:00:00,31.1,30.535057,33.588238
2023-03-26 15:00:00,30.3,30.058506,32.808216
2023-03-26 16:00:00,29.7,29.507465,32.103558
2023-03-26 17:00:00,29.3,28.951841,31.458534
2023-03-26 18:00:00,28.5,28.218521,30.788181
2023-03-26 19:00:00,28.1,27.860542,30.064005
2023-03-26 20:00:00,27.9,27.53297,29.70519
2023-03-26 21:00:00,27.8,27.297474,29.361471
2023-03-26 22:00:00,27.6,27.131287,29.05419
2023-03-26 23:00:00,27.4,26.837135,28.839666
2023-03-27 00:00:00,27.1,26.493166,28.677938
2023-03-27 01:00:00,26.8,26.151932,27.756674
2023-03-27 02:00:00,26.3,26.032038,27.925756
2023-03-27 03:00:00,26.2,25.60087,27.837992
2023-03-27 04:00:00,25.9,25.478207,27.722174
2023-03-27 05:00:00,26.7,25.820934,28.295544
2023-03-27 06:00:00,27.2,26.515272,29.058987
2023-03-27 07:00:00,28.2,28.071821,29.81259
2023-03-27 08:00:00,29.5,29.541792,31.40492
2023-03-27 09:00:00,30.9,31.01119,32.885567
2023-03-27 10:00:00,32.0,32.1971,34.184547
2023-03-27 11:00:00,31.9,32.615204,35.18163
2023-03-27 12:00:00,31.4,32.14323,34.87524
2023-03-27 13:00:00,31.4,31.780851,33.897564
2023-03-27 14:00:00,30.8,31.264412,33.83549
2023-03-27 15:00:00,30.7,30.46411,33.22012
2023-03-27 16:00:00,29.8,29.71915,32.260654
2023-03-27 17:00:00,29.1,29.166403,31.571749
2023-03-27 18:00:00,28.2,28.543436,30.889776
2023-03-27 19:00:00,28.0,28.125029,30.142958
2023-03-27 20:00:00,27.7,27.796228,29.65944
2023-03-27 21:00:00,27.5,27.704216,29.305176
2023-03-27 22:00:00,27.3,27.520412,29.076212
2023-03-27 23:00:00,27.2,27.358133,28.938618
2023-03-28 00:00:00,27.0,26.986937,28.835054
2023-03-28 01:00:00,26.7,26.69706,28.113024
2023-03-28 02:00:00,26.4,26.283537,28.133224
2023-03-28 03:00:00,26.4,26.040037,27.996227
2023-03-28 04:00:00,26.3,25.970016,28.220312
2023-03-28 05:00:00,26.5,26.483349,28.309307
2023-03-28 06:00:00,26.7,27.065643,29.267668
2023-03-28 07:00:00,28.1,28.173298,30.046497
2023-03-28 08:00:00,29.3,29.561657,31.419054
2023-03-28 09:00:00,30.5,31.015163,32.889477
2023-03-28 10:00:00,31.4,31.991484,34.123486
2023-03-28 11:00:00,31.7,31.938292,34.733036
2023-03-28 12:00:00,31.1,31.650297,34.336514
2023-03-28 13:00:00,31.2,31.56216,33.899853
2023-03-28 14:00:00,30.9,30.91527,33.98227
2023-03-28 15:00:00,30.1,30.491451,33.08996
2023-03-28 16:00:00,29.6,29.913765,32.588123
2023-03-28 17:00:00,29.0,29.246454,31.674536
2023-03-28 18:00:00,28.1,28.303967,30.960493
2023-03-28 19:00:00,27.8,27.916586,30.048872
2023-03-28 20:00:00,27.4,27.68841,29.76942
2023-03-28 21:00:00,27.2,27.425573,29.392332
2023-03-28 22:00:00,26.8,27.27336,29.139494
2023-03-28 23:00:00,26.4,27.051426,29.002157
2023-03-29 00:00:00,26.2,26.840212,28.937613
2023-03-29 01:00:00,25.9,26.593855,28.228365
2023-03-29 02:00:00,25.4,26.232735,28.25122
2023-03-29 03:00:00,25.0,26.06984,28.287321
2023-03-29 04:00:00,24.8,25.964981,28.643816
2023-03-29 05:00:00,25.0,26.199177,28.85935
2023-03-29 06:00:00,25.4,26.576336,29.474743
2023-03-29 07:00:00,26.8,27.892464,30.052496
2023-03-29 08:00:00,28.6,29.357544,31.58763
2023-03-29 09:00:00,30.0,30.780397,32.984264
2023-03-29 10:00:00,31.0,31.637968,33.927227
2023-03-29 11:00:00,31.6,31.921047,34.7153
2023-03-29 12:00:00,31.6,31.418556,34.651276
2023-03-29 13:00:00,31.3,31.270456,33.949665
2023-03-29 14:00:00,31.0,30.915499,33.89727
2023-03-29 15:00:00,30.5,30.362011,33.33359
2023-03-29 16:00:00,29.5,29.67822,32.478077
2023-03-29 17:00:00,28.8,28.97565,31.811922
2023-03-29 18:00:00,28.0,28.069658,31.06254
2023-03-29 19:00:00,27.6,27.748352,30.245358
2023-03-29 20:00:00,27.3,27.431892,29.87754
2023-03-29 21:00:00,27.0,27.246386,29.431992
2023-03-29 22:00:00,26.9,26.83509,29.097572
2023-03-29 23:00:00,26.5,26.364634,28.838861
2023-03-30 00:00:00,26.2,26.238247,28.615885
2023-03-30 01:00:00,25.6,25.829432,27.830729
2023-03-30 02:00:00,25.3,25.469824,27.829987
2023-03-30 03:00:00,25.0,25.21239,27.785372
2023-03-30 04:00:00,24.7,25.196245,27.960321
2023-03-30 05:00:00,25.9,25.287111,28.284964
2023-03-30 06:00:00,26.5,25.710625,28.902739
2023-03-30 07:00:00,27.5,27.088665,29.578417
2023-03-30 08:00:00,28.8,29.05177,31.045462
2023-03-30 09:00:00,30.4,30.202467,32.823208
2023-03-30 10:00:00,31.6,31.214493,33.912323
2023-03-30 11:00:00,32.4,31.829277,34.574497
2023-03-30 12:00:00,32.1,31.715687,34.72273
2023-03-30 13:00:00,31.5,31.486166,34.423355
2023-03-30 14:00:00,31.1,31.121292,34.092052
2023-03-30 15:00:00,30.6,30.522858,33.661747
2023-03-30 16:00:00,29.8,29.81125,32.6891
2023-03-30 17:00:00,29.1,28.918022,31.866043
2023-03-30 18:00:00,28.4,28.023336,31.028662
2023-03-30 19:00:00,28.2,27.713264,30.309586
2023-03-30 20:00:00,28.0,27.528301,29.858646
2023-03-30 21:00:00,27.8,27.288841,29.511974
2023-03-30 22:00:00,27.5,26.988878,29.215994
2023-03-30 23:00:00,27.3,26.53491,29.110575
2023-03-31 00:00:00,26.9,26.261898,28.819283
2023-03-31 01:00:00,26.6,25.771511,27.97184
2023-03-31 02:00:00,26.4,25.536995,27.823774
2023-03-31 03:00:00,26.2,25.16679,27.932821
2023-03-31 04:00:00,26.1,25.050167,27.980389
2023-03-31 05:00:00,26.1,25.493721,28.222353
2023-03-31 06:00:00,26.5,26.36195,29.287382
2023-03-31 07:00:00,28.2,27.422398,29.915056
2023-03-31 08:00:00,29.7,28.897455,31.342375
2023-03-31 09:00:00,31.1,30.43385,32.78025
2023-03-31 10:00:00,31.8,31.664022,34.182636
2023-03-31 11:00:00,32.3,32.376717,34.983486
2023-03-31 12:00:00,31.8,32.23406,35.179676
2023-03-31 13:00:00,30.2,31.77999,34.62176
2023-03-31 14:00:00,31.2,31.260387,34.130825
2023-03-31 15:00:00,31.1,30.712446,33.71835
2023-03-31 16:00:00,30.3,29.88218,32.849125
2023-03-31 17:00:00,29.5,29.192234,31.784346
2023-03-31 18:00:00,28.6,28.473972,31.002863
2023-03-31 19:00:00,28.5,28.171469,30.20526
2023-03-31 20:00:00,28.4,27.925667,29.78161
2023-03-31 21:00:00,28.1,27.767218,29.448206
2023-03-31 22:00:00,28.0,27.54006,29.119429
2023-03-31 23:00:00,27.8,27.276731,28.95064
2023-04-01 00:00:00,27.5,27.00723,28.787798
2023-04-01 01:00:00,27.3,26.745224,27.90011
2023-04-01 02:00:00,27.2,26.526178,27.879625
2023-04-01 03:00:00,27.0,26.298084,28.000532
2023-04-01 04:00:00,26.9,26.265717,28.169876
2023-04-01 05:00:00,27.2,26.439644,28.479391
2023-04-01 06:00:00,27.2,26.812862,28.972124
2023-04-01 07:00:00,28.4,28.156477,29.85518
2023-04-01 08:00:00,29.6,29.566935,31.589592
2023-04-01 09:00:00,30.9,31.03987,32.95802
2023-04-01 10:00:00,31.9,32.0312,34.232113
2023-04-01 11:00:00,32.9,32.273575,34.799694
2023-04-01 12:00:00,29.7,32.114727,35.017742
2023-04-01 13:00:00,30.4,31.980883,34.324436
2023-04-01 14:00:00,30.8,31.300072,33.548306
2023-04-01 15:00:00,30.6,30.969776,33.766323
2023-04-01 16:00:00,30.1,30.302681,32.953384
2023-04-01 17:00:00,29.1,29.497952,32.00978
2023-04-01 18:00:00,28.2,28.69033,31.254507
2023-04-01 19:00:00,28.0,28.444485,30.376213
2023-04-01 20:00:00,28.0,28.395418,30.150728
2023-04-01 21:00:00,28.2,28.063103,29.74616
2023-04-01 22:00:00,28.3,27.83663,29.386189
2023-04-01 23:00:00,28.2,27.595108,29.226835
2023-04-02 00:00:00,28.1,27.237907,29.079933
2023-04-02 01:00:00,27.9,27.012169,28.250414
2023-04-02 02:00:00,27.8,26.96263,28.260115
2023-04-02 03:00:00,27.5,26.849384,28.560022
2023-04-02 04:00:00,27.2,26.644741,28.616743
2023-04-02 05:00:00,27.7,27.049984,28.960382
2023-04-02 06:00:00,27.3,27.232264,29.644566
2023-04-02 07:00:00,27.9,28.614641,30.275328
2023-04-02 08:00:00,28.6,30.008797,31.789988
2023-04-02 09:00:00,30.0,31.340681,32.952335
2023-04-02 10:00:00,31.0,32.224285,34.17506
2023-04-02 11:00:00,31.3,32.662045,34.90418
2023-04-02 12:00:00,31.3,32.409595,35.130875
2023-04-02 13:00:00,31.2,30.700356,32.766518
2023-04-02 14:00:00,30.6,31.115751,33.515594
2023-04-02 15:00:00,30.3,30.84801,33.279217
2023-04-02 16:00:00,29.4,30.155613,32.515068
2023-04-02 17:00:00,28.9,29.35262,31.950666
2023-04-02 18:00:00,28.2,28.376875,30.920794
2023-04-02 19:00:00,28.0,28.201391,30.14111
2023-04-02 20:00:00,27.9,28.183607,29.821798
2023-04-02 21:00:00,27.7,28.078613,29.625418
2023-04-02 22:00:00,27.7,28.18333,29.437307
2023-04-02 23:00:00,27.6,28.026075,29.478252
2023-04-03 00:00:00,27.5,27.816717,29.294628
2023-04-03 01:00:00,27.3,27.6186,28.509226
2023-04-03 02:00:00,27.2,27.519423,28.630823
2023-04-03 03:00:00,27.2,27.198677,28.779161
2023-04-03 04:00:00,27.1,26.959696,28.865982
2023-04-03 05:00:00,27.1,27.394072,29.103006
2023-04-03 06:00:00,27.4,27.29809,29.95027
2023-04-03 07:00:00,28.5,28.118961,30.268063
2023-04-03 08:00:00,29.5,29.073544,31.260456
2023-04-03 09:00:00,30.4,30.490713,32.254173
2023-04-03 10:00:00,31.1,31.339365,33.302383
2023-04-03 11:00:00,31.3,31.845833,34.257603
2023-04-03 12:00:00,31.6,31.583431,34.253185
2023-04-03 13:00:00,31.4,31.60203,33.615986
2023-04-03 14:00:00,30.9,31.149008,33.65536
2023-04-03 15:00:00,30.1,30.508049,33.174255
2023-04-03 16:00:00,29.8,29.702822,32.504543
2023-04-03 17:00:00,29.1,29.045849,31.669573
2023-04-03 18:00:00,28.4,28.243597,30.873266
2023-04-03 19:00:00,28.1,27.969318,30.060066
2023-04-03 20:00:00,27.9,27.828693,29.727816
2023-04-03 21:00:00,27.7,27.677189,29.50183
2023-04-03 22:00:00,27.5,27.665201,29.214376
2023-04-03 23:00:00,27.3,27.58658,29.13352
2023-04-04 00:00:00,27.2,27.320112,29.022291
2023-04-04 01:00:00,26.9,27.19564,28.341818
2023-04-04 02:00:00,26.6,27.13245,28.37739
2023-04-04 03:00:00,26.5,27.059528,28.546167
2023-04-04 04:00:00,26.5,26.948421,28.86125
2023-04-04 05:00:00,27.4,27.062008,29.195173
2023-04-04 06:00:00,27.6,27.228704,29.666445
2023-04-04 07:00:00,28.6,28.455404,30.230688
2023-04-04 08:00:00,29.9,29.451853,31.572844
2023-04-04 09:00:00,31.4,30.464867,32.66462
2023-04-04 10:00:00,32.5,31.331213,33.614017
2023-04-04 11:00:00,32.7,31.607658,34.19589
2023-04-04 12:00:00,32.3,31.746298,34.326202
2023-04-04 13:00:00,31.8,31.553438,34.360962
2023-04-04 14:00:00,31.5,31.08518,33.903748
2023-04-04 15:00:00,30.5,30.437702,33.29345
2023-04-04 16:00:00,30.0,29.71569,32.465508
2023-04-04 17:00:00,29.3,29.14252,31.855623
2023-04-04 18:00:00,28.5,28.418867,31.035614
2023-04-04 19:00:00,28.2,28.159866,30.281586
2023-04-04 20:00:00,28.1,27.865786,29.871468
2023-04-04 21:00:00,27.9,27.687088,29.577143
2023-04-04 22:00:00,27.6,27.494532,29.279497
2023-04-04 23:00:00,27.2,27.307634,29.137316
2023-04-05 00:00:00,26.9,27.140926,29.01634
2023-04-05 01:00:00,26.8,26.857878,28.276928
2023-04-05 02:00:00,26.6,26.733425,28.278921
2023-04-05 03:00:00,26.5,26.594772,28.32035
2023-04-05 04:00:00,26.5,26.642147,28.575499
2023-04-05 05:00:00,26.9,27.219452,28.996004
2023-04-05 06:00:00,27.4,27.449053,29.710089
2023-04-05 07:00:00,28.6,28.669764,30.193216
2023-04-05 08:00:00,29.9,29.929995,31.487503
2023-04-05 09:00:00,31.5,31.330664,32.844666
2023-04-05 10:00:00,32.6,32.298073,34.053593
2023-04-05 11:00:00,32.9,32.477104,34.83827
2023-04-05 12:00:00,32.5,32.426395,34.666737
2023-04-05 13:00:00,32.2,32.001755,34.30458
2023-04-05 14:00:00,31.7,31.531454,33.906013
2023-04-05 15:00:00,31.0,30.666698,33.600693
2023-04-05 16:00:00,30.3,30.047297,32.405865
2023-04-05 17:00:00,30.3,29.307522,31.779722
2023-04-05 18:00:00,29.1,28.604435,31.002197
2023-04-05 19:00:00,28.7,28.16051,30.32553
2023-04-05 20:00:00,28.6,28.014849,29.907679
2023-04-05 21:00:00,28.3,27.803404,29.619425
2023-04-05 22:00:00,28.0,27.56223,29.372374
2023-04-05 23:00:00,27.6,27.241032,29.168816
2023-04-06 00:00:00,27.3,26.920889,28.93913
2023-04-06 01:00:00,27.1,26.779291,28.203962
2023-04-06 02:00:00,26.7,26.752754,28.25559
2023-04-06 03:00:00,26.2,26.543028,28.37383
2023-04-06 04:00:00,25.9,26.517923,28.553919
2023-04-06 05:00:00,25.5,26.955437,28.93469
2023-04-06 06:00:00,26.8,27.5154,29.632368
2023-04-06 07:00:00,28.4,28.664804,30.407137
2023-04-06 08:00:00,29.8,30.062529,31.799585
2023-04-06 09:00:00,30.7,31.350664,33.101505
2023-04-06 10:00:00,31.4,32.455803,34.499302
2023-04-06 11:00:00,31.8,32.85115,35.266815
2023-04-06 12:00:00,32.0,32.60086,35.152233
2023-04-06 13:00:00,31.9,32.243046,34.62563
2023-04-06 14:00:00,31.5,31.950266,34.277042
2023-04-06 15:00:00,31.0,31.056831,33.76069
2023-04-06 16:00:00,30.2,30.273026,32.70777
2023-04-06 17:00:00,29.2,29.971128,31.885338
2023-04-06 18:00:00,28.3,28.989346,31.175076
2023-04-06 19:00:00,27.9,28.518633,30.13296
2023-04-06 20:00:00,27.6,28.40426,29.747728
2023-04-06 21:00:00,27.3,28.164034,29.637945
2023-04-06 22:00:00,27.0,27.826073,29.324152
2023-04-06 23:00:00,26.6,27.452179,29.161726
2023-04-07 00:00:00,26.2,27.149187,28.9163
2023-04-07 01:00:00,25.5,26.974258,28.128056
2023-04-07 02:00:00,25.1,26.723745,28.240038
2023-04-07 03:00:00,25.2,26.390457,28.250505
2023-04-07 04:00:00,25.2,26.239548,28.306318
2023-04-07 05:00:00,25.4,26.109882,28.409643
2023-04-07 06:00:00,26.3,26.514532,29.137114
2023-04-07 07:00:00,28.1,28.341852,30.003298
2023-04-07 08:00:00,29.7,29.807041,31.459372
2023-04-07 09:00:00,30.5,30.90158,32.750885
2023-04-07 10:00:00,31.0,31.69492,33.7042
2023-04-07 11:00:00,31.4,31.962824,34.376858
2023-04-07 12:00:00,31.5,32.15926,34.607555
2023-04-07 13:00:00,31.5,31.97766,34.538975
2023-04-07 14:00:00,31.3,31.614191,34.11981
2023-04-07 15:00:00,30.7,30.957218,33.60259
2023-04-07 16:00:00,29.9,30.314945,32.863224
2023-04-07 17:00:00,29.2,29.640596,31.99636
2023-04-07 18:00:00,28.1,28.547983,30.949831
2023-04-07 19:00:00,27.8,28.074636,30.268452
2023-04-07 20:00:00,27.7,27.910124,29.798265
2023-04-07 21:00:00,27.6,27.602783,29.450724
2023-04-07 22:00:00,27.4,27.303385,29.088722
2023-04-07 23:00:00,27.0,26.885536,28.781012
2023-04-08 00:00:00,26.4,26.504648,28.543814
2023-04-08 01:00:00,25.7,26.026976,27.658781
2023-04-08 02:00:00,25.6,25.729496,27.485752
2023-04-08 03:00:00,25.3,25.682947,27.557306
2023-04-08 04:00:00,26.0,25.645224,27.920877
2023-04-08 05:00:00,25.6,25.412197,28.231857
2023-04-08 06:00:00,26.5,26.129713,28.169836
2023-04-08 07:00:00,28.0,27.902353,29.044832
2023-04-08 08:00:00,29.7,29.549362,30.596287
2023-04-08 09:00:00,30.9,30.400518,32.275536
2023-04-08 10:00:00,31.8,31.171871,33.03285
2023-04-08 11:00:00,32.2,31.60567,33.5321
2023-04-08 12:00:00,32.4,31.635553,33.851833
2023-04-08 13:00:00,32.2,31.58935,33.806892
2023-04-08 14:00:00,31.6,31.39153,33.454655
2023-04-08 15:00:00,31.2,30.690712,32.958035
2023-04-08 16:00:00,30.5,29.967007,32.140842
2023-04-08 17:00:00,30.2,29.039595,31.27331
2023-04-08 18:00:00,29.2,28.14361,30.148924
2023-04-08 19:00:00,28.8,27.663054,29.595251
2023-04-08 20:00:00,28.5,27.51178,29.141544
2023-04-08 21:00:00,28.1,27.520088,29.068707
2023-04-08 22:00:00,27.8,27.256266,28.819618
2023-04-08 23:00:00,27.4,26.881926,28.666718
2023-04-09 00:00:00,27.1,26.407707,28.438065
2023-04-09 01:00:00,26.9,25.663446,27.34958
2023-04-09 02:00:00,26.3,25.465338,26.904854
2023-04-09 03:00:00,25.6,25.28089,27.039986
2023-04-09 04:00:00,25.5,25.511055,27.201864
2023-04-09 05:00:00,25.6,25.38437,27.92686
2023-04-09 06:00:00,26.7,26.165089,27.587738
2023-04-09 07:00:00,28.4,27.706915,28.507322
2023-04-09 08:00:00,30.0,29.501394,30.263124
2023-04-09 09:00:00,31.0,30.572824,32.06038
2023-04-09 10:00:00,31.5,31.548311,33.087666
2023-04-09 11:00:00,32.1,31.952837,33.82656
2023-04-09 12:00:00,32.3,32.177982,34.111477
2023-04-09 13:00:00,32.1,32.00336,34.116222
2023-04-09 14:00:00,31.8,31.525524,33.810818
2023-04-09 15:00:00,31.1,31.06502,33.11544
2023-04-09 16:00:00,30.4,30.489223,32.39288
2023-04-09 17:00:00,30.0,29.762897,31.667524
2023-04-09 18:00:00,28.9,28.801308,30.703444
2023-04-09 19:00:00,28.4,28.500345,29.99454
2023-04-09 20:00:00,27.9,28.133928,29.518505
2023-04-09 21:00:00,27.5,27.888037,29.204744
2023-04-09 22:00:00,26.8,27.623922,28.813877
2023-04-09 23:00:00,25.8,27.2884,28.631605
2023-04-10 00:00:00,25.9,26.97119,28.40324
2023-04-10 01:00:00,26.1,26.474243,27.527683
2023-04-10 02:00:00,26.2,26.155668,27.563583
2023-04-10 03:00:00,25.3,25.707504,27.367813
2023-04-10 04:00:00,25.0,25.772139,27.474117
2023-04-10 05:00:00,25.6,25.629921,27.8523
2023-04-10 06:00:00,26.1,26.360039,27.220451
2023-04-10 07:00:00,27.4,27.984838,28.500132
2023-04-10 08:00:00,29.0,29.91195,30.176981
2023-04-10 09:00:00,30.5,30.895794,32.014668
2023-04-10 10:00:00,31.8,31.487644,33.281834
2023-04-10 11:00:00,32.6,31.929863,33.978115
2023-04-10 12:00:00,32.9,32.19715,34.613125
2023-04-10 13:00:00,33.1,31.996956,34.6405
2023-04-10 14:00:00,32.6,31.796268,34.14268
2023-04-10 15:00:00,31.8,31.249397,33.41498
2023-04-10 16:00:00,30.7,30.293745,32.59876
2023-04-10 17:00:00,29.8,29.794374,31.747066
2023-04-10 18:00:00,28.1,28.947693,30.80297
2023-04-10 19:00:00,27.5,28.512348,29.926895
2023-04-10 20:00:00,27.0,27.981264,29.359133
2023-04-10 21:00:00,26.4,27.445223,28.8916
2023-04-10 22:00:00,26.3,27.117565,28.574728
2023-04-10 23:00:00,25.6,26.808147,28.131277
2023-04-11 00:00:00,24.7,26.4869,27.864176
2023-04-11 01:00:00,26.6,26.405499,27.357176
2023-04-11 02:00:00,23.9,26.170935,27.540564
2023-04-11 03:00:00,23.9,25.715195,27.81503
2023-04-11 04:00:00,24.0,25.455688,27.297544
2023-04-11 05:00:00,24.1,25.882906,27.857042
2023-04-11 06:00:00,24.1,26.541277,28.483976
2023-04-11 07:00:00,24.9,27.889412,29.158201
2023-04-11 08:00:00,27.6,29.398413,31.013445
2023-04-11 09:00:00,30.1,30.758924,32.92876
2023-04-11 10:00:00,32.2,31.702524,33.90266
2023-04-11 11:00:00,33.6,32.279533,34.367527
2023-04-11 12:00:00,33.8,32.441658,34.799614
2023-04-11 13:00:00,33.9,32.603745,34.943584
2023-04-11 14:00:00,33.6,32.217087,34.88821
2023-04-11 15:00:00,32.7,31.693493,34.031673
2023-04-11 16:00:00,31.5,30.650375,32.859844
2023-04-11 17:00:00,29.9,29.706413,31.778473
2023-04-11 18:00:00,28.3,28.598408,30.696533
2023-04-11 19:00:00,27.7,27.81601,29.627947
2023-04-11 20:00:00,27.4,27.438066,29.104689
2023-04-11 21:00:00,27.0,26.970995,28.706049
2023-04-11 22:00:00,26.7,26.61547,28.271978
2023-04-11 23:00:00,25.8,26.053762,28.328157
2023-04-12 00:00:00,25.0,25.58898,27.953228
2023-04-12 01:00:00,24.8,25.866999,27.128073
2023-04-12 02:00:00,24.7,25.258741,28.091814
2023-04-12 03:00:00,24.9,24.418964,26.53251
2023-04-12 04:00:00,24.5,24.545797,27.18303
2023-04-12 05:00:00,24.7,24.742186,27.594584
2023-04-12 06:00:00,25.1,24.834219,28.004515
2023-04-12 07:00:00,26.2,26.108868,28.792166
2023-04-12 08:00:00,28.4,28.483599,29.94174
2023-04-12 09:00:00,30.8,30.206966,32.29449
2023-04-12 10:00:00,33.1,31.906525,34.043236
2023-04-12 11:00:00,34.2,33.03468,35.479065
2023-04-12 12:00:00,34.1,33.131493,36.001656
2023-04-12 13:00:00,34.1,33.33035,35.740803
2023-04-12 14:00:00,33.9,33.276054,35.89213
2023-04-12 15:00:00,33.3,32.586906,35.25883
2023-04-12 16:00:00,32.1,31.101088,34.174175
2023-04-12 17:00:00,30.0,30.115294,32.81091
2023-04-12 18:00:00,28.5,28.60885,31.227266
2023-04-12 19:00:00,28.2,27.940895,30.0018
2023-04-12 20:00:00,27.9,27.61484,29.41818
2023-04-12 21:00:00,27.5,27.297592,29.060825
2023-04-12 22:00:00,27.1,26.925081,28.662264
2023-04-12 23:00:00,26.8,26.583097,28.453945
2023-04-13 00:00:00,25.9,25.895847,28.123646
2023-04-13 01:00:00,24.6,25.689,27.195742
2023-04-13 02:00:00,24.9,25.301535,27.532457
2023-04-13 03:00:00,24.6,25.47377,27.066465
2023-04-13 04:00:00,24.2,25.283752,27.584436
2023-04-13 05:00:00,24.6,25.287577,27.778482
2023-04-13 06:00:00,24.9,25.644161,28.246828
2023-04-13 07:00:00,25.4,26.724426,29.029575
2023-04-13 08:00:00,28.0,28.693974,30.247013
2023-04-13 09:00:00,30.7,30.70912,32.38326
2023-04-13 10:00:00,33.2,32.742134,34.19429
2023-04-13 11:00:00,34.8,33.551247,35.770546
2023-04-13 12:00:00,34.8,33.512596,35.971363
2023-04-13 13:00:00,34.4,33.37185,35.56092
2023-04-13 14:00:00,34.0,33.068302,35.635944
2023-04-13 15:00:00,33.2,32.688393,35.379955
2023-04-13 16:00:00,31.9,31.631191,34.432533
2023-04-13 17:00:00,30.7,30.06677,33.12293
2023-04-13 18:00:00,28.8,28.750126,31.193129
2023-04-13 19:00:00,28.5,28.247335,30.009436
2023-04-13 20:00:00,28.2,28.004047,29.685831
2023-04-13 21:00:00,27.6,27.682352,29.36646
2023-04-13 22:00:00,27.1,27.376137,29.011885
2023-04-13 23:00:00,26.9,26.911942,28.74955
2023-04-14 00:00:00,26.4,26.541702,28.567497
2023-04-14 01:00:00,25.8,25.629995,27.518076
2023-04-14 02:00:00,24.9,25.630592,27.174246
2023-04-14 03:00:00,24.2,25.47212,27.258331
2023-04-14 04:00:00,23.9,25.091017,27.642948
2023-04-14 05:00:00,24.6,25.179743,27.844515
2023-04-14 06:00:00,25.0,25.82699,28.437841
2023-04-14 07:00:00,26.5,26.51024,29.084349
2023-04-14 08:00:00,29.2,28.413067,30.01579
2023-04-14 09:00:00,31.7,30.705542,32.460136
2023-04-14 10:00:00,34.0,32.86453,34.62247
2023-04-14 11:00:00,35.3,33.99042,36.27284
2023-04-14 12:00:00,34.4,34.21364,36.875095
2023-04-14 13:00:00,33.9,33.943783,36.183697
2023-04-14 14:00:00,33.7,33.35347,35.453957
2023-04-14 15:00:00,32.8,32.665913,35.20853
2023-04-14 16:00:00,31.5,31.597414,34.376144
2023-04-14 17:00:00,30.5,30.52169,32.92776
2023-04-14 18:00:00,29.2,29.149784,31.400822
2023-04-14 19:00:00,28.7,28.540478,30.205969
2023-04-14 20:00:00,28.6,28.306,30.039022
2023-04-14 21:00:00,28.3,27.93923,29.713173
2023-04-14 22:00:00,27.9,27.546452,29.160099
2023-04-14 23:00:00,27.2,27.284222,28.839733
2023-04-15 00:00:00,27.0,27.277597,28.883455
2023-04-15 01:00:00,26.6,26.689346,27.922094
2023-04-15 02:00:00,26.0,26.094591,27.680056
2023-04-15 03:00:00,25.4,25.406342,27.384607
2023-04-15 04:00:00,25.1,24.674566,27.528723
2023-04-15 05:00:00,25.2,24.998007,27.848272
2023-04-15 06:00:00,25.6,25.843496,28.541105
2023-04-15 07:00:00,27.3,26.821869,29.237875
2023-04-15 08:00:00,29.5,29.188984,30.54658
2023-04-15 09:00:00,32.0,31.51858,33.042957
2023-04-15 10:00:00,34.3,33.41817,35.042614
2023-04-15 11:00:00,35.5,34.413094,36.720062
2023-04-15 12:00:00,35.1,33.980896,37.146763
2023-04-15 13:00:00,34.4,33.457043,35.625195
2023-04-15 14:00:00,34.3,33.233845,35.199673
2023-04-15 15:00:00,33.5,32.412724,35.162937
2023-04-15 16:00:00,32.3,31.395163,33.982185
2023-04-15 17:00:00,30.6,30.71026,32.6135
2023-04-15 18:00:00,28.8,29.670088,31.151726
2023-04-15 19:00:00,28.2,28.962036,30.34875
2023-04-15 20:00:00,27.8,28.768532,29.91371
2023-04-15 21:00:00,27.6,28.531431,29.6175
2023-04-15 22:00:00,27.4,28.109743,29.371271
2023-04-15 23:00:00,27.1,27.910942,29.185507
2023-04-16 00:00:00,26.9,27.505585,28.9309
2023-04-16 01:00:00,26.3,27.156063,28.17449
2023-04-16 02:00:00,25.5,26.858011,28.02535
2023-04-16 03:00:00,24.7,26.089468,27.704102
2023-04-16 04:00:00,24.4,25.94256,27.672865
2023-04-16 05:00:00,24.7,25.988794,28.081856
2023-04-16 06:00:00,25.2,26.188263,28.717247
2023-04-16 07:00:00,27.2,27.541891,29.331186
2023-04-16 08:00:00,29.5,29.85141,31.141829
2023-04-16 09:00:00,31.8,32.03513,33.18014
2023-04-16 10:00:00,33.5,33.942123,35.35268
2023-04-16 11:00:00,34.4,34.809246,37.209103
2023-04-16 12:00:00,34.1,34.45672,37.60944
2023-04-16 13:00:00,34.0,34.098392,36.43619
2023-04-16 14:00:00,33.3,33.621708,35.580814
2023-04-16 15:00:00,32.2,32.97351,35.436695
2023-04-16 16:00:00,31.0,31.919195,34.56696
2023-04-16 17:00:00,30.3,30.558899,33.22629
2023-04-16 18:00:00,28.7,29.437716,31.565502
2023-04-16 19:00:00,28.4,28.658564,30.255602
2023-04-16 20:00:00,28.1,28.22753,29.863573
2023-04-16 21:00:00,27.9,28.005913,29.394672
2023-04-16 22:00:00,27.7,27.833973,29.187094
2023-04-16 23:00:00,27.3,27.511591,29.08339
2023-04-17 00:00:00,27.0,27.411152,28.900923
2023-04-17 01:00:00,26.6,26.923557,28.154062
2023-04-17 02:00:00,26.0,26.443151,27.942318
2023-04-17 03:00:00,25.3,25.85534,27.694685
2023-04-17 04:00:00,25.0,25.426971,27.647535
2023-04-17 05:00:00,25.5,25.397745,28.111742
2023-04-17 06:00:00,26.4,26.004482,28.62295
2023-04-17 07:00:00,27.8,27.533728,29.51499
2023-04-17 08:00:00,29.7,30.015295,31.567305
2023-04-17 09:00:00,31.7,32.380486,33.448322
2023-04-17 10:00:00,33.7,33.40596,35.322536
2023-04-17 11:00:00,34.4,34.005375,36.512783
2023-04-17 12:00:00,33.6,33.56342,36.79768
2023-04-17 13:00:00,33.5,33.32887,35.97477
2023-04-17 14:00:00,32.8,32.82474,35.62524
2023-04-17 15:00:00,32.2,32.09516,34.924007
2023-04-17 16:00:00,31.2,31.11906,33.774323
2023-04-17 17:00:00,29.8,30.285194,32.550312
2023-04-17 18:00:00,28.5,28.97871,31.285719
2023-04-17 19:00:00,28.2,28.507181,29.910122
2023-04-17 20:00:00,27.8,28.309818,29.64633
2023-04-17 21:00:00,27.6,27.942196,29.356178
2023-04-17 22:00:00,27.4,27.839705,29.177755
2023-04-17 23:00:00,27.0,27.633568,29.07915
2023-04-18 00:00:00,26.8,27.297728,28.889708
2023-04-18 01:00:00,26.2,26.96081,28.105558
2023-04-18 02:00:00,25.6,26.61296,28.004946
2023-04-18 03:00:00,25.3,26.009604,27.717726
2023-04-18 04:00:00,25.5,25.78831,27.826975
2023-04-18 05:00:00,26.1,25.843908,28.084661
2023-04-18 06:00:00,26.9,26.504768,28.708576
2023-04-18 07:00:00,28.5,27.953627,29.75632
2023-04-18 08:00:00,30.3,29.667463,31.55895
2023-04-18 09:00:00,32.1,31.79303,33.28075
2023-04-18 10:00:00,33.8,33.320183,35.012177
2023-04-18 11:00:00,34.7,33.821064,36.257442
2023-04-18 12:00:00,34.1,33.73537,36.11896
2023-04-18 13:00:00,33.8,33.388676,35.267773
2023-04-18 14:00:00,33.4,32.978577,35.328213
2023-04-18 15:00:00,32.9,32.15914,34.452503
2023-04-18 16:00:00,32.1,31.170177,33.41887
2023-04-18 17:00:00,30.7,30.148685,32.41348
2023-04-18 18:00:00,29.1,28.745476,31.079184
2023-04-18 19:00:00,28.8,28.41228,30.069796
2023-04-18 20:00:00,28.6,28.109472,29.744255
2023-04-18 21:00:00,28.3,27.792007,29.34027
2023-04-18 22:00:00,28.0,27.666698,29.04754
2023-04-18 23:00:00,27.6,27.380585,28.9979
2023-04-19 00:00:00,27.4,27.129635,28.802286
2023-04-19 01:00:00,27.1,26.730618,28.009459
2023-04-19 02:00:00,26.8,26.144297,27.720287
2023-04-19 03:00:00,26.6,25.9036,27.616213
2023-04-19 04:00:00,26.4,25.868643,27.857222
2023-04-19 05:00:00,28.0,26.279245,28.264616
2023-04-19 06:00:00,28.4,26.901705,28.969925
2023-04-19 07:00:00,29.4,28.600195,29.909033
2023-04-19 08:00:00,31.0,30.345804,31.621754
2023-04-19 09:00:00,33.0,31.895857,33.397022
2023-04-19 10:00:00,34.9,33.345398,34.937237
2023-04-19 11:00:00,36.0,34.025997,36.13082
2023-04-19 12:00:00,35.0,33.7985,36.310467
2023-04-19 13:00:00,34.5,33.407413,35.252575
2023-04-19 14:00:00,33.8,33.119984,34.993618
2023-04-19 15:00:00,33.1,32.519287,34.568714
2023-04-19 16:00:00,32.1,31.594301,33.76218
2023-04-19 17:00:00,31.3,30.564894,32.76355
2023-04-19 18:00:00,29.8,29.222225,31.486475
2023-04-19 19:00:00,29.4,28.757269,30.319757
2023-04-19 20:00:00,29.1,28.53808,30.028019
2023-04-19 21:00:00,28.9,28.323296,29.653645
2023-04-19 22:00:00,28.6,28.06155,29.338133
2023-04-19 23:00:00,28.5,27.840597,29.200418
2023-04-20 00:00:00,28.2,27.488047,28.942556
2023-04-20 01:00:00,28.1,27.282843,28.209326
2023-04-20 02:00:00,28.0,27.082474,28.160389
2023-04-20 03:00:00,27.8,27.11296,28.202715
2023-04-20 04:00:00,27.6,26.7471,28.453339
2023-04-20 05:00:00,28.3,27.084452,28.765142
2023-04-20 06:00:00,28.3,28.285076,30.0573
2023-04-20 07:00:00,29.7,29.440557,30.621313
2023-04-20 08:00:00,31.8,31.074785,32.017803
2023-04-20 09:00:00,34.1,33.190376,33.8225
2023-04-20 10:00:00,35.7,34.959705,35.429386
2023-04-20 11:00:00,35.9,34.978264,36.918907
2023-04-20 12:00:00,34.4,34.5957,37.181705
2023-04-20 13:00:00,33.9,34.33154,35.785984
2023-04-20 14:00:00,33.5,33.807476,35.555996
2023-04-20 15:00:00,32.7,33.33936,34.948895
2023-04-20 16:00:00,31.8,32.417683,33.894592
2023-04-20 17:00:00,31.0,31.113272,32.794106
2023-04-20 18:00:00,29.9,29.83099,31.741838
2023-04-20 19:00:00,29.7,29.440197,30.602646
2023-04-20 20:00:00,29.5,29.107254,30.153486
2023-04-20 21:00:00,29.3,28.885942,29.796535
2023-04-20 22:00:00,29.2,28.62007,29.570108
2023-04-20 23:00:00,29.0,28.434805,29.38707
2023-04-21 00:00:00,28.8,28.260351,29.345354
2023-04-21 01:00:00,28.6,28.120361,28.54331
2023-04-21 02:00:00,28.2,28.109585,28.710611
2023-04-21 03:00:00,28.1,27.928844,28.806921
2023-04-21 04:00:00,28.0,27.69214,28.98517
2023-04-21 05:00:00,28.7,28.08567,29.277605
2023-04-21 06:00:00,29.0,28.29373,30.431349
2023-04-21 07:00:00,30.0,29.668343,30.996565
2023-04-21 08:00:00,31.7,31.691738,32.55238
2023-04-21 09:00:00,33.2,34.175755,34.530155
2023-04-21 10:00:00,33.9,34.864395,36.358242
2023-04-21 11:00:00,33.6,35.065285,37.437702
2023-04-21 12:00:00,33.6,34.83056,37.06451
2023-04-21 13:00:00,33.7,33.790833,35.48409
2023-04-21 14:00:00,32.7,33.439976,35.39299
2023-04-21 15:00:00,30.9,32.86515,34.754
2023-04-21 16:00:00,31.2,31.941679,33.620525
2023-04-21 17:00:00,30.6,30.839464,32.60366
2023-04-21 18:00:00,29.8,30.085022,31.567831
2023-04-21 19:00:00,29.4,29.563349,30.5913
2023-04-21 20:00:00,29.2,29.380043,30.3683
2023-04-21 21:00:00,29.2,29.179625,30.060991
2023-04-21 22:00:00,29.1,29.013481,29.774424
2023-04-21 23:00:00,28.8,28.824596,29.69014
2023-04-22 00:00:00,28.5,28.581064,29.590113
2023-04-22 01:00:00,28.2,28.456661,28.828865
2023-04-22 02:00:00,28.0,28.223846,28.897734
2023-04-22 03:00:00,27.9,28.019587,28.964117
2023-04-22 04:00:00,28.1,27.97166,29.254917
2023-04-22 05:00:00,28.6,28.360628,29.558483
2023-04-22 06:00:00,29.0,28.712208,30.423468
2023-04-22 07:00:00,30.4,29.964182,31.126467
2023-04-22 08:00:00,31.9,31.615381,32.685772
2023-04-22 09:00:00,32.7,33.288357,34.38837
2023-04-22 10:00:00,33.5,33.96971,35.415524
2023-04-22 11:00:00,32.1,33.807873,35.930332
2023-04-22 12:00:00,32.4,33.57151,35.417427
2023-04-22 13:00:00,33.2,33.661694,35.175907
2023-04-22 14:00:00,32.1,32.93882,35.36101
2023-04-22 15:00:00,31.5,31.763962,33.896107
2023-04-22 16:00:00,31.2,31.226803,32.696354
2023-04-22 17:00:00,30.8,30.577656,32.462902
2023-04-22 18:00:00,30.2,29.75309,31.555817
2023-04-22 19:00:00,30.0,29.425323,30.750593
2023-04-22 20:00:00,29.8,29.261637,30.318827
2023-04-22 21:00:00,29.9,29.074858,30.011591
2023-04-22 22:00:00,29.8,28.937792,29.87567
2023-04-22 23:00:00,29.1,28.679853,29.760538
2023-04-23 00:00:00,29.2,28.455008,29.613556
2023-04-23 01:00:00,29.3,28.137648,28.823175
2023-04-23 02:00:00,29.0,27.810438,28.844725
2023-04-23 03:00:00,28.7,27.576004,28.889881
2023-04-23 04:00:00,28.2,27.700617,29.187162
2023-04-23 05:00:00,29.0,28.501755,29.831867
2023-04-23 06:00:00,29.0,28.910633,30.518091
2023-04-23 07:00:00,29.6,30.20961,31.22976
2023-04-23 08:00:00,31.1,31.65219,32.720276
2023-04-23 09:00:00,32.1,32.76342,34.14569
2023-04-23 10:00:00,32.6,33.374752,34.90006
2023-04-23 11:00:00,32.5,32.87116,35.503468
2023-04-23 12:00:00,32.6,32.749153,34.44324
2023-04-23 13:00:00,31.7,33.192093,34.69081
2023-04-23 14:00:00,31.3,32.4377,34.7748
2023-04-23 15:00:00,31.2,31.488388,33.59705
2023-04-23 16:00:00,30.3,31.163532,32.79195
2023-04-23 17:00:00,30.0,30.533983,32.399143
2023-04-23 18:00:00,29.4,29.983599,31.475132
2023-04-23 19:00:00,29.1,29.704037,30.805477
2023-04-23 20:00:00,28.9,29.562693,30.51174
2023-04-23 21:00:00,29.0,29.604448,30.202045
2023-04-23 22:00:00,29.2,29.413391,30.127378
2023-04-23 23:00:00,29.0,29.004986,29.954603
2023-04-24 00:00:00,28.8,28.849218,29.770752
2023-04-24 01:00:00,28.6,28.58243,29.248947
2023-04-24 02:00:00,28.3,28.322098,29.395233
2023-04-24 03:00:00,28.0,27.943243,29.352026
2023-04-24 04:00:00,27.8,27.718445,29.652325
2023-04-24 05:00:00,28.1,28.392502,29.817884
2023-04-24 06:00:00,28.8,28.581745,30.690186
2023-04-24 07:00:00,29.4,29.559526,31.231289
2023-04-24 08:00:00,29.8,31.111414,32.347836
2023-04-24 09:00:00,30.5,32.019764,33.893005
2023-04-24 10:00:00,31.5,32.58695,34.6696
2023-04-24 11:00:00,32.1,32.148014,35.068653
2023-04-24 12:00:00,32.0,32.223816,34.588417
2023-04-24 13:00:00,32.0,32.26274,34.67678
2023-04-24 14:00:00,31.6,31.472004,34.09429
2023-04-24 15:00:00,30.9,31.30232,33.435688
2023-04-24 16:00:00,30.7,30.627604,32.87964
2023-04-24 17:00:00,31.1,29.959711,31.857714
2023-04-24 18:00:00,30.0,29.412357,31.335484
2023-04-24 19:00:00,29.9,29.242275,30.59577
2023-04-24 20:00:00,29.9,29.147501,30.279436
2023-04-24 21:00:00,29.7,29.160591,29.94861
2023-04-24 22:00:00,29.5,29.230381,29.951605
2023-04-24 23:00:00,29.4,28.775625,29.89424
2023-04-25 00:00:00,29.0,28.64302,29.637907
2023-04-25 01:00:00,28.6,28.627552,29.140959
2023-04-25 02:00:00,28.2,28.36686,29.124563
2023-04-25 03:00:00,27.7,27.94123,29.145443
2023-04-25 04:00:00,27.2,27.53133,29.307016
2023-04-25 05:00:00,27.5,28.146505,29.450563
2023-04-25 06:00:00,28.4,28.625118,30.136717
2023-04-25 07:00:00,29.7,29.383953,31.04079
2023-04-25 08:00:00,30.8,30.391308,31.725485
2023-04-25 09:00:00,31.7,31.10179,32.957348
2023-04-25 10:00:00,32.5,31.906898,33.68036
2023-04-25 11:00:00,32.7,32.252846,34.25725
2023-04-25 12:00:00,32.8,32.333183,34.536457
2023-04-25 13:00:00,32.5,32.16067,34.375828
2023-04-25 14:00:00,32.2,31.650719,34.027233
2023-04-25 15:00:00,31.6,31.140474,33.461323
2023-04-25 16:00:00,31.0,30.552006,32.707306
2023-04-25 17:00:00,30.7,30.44409,32.038517
2023-04-25 18:00:00,29.8,29.541307,31.615938
2023-04-25 19:00:00,29.5,29.377796,30.648088
2023-04-25 20:00:00,29.2,29.332163,30.515612
2023-04-25 21:00:00,28.9,29.22516,30.212702
2023-04-25 22:00:00,28.6,29.14868,29.924994
2023-04-25 23:00:00,28.4,28.877039,29.803534
2023-04-26 00:00:00,28.4,28.685009,29.713348
2023-04-26 01:00:00,28.3,28.486029,29.070307
2023-04-26 02:00:00,28.2,28.062675,29.02516
2023-04-26 03:00:00,27.9,27.589935,29.062521
2023-04-26 04:00:00,27.0,27.109396,29.092646
2023-04-26 05:00:00,26.9,27.024416,29.241941
2023-04-26 06:00:00,28.0,28.177263,28.697939
2023-04-26 07:00:00,29.5,29.22348,29.709219
2023-04-26 08:00:00,31.0,30.061825,30.866632
2023-04-26 09:00:00,32.1,31.399248,31.878119
2023-04-26 10:00:00,32.6,32.38587,32.944626
2023-04-26 11:00:00,33.0,32.682682,33.92425
2023-04-26 12:00:00,33.1,32.766422,34.030064
2023-04-26 13:00:00,32.8,32.58619,34.135426
2023-04-26 14:00:00,32.5,32.49779,33.766556
2023-04-26 15:00:00,32.0,31.673355,33.066124
2023-04-26 16:00:00,31.5,30.845596,32.559002
2023-04-26 17:00:00,31.2,30.722534,31.728725
2023-04-26 18:00:00,30.3,29.654667,30.78906
2023-04-26 19:00:00,30.0,29.373684,30.104902
2023-04-26 20:00:00,29.7,29.170013,29.872892
2023-04-26 21:00:00,29.5,29.051424,29.56302
2023-04-26 22:00:00,29.2,28.856518,29.39137
2023-04-26 23:00:00,29.1,28.753687,29.32859
2023-04-27 00:00:00,29.0,28.614998,29.259638
2023-04-27 01:00:00,28.7,28.36121,28.625093
2023-04-27 02:00:00,28.5,28.043304,28.767204
2023-04-27 03:00:00,28.1,27.680925,28.90758
2023-04-27 04:00:00,27.8,27.068645,29.07282
2023-04-27 05:00:00,28.0,27.032589,29.041315
2023-04-27 06:00:00,28.9,28.024826,29.315699
2023-04-27 07:00:00,30.2,29.44953,30.289968
2023-04-27 08:00:00,31.4,30.762337,32.206696
2023-04-27 09:00:00,32.3,31.752766,32.993404
2023-04-27 10:00:00,32.9,32.594868,33.95868
2023-04-27 11:00:00,32.9,33.043102,34.340282
2023-04-27 12:00:00,32.8,33.159996,34.698887
2023-04-27 13:00:00,32.8,33.079327,34.6431
2023-04-27 14:00:00,32.6,32.569866,34.15565
2023-04-27 15:00:00,31.3,32.064022,33.63554
2023-04-27 16:00:00,31.0,31.302504,32.965836
2023-04-27 17:00:00,30.7,30.786684,32.233913
2023-04-27 18:00:00,30.0,30.132862,31.63613
2023-04-27 19:00:00,29.6,29.75557,30.993822
2023-04-27 20:00:00,29.5,29.445698,30.604689
2023-04-27 21:00:00,29.3,29.398935,30.264265
2023-04-27 22:00:00,29.2,29.187672,29.919607
2023-04-27 23:00:00,29.0,29.026188,29.734367
2023-04-28 00:00:00,28.8,28.91901,29.689041
2023-04-28 01:00:00,28.7,28.624424,29.090857
2023-04-28 02:00:00,28.7,28.435349,29.077566
2023-04-28 03:00:00,28.3,28.025927,29.221294
2023-04-28 04:00:00,27.9,27.515638,29.303736
2023-04-28 05:00:00,28.4,27.485886,29.441608
2023-04-28 06:00:00,28.9,28.894371,29.95289
2023-04-28 07:00:00,28.7,29.947817,30.99949
2023-04-28 08:00:00,30.0,31.080986,32.55103
2023-04-28 09:00:00,31.5,31.91684,33.63462
2023-04-28 10:00:00,29.2,32.872585,34.554455
2023-04-28 11:00:00,28.6,33.09683,34.860165
2023-04-28 12:00:00,30.2,32.8857,34.86113
2023-04-28 13:00:00,30.5,33.018627,34.709965
2023-04-28 14:00:00,30.0,32.60545,34.40649
2023-04-28 15:00:00,30.0,31.799784,34.035606
2023-04-28 16:00:00,29.6,31.239147,32.774494
2023-04-28 17:00:00,29.3,30.561195,32.33783
2023-04-28 18:00:00,28.8,29.67812,31.586172
2023-04-28 19:00:00,28.7,29.571766,30.850267
2023-04-28 20:00:00,28.5,29.565584,30.293707
2023-04-28 21:00:00,28.3,29.429773,30.106012
2023-04-28 22:00:00,28.1,29.114582,29.79421
2023-04-28 23:00:00,27.8,28.86993,29.735086
2023-04-29 00:00:00,27.7,28.682684,29.587212
2023-04-29 01:00:00,27.3,28.457853,28.95973
2023-04-29 02:00:00,27.0,28.430063,29.11143
2023-04-29 03:00:00,26.3,28.009554,29.439638
2023-04-29 04:00:00,26.2,27.543734,29.448948
2023-04-29 05:00:00,25.0,27.846243,29.68364
2023-04-29 06:00:00,25.9,28.55135,30.374004
2023-04-29 07:00:00,25.5,29.559258,31.136988
2023-04-29 08:00:00,26.9,30.486694,31.34958
2023-04-29 09:00:00,29.3,31.432041,33.132515
2023-04-29 10:00:00,30.8,32.238358,34.01433
2023-04-29 11:00:00,31.9,31.275425,33.300762
2023-04-29 12:00:00,32.2,31.70575,33.183083
2023-04-29 13:00:00,31.7,31.661196,34.053123
2023-04-29 14:00:00,30.4,31.561525,33.363987
2023-04-29 15:00:00,30.7,31.036919,32.787212
2023-04-29 16:00:00,29.7,30.42473,32.25116
2023-04-29 17:00:00,30.0,29.877398,31.762762
2023-04-29 18:00:00,29.2,29.208914,31.136263
2023-04-29 19:00:00,28.9,29.062,30.460678
2023-04-29 20:00:00,28.8,28.981089,30.079382
2023-04-29 21:00:00,28.7,28.770016,29.80752
2023-04-29 22:00:00,28.8,28.46788,29.51931
2023-04-29 23:00:00,28.6,28.25366,29.234228
2023-04-30 00:00:00,28.4,27.902678,29.068617
2023-04-30 01:00:00,28.3,27.65596,28.450922
2023-04-30 02:00:00,28.2,27.295479,28.35074
2023-04-30 03:00:00,27.8,26.724356,28.362028
2023-04-30 04:00:00,26.9,26.47517,28.107294
2023-04-30 05:00:00,27.5,26.05751,28.79167
2023-04-30 06:00:00,27.1,26.99893,28.767857
2023-04-30 07:00:00,26.5,26.97046,30.090609
2023-04-30 08:00:00,26.3,28.690533,30.062151
2023-04-30 09:00:00,27.4,30.682646,31.647085
2023-04-30 10:00:00,28.8,30.519632,33.26224
2023-04-30 11:00:00,30.4,31.661036,33.329647
2023-04-30 12:00:00,31.0,32.23388,33.79968
2023-04-30 13:00:00,29.2,32.106445,34.317593
2023-04-30 14:00:00,29.8,31.227549,33.76762
2023-04-30 15:00:00,29.4,30.55754,32.633205
2023-04-30 16:00:00,28.5,29.885805,32.428577
2023-04-30 17:00:00,27.9,29.63467,31.289255
2023-04-30 18:00:00,27.7,29.102015,31.330065
2023-04-30 19:00:00,27.6,28.857092,30.286446
2023-04-30 20:00:00,27.5,28.627136,29.894701
2023-04-30 21:00:00,25.5,28.416933,29.567984
2023-04-30 22:00:00,25.2,28.441938,29.394293
2023-04-30 23:00:00,24.9,28.329521,29.442455
2023-05-01 00:00:00,24.2,28.268526,29.355856
2023-05-01 01:00:00,24.1,28.064022,28.345152
2023-05-01 02:00:00,24.3,27.893858,28.505571
2023-05-01 03:00:00,24.2,27.65634,28.610138
2023-05-01 04:00:00,24.1,26.95873,28.722603
2023-05-01 05:00:00,25.0,27.27543,28.593853
2023-05-01 06:00:00,25.4,27.441229,29.290457
2023-05-01 07:00:00,26.0,27.35799,29.490616
2023-05-01 08:00:00,27.1,27.97525,29.348429
2023-05-01 09:00:00,28.0,28.88242,30.303625
2023-05-01 10:00:00,28.5,30.116007,31.510496
2023-05-01 11:00:00,28.4,31.453905,32.38123
2023-05-01 12:00:00,28.6,31.603945,32.981228
2023-05-01 13:00:00,28.8,31.867495,32.902878
2023-05-01 14:00:00,28.4,30.690792,31.681358
2023-05-01 15:00:00,27.9,30.535412,31.984432
2023-05-01 16:00:00,27.6,29.558252,31.440737
2023-05-01 17:00:00,27.6,29.31051,30.485521
2023-05-01 18:00:00,26.8,28.577442,29.699924
2023-05-01 19:00:00,26.5,28.311483,29.325403
2023-05-01 20:00:00,26.8,28.377876,28.779291
2023-05-01 21:00:00,26.9,27.662718,28.456282
2023-05-01 22:00:00,26.9,27.010277,27.44591
2023-05-01 23:00:00,26.6,26.551727,27.203749
2023-05-02 00:00:00,26.2,26.035864,27.953154
2023-05-02 01:00:00,25.8,25.646547,26.736147
2023-05-02 02:00:00,25.6,25.35716,26.642149
2023-05-02 03:00:00,25.1,25.31256,27.121992
2023-05-02 04:00:00,25.1,25.17193,27.157934
2023-05-02 05:00:00,25.9,25.590607,27.39411
2023-05-02 06:00:00,26.1,26.291765,28.650183
2023-05-02 07:00:00,25.7,27.453287,28.954998
2023-05-02 08:00:00,25.8,27.868587,29.520277
2023-05-02 09:00:00,25.8,29.00419,30.61203
2023-05-02 10:00:00,27.0,29.620455,31.125887
2023-05-02 11:00:00,28.1,30.795172,31.860819
2023-05-02 12:00:00,29.0,30.737116,32.08158
2023-05-02 13:00:00,28.8,29.93145,32.41379
2023-05-02 14:00:00,28.2,30.014252,31.916382
2023-05-02 15:00:00,28.2,29.481274,31.433077
2023-05-02 16:00:00,27.9,28.80184,30.786722
2023-05-02 17:00:00,29.0,28.188486,30.24609
2023-05-02 18:00:00,27.0,27.820898,29.633467
2023-05-02 19:00:00,26.9,27.670437,28.987226
2023-05-02 20:00:00,26.4,27.802326,28.505821
2023-05-02 21:00:00,26.2,27.067904,28.569597
2023-05-02 22:00:00,26.0,27.076063,28.02667
2023-05-02 23:00:00,25.8,27.141907,28.040855
2023-05-03 00:00:00,25.6,26.878736,27.846865
2023-05-03 01:00:00,25.6,26.56689,26.84561
2023-05-03 02:00:00,25.5,26.443281,26.820873
2023-05-03 03:00:00,25.4,25.945513,26.977724
2023-05-03 04:00:00,25.3,26.112701,27.239183
2023-05-03 05:00:00,25.3,26.445099,27.447124
2023-05-03 06:00:00,26.4,27.07331,28.336275
2023-05-03 07:00:00,27.5,26.871973,28.419891
2023-05-03 08:00:00,28.8,27.93678,29.03279
2023-05-03 09:00:00,30.1,28.129911,29.020178
2023-05-03 10:00:00,30.7,29.504848,30.000574
2023-05-03 11:00:00,31.0,29.44057,31.521948
2023-05-03 12:00:00,31.0,30.472618,31.000715
2023-05-03 13:00:00,30.9,29.861834,31.879807
2023-05-03 14:00:00,30.2,29.344103,30.714842
2023-05-03 15:00:00,29.7,29.018589,30.422987
2023-05-03 16:00:00,29.8,28.659216,30.261131
2023-05-03 17:00:00,30.0,29.202858,29.781786
2023-05-03 18:00:00,29.4,28.185099,29.734842
2023-05-03 19:00:00,29.2,27.834057,28.767778
2023-05-03 20:00:00,29.0,27.623,28.582962
2023-05-03 21:00:00,28.8,27.633,28.25638
2023-05-03 22:00:00,28.6,27.394257,27.843527
2023-05-03 23:00:00,27.5,27.033155,27.743082
2023-05-04 00:00:00,26.6,26.745989,27.330114
2023-05-04 01:00:00,25.5,26.522408,26.396517
2023-05-04 02:00:00,25.5,26.357811,26.553158
2023-05-04 03:00:00,25.1,26.001785,26.790798
2023-05-04 04:00:00,24.7,26.064238,26.915089
2023-05-04 05:00:00,26.4,26.241488,27.37648
2023-05-04 06:00:00,26.9,26.57222,26.88851
2023-05-04 07:00:00,27.7,27.746506,27.877913
2023-05-04 08:00:00,29.1,29.0959,29.246157
2023-05-04 09:00:00,29.9,29.588345,30.227802
2023-05-04 10:00:00,30.3,30.63095,32.252098
2023-05-04 11:00:00,27.1,30.970493,32.168972
2023-05-04 12:00:00,27.7,30.975264,32.55254
2023-05-04 13:00:00,29.0,30.86341,32.44828
2023-05-04 14:00:00,28.1,30.314964,32.01383
2023-05-04 15:00:00,28.8,29.909454,31.541739
2023-05-04 16:00:00,28.6,29.469366,30.803972
2023-05-04 17:00:00,27.9,29.55625,30.406693
2023-05-04 18:00:00,27.1,28.948881,30.186237
2023-05-04 19:00:00,26.1,28.85433,29.51792
2023-05-04 20:00:00,25.9,28.786587,29.248592
2023-05-04 21:00:00,26.0,28.695948,29.068121
2023-05-04 22:00:00,25.9,28.553047,28.82715
2023-05-04 23:00:00,25.5,27.717588,28.73618
2023-05-05 00:00:00,25.9,26.971386,28.381025
2023-05-05 01:00:00,25.8,26.3341,27.539722
2023-05-05 02:00:00,25.8,26.286682,27.275604
2023-05-05 03:00:00,25.6,25.906658,27.185343
2023-05-05 04:00:00,25.3,25.589888,27.379992
2023-05-05 05:00:00,26.0,25.863386,27.615557
2023-05-05 06:00:00,26.8,26.872482,28.447168
2023-05-05 07:00:00,27.6,27.902378,29.371403
2023-05-05 08:00:00,28.8,29.294285,30.550348
2023-05-05 09:00:00,29.8,30.182913,31.78746
2023-05-05 10:00:00,30.5,30.63873,32.54676
2023-05-05 11:00:00,31.0,30.508738,32.679222
2023-05-05 12:00:00,28.0,29.853592,30.929728
2023-05-05 13:00:00,28.8,30.785555,31.49397
2023-05-05 14:00:00,28.4,29.899082,32.17697
2023-05-05 15:00:00,28.7,29.652388,31.497803
2023-05-05 16:00:00,29.0,29.278849,31.306368
2023-05-05 17:00:00,29.8,29.304424,30.409853
2023-05-05 18:00:00,29.1,28.653694,29.371243
2023-05-05 19:00:00,28.5,28.475174,29.449053
2023-05-05 20:00:00,27.9,28.206234,27.908548
2023-05-05 21:00:00,27.3,28.18956,27.897745
2023-05-05 22:00:00,26.8,27.763712,27.630083
2023-05-05 23:00:00,26.5,27.05112,27.717878
2023-05-06 00:00:00,26.4,26.717894,27.272182
2023-05-06 01:00:00,26.3,26.48121,26.401081
2023-05-06 02:00:00,26.2,26.545317,26.66619
2023-05-06 03:00:00,25.9,26.37033,26.930134
2023-05-06 04:00:00,25.8,26.040997,27.037722
2023-05-06 05:00:00,26.1,26.542952,27.324924
2023-05-06 06:00:00,26.8,27.11255,28.65855
2023-05-06 07:00:00,27.7,28.019861,29.126228
2023-05-06 08:00:00,29.1,29.26374,30.19846
2023-05-06 09:00:00,30.6,30.258127,31.318617
2023-05-06 10:00:00,31.7,30.837725,32.036854
2023-05-06 11:00:00,32.0,31.065563,32.44161
2023-05-06 12:00:00,32.0,30.274496,32.00605
2023-05-06 13:00:00,31.0,29.87689,30.259748
2023-05-06 14:00:00,31.0,29.305473,31.576439
2023-05-06 15:00:00,31.1,29.576508,31.234928
2023-05-06 16:00:00,30.6,29.287067,31.2102
2023-05-06 17:00:00,30.5,29.565044,30.397017
2023-05-06 18:00:00,29.0,29.45145,30.747316
2023-05-06 19:00:00,28.6,28.685925,30.06868
2023-05-06 20:00:00,28.7,28.471603,29.337023
2023-05-06 21:00:00,28.5,27.826109,28.701708
2023-05-06 22:00:00,28.4,27.309175,28.31885
2023-05-06 23:00:00,28.1,27.064465,28.059359
2023-05-07 00:00:00,27.3,26.878683,27.81677
2023-05-07 01:00:00,26.8,26.493958,27.028154
2023-05-07 02:00:00,26.5,26.482264,27.0745
2023-05-07 03:00:00,26.3,26.40149,27.39744
2023-05-07 04:00:00,26.2,26.382345,27.624884
2023-05-07 05:00:00,25.2,26.693464,27.971445
2023-05-07 06:00:00,26.0,27.089773,28.476822
2023-05-07 07:00:00,27.4,28.07053,29.55028
2023-05-07 08:00:00,29.2,29.324436,30.658033
2023-05-07 09:00:00,30.9,30.624441,31.553513
2023-05-07 10:00:00,31.7,31.816387,31.898554
2023-05-07 11:00:00,31.9,32.114662,32.13185
2023-05-07 12:00:00,31.9,31.94066,32.223232
2023-05-07 13:00:00,31.9,31.541565,31.84218
2023-05-07 14:00:00,31.3,30.450865,31.478376
2023-05-07 15:00:00,30.5,30.611298,31.031622
2023-05-07 16:00:00,30.0,30.22873,30.772795
2023-05-07 17:00:00,30.0,30.097887,30.51537
2023-05-07 18:00:00,29.0,29.03777,30.47409
2023-05-07 19:00:00,28.6,28.705183,29.331217
2023-05-07 20:00:00,28.4,28.385798,29.351328
2023-05-07 21:00:00,28.4,28.35388,28.972918
2023-05-07 22:00:00,28.2,28.417475,28.897614
2023-05-07 23:00:00,27.8,28.055845,28.808249
2023-05-08 00:00:00,27.4,27.475798,28.591677
2023-05-08 01:00:00,26.8,27.019836,27.50377
2023-05-08 02:00:00,26.3,26.865036,27.416616
2023-05-08 03:00:00,25.8,26.672026,27.57599
2023-05-08 04:00:00,25.6,26.42575,27.719206
2023-05-08 05:00:00,26.6,26.133142,27.988073
2023-05-08 06:00:00,27.6,26.714745,27.795248
2023-05-08 07:00:00,29.0,27.97413,28.927763
2023-05-08 08:00:00,30.6,29.258682,29.897291
2023-05-08 09:00:00,31.7,30.716003,30.334108
2023-05-08 10:00:00,32.7,31.616558,31.76279
2023-05-08 11:00:00,32.9,31.901442,32.896183
2023-05-08 12:00:00,32.2,31.656849,33.087887
2023-05-08 13:00:00,32.4,31.769135,32.93463
2023-05-08 14:00:00,32.3,31.409424,32.809692
2023-05-08 15:00:00,31.6,30.959543,32.39682
2023-05-08 16:00:00,31.1,30.081905,31.639793
2023-05-08 17:00:00,30.7,29.897175,30.919489
2023-05-08 18:00:00,29.7,29.066828,30.81215
2023-05-08 19:00:00,29.0,28.766932,29.90499
2023-05-08 20:00:00,28.6,28.609436,29.436937
2023-05-08 21:00:00,28.8,28.622023,29.183352
2023-05-08 22:00:00,28.6,28.31127,29.142862
2023-05-08 23:00:00,27.4,27.785004,29.003893
2023-05-09 00:00:00,27.5,27.362646,28.618383
2023-05-09 01:00:00,27.1,26.973843,27.692493
2023-05-09 02:00:00,26.8,26.692087,27.405735
2023-05-09 03:00:00,26.6,26.339645,27.612772
2023-05-09 04:00:00,26.5,26.317522,27.692244
2023-05-09 05:00:00,27.1,26.538101,28.096111
2023-05-09 06:00:00,27.9,27.334988,28.688402
2023-05-09 07:00:00,29.1,28.88249,29.562065
2023-05-09 08:00:00,30.3,30.010635,30.692802
2023-05-09 09:00:00,31.5,31.516182,32.711685
2023-05-09 10:00:00,32.7,32.3809,32.65926
2023-05-09 11:00:00,33.6,32.715237,33.155796
2023-05-09 12:00:00,33.5,32.32524,33.6875
2023-05-09 13:00:00,33.2,32.237312,33.232525
2023-05-09 14:00:00,33.1,31.95723,33.285934
2023-05-09 15:00:00,32.3,31.401299,32.663387
2023-05-09 16:00:00,31.2,30.79869,31.6792
2023-05-09 17:00:00,30.6,30.428696,30.943407
2023-05-09 18:00:00,29.6,29.46685,30.763794
2023-05-09 19:00:00,29.3,29.021305,29.837334
2023-05-09 20:00:00,29.1,28.780695,29.26636
2023-05-09 21:00:00,29.0,28.706364,29.05316
2023-05-09 22:00:00,28.7,28.582047,29.04526
2023-05-09 23:00:00,28.3,28.032383,28.975119
2023-05-10 00:00:00,27.2,27.767757,28.549524
2023-05-10 01:00:00,27.6,27.40012,27.578161
2023-05-10 02:00:00,27.3,27.043001,27.737532
2023-05-10 03:00:00,26.9,26.847849,27.567207
2023-05-10 04:00:00,26.7,26.55828,27.7009
2023-05-10 05:00:00,26.7,26.947407,27.89574
2023-05-10 06:00:00,27.4,27.839735,28.880201
2023-05-10 07:00:00,28.7,29.239918,29.699701
2023-05-10 08:00:00,29.9,30.419037,31.169432
2023-05-10 09:00:00,31.1,31.53279,32.825115
2023-05-10 10:00:00,32.5,32.463303,33.73205
2023-05-10 11:00:00,33.8,33.65302,34.260426
2023-05-10 12:00:00,34.4,33.541073,33.754715
2023-05-10 13:00:00,32.8,33.51552,33.58934
2023-05-10 14:00:00,32.4,33.29149,32.97494
2023-05-10 15:00:00,32.3,32.405785,32.67955
2023-05-10 16:00:00,31.5,31.389713,32.11416
2023-05-10 17:00:00,30.7,30.847195,31.457499
2023-05-10 18:00:00,29.3,29.70146,30.398233
2023-05-10 19:00:00,28.7,29.277937,29.815403
2023-05-10 20:00:00,28.4,29.129578,29.42391
2023-05-10 21:00:00,27.8,29.137903,29.20547
2023-05-10 22:00:00,28.0,28.85341,29.07161
2023-05-10 23:00:00,28.0,28.289715,28.867928
2023-05-11 00:00:00,27.6,27.871672,28.57262
2023-05-11 01:00:00,27.2,27.668736,27.824457
2023-05-11 02:00:00,27.0,27.653816,28.103085
2023-05-11 03:00:00,26.9,27.113811,28.02841
2023-05-11 04:00:00,26.8,27.042593,27.833393
2023-05-11 05:00:00,27.0,27.170336,28.11009
2023-05-11 06:00:00,27.8,27.738632,28.934877
2023-05-11 07:00:00,29.4,29.054256,29.701284
2023-05-11 08:00:00,31.7,30.170721,31.172106
2023-05-11 09:00:00,34.3,31.15712,32.031994
2023-05-11 10:00:00,36.3,32.782944,33.231327
2023-05-11 11:00:00,37.2,34.296074,34.189236
2023-05-11 12:00:00,36.7,34.05771,34.861347
2023-05-11 13:00:00,35.1,33.754436,34.379704
2023-05-11 14:00:00,34.3,32.88545,32.905422
2023-05-11 15:00:00,33.7,32.041595,32.294643
2023-05-11 16:00:00,33.0,31.428476,31.751162
2023-05-11 17:00:00,31.8,30.62903,30.992899
2023-05-11 18:00:00,30.4,29.920702,30.217812
2023-05-11 19:00:00,30.2,29.130781,29.40227
2023-05-11 20:00:00,29.9,28.737556,29.151968
2023-05-11 21:00:00,29.9,28.446188,28.893635
2023-05-11 22:00:00,30.1,28.249313,28.40637
2023-05-11 23:00:00,30.0,27.947054,28.776997
2023-05-12 00:00:00,29.8,27.841297,28.958021
2023-05-12 01:00:00,29.6,27.660236,27.892986
2023-05-12 02:00:00,29.3,27.209097,27.705837
2023-05-12 03:00:00,29.1,27.109528,27.742956
2023-05-12 04:00:00,29.0,27.118082,28.018068
2023-05-12 05:00:00,28.7,27.33239,28.269205
2023-05-12 06:00:00,29.1,28.058168,28.56277
2023-05-12 07:00:00,30.4,29.298939,29.660032
2023-05-12 08:00:00,32.2,31.454527,30.947744
2023-05-12 09:00:00,34.2,33.134182,32.72569
2023-05-12 10:00:00,35.9,35.29364,34.854744
2023-05-12 11:00:00,37.2,35.448837,36.106293
2023-05-12 12:00:00,38.7,35.95797,35.133656
2023-05-12 13:00:00,39.4,34.268787,35.389862
2023-05-12 14:00:00,39.7,33.632565,34.104027
2023-05-12 15:00:00,39.9,33.030003,33.93395
2023-05-12 16:00:00,38.3,32.729424,33.298855
2023-05-12 17:00:00,35.4,31.296358,32.365585
2023-05-12 18:00:00,33.9,30.708393,31.107529
2023-05-12 19:00:00,32.9,30.239883,30.274902
2023-05-12 20:00:00,32.3,29.918835,29.661203
2023-05-12 21:00:00,32.2,29.890984,29.554655
2023-05-12 22:00:00,31.8,29.875689,29.806444
2023-05-12 23:00:00,31.2,29.60741,29.940527
2023-05-13 00:00:00,30.7,29.28654,30.145105
2023-05-13 01:00:00,30.4,29.228828,29.686052
2023-05-13 02:00:00,30.1,29.21673,29.838865
2023-05-13 03:00:00,29.9,29.15984,29.864626
2023-05-13 04:00:00,29.6,28.930414,29.924948
2023-05-13 05:00:00,30.0,28.640623,30.264769
2023-05-13 06:00:00,30.3,28.879257,30.369055
2023-05-13 07:00:00,31.3,30.263414,31.38894
2023-05-13 08:00:00,32.7,32.472034,32.83785
2023-05-13 09:00:00,34.6,34.32921,34.36085
2023-05-13 10:00:00,36.6,35.882515,35.89018
2023-05-13 11:00:00,38.5,37.14933,36.986446
2023-05-13 12:00:00,40.3,37.630123,37.684727
2023-05-13 13:00:00,40.2,37.49618,38.293068
2023-05-13 14:00:00,35.3,36.11727,38.08346
2023-05-13 15:00:00,34.3,35.34589,37.912933
2023-05-13 16:00:00,33.3,34.542362,37.27276
2023-05-13 17:00:00,33.2,33.366776,35.671364
2023-05-13 18:00:00,31.6,31.932005,33.972385
2023-05-13 19:00:00,31.1,31.080442,33.14595
2023-05-13 20:00:00,30.8,30.748709,32.31963
2023-05-13 21:00:00,30.6,30.75171,31.7636
2023-05-13 22:00:00,31.0,30.967575,31.730032
2023-05-13 23:00:00,30.6,30.815645,31.564898
2023-05-14 00:00:00,30.4,30.17717,31.299461
2023-05-14 01:00:00,30.1,29.808409,30.566967
2023-05-14 02:00:00,29.4,29.732681,30.667469
2023-05-14 03:00:00,28.8,29.54231,30.713696
2023-05-14 04:00:00,28.5,29.64181,30.94861
2023-05-14 05:00:00,28.4,29.159079,31.134567
2023-05-14 06:00:00,28.8,29.441456,31.859919
2023-05-14 07:00:00,30.2,30.822655,32.444836
2023-05-14 08:00:00,32.4,32.46929,33.544865
2023-05-14 09:00:00,34.4,34.57601,34.864048
2023-05-14 10:00:00,36.0,36.460316,36.241817
2023-05-14 11:00:00,37.1,37.999676,37.4919
2023-05-14 12:00:00,37.1,38.059475,38.330967
2023-05-14 13:00:00,34.6,38.69448,39.04868
2023-05-14 14:00:00,33.2,35.565575,36.951782
2023-05-14 15:00:00,33.0,34.30248,34.72742
2023-05-14 16:00:00,32.7,33.669094,34.52943
2023-05-14 17:00:00,31.6,33.310333,33.039425
2023-05-14 18:00:00,30.6,31.804525,31.9925
2023-05-14 19:00:00,30.7,30.894625,31.141163
2023-05-14 20:00:00,30.3,30.406002,31.16309
2023-05-14 21:00:00,30.1,30.283335,30.405312
2023-05-14 22:00:00,29.7,30.607481,30.735283
2023-05-14 23:00:00,29.6,30.386679,31.28061
2023-05-15 00:00:00,29.4,30.12869,31.119514
2023-05-15 01:00:00,29.2,29.96609,30.415354
2023-05-15 02:00:00,29.1,29.649225,30.558565
2023-05-15 03:00:00,28.9,29.413815,30.074274
2023-05-15 04:00:00,28.6,29.35044,30.161135
2023-05-15 05:00:00,28.6,29.582508,30.293858
2023-05-15 06:00:00,29.1,30.297983,30.859022
2023-05-15 07:00:00,30.3,30.772207,31.686823
2023-05-15 08:00:00,32.2,32.61767,32.94813
2023-05-15 09:00:00,34.4,34.41861,34.743427
2023-05-15 10:00:00,36.3,36.11521,36.211624
2023-05-15 11:00:00,37.6,36.63959,37.453716
2023-05-15 12:00:00,38.2,36.247585,38.15594
2023-05-15 13:00:00,37.0,35.892776,37.158398
2023-05-15 14:00:00,35.4,34.233196,34.73102
2023-05-15 15:00:00,34.7,33.50845,33.37315
2023-05-15 16:00:00,33.4,32.89402,33.28716
2023-05-15 17:00:00,31.9,32.155334,32.735554
2023-05-15 18:00:00,30.7,30.731812,31.809038
2023-05-15 19:00:00,30.6,30.700405,30.984398
2023-05-15 20:00:00,30.2,30.377436,30.750555
2023-05-15 21:00:00,29.9,30.193144,30.455292
2023-05-15 22:00:00,30.0,30.067614,30.208414
2023-05-15 23:00:00,29.7,29.787464,29.978704
2023-05-16 00:00:00,29.6,29.846598,29.850965
2023-05-16 01:00:00,29.3,29.556786,29.15854
2023-05-16 02:00:00,28.9,29.304012,29.149488
2023-05-16 03:00:00,28.6,29.03403,29.377092
2023-05-16 04:00:00,28.5,28.811192,29.736412
2023-05-16 05:00:00,29.9,28.734205,30.132338
2023-05-16 06:00:00,30.1,29.264246,30.532618
2023-05-16 07:00:00,31.0,30.420364,31.2243
2023-05-16 08:00:00,31.8,32.2903,32.586597
2023-05-16 09:00:00,33.1,34.570488,34.286076
2023-05-16 10:00:00,33.8,36.407684,35.89727
2023-05-16 11:00:00,34.1,36.740646,37.17355
2023-05-16 12:00:00,34.0,36.54935,37.853832
2023-05-16 13:00:00,33.2,35.481262,37.810627
2023-05-16 14:00:00,33.1,34.537743,35.694534
2023-05-16 15:00:00,32.8,33.646183,34.150143
2023-05-16 16:00:00,32.3,33.042465,33.80868
2023-05-16 17:00:00,31.8,31.777416,32.904842
2023-05-16 18:00:00,30.8,30.890203,31.582207
2023-05-16 19:00:00,29.9,30.376448,30.64139
2023-05-16 20:00:00,29.7,30.483358,30.777105
2023-05-16 21:00:00,29.9,30.325657,30.358551
2023-05-16 22:00:00,29.8,30.104425,30.138342
2023-05-16 23:00:00,29.7,29.863941,30.14263
2023-05-17 00:00:00,29.5,29.809595,30.021069
2023-05-17 01:00:00,29.3,29.45188,29.531631
2023-05-17 02:00:00,29.1,29.194565,29.467505
2023-05-17 03:00:00,28.7,28.910677,29.394056
2023-05-17 04:00:00,28.6,28.473623,29.48838
2023-05-17 05:00:00,28.2,29.090996,29.78942
2023-05-17 06:00:00,28.8,29.809488,30.978888
2023-05-17 07:00:00,29.9,30.613914,31.608953
2023-05-17 08:00:00,31.5,31.43747,32.296345
2023-05-17 09:00:00,33.2,33.28212,33.65245
2023-05-17 10:00:00,34.8,33.943855,34.974854
2023-05-17 11:00:00,35.9,34.027878,35.474293
2023-05-17 12:00:00,34.6,33.8285,35.588543
2023-05-17 13:00:00,33.0,33.72589,35.403557
2023-05-17 14:00:00,32.7,33.58198,34.504776
2023-05-17 15:00:00,32.5,33.25593,34.10107
2023-05-17 16:00:00,31.7,32.419464,33.40904
2023-05-17 17:00:00,29.9,31.490744,32.605995
2023-05-17 18:00:00,27.7,30.361431,31.761992
2023-05-17 19:00:00,27.7,29.927795,30.639837
2023-05-17 20:00:00,28.4,29.582386,30.198973
2023-05-17 21:00:00,28.9,29.810314,29.864
2023-05-17 22:00:00,28.9,29.70545,29.715975
2023-05-17 23:00:00,28.8,29.5391,29.691866
2023-05-18 00:00:00,28.7,29.423216,29.698736
2023-05-18 01:00:00,28.7,29.221804,29.084211
2023-05-18 02:00:00,28.5,28.905087,29.154757
2023-05-18 03:00:00,28.3,28.590393,29.274035
2023-05-18 04:00:00,28.1,28.421768,29.34405
2023-05-18 05:00:00,28.2,28.821404,29.646841
2023-05-18 06:00:00,28.6,29.124872,30.173468
2023-05-18 07:00:00,29.7,30.42031,31.135431
2023-05-18 08:00:00,31.2,31.72701,32.301296
2023-05-18 09:00:00,32.7,33.321354,33.68087
2023-05-18 10:00:00,34.3,34.863354,35.057117
2023-05-18 11:00:00,35.2,35.51791,35.95634
2023-05-18 12:00:00,34.8,34.799374,36.43039
2023-05-18 13:00:00,34.2,34.09917,34.801693
2023-05-18 14:00:00,33.6,33.040806,33.892277
2023-05-18 15:00:00,32.9,32.61224,33.687435
2023-05-18 16:00:00,32.1,31.807392,33.05362
2023-05-18 17:00:00,31.5,30.811274,32.12073
2023-05-18 18:00:00,30.2,29.71565,29.966133
2023-05-18 19:00:00,29.8,29.309908,30.39528
2023-05-18 20:00:00,29.4,29.14284,29.922832
2023-05-18 21:00:00,29.3,29.382376,29.723936
2023-05-18 22:00:00,29.3,29.260681,29.72396
2023-05-18 23:00:00,29.1,29.167608,29.533003
2023-05-19 00:00:00,29.0,28.894987,29.486029
2023-05-19 01:00:00,28.7,28.77222,28.717712
2023-05-19 02:00:00,28.4,28.50931,28.737177
2023-05-19 03:00:00,28.2,28.30483,28.985529
2023-05-19 04:00:00,28.0,28.180649,29.202581
2023-05-19 05:00:00,28.1,28.05911,29.605612
2023-05-19 06:00:00,28.6,28.670456,30.012701
2023-05-19 07:00:00,29.7,29.85068,30.847982
2023-05-19 08:00:00,31.3,31.43977,32.101925
2023-05-19 09:00:00,32.7,32.78134,33.56254
2023-05-19 10:00:00,33.7,34.197422,34.737663
2023-05-19 11:00:00,33.8,34.599297,35.853333
2023-05-19 12:00:00,33.7,34.745255,36.265476
2023-05-19 13:00:00,33.7,34.0831,35.093273
2023-05-19 14:00:00,33.4,33.474323,34.206116
2023-05-19 15:00:00,33.0,33.03266,33.874317
2023-05-19 16:00:00,32.2,32.048584,33.22283
2023-05-19 17:00:00,31.3,31.25227,32.361965
2023-05-19 18:00:00,30.0,30.208427,31.535501
2023-05-19 19:00:00,29.8,29.497194,30.344389
2023-05-19 20:00:00,29.6,29.31539,30.078047
2023-05-19 21:00:00,29.5,29.297857,29.696075
2023-05-19 22:00:00,29.4,29.300426,29.56711
2023-05-19 23:00:00,29.3,29.166656,29.483234
2023-05-20 00:00:00,29.1,28.854177,29.364681
2023-05-20 01:00:00,28.8,28.68528,28.727654
2023-05-20 02:00:00,28.6,28.494188,28.756231
2023-05-20 03:00:00,28.4,28.174492,28.844566
2023-05-20 04:00:00,28.1,28.004967,29.025675
2023-05-20 05:00:00,28.3,28.00263,29.34501
2023-05-20 06:00:00,29.1,28.560785,29.99824
2023-05-20 07:00:00,30.0,29.734892,30.797201
2023-05-20 08:00:00,31.3,31.332514,32.0947
2023-05-20 09:00:00,32.7,32.66998,33.466297
2023-05-20 10:00:00,33.9,33.760674,34.52356
2023-05-20 11:00:00,34.5,34.149044,35.126354
2023-05-20 12:00:00,34.2,34.059322,35.0073
2023-05-20 13:00:00,33.8,33.83498,34.74805
2023-05-20 14:00:00,33.3,33.409973,34.568645
2023-05-20 15:00:00,33.1,32.89244,33.983543
2023-05-20 16:00:00,32.0,32.080105,33.354774
2023-05-20 17:00:00,31.1,31.22093,32.45932
2023-05-20 18:00:00,29.7,30.111671,31.501661
2023-05-20 19:00:00,29.5,29.79317,30.47019
2023-05-20 20:00:00,29.4,29.570168,30.134197
2023-05-20 21:00:00,29.2,29.535286,29.799326
2023-05-20 22:00:00,29.2,29.339584,29.628946
2023-05-20 23:00:00,29.1,29.152763,29.550028
2023-05-21 00:00:00,28.8,28.984552,29.493174
2023-05-21 01:00:00,28.7,28.647827,28.775618
2023-05-21 02:00:00,28.6,28.470217,28.796701
2023-05-21 03:00:00,28.5,28.284616,28.971777
2023-05-21 04:00:00,28.2,27.983696,29.204765
2023-05-21 05:00:00,28.6,28.000326,29.505974
2023-05-21 06:00:00,29.2,29.155615,29.856869
2023-05-21 07:00:00,30.0,29.88132,30.831846
2023-05-21 08:00:00,31.3,31.247086,31.836233
2023-05-21 09:00:00,32.8,32.711376,33.362167
2023-05-21 10:00:00,34.2,33.8091,34.531555
2023-05-21 11:00:00,34.1,34.307224,35.372772
2023-05-21 12:00:00,33.5,34.199047,35.50307
2023-05-21 13:00:00,33.1,33.841423,34.98422
2023-05-21 14:00:00,27.2,33.62728,34.665813
2023-05-21 15:00:00,27.8,33.02983,33.875217
2023-05-21 16:00:00,29.5,31.845747,33.386242
2023-05-21 17:00:00,30.9,31.054737,32.320614
2023-05-21 18:00:00,29.6,29.955873,31.486696
2023-05-21 19:00:00,29.3,29.583447,30.383417
2023-05-21 20:00:00,29.5,29.498123,30.03333
2023-05-21 21:00:00,29.3,29.385624,29.852385
2023-05-21 22:00:00,29.1,29.163372,29.588625
2023-05-21 23:00:00,29.1,29.036486,29.527803
2023-05-22 00:00:00,29.0,28.699755,29.432728
2023-05-22 01:00:00,28.8,28.577314,28.739204
2023-05-22 02:00:00,28.7,28.460201,28.844168
2023-05-22 03:00:00,28.5,28.34681,29.00067
2023-05-22 04:00:00,28.2,28.018373,29.324394
2023-05-22 05:00:00,27.9,28.303719,29.663883
2023-05-22 06:00:00,28.2,29.061861,30.090378
2023-05-22 07:00:00,29.4,29.958706,30.880434
2023-05-22 08:00:00,31.1,31.201918,31.888199
2023-05-22 09:00:00,32.9,32.633698,33.30642
2023-05-22 10:00:00,34.5,34.075737,34.64034
2023-05-22 11:00:00,35.3,34.07462,35.507797
2023-05-22 12:00:00,34.0,34.016617,35.135998
2023-05-22 13:00:00,33.5,33.54047,34.55498
2023-05-22 14:00:00,33.2,31.387041,34.429626
2023-05-22 15:00:00,32.5,30.344719,30.029648
2023-05-22 16:00:00,31.8,30.665277,32.462322
2023-05-22 17:00:00,31.4,30.611595,31.64269
2023-05-22 18:00:00,30.0,29.759768,31.53086
2023-05-22 19:00:00,29.8,29.338184,30.378796
2023-05-22 20:00:00,29.5,29.358927,29.99115
2023-05-22 21:00:00,29.5,29.177492,30.000334
2023-05-22 22:00:00,29.4,29.003485,29.715645
2023-05-22 23:00:00,29.3,28.824234,29.442125
2023-05-23 00:00:00,29.1,28.652935,29.383287
2023-05-23 01:00:00,29.0,28.550398,28.722662
2023-05-23 02:00:00,28.9,28.257952,28.7357
2023-05-23 03:00:00,28.6,28.367645,28.768446
2023-05-23 04:00:00,28.3,28.050144,29.254128
2023-05-23 05:00:00,28.5,28.007586,29.662014
2023-05-23 06:00:00,28.9,28.583727,30.10086
2023-05-23 07:00:00,30.1,29.667192,30.963953
2023-05-23 08:00:00,31.8,31.295233,32.17586
2023-05-23 09:00:00,33.8,32.679943,33.82839
2023-05-23 10:00:00,35.4,33.910397,35.08908
2023-05-23 11:00:00,36.3,34.550625,36.20709
2023-05-23 12:00:00,35.2,33.845245,36.079002
2023-05-23 13:00:00,34.7,33.481636,34.633446
2023-05-23 14:00:00,34.3,33.292942,34.311844
2023-05-23 15:00:00,33.4,32.062958,33.16713
2023-05-23 16:00:00,32.5,31.605963,32.74526
2023-05-23 17:00:00,31.5,31.206669,32.16071
2023-05-23 18:00:00,30.8,30.084227,31.738379
2023-05-23 19:00:00,30.4,29.699127,30.441362
2023-05-23 20:00:00,30.3,29.665277,30.183191
2023-05-23 21:00:00,30.0,29.501448,29.895447
2023-05-23 22:00:00,29.7,29.239462,29.782757
2023-05-23 23:00:00,29.5,29.188616,29.725204
2023-05-24 00:00:00,29.4,28.990334,29.683203
2023-05-24 01:00:00,29.3,28.918194,28.961607
2023-05-24 02:00:00,29.3,28.858887,29.155655
2023-05-24 03:00:00,29.2,28.549461,29.472847
2023-05-24 04:00:00,29.0,28.113817,29.747507
2023-05-24 05:00:00,29.8,28.260374,30.005938
2023-05-24 06:00:00,30.2,28.6813,30.44471
2023-05-24 07:00:00,31.5,29.800695,31.06503
2023-05-24 08:00:00,33.6,31.621075,32.48629
2023-05-24 09:00:00,35.5,33.160435,33.96171
2023-05-24 10:00:00,37.1,35.01965,35.56618
2023-05-24 11:00:00,38.1,35.775085,36.634872
2023-05-24 12:00:00,38.5,35.56016,36.97618
2023-05-24 13:00:00,36.8,34.749454,35.252895
2023-05-24 14:00:00,35.5,34.222626,34.836052
2023-05-24 15:00:00,34.4,33.215202,34.494217
2023-05-24 16:00:00,32.6,32.452244,33.588688
2023-05-24 17:00:00,34.0,31.358828,32.65689
2023-05-24 18:00:00,33.3,30.584225,31.828337
2023-05-24 19:00:00,32.3,30.34128,31.156565
2023-05-24 20:00:00,32.2,30.1191,30.773981
2023-05-24 21:00:00,32.0,29.906805,30.42297
2023-05-24 22:00:00,31.4,29.590841,30.200392
2023-05-24 23:00:00,30.8,29.429443,29.911757
2023-05-25 00:00:00,30.4,29.214766,29.815279
2023-05-25 01:00:00,30.3,29.248177,29.130259
2023-05-25 02:00:00,30.0,29.252361,29.353384
2023-05-25 03:00:00,29.7,29.049587,29.630579
2023-05-25 04:00:00,29.5,28.719889,29.92145
2023-05-25 05:00:00,29.3,29.33093,30.268774
2023-05-25 06:00:00,29.7,29.717243,31.092745
2023-05-25 07:00:00,31.2,30.96271,31.646418
2023-05-25 08:00:00,33.1,33.013783,33.034924
2023-05-25 09:00:00,34.8,35.069397,34.852615
2023-05-25 10:00:00,36.4,36.651436,36.39539
2023-05-25 11:00:00,37.9,37.09844,37.446102
2023-05-25 12:00:00,38.3,36.336903,38.140118
2023-05-25 13:00:00,34.9,35.18101,37.96419
2023-05-25 14:00:00,35.1,34.542255,35.988773
2023-05-25 15:00:00,34.2,33.611137,34.671116
2023-05-25 16:00:00,33.2,32.265503,33.99207
2023-05-25 17:00:00,31.7,32.398193,32.67669
2023-05-25 18:00:00,30.8,31.77644,32.565975
2023-05-25 19:00:00,30.3,30.866266,32.078175
2023-05-25 20:00:00,30.0,31.041584,32.77083
2023-05-25 21:00:00,29.8,30.963263,32.190212
2023-05-25 22:00:00,29.6,30.850885,32.052387
2023-05-25 23:00:00,29.5,30.349861,31.33425
2023-05-26 00:00:00,29.3,29.853971,31.168474
2023-05-26 01:00:00,29.1,29.67958,30.236803
2023-05-26 02:00:00,28.9,29.582891,30.428823
2023-05-26 03:00:00,28.6,29.347235,30.606787
2023-05-26 04:00:00,28.2,29.298136,30.646128
2023-05-26 05:00:00,28.6,29.359346,31.011772
2023-05-26 06:00:00,29.3,29.445335,31.501066
2023-05-26 07:00:00,30.9,31.038464,32.18434
2023-05-26 08:00:00,33.0,32.723915,33.62148
2023-05-26 09:00:00,35.0,34.39607,35.30174
2023-05-26 10:00:00,36.8,35.898994,36.517853
2023-05-26 11:00:00,37.7,36.98632,37.442596
2023-05-26 12:00:00,37.2,36.41719,38.19777
2023-05-26 13:00:00,35.5,36.28218,37.151615
2023-05-26 14:00:00,35.1,35.202778,34.175842
2023-05-26 15:00:00,34.9,33.8827,35.259014
2023-05-26 16:00:00,33.3,32.631836,33.713642
2023-05-26 17:00:00,32.8,32.112526,32.625507
2023-05-26 18:00:00,31.5,30.790234,32.12624
2023-05-26 19:00:00,31.0,29.872486,31.58282
2023-05-26 20:00:00,30.5,29.75984,31.087984
2023-05-26 21:00:00,30.1,29.769554,30.779297
2023-05-26 22:00:00,29.8,29.768858,30.548197
2023-05-26 23:00:00,29.5,29.89467,30.302547
2023-05-27 00:00:00,29.2,29.446718,30.272415
2023-05-27 01:00:00,29.0,29.39804,29.44005
2023-05-27 02:00:00,28.7,29.236002,29.407413
2023-05-27 03:00:00,29.0,29.025555,29.73807
2023-05-27 04:00:00,29.0,28.510378,29.873547
2023-05-27 05:00:00,29.0,28.760458,30.191904
2023-05-27 06:00:00,29.6,29.226723,30.807875
2023-05-27 07:00:00,28.4,30.77308,31.828033
2023-05-27 08:00:00,28.2,32.7298,33.409397
2023-05-27 09:00:00,30.8,34.44631,35.00243
2023-05-27 10:00:00,32.1,36.062553,36.279842
2023-05-27 11:00:00,33.7,36.36184,37.130226
2023-05-27 12:00:00,34.9,35.853645,37.22504
2023-05-27 13:00:00,35.8,34.95404,36.668354
2023-05-27 14:00:00,36.0,34.1482,34.85773
2023-05-27 15:00:00,34.7,33.634674,35.361195
2023-05-27 16:00:00,33.0,32.81049,34.334244
2023-05-27 17:00:00,32.5,31.867447,33.007202
2023-05-27 18:00:00,31.3,30.912186,32.314766
2023-05-27 19:00:00,30.8,30.342587,31.38568
2023-05-27 20:00:00,30.4,30.259184,31.004301
2023-05-27 21:00:00,30.1,29.95881,30.599703
2023-05-27 22:00:00,29.8,29.642628,30.351719
2023-05-27 23:00:00,29.5,29.486025,30.176142
2023-05-28 00:00:00,29.3,29.193087,29.979645
2023-05-28 01:00:00,28.9,28.8403,29.17906
2023-05-28 02:00:00,28.6,28.738928,29.102713
2023-05-28 03:00:00,28.2,28.949259,29.265306
2023-05-28 04:00:00,27.9,28.64404,29.782877
2023-05-28 05:00:00,28.7,28.792917,30.116396
2023-05-28 06:00:00,29.3,29.4193,30.435577
2023-05-28 07:00:00,30.6,29.866695,31.450966
2023-05-28 08:00:00,32.2,30.09631,29.98683
2023-05-28 09:00:00,33.7,31.787498,32.884327
2023-05-28 10:00:00,34.6,33.168476,34.409996
2023-05-28 11:00:00,34.5,34.78018,35.251415
2023-05-28 12:00:00,34.5,34.80842,36.138466
2023-05-28 13:00:00,34.2,35.764122,36.298054
2023-05-28 14:00:00,33.6,34.882084,36.377834
2023-05-28 15:00:00,33.0,34.522816,36.112415
2023-05-28 16:00:00,32.3,33.24383,34.089893
2023-05-28 17:00:00,31.6,32.2749,32.493877
2023-05-28 18:00:00,31.0,31.180996,32.252632
2023-05-28 19:00:00,30.4,30.716509,31.281292
2023-05-28 20:00:00,30.2,30.436657,30.821743
2023-05-28 21:00:00,30.0,30.183006,30.361038
2023-05-28 22:00:00,29.8,30.038088,30.172262
2023-05-28 23:00:00,29.8,29.729174,29.91543
2023-05-29 00:00:00,29.6,29.392393,29.561808
2023-05-29 01:00:00,29.0,29.151623,29.186136
2023-05-29 02:00:00,28.8,28.789993,29.049154
2023-05-29 03:00:00,28.8,28.560843,29.418768
2023-05-29 04:00:00,28.8,28.453587,29.752886
2023-05-29 05:00:00,29.2,28.674694,30.185072
2023-05-29 06:00:00,29.6,29.259806,30.297152
2023-05-29 07:00:00,30.5,30.212608,30.8594
2023-05-29 08:00:00,31.8,31.794516,32.14134
2023-05-29 09:00:00,33.2,33.183258,33.467487
2023-05-29 10:00:00,34.4,34.25288,34.92614
2023-05-29 11:00:00,35.1,34.671947,35.443287
2023-05-29 12:00:00,34.5,34.811954,35.10025
2023-05-29 13:00:00,33.9,34.736343,34.97467
2023-05-29 14:00:00,33.3,33.766224,34.76496
2023-05-29 15:00:00,32.7,33.458195,34.307095
2023-05-29 16:00:00,32.0,32.289143,33.38322
2023-05-29 17:00:00,27.6,31.4714,32.314568
2023-05-29 18:00:00,27.4,30.571417,32.063328
2023-05-29 19:00:00,27.7,30.360695,31.085014
2023-05-29 20:00:00,27.7,30.133467,30.567717
2023-05-29 21:00:00,27.8,29.947746,30.397013
2023-05-29 22:00:00,27.6,29.779045,30.095167
2023-05-29 23:00:00,27.2,29.757776,29.689863
2023-05-30 00:00:00,26.9,29.586452,29.623903
2023-05-30 01:00:00,26.7,29.323477,28.992697
2023-05-30 02:00:00,26.5,28.858335,28.458435
2023-05-30 03:00:00,26.5,28.62009,29.233269
2023-05-30 04:00:00,26.5,28.627584,29.274212
2023-05-30 05:00:00,26.4,28.900513,29.740547
2023-05-30 06:00:00,27.2,29.637247,30.400175
2023-05-30 07:00:00,28.9,30.672506,31.263052
2023-05-30 08:00:00,30.5,32.07035,32.483906
2023-05-30 09:00:00,32.0,33.67669,33.87988
2023-05-30 10:00:00,33.6,34.919086,35.098583
2023-05-30 11:00:00,34.4,35.123856,35.896725
2023-05-30 12:00:00,33.7,35.090572,36.121525
2023-05-30 13:00:00,33.2,34.164352,35.012714
2023-05-30 14:00:00,32.8,33.544727,34.30512
2023-05-30 15:00:00,32.4,33.045723,33.89997
2023-05-30 16:00:00,31.7,32.18904,33.274536
2023-05-30 17:00:00,31.1,30.38776,32.356377
2023-05-30 18:00:00,30.0,29.399574,28.985424
2023-05-30 19:00:00,29.6,29.126646,30.02637
2023-05-30 20:00:00,29.4,28.832855,30.127699
2023-05-30 21:00:00,29.2,28.929647,29.383974
2023-05-30 22:00:00,29.3,28.878603,29.331022
2023-05-30 23:00:00,29.0,28.47316,29.472246
2023-05-31 00:00:00,29.0,27.999113,29.065893
2023-05-31 01:00:00,29.1,27.884876,28.222559
2023-05-31 02:00:00,28.8,27.559662,28.304054
2023-05-31 03:00:00,28.7,27.41667,28.37338
2023-05-31 04:00:00,28.5,27.40961,28.698835
2023-05-31 05:00:00,28.7,27.617788,29.177658
2023-05-31 06:00:00,29.1,28.309,29.358225
2023-05-31 07:00:00,30.4,29.451023,30.469875
2023-05-31 08:00:00,32.0,30.937605,32.184967
2023-05-31 09:00:00,33.9,32.063984,33.458694
2023-05-31 10:00:00,35.7,33.429306,34.574924
2023-05-31 11:00:00,36.7,34.04533,35.611397
2023-05-31 12:00:00,36.1,33.784374,35.75349
2023-05-31 13:00:00,35.6,33.61564,34.358868
2023-05-31 14:00:00,34.9,33.257282,33.96014
2023-05-31 15:00:00,33.9,32.53176,33.66528
2023-05-31 16:00:00,32.9,31.80334,33.14188
2023-05-31 17:00:00,33.3,30.912182,32.113865
2023-05-31 18:00:00,32.4,29.612629,30.63521
2023-05-31 19:00:00,31.8,29.370213,30.33446
2023-05-31 20:00:00,31.7,29.30847,29.836246
2023-05-31 21:00:00,31.7,29.10825,29.654627
2023-05-31 22:00:00,31.1,29.106766,29.33321
2023-05-31 23:00:00,30.7,28.939201,29.37718
2023-06-01 00:00:00,30.3,28.52303,29.129997
2023-06-01 01:00:00,30.0,28.644129,27.918285
2023-06-01 02:00:00,29.9,28.607681,28.2595
2023-06-01 03:00:00,29.6,28.084686,28.1877
2023-06-01 04:00:00,29.3,27.93694,28.462751
2023-06-01 05:00:00,29.4,28.138409,28.860645
2023-06-01 06:00:00,30.1,28.549765,29.47077
2023-06-01 07:00:00,31.7,29.684706,30.183882
2023-06-01 08:00:00,33.6,31.700375,31.59981
2023-06-01 09:00:00,35.5,33.267822,33.06489
2023-06-01 10:00:00,37.2,35.20748,34.46571
2023-06-01 11:00:00,38.7,36.154232,35.84216
2023-06-01 12:00:00,38.5,35.716053,36.388653
2023-06-01 13:00:00,36.1,34.993988,35.24086
2023-06-01 14:00:00,34.9,34.192093,34.532963
2023-06-01 15:00:00,34.9,33.321262,33.830074
2023-06-01 16:00:00,33.5,32.622887,33.008556
2023-06-01 17:00:00,32.4,31.686127,32.204086
2023-06-01 18:00:00,31.5,30.8316,31.424498
2023-06-01 19:00:00,30.8,30.565977,31.829287
2023-06-01 20:00:00,30.6,30.415133,31.023447
2023-06-01 21:00:00,30.4,30.372032,31.026884
2023-06-01 22:00:00,29.9,30.029593,30.921339
2023-06-01 23:00:00,29.9,29.990458,30.671785
2023-06-02 00:00:00,29.8,29.728365,30.354326
2023-06-02 01:00:00,29.6,29.567448,29.512665
2023-06-02 02:00:00,29.6,29.472727,29.561838
2023-06-02 03:00:00,29.5,29.408623,29.777351
2023-06-02 04:00:00,29.3,29.175499,29.921417
2023-06-02 05:00:00,29.4,29.12698,30.17093
2023-06-02 06:00:00,29.9,29.288944,30.589676
2023-06-02 07:00:00,31.2,30.802013,31.334303
2023-06-02 08:00:00,32.9,32.770763,32.75616
2023-06-02 09:00:00,35.3,34.79079,34.137608
2023-06-02 10:00:00,37.0,36.528645,35.59816
2023-06-02 11:00:00,38.6,37.35578,36.59507
2023-06-02 12:00:00,39.1,36.736244,37.111454
2023-06-02 13:00:00,37.7,35.881603,35.704967
2023-06-02 14:00:00,35.9,34.836098,34.611744
2023-06-02 15:00:00,35.1,33.854134,34.472256
2023-06-02 16:00:00,33.9,33.028313,33.81296
2023-06-02 17:00:00,29.9,32.310738,32.725605
2023-06-02 18:00:00,32.2,30.75537,31.692574
2023-06-02 19:00:00,32.2,30.426575,31.205181
2023-06-02 20:00:00,30.9,30.234364,30.419127
2023-06-02 21:00:00,30.1,30.097733,30.29158
2023-06-02 22:00:00,31.4,30.149725,30.100836
2023-06-02 23:00:00,29.8,29.918331,29.684694
2023-06-03 00:00:00,29.4,29.609194,29.682919
2023-06-03 01:00:00,29.3,29.57862,29.041887
2023-06-03 02:00:00,29.2,29.526054,29.00806
2023-06-03 03:00:00,29.2,29.393993,29.305082
2023-06-03 04:00:00,29.4,29.37407,29.897614
2023-06-03 05:00:00,29.5,29.419481,30.266335
2023-06-03 06:00:00,30.0,29.664656,30.700605
2023-06-03 07:00:00,31.4,30.786861,31.470304
2023-06-03 08:00:00,33.7,32.53209,32.498264
2023-06-03 09:00:00,35.3,34.54164,34.59476
2023-06-03 10:00:00,36.0,36.085358,35.987385
2023-06-03 11:00:00,36.4,37.049892,36.855022
2023-06-03 12:00:00,37.9,36.746487,37.609386
2023-06-03 13:00:00,36.1,35.785656,37.69438
2023-06-03 14:00:00,37.1,34.685127,35.097713
2023-06-03 15:00:00,37.5,34.117268,34.182583
2023-06-03 16:00:00,36.9,33.19069,33.42628
2023-06-03 17:00:00,31.6,31.702116,32.431686
2023-06-03 18:00:00,29.8,30.943369,30.320871
2023-06-03 19:00:00,30.6,30.503956,32.616127
2023-06-03 20:00:00,30.5,30.391798,31.215967
2023-06-03 21:00:00,30.6,29.88636,30.130507
2023-06-03 22:00:00,30.3,30.42588,30.236013
2023-06-03 23:00:00,29.7,29.726526,30.537056
2023-06-04 00:00:00,29.8,29.584333,30.05548
2023-06-04 01:00:00,29.4,29.597681,29.091694
2023-06-04 02:00:00,29.2,29.460203,29.344276
2023-06-04 03:00:00,28.9,29.473103,29.444868
2023-06-04 04:00:00,28.7,29.392084,29.906418
2023-06-04 05:00:00,29.0,29.523756,30.42798
2023-06-04 06:00:00,29.6,29.80292,30.510061
2023-06-04 07:00:00,31.1,30.993309,31.165705
2023-06-04 08:00:00,33.1,33.077724,32.58983
2023-06-04 09:00:00,35.3,35.054245,34.726166
2023-06-04 10:00:00,37.1,35.620483,35.978924
2023-06-04 11:00:00,37.9,35.513466,36.26736
2023-06-04 12:00:00,37.5,36.19838,36.69602
2023-06-04 13:00:00,35.1,35.066223,37.40138
2023-06-04 14:00:00,34.7,35.920956,35.313976
2023-06-04 15:00:00,34.5,34.13488,35.78731
2023-06-04 16:00:00,34.0,33.863907,35.678204
2023-06-04 17:00:00,33.4,31.54234,34.780537
2023-06-04 18:00:00,32.3,29.948372,31.30866
2023-06-04 19:00:00,31.1,30.069,31.119741
2023-06-04 20:00:00,30.5,30.033802,31.42039
2023-06-04 21:00:00,30.1,30.012518,30.54402
2023-06-04 22:00:00,29.9,29.544172,30.493696
2023-06-04 23:00:00,29.4,29.447666,30.148052
2023-06-05 00:00:00,29.0,29.641932,29.693693
2023-06-05 01:00:00,28.4,29.355013,29.831285
2023-06-05 02:00:00,28.4,29.168213,29.396471
2023-06-05 03:00:00,28.5,29.09265,29.696428
2023-06-05 04:00:00,28.4,29.251167,29.856602
2023-06-05 05:00:00,29.6,28.985909,30.18894
2023-06-05 06:00:00,30.0,29.710787,30.413588
2023-06-05 07:00:00,31.5,31.024755,31.585144
2023-06-05 08:00:00,33.7,32.65894,32.995266
2023-06-05 09:00:00,35.4,34.861057,34.54144
2023-06-05 10:00:00,37.2,36.288944,35.824615
2023-06-05 11:00:00,38.8,37.21378,36.588818
2023-06-05 12:00:00,39.8,36.095535,37.08166
2023-06-05 13:00:00,39.5,35.507484,36.7279
2023-06-05 14:00:00,36.1,34.2049,34.417194
2023-06-05 15:00:00,34.2,33.607983,34.664295
2023-06-05 16:00:00,33.8,32.681507,34.11982
2023-06-05 17:00:00,33.3,31.791918,33.19459
2023-06-05 18:00:00,31.6,30.870285,31.832909
2023-06-05 19:00:00,31.1,30.620687,31.52537
2023-06-05 20:00:00,31.9,30.488604,31.130335
2023-06-05 21:00:00,31.7,30.077805,30.737585
2023-06-05 22:00:00,31.2,29.880564,30.446863
2023-06-05 23:00:00,30.9,29.658895,30.194471
2023-06-06 00:00:00,31.6,29.665295,29.906748
2023-06-06 01:00:00,31.5,29.110397,29.080769
2023-06-06 02:00:00,31.1,29.054575,29.001286
2023-06-06 03:00:00,30.7,29.00892,29.211363
2023-06-06 04:00:00,30.2,28.9205,29.48351
2023-06-06 05:00:00,29.9,29.386372,29.766611
2023-06-06 06:00:00,28.1,29.72987,31.060434
2023-06-06 07:00:00,27.5,31.234556,31.520094
2023-06-06 08:00:00,27.9,33.34643,32.87325
2023-06-06 09:00:00,28.5,34.22468,34.438766
2023-06-06 10:00:00,29.5,36.342968,35.639935
2023-06-06 11:00:00,30.7,37.429745,36.81676
2023-06-06 12:00:00,32.5,38.115562,37.500774
2023-06-06 13:00:00,34.2,37.40233,37.49787
2023-06-06 14:00:00,34.9,34.515125,35.176228
2023-06-06 15:00:00,35.1,33.917133,34.464367
2023-06-06 16:00:00,34.5,33.113213,33.56857
2023-06-06 17:00:00,34.5,32.704403,33.090626
2023-06-06 18:00:00,33.8,31.473137,32.156563
2023-06-06 19:00:00,33.2,30.717306,30.854937
2023-06-06 20:00:00,32.6,30.815865,30.576492
2023-06-06 21:00:00,31.9,30.849123,30.966305
2023-06-06 22:00:00,31.5,30.636885,30.711329
2023-06-06 23:00:00,31.1,30.582903,30.412558
2023-06-07 00:00:00,30.8,30.360456,30.297426
2023-06-07 01:00:00,30.6,30.311203,30.208765
2023-06-07 02:00:00,30.5,30.14583,30.328802
2023-06-07 03:00:00,30.3,29.819149,30.326216
2023-06-07 04:00:00,30.2,29.356018,30.515528
2023-06-07 05:00:00,30.6,29.537659,30.708565
2023-06-07 06:00:00,30.6,29.230558,30.859055
2023-06-07 07:00:00,31.6,29.599192,30.267004
2023-06-07 08:00:00,32.6,30.235243,30.585781
2023-06-07 09:00:00,33.9,31.067106,31.67539
2023-06-07 10:00:00,35.0,32.120747,32.624546
2023-06-07 11:00:00,36.6,31.86254,33.55827
2023-06-07 12:00:00,37.1,33.617,34.3557
2023-06-07 13:00:00,35.3,35.243973,35.254986
2023-06-07 14:00:00,33.2,35.06175,35.55019
2023-06-07 15:00:00,33.1,34.00423,34.76797
2023-06-07 16:00:00,31.9,33.42201,34.331123
2023-06-07 17:00:00,31.1,32.91978,33.428585
2023-06-07 18:00:00,31.1,31.44099,33.00291
2023-06-07 19:00:00,32.1,31.301062,32.259995
2023-06-07 20:00:00,32.1,30.859457,31.417097
2023-06-07 21:00:00,31.5,30.464582,31.290974
2023-06-07 22:00:00,31.2,30.364523,30.763302
2023-06-07 23:00:00,30.7,30.2992,30.523943
2023-06-08 00:00:00,30.0,30.03286,30.297783
2023-06-08 01:00:00,29.7,29.833841,29.859613
2023-06-08 02:00:00,29.2,29.98062,29.860723
2023-06-08 03:00:00,28.9,29.483215,30.083971
2023-06-08 04:00:00,28.9,29.327446,30.12024
2023-06-08 05:00:00,29.0,29.691906,30.494856
2023-06-08 06:00:00,30.8,29.357243,31.117226
2023-06-08 07:00:00,32.0,30.449942,31.365412
2023-06-08 08:00:00,33.5,31.75776,32.105484
2023-06-08 09:00:00,35.1,32.881847,33.053467
2023-06-08 10:00:00,36.7,34.489338,34.082577
2023-06-08 11:00:00,38.1,35.575993,34.519566
2023-06-08 12:00:00,38.5,37.304897,35.492085
2023-06-08 13:00:00,36.5,35.69658,35.10629
2023-06-08 14:00:00,34.3,34.371544,34.38776
2023-06-08 15:00:00,33.8,33.64676,33.706577
2023-06-08 16:00:00,33.5,32.68329,33.386635
2023-06-08 17:00:00,30.9,31.681273,31.747828
2023-06-08 18:00:00,30.4,31.124365,31.262777
2023-06-08 19:00:00,30.6,31.125505,31.034424
2023-06-08 20:00:00,30.9,30.96055,31.468687
2023-06-08 21:00:00,30.8,30.57616,31.270473
2023-06-08 22:00:00,29.8,30.462206,30.920547
2023-06-08 23:00:00,28.7,30.189966,30.885519
2023-06-09 00:00:00,28.6,30.130518,30.63961
2023-06-09 01:00:00,28.6,29.670649,29.666658
2023-06-09 02:00:00,28.6,29.745584,29.589197
2023-06-09 03:00:00,29.3,29.612593,29.396223
2023-06-09 04:00:00,29.8,29.381186,29.685534
2023-06-09 05:00:00,30.4,29.571905,29.972511
2023-06-09 06:00:00,30.4,29.734234,30.560966
2023-06-09 07:00:00,31.3,31.375229,31.809086
2023-06-09 08:00:00,32.3,32.96325,32.81154
2023-06-09 09:00:00,34.0,33.8952,34.132175
2023-06-09 10:00:00,35.7,36.205257,35.35726
2023-06-09 11:00:00,37.3,36.54869,36.332935
2023-06-09 12:00:00,38.7,35.164165,37.099617
2023-06-09 13:00:00,38.6,34.924477,37.17386
2023-06-09 14:00:00,37.3,34.54708,34.6001
2023-06-09 15:00:00,34.6,33.37625,33.185062
2023-06-09 16:00:00,35.6,32.770744,33.34252
2023-06-09 17:00:00,29.2,31.445509,32.713806
2023-06-09 18:00:00,29.9,30.453733,31.57303
2023-06-09 19:00:00,29.9,30.248333,30.95393
2023-06-09 20:00:00,29.8,30.112364,30.921007
2023-06-09 21:00:00,29.6,30.06286,30.715496
2023-06-09 22:00:00,29.5,29.900047,30.620745
2023-06-09 23:00:00,29.2,29.691978,30.070906
2023-06-10 00:00:00,29.4,29.907164,29.60082
2023-06-10 01:00:00,29.6,29.450947,29.088673
2023-06-10 02:00:00,29.6,29.279453,28.992437
2023-06-10 03:00:00,29.6,29.35445,28.94694
2023-06-10 04:00:00,29.4,29.555208,29.694344
2023-06-10 05:00:00,29.8,29.609438,30.332285
2023-06-10 06:00:00,30.3,29.94106,31.000559
2023-06-10 07:00:00,31.1,30.921417,31.8474
2023-06-10 08:00:00,33.0,32.321354,32.97088
2023-06-10 09:00:00,34.1,33.47882,34.100014
2023-06-10 10:00:00,35.3,34.959187,35.47337
2023-06-10 11:00:00,36.4,35.92804,36.19056
2023-06-10 12:00:00,37.6,37.16865,36.84274
2023-06-10 13:00:00,38.3,36.63271,37.5033
2023-06-10 14:00:00,37.1,34.49846,36.94966
2023-06-10 15:00:00,32.0,33.718536,34.69608
2023-06-10 16:00:00,31.0,34.187473,32.487938
2023-06-10 17:00:00,31.6,31.145239,33.564194
2023-06-10 18:00:00,31.8,30.178696,30.505144
2023-06-10 19:00:00,30.9,30.509388,30.54359
2023-06-10 20:00:00,29.2,30.315353,30.20854
2023-06-10 21:00:00,28.9,30.372074,29.891329
2023-06-10 22:00:00,28.8,30.274103,29.742113
2023-06-10 23:00:00,28.6,29.3499,29.452486
2023-06-11 00:00:00,28.5,29.66686,29.380222
2023-06-11 01:00:00,28.8,29.386677,29.143618
2023-06-11 02:00:00,28.8,29.258327,29.35742
2023-06-11 03:00:00,28.5,29.422184,29.603443
2023-06-11 04:00:00,28.4,29.250069,29.99309
2023-06-11 05:00:00,29.8,29.506922,30.44763
2023-06-11 06:00:00,30.2,29.724638,30.906078
2023-06-11 07:00:00,31.4,30.93547,31.898027
2023-06-11 08:00:00,33.0,32.50282,32.993298
2023-06-11 09:00:00,34.4,33.771946,34.34377
2023-06-11 10:00:00,35.9,35.30652,35.15086
2023-06-11 11:00:00,37.4,36.032814,36.09669
2023-06-11 12:00:00,38.4,36.626373,36.73581
2023-06-11 13:00:00,38.8,36.60624,37.14797
2023-06-11 14:00:00,38.4,34.803738,37.146557
2023-06-11 15:00:00,37.0,33.06483,35.53275
2023-06-11 16:00:00,37.0,32.42996,32.214096
2023-06-11 17:00:00,34.2,32.064243,32.350082
2023-06-11 18:00:00,31.9,30.419136,31.11465
2023-06-11 19:00:00,30.5,30.437134,31.096092
2023-06-11 20:00:00,30.1,30.241287,30.363962
2023-06-11 21:00:00,29.5,29.362011,30.204332
2023-06-11 22:00:00,29.3,29.035124,29.646574
2023-06-11 23:00:00,29.4,28.78946,29.4929
2023-06-12 00:00:00,29.7,28.907856,29.445768
2023-06-12 01:00:00,29.5,29.271652,28.802755
2023-06-12 02:00:00,29.3,29.161777,29.12335
2023-06-12 03:00:00,29.5,28.982159,29.23961
2023-06-12 04:00:00,29.5,28.888376,29.185194
2023-06-12 05:00:00,28.7,29.30184,29.621428
2023-06-12 06:00:00,29.2,29.621767,31.060938
2023-06-12 07:00:00,30.7,31.037533,31.667814
2023-06-12 08:00:00,32.3,32.364483,32.855846
2023-06-12 09:00:00,33.9,34.206512,34.317265
2023-06-12 10:00:00,35.3,35.516216,35.249363
2023-06-12 11:00:00,36.8,36.676376,36.36841
2023-06-12 12:00:00,38.0,36.948498,37.11703
2023-06-12 13:00:00,37.9,37.151234,37.489445
2023-06-12 14:00:00,35.9,35.86945,37.511944
2023-06-12 15:00:00,34.7,34.933777,36.719257
2023-06-12 16:00:00,34.0,34.31781,34.60011
2023-06-12 17:00:00,33.7,33.42294,34.712086
2023-06-12 18:00:00,33.0,31.480425,32.421356
2023-06-12 19:00:00,31.9,30.27846,31.022577
2023-06-12 20:00:00,31.4,29.9687,30.841982
2023-06-12 21:00:00,31.3,29.88412,30.124422
2023-06-12 22:00:00,30.7,29.701622,29.721338
2023-06-12 23:00:00,30.0,30.057192,29.803766
2023-06-13 00:00:00,29.7,29.865248,29.88197
2023-06-13 01:00:00,29.6,29.72274,29.421019
2023-06-13 02:00:00,29.7,29.606447,29.369698
2023-06-13 03:00:00,29.7,29.241968,29.542294
2023-06-13 04:00:00,29.7,29.324255,29.89408
2023-06-13 05:00:00,30.0,29.38719,30.303764
2023-06-13 06:00:00,30.3,29.756052,30.308334
2023-06-13 07:00:00,31.8,30.872026,31.152752
2023-06-13 08:00:00,33.4,32.403034,32.6015
2023-06-13 09:00:00,35.0,33.730392,34.177696
2023-06-13 10:00:00,36.4,35.126644,35.141186
2023-06-13 11:00:00,38.0,36.211193,36.191536
2023-06-13 12:00:00,39.2,37.150185,37.121506
2023-06-13 13:00:00,39.4,36.4053,37.583057
2023-06-13 14:00:00,38.6,33.906544,37.33054
2023-06-13 15:00:00,35.8,34.01493,34.960484
2023-06-13 16:00:00,33.6,33.32955,33.724445
2023-06-13 17:00:00,32.9,32.209026,33.37208
2023-06-13 18:00:00,32.7,30.930906,32.25599
2023-06-13 19:00:00,32.7,30.547846,31.694723
2023-06-13 20:00:00,32.4,30.77747,31.090908
2023-06-13 21:00:00,32.1,30.821115,31.170965
2023-06-13 22:00:00,31.7,30.23289,30.740686
2023-06-13 23:00:00,31.3,29.650005,30.308996
2023-06-14 00:00:00,31.0,29.528938,30.016949
2023-06-14 01:00:00,30.8,29.44464,29.366785
2023-06-14 02:00:00,30.6,29.308218,29.477167
2023-06-14 03:00:00,30.5,29.11126,29.78324
2023-06-14 04:00:00,30.3,29.126745,29.937761
2023-06-14 05:00:00,30.2,29.022758,30.399189
2023-06-14 06:00:00,30.9,29.336344,30.764643
2023-06-14 07:00:00,32.1,30.801556,31.626543
2023-06-14 08:00:00,33.6,32.498894,33.164555
2023-06-14 09:00:00,35.2,34.613903,34.61146
2023-06-14 10:00:00,36.7,36.009552,35.811935
2023-06-14 11:00:00,38.1,36.980778,36.68665
2023-06-14 12:00:00,38.7,36.792267,37.578594
2023-06-14 13:00:00,38.1,37.185467,37.91869
2023-06-14 14:00:00,36.1,34.6407,37.578053
2023-06-14 15:00:00,34.6,34.671448,36.434223
2023-06-14 16:00:00,33.5,33.442333,33.5401
2023-06-14 17:00:00,32.2,32.5975,32.375748
2023-06-14 18:00:00,31.0,31.806301,31.641485
2023-06-14 19:00:00,30.9,30.943312,31.654472
2023-06-14 20:00:00,30.5,30.420574,31.55414
2023-06-14 21:00:00,30.7,30.13966,31.450087
2023-06-14 22:00:00,30.6,30.6755,31.324041
2023-06-14 23:00:00,30.5,30.601198,31.032366
2023-06-15 00:00:00,30.5,30.501144,30.797888
2023-06-15 01:00:00,30.3,30.060223,30.157095
2023-06-15 02:00:00,29.9,29.823551,30.214178
2023-06-15 03:00:00,29.8,29.659245,30.372202
2023-06-15 04:00:00,29.6,29.654982,30.495258
2023-06-15 05:00:00,29.9,29.57604,30.874674
2023-06-15 06:00:00,30.3,29.953989,31.456934
2023-06-15 07:00:00,32.0,31.21741,32.399864
2023-06-15 08:00:00,34.2,32.907227,33.53822
2023-06-15 09:00:00,35.5,34.88174,34.708492
2023-06-15 10:00:00,37.1,35.89341,35.783737
2023-06-15 11:00:00,38.6,36.751293,36.714
2023-06-15 12:00:00,39.6,37.00794,37.54109
2023-06-15 13:00:00,39.1,35.95385,37.54909
2023-06-15 14:00:00,36.7,34.771305,36.27885
2023-06-15 15:00:00,35.2,34.38143,35.03093
2023-06-15 16:00:00,34.3,33.096024,33.83674
2023-06-15 17:00:00,35.6,32.09693,32.764732
2023-06-15 18:00:00,33.0,30.915167,31.701382
2023-06-15 19:00:00,33.2,30.484612,30.965899
2023-06-15 20:00:00,34.7,30.069237,30.411303
2023-06-15 21:00:00,34.0,30.038298,30.22683
2023-06-15 22:00:00,33.4,30.29007,30.334875
2023-06-15 23:00:00,33.4,30.043386,30.28317
2023-06-16 00:00:00,32.9,30.216948,30.234264
2023-06-16 01:00:00,32.5,29.991695,29.721846
2023-06-16 02:00:00,32.3,29.806871,29.759026
2023-06-16 03:00:00,32.2,29.608297,29.663752
2023-06-16 04:00:00,31.9,29.602552,30.031313
2023-06-16 05:00:00,32.5,29.35919,30.378275
2023-06-16 06:00:00,32.4,29.725992,30.799349
2023-06-16 07:00:00,33.2,31.207203,31.766817
2023-06-16 08:00:00,33.9,33.443653,33.23099
2023-06-16 09:00:00,35.1,34.784935,34.945827
2023-06-16 10:00:00,35.6,36.479805,35.819942
2023-06-16 11:00:00,36.3,37.50668,36.86874
2023-06-16 12:00:00,37.5,37.342316,37.73605
2023-06-16 13:00:00,36.0,36.26737,37.816525
2023-06-16 14:00:00,32.1,35.048943,35.873684
2023-06-16 15:00:00,32.7,34.100506,34.823257
2023-06-16 16:00:00,31.9,33.3514,33.891163
2023-06-16 17:00:00,30.6,33.53876,33.171093
2023-06-16 18:00:00,30.8,31.372477,32.056126
2023-06-16 19:00:00,30.6,31.5375,30.546976
2023-06-16 20:00:00,30.2,32.008778,31.649652
2023-06-16 21:00:00,30.0,31.394901,32.513477
2023-06-16 22:00:00,29.8,31.055452,31.969294
2023-06-16 23:00:00,29.2,31.064688,31.78321
2023-06-17 00:00:00,29.4,31.613192,31.94071
2023-06-17 01:00:00,27.8,31.296568,31.0491
2023-06-17 02:00:00,27.1,31.188597,30.959269
2023-06-17 03:00:00,27.2,30.902916,31.093552
2023-06-17 04:00:00,27.0,30.889782,31.43067
2023-06-17 05:00:00,28.7,31.285315,31.509792
2023-06-17 06:00:00,28.8,31.06363,32.27551
2023-06-17 07:00:00,28.1,31.965374,32.53704
2023-06-17 08:00:00,28.0,33.51552,33.79751
2023-06-17 09:00:00,29.2,34.503086,34.909878
2023-06-17 10:00:00,30.9,35.379284,35.744816
2023-06-17 11:00:00,31.7,35.992966,36.38545
2023-06-17 12:00:00,32.6,37.007065,36.79267
2023-06-17 13:00:00,34.3,35.974483,36.562244
2023-06-17 14:00:00,33.9,34.189342,35.692738
2023-06-17 15:00:00,34.1,33.58971,33.18516
2023-06-17 16:00:00,34.2,32.970905,33.372528
2023-06-17 17:00:00,31.6,31.506287,32.265087
2023-06-17 18:00:00,29.8,30.8872,31.741947
2023-06-17 19:00:00,29.0,30.618475,31.37552
2023-06-17 20:00:00,28.4,30.72139,31.026632
2023-06-17 21:00:00,28.5,30.65047,30.936907
2023-06-17 22:00:00,28.6,30.779518,30.705547
2023-06-17 23:00:00,28.8,30.825243,30.469265
2023-06-18 00:00:00,28.5,30.729769,30.308733
2023-06-18 01:00:00,28.0,29.74214,29.768187
2023-06-18 02:00:00,26.8,28.4263,28.63866
2023-06-18 03:00:00,26.3,28.76316,28.675508
2023-06-18 04:00:00,26.3,28.814745,29.077991
2023-06-18 05:00:00,25.9,29.534231,29.21879
2023-06-18 06:00:00,25.8,29.528202,30.309612
2023-06-18 07:00:00,25.8,29.826597,30.675886
2023-06-18 08:00:00,26.0,29.912071,31.212513
2023-06-18 09:00:00,26.0,30.882307,31.943804
2023-06-18 10:00:00,26.5,31.849163,32.766323
2023-06-18 11:00:00,28.6,32.353962,33.62536
2023-06-18 12:00:00,29.0,32.912426,33.67368
2023-06-18 13:00:00,30.9,34.050064,34.674137
2023-06-18 14:00:00,31.5,33.017075,35.10115
2023-06-18 15:00:00,32.0,32.896244,33.759686
2023-06-18 16:00:00,31.8,33.229942,33.74277
2023-06-18 17:00:00,28.4,31.229088,33.305695
2023-06-18 18:00:00,28.6,29.99028,31.324411
2023-06-18 19:00:00,27.9,30.132675,30.401098
2023-06-18 20:00:00,27.3,29.41199,30.008537
2023-06-18 21:00:00,27.3,29.510462,29.33074
2023-06-18 22:00:00,27.2,29.393614,29.387962
2023-06-18 23:00:00,27.0,28.938063,29.127577
2023-06-19 00:00:00,26.9,28.936878,29.273863
2023-06-19 01:00:00,26.6,28.141397,28.698183
2023-06-19 02:00:00,26.1,27.685764,28.37295
2023-06-19 03:00:00,25.9,27.098595,27.848406
2023-06-19 04:00:00,25.7,27.290115,28.048899
2023-06-19 05:00:00,26.3,26.981823,28.32805
2023-06-19 06:00:00,26.5,27.11156,28.892492
2023-06-19 07:00:00,27.1,27.271723,29.105055
2023-06-19 08:00:00,28.6,28.257942,29.399069
2023-06-19 09:00:00,30.8,28.715382,30.04688
2023-06-19 10:00:00,32.1,29.697794,30.343878
2023-06-19 11:00:00,33.3,31.427177,31.362272
2023-06-19 12:00:00,34.0,32.113216,32.591305
2023-06-19 13:00:00,34.2,32.41674,32.683105
2023-06-19 14:00:00,34.3,32.361107,33.63989
2023-06-19 15:00:00,34.2,32.239574,33.131485
2023-06-19 16:00:00,33.9,31.976025,32.838528
2023-06-19 17:00:00,32.7,30.55469,32.22845
2023-06-19 18:00:00,31.9,29.440588,29.409107
2023-06-19 19:00:00,31.0,28.916397,29.817522
2023-06-19 20:00:00,30.4,28.600624,28.903513
2023-06-19 21:00:00,28.8,28.44245,28.307726
2023-06-19 22:00:00,27.4,28.338636,28.254763
2023-06-19 23:00:00,27.1,28.272047,28.104464
2023-06-20 00:00:00,27.1,27.573044,28.067873
2023-06-20 01:00:00,27.0,27.551218,27.41612
2023-06-20 02:00:00,27.0,27.415306,27.325518
2023-06-20 03:00:00,27.0,27.104206,27.201357
2023-06-20 04:00:00,26.9,27.055557,27.348574
2023-06-20 05:00:00,26.2,27.0755,27.534788
2023-06-20 06:00:00,26.5,27.300985,28.488075
2023-06-20 07:00:00,27.6,27.898548,28.77963
2023-06-20 08:00:00,29.1,28.98636,29.489431
2023-06-20 09:00:00,30.2,30.260452,30.751932
2023-06-20 10:00:00,31.7,32.112488,32.177757
2023-06-20 11:00:00,32.5,33.672672,33.056763
2023-06-20 12:00:00,32.9,34.315083,34.05435
2023-06-20 13:00:00,32.9,34.092564,34.15626
2023-06-20 14:00:00,33.0,33.967056,34.18468
2023-06-20 15:00:00,31.7,33.650017,33.719673
2023-06-20 16:00:00,30.9,32.66122,33.381
2023-06-20 17:00:00,31.0,31.13489,32.74672
2023-06-20 18:00:00,30.2,30.4303,31.186514
2023-06-20 19:00:00,29.7,30.08838,31.071077
2023-06-20 20:00:00,29.5,29.67147,30.278187
2023-06-20 21:00:00,29.2,29.123812,29.824404
2023-06-20 22:00:00,28.8,28.14429,29.380445
2023-06-20 23:00:00,28.6,28.093817,28.824095
2023-06-21 00:00:00,28.3,28.05082,28.53565
2023-06-21 01:00:00,27.9,27.884003,27.791355
2023-06-21 02:00:00,27.6,27.773748,27.699518
2023-06-21 03:00:00,27.5,27.701471,27.837603
2023-06-21 04:00:00,27.3,27.59039,28.230951
2023-06-21 05:00:00,27.2,27.08611,28.334578
2023-06-21 06:00:00,27.9,27.194263,27.852623
2023-06-21 07:00:00,28.2,27.986013,29.076227
2023-06-21 08:00:00,28.9,29.289867,30.155798
2023-06-21 09:00:00,30.7,30.476757,31.782192
2023-06-21 10:00:00,32.4,31.656313,32.142944
2023-06-21 11:00:00,33.0,32.697063,33.78816
2023-06-21 12:00:00,33.2,33.02587,34.266037
2023-06-21 13:00:00,32.6,33.16408,34.25458
2023-06-21 14:00:00,32.5,33.07845,33.831818
2023-06-21 15:00:00,31.9,32.500988,33.32366
2023-06-21 16:00:00,31.3,31.674372,32.331165
2023-06-21 17:00:00,31.2,31.0334,31.76744
2023-06-21 18:00:00,30.2,30.301434,31.263617
2023-06-21 19:00:00,29.6,29.875774,30.434618
2023-06-21 20:00:00,29.4,29.33105,29.792177
2023-06-21 21:00:00,29.1,29.187178,29.444117
2023-06-21 22:00:00,28.8,28.641123,29.078796
2023-06-21 23:00:00,28.6,28.328808,28.7461
2023-06-22 00:00:00,28.4,28.094694,28.629446
2023-06-22 01:00:00,28.2,27.76425,27.865301
2023-06-22 02:00:00,27.8,27.608944,27.844984
2023-06-22 03:00:00,27.1,27.378887,27.96995
2023-06-22 04:00:00,26.8,27.18171,27.957054
2023-06-22 05:00:00,27.9,27.173737,28.29972
2023-06-22 06:00:00,28.2,27.59431,28.794174
2023-06-22 07:00:00,28.8,27.928955,29.277822
2023-06-22 08:00:00,29.7,29.170595,30.407238
2023-06-22 09:00:00,31.2,30.270002,31.480316
2023-06-22 10:00:00,32.8,31.974604,32.64553
2023-06-22 11:00:00,34.0,32.972652,33.830647
2023-06-22 12:00:00,34.4,33.079243,34.30497
2023-06-22 13:00:00,34.2,32.33753,33.755726
2023-06-22 14:00:00,33.1,32.1335,32.883045
2023-06-22 15:00:00,32.5,31.526243,32.576694
2023-06-22 16:00:00,31.5,31.089542,32.108326
2023-06-22 17:00:00,30.9,30.836845,31.58576
2023-06-22 18:00:00,29.7,30.144245,31.215227
2023-06-22 19:00:00,29.5,29.538961,30.370775
2023-06-22 20:00:00,29.4,29.308357,29.809643
2023-06-22 21:00:00,29.1,29.02644,29.461302
2023-06-22 22:00:00,28.7,28.628029,29.229939
2023-06-22 23:00:00,28.3,28.36428,28.886448
2023-06-23 00:00:00,28.0,28.20191,28.735455
2023-06-23 01:00:00,27.9,27.907585,27.965223
2023-06-23 02:00:00,27.9,27.680832,27.812817
2023-06-23 03:00:00,27.9,27.305752,28.075191
2023-06-23 04:00:00,27.7,27.00028,28.132702
2023-06-23 05:00:00,28.4,27.350945,28.498306
2023-06-23 06:00:00,28.6,27.928495,29.246508
2023-06-23 07:00:00,29.0,28.544943,29.79376
2023-06-23 08:00:00,30.4,29.314451,30.737122
2023-06-23 09:00:00,32.0,30.531878,31.618317
2023-06-23 10:00:00,33.1,32.563255,33.01254
2023-06-23 11:00:00,33.9,33.305622,34.148754
2023-06-23 12:00:00,34.0,33.44109,34.772495
2023-06-23 13:00:00,33.8,33.158386,35.039776
2023-06-23 14:00:00,34.0,32.50243,34.317425
2023-06-23 15:00:00,33.6,32.04263,32.864193
2023-06-23 16:00:00,32.9,31.58802,32.06245
2023-06-23 17:00:00,31.6,30.669027,31.170141
2023-06-23 18:00:00,31.1,29.832607,30.62537
2023-06-23 19:00:00,30.3,29.473785,28.84022
2023-06-23 20:00:00,29.7,29.228842,29.722408
2023-06-23 21:00:00,29.6,29.099075,29.30107
2023-06-23 22:00:00,29.2,28.679228,29.176357
2023-06-23 23:00:00,28.8,28.293055,29.16276
2023-06-24 00:00:00,28.7,28.040363,28.958567
2023-06-24 01:00:00,28.5,27.75417,28.116318
2023-06-24 02:00:00,28.4,27.720053,28.262619
2023-06-24 03:00:00,28.3,27.7933,28.295156
2023-06-24 04:00:00,28.4,27.64526,28.480093
2023-06-24 05:00:00,28.7,28.236593,28.82786
2023-06-24 06:00:00,29.0,28.351507,29.863503
2023-06-24 07:00:00,30.0,28.962894,29.894423
2023-06-24 08:00:00,30.9,30.305986,30.938944
2023-06-24 09:00:00,31.7,31.490526,32.33255
2023-06-24 10:00:00,32.2,32.755516,33.551918
2023-06-24 11:00:00,33.2,33.35225,34.449467
2023-06-24 12:00:00,33.9,33.47376,34.795525
2023-06-24 13:00:00,34.1,33.672436,34.73273
2023-06-24 14:00:00,33.6,33.190315,34.47489
2023-06-24 15:00:00,32.7,32.559555,34.184658
2023-06-24 16:00:00,32.5,32.02469,33.413334
2023-06-24 17:00:00,31.3,30.820635,32.537
2023-06-24 18:00:00,30.4,30.089808,31.369669
2023-06-24 19:00:00,29.8,29.993702,30.475115
2023-06-24 20:00:00,29.5,29.457432,30.345467
2023-06-24 21:00:00,29.4,29.294544,29.68581
2023-06-24 22:00:00,29.3,28.977762,29.31949
2023-06-24 23:00:00,29.2,28.538181,28.923372
2023-06-25 00:00:00,29.2,28.303034,28.968557
2023-06-25 01:00:00,28.9,28.37482,28.462147
2023-06-25 02:00:00,28.5,28.430792,28.462662
2023-06-25 03:00:00,28.2,28.274195,28.568914
2023-06-25 04:00:00,27.9,28.232424,28.916647
2023-06-25 05:00:00,28.2,28.354082,29.49391
2023-06-25 06:00:00,28.6,28.776407,30.119009
2023-06-25 07:00:00,29.8,29.635134,31.005648
2023-06-25 08:00:00,30.3,30.861744,31.833904
2023-06-25 09:00:00,31.4,32.139767,32.954086
2023-06-25 10:00:00,32.5,32.374256,33.885323
2023-06-25 11:00:00,33.8,33.61349,34.20841
2023-06-25 12:00:00,34.5,33.912975,35.017487
2023-06-25 13:00:00,34.9,33.885395,35.165394
2023-06-25 14:00:00,34.8,33.40738,34.782486
2023-06-25 15:00:00,33.8,32.986923,33.93485
2023-06-25 16:00:00,31.3,32.335278,32.76809
2023-06-25 17:00:00,33.0,31.36219,32.254513
2023-06-25 18:00:00,29.3,30.24262,30.996939
2023-06-25 19:00:00,27.9,29.817976,30.49018
2023-06-25 20:00:00,28.0,29.542278,29.900812
2023-06-25 21:00:00,28.2,29.331509,29.538942
2023-06-25 22:00:00,28.5,29.170218,29.26563
2023-06-25 23:00:00,28.6,29.058544,29.089117
2023-06-26 00:00:00,28.6,28.944601,29.098425
2023-06-26 01:00:00,28.5,28.877218,28.395576
2023-06-26 02:00:00,28.2,28.524242,28.621157
2023-06-26 03:00:00,28.0,28.148382,28.581537
2023-06-26 04:00:00,27.7,27.815687,28.798471
2023-06-26 05:00:00,28.4,27.9818,29.035686
2023-06-26 06:00:00,28.8,28.390673,29.50077
2023-06-26 07:00:00,30.0,29.313131,30.199762
2023-06-26 08:00:00,31.2,29.9173,31.492306
2023-06-26 09:00:00,32.3,31.145533,32.44632
2023-06-26 10:00:00,33.6,31.958248,33.24352
2023-06-26 11:00:00,34.6,33.15884,34.054195
2023-06-26 12:00:00,35.7,33.853554,34.724564
2023-06-26 13:00:00,36.0,34.394154,34.718113
2023-06-26 14:00:00,36.0,34.131462,34.478443
2023-06-26 15:00:00,34.7,33.63849,33.554874
2023-06-26 16:00:00,33.2,32.295856,32.674023
2023-06-26 17:00:00,33.0,31.567316,31.326044
2023-06-26 18:00:00,31.3,30.643396,32.030216
2023-06-26 19:00:00,30.4,29.07274,30.090815
2023-06-26 20:00:00,29.8,28.80194,28.8925
2023-06-26 21:00:00,29.7,28.58912,28.94169
2023-06-26 22:00:00,29.5,28.655136,28.689707
2023-06-26 23:00:00,29.2,28.556835,28.940496
2023-06-27 00:00:00,28.8,28.347456,28.880377
2023-06-27 01:00:00,28.4,28.179743,28.241034
2023-06-27 02:00:00,28.0,27.897154,28.304874
2023-06-27 03:00:00,27.9,27.718674,28.36625
2023-06-27 04:00:00,27.7,27.571798,28.664852
2023-06-27 05:00:00,28.9,28.043825,28.947054
2023-06-27 06:00:00,28.8,28.436375,29.937805
2023-06-27 07:00:00,29.8,29.755724,30.303516
2023-06-27 08:00:00,31.3,30.636858,31.741684
2023-06-27 09:00:00,32.7,32.092484,32.848007
2023-06-27 10:00:00,33.9,33.296486,33.955814
2023-06-27 11:00:00,35.2,34.041725,34.922558
2023-06-27 12:00:00,35.7,34.898624,35.478207
2023-06-27 13:00:00,35.7,34.823624,36.165867
2023-06-27 14:00:00,35.1,34.19973,36.013042
2023-06-27 15:00:00,34.0,33.558743,35.578606
2023-06-27 16:00:00,31.6,32.793324,33.929806
2023-06-27 17:00:00,30.7,32.167847,32.178307
2023-06-27 18:00:00,30.3,31.02798,31.968428
2023-06-27 19:00:00,29.5,30.177362,30.633589
2023-06-27 20:00:00,29.2,29.660856,30.156809
2023-06-27 21:00:00,29.2,29.360117,29.854944
2023-06-27 22:00:00,29.2,29.276335,29.558159
2023-06-27 23:00:00,29.0,29.113113,29.497622
2023-06-28 00:00:00,28.8,28.552902,29.410624
2023-06-28 01:00:00,28.4,28.253677,28.778784
2023-06-28 02:00:00,28.1,27.87543,28.810375
2023-06-28 03:00:00,27.8,27.831333,28.865696
2023-06-28 04:00:00,27.5,27.789375,29.152021
2023-06-28 05:00:00,28.3,28.51123,29.297277
2023-06-28 06:00:00,28.8,28.56898,30.115835
2023-06-28 07:00:00,30.2,29.691372,30.951918
2023-06-28 08:00:00,31.9,31.168,31.98054
2023-06-28 09:00:00,33.2,32.774265,33.258022
2023-06-28 10:00:00,34.3,33.972538,34.232567
2023-06-28 11:00:00,35.5,35.039536,35.08261
2023-06-28 12:00:00,36.1,35.94024,35.76884
2023-06-28 13:00:00,36.0,35.13209,36.085323
2023-06-28 14:00:00,36.2,34.77159,35.766937
2023-06-28 15:00:00,34.9,33.529057,34.942234
2023-06-28 16:00:00,34.0,32.35513,33.64887
2023-06-28 17:00:00,29.8,31.279518,31.653608
2023-06-28 18:00:00,29.1,30.340092,30.940819
2023-06-28 19:00:00,28.9,29.86486,30.595034
2023-06-28 20:00:00,29.1,29.552137,30.036247
2023-06-28 21:00:00,29.0,29.432697,29.685379
2023-06-28 22:00:00,28.9,29.337889,29.509996
2023-06-28 23:00:00,29.1,29.176188,29.479414
2023-06-29 00:00:00,29.0,28.866913,29.322641
2023-06-29 01:00:00,28.7,28.43707,28.55284
2023-06-29 02:00:00,28.9,28.191751,28.27659
2023-06-29 03:00:00,28.7,27.969276,28.628073
2023-06-29 04:00:00,28.5,27.68644,28.836187
2023-06-29 05:00:00,26.8,28.556438,28.969278
2023-06-29 06:00:00,27.3,28.769236,30.118906
2023-06-29 07:00:00,28.8,29.952879,30.527523
2023-06-29 08:00:00,30.6,31.772207,31.903578
2023-06-29 09:00:00,32.0,33.467926,33.468094
2023-06-29 10:00:00,33.3,34.599243,34.46172
2023-06-29 11:00:00,34.6,35.30625,35.27551
2023-06-29 12:00:00,35.5,35.315437,35.8266
2023-06-29 13:00:00,36.0,35.38376,35.988605
2023-06-29 14:00:00,36.3,34.533623,35.2575
2023-06-29 15:00:00,36.0,33.67341,35.488728
2023-06-29 16:00:00,35.1,32.92645,34.388897
2023-06-29 17:00:00,32.8,30.788607,32.68816
2023-06-29 18:00:00,30.8,30.160177,30.57887
2023-06-29 19:00:00,30.6,29.57849,29.8011
2023-06-29 20:00:00,30.0,29.434574,30.035324
2023-06-29 21:00:00,29.5,29.245697,29.568922
2023-06-29 22:00:00,29.6,29.12284,29.528006
2023-06-29 23:00:00,29.1,29.169846,29.399721
2023-06-30 00:00:00,28.7,28.924402,29.54578
2023-06-30 01:00:00,28.6,28.485317,28.709293
2023-06-30 02:00:00,28.5,28.369389,28.62575
2023-06-30 03:00:00,28.6,28.249317,29.104578
2023-06-30 04:00:00,28.6,28.08946,29.402334
2023-06-30 05:00:00,28.5,27.536236,29.690786
2023-06-30 06:00:00,28.3,28.184492,29.098381
2023-06-30 07:00:00,30.1,29.387087,30.478628
2023-06-30 08:00:00,31.4,31.127724,31.720097
2023-06-30 09:00:00,32.4,32.33685,33.149204
2023-06-30 10:00:00,32.3,33.594074,34.104885
2023-06-30 11:00:00,33.8,34.992744,35.09705
2023-06-30 12:00:00,34.6,35.503647,35.952072
2023-06-30 13:00:00,34.8,35.191425,36.078518
2023-06-30 14:00:00,34.9,34.75994,35.916405
2023-06-30 15:00:00,34.8,33.71101,35.67091
2023-06-30 16:00:00,34.1,33.440186,34.921753
2023-06-30 17:00:00,29.4,32.125614,33.79105
2023-06-30 18:00:00,29.9,30.684076,31.399887
2023-06-30 19:00:00,29.5,30.20793,30.559923
2023-06-30 20:00:00,28.8,29.869568,30.340326
2023-06-30 21:00:00,28.5,29.536867,30.011007
2023-06-30 22:00:00,28.8,29.55094,29.644857
2023-06-30 23:00:00,28.9,29.324694,29.572203
2023-07-01 00:00:00,28.8,28.723387,29.210741
2023-07-01 01:00:00,27.6,28.425558,27.807669
2023-07-01 02:00:00,27.3,28.484238,28.212734
2023-07-01 03:00:00,26.6,28.245474,28.30314
2023-07-01 04:00:00,26.5,27.997505,28.744295
2023-07-01 05:00:00,27.5,27.933403,29.065405
2023-07-01 06:00:00,28.2,28.05557,29.444883
2023-07-01 07:00:00,28.5,29.277296,29.57747
2023-07-01 08:00:00,29.0,30.91252,31.194113
2023-07-01 09:00:00,29.7,32.089657,32.293686
2023-07-01 10:00:00,30.5,32.661972,33.04073
2023-07-01 11:00:00,31.6,33.662174,33.412777
2023-07-01 12:00:00,33.3,34.37365,34.428574
2023-07-01 13:00:00,33.5,34.03449,34.62694
2023-07-01 14:00:00,32.9,34.328106,34.315292
2023-07-01 15:00:00,32.0,33.672985,33.821537
2023-07-01 16:00:00,31.3,32.88409,33.235363
2023-07-01 17:00:00,27.7,32.085087,32.62509
2023-07-01 18:00:00,27.9,30.034878,29.142942
2023-07-01 19:00:00,27.6,29.711227,30.074282
2023-07-01 20:00:00,27.4,29.156988,29.631042
2023-07-01 21:00:00,27.4,28.98758,29.085659
2023-07-01 22:00:00,27.3,28.97151,28.958076
2023-07-01 23:00:00,27.2,28.682783,28.84518
2023-07-02 00:00:00,27.2,28.179592,28.948462
2023-07-02 01:00:00,26.7,27.837084,27.577944
2023-07-02 02:00:00,26.0,27.699373,27.620222
2023-07-02 03:00:00,25.4,26.101383,27.325472
2023-07-02 04:00:00,25.6,26.442186,26.236767
2023-07-02 05:00:00,26.3,27.346334,28.218351
2023-07-02 06:00:00,26.2,27.750017,28.365728
2023-07-02 07:00:00,26.6,28.489628,29.318628
2023-07-02 08:00:00,26.8,29.644268,29.99637
2023-07-02 09:00:00,28.2,30.67023,31.07277
2023-07-02 10:00:00,30.7,30.7865,31.582376
2023-07-02 11:00:00,32.1,31.851984,32.518887
2023-07-02 12:00:00,32.9,33.018078,33.155384
2023-07-02 13:00:00,33.2,33.10899,33.81517
2023-07-02 14:00:00,33.0,32.732246,33.51427
2023-07-02 15:00:00,32.8,31.582159,33.08094
2023-07-02 16:00:00,30.3,31.059658,32.34347
2023-07-02 17:00:00,28.4,29.341038,31.305513
2023-07-02 18:00:00,27.7,28.907671,28.639584
2023-07-02 19:00:00,27.6,28.554247,29.06447
2023-07-02 20:00:00,27.4,28.081953,28.368273
2023-07-02 21:00:00,26.9,27.734941,27.92973
2023-07-02 22:00:00,26.9,27.862928,27.75089
2023-07-02 23:00:00,26.7,27.652992,27.551733
2023-07-03 00:00:00,26.7,27.544348,27.576735
2023-07-03 01:00:00,26.9,27.065649,26.588816
2023-07-03 02:00:00,27.0,26.790024,27.058147
2023-07-03 03:00:00,27.0,26.176273,26.76768
2023-07-03 04:00:00,27.0,26.176853,26.852598
2023-07-03 05:00:00,27.3,26.37716,27.074095
2023-07-03 06:00:00,27.0,26.680525,27.852621
2023-07-03 07:00:00,27.4,27.370798,28.338427
2023-07-03 08:00:00,27.9,27.976795,28.51859
2023-07-03 09:00:00,28.9,29.455524,29.411371
2023-07-03 10:00:00,30.3,30.119944,30.113352
2023-07-03 11:00:00,31.5,31.264837,31.907328
2023-07-03 12:00:00,32.2,32.374466,32.48353
2023-07-03 13:00:00,30.9,32.235928,33.28857
2023-07-03 14:00:00,31.4,31.593105,33.089516
2023-07-03 15:00:00,30.8,31.3264,32.232197
2023-07-03 16:00:00,30.1,31.484459,30.466337
2023-07-03 17:00:00,27.9,29.324995,30.828257
2023-07-03 18:00:00,27.2,28.542263,29.09159
2023-07-03 19:00:00,26.9,28.280148,28.637388
2023-07-03 20:00:00,26.7,28.082611,28.3513
2023-07-03 21:00:00,26.5,27.832901,27.985935
2023-07-03 22:00:00,26.4,27.515194,27.783587
2023-07-03 23:00:00,26.2,27.132826,27.625689
2023-07-04 00:00:00,26.3,27.188047,27.59026
2023-07-04 01:00:00,26.3,27.214317,26.699152
2023-07-04 02:00:00,26.0,27.130402,26.875847
2023-07-04 03:00:00,25.8,27.113916,27.048723
2023-07-04 04:00:00,25.8,27.008896,27.113707
2023-07-04 05:00:00,26.2,27.181395,27.584578
2023-07-04 06:00:00,26.5,27.110472,27.115314
2023-07-04 07:00:00,27.4,27.560337,28.183739
2023-07-04 08:00:00,28.6,28.01751,29.424524
2023-07-04 09:00:00,30.0,29.148325,29.804987
2023-07-04 10:00:00,31.9,30.696321,30.987125
2023-07-04 11:00:00,33.4,31.449938,32.100685
2023-07-04 12:00:00,33.2,31.65417,32.81902
2023-07-04 13:00:00,34.2,32.04924,33.132915
2023-07-04 14:00:00,31.2,31.410038,32.23613
2023-07-04 15:00:00,30.7,31.027264,32.008476
2023-07-04 16:00:00,29.7,30.426537,31.138271
2023-07-04 17:00:00,30.4,29.270689,30.14417
2023-07-04 18:00:00,27.0,28.29708,27.948921
2023-07-04 19:00:00,26.8,28.219658,27.290483
2023-07-04 20:00:00,26.6,27.78285,27.454624
2023-07-04 21:00:00,26.7,27.611032,27.01826
2023-07-04 22:00:00,26.9,27.389008,27.123596
2023-07-04 23:00:00,27.0,27.00871,26.713676
2023-07-05 00:00:00,27.1,26.696527,27.010561
2023-07-05 01:00:00,27.1,26.785515,26.374552
2023-07-05 02:00:00,27.2,26.79376,26.388954
2023-07-05 03:00:00,27.3,26.721727,26.563547
2023-07-05 04:00:00,27.3,26.687315,26.821928
2023-07-05 05:00:00,28.2,26.805305,27.107084
2023-07-05 06:00:00,27.8,26.894892,27.582174
2023-07-05 07:00:00,28.0,27.752716,28.076002
2023-07-05 08:00:00,28.6,28.780096,28.989061
2023-07-05 09:00:00,29.0,29.929203,30.166758
2023-07-05 10:00:00,29.5,31.333885,31.352959
2023-07-05 11:00:00,30.0,33.048958,32.54709
2023-07-05 12:00:00,30.8,33.657593,33.520527
2023-07-05 13:00:00,31.5,33.877663,33.143703
2023-07-05 14:00:00,31.9,33.072712,33.408092
2023-07-05 15:00:00,31.8,30.267187,31.622282
2023-07-05 16:00:00,31.3,29.748154,29.061087
2023-07-05 17:00:00,30.3,30.089083,30.07046
2023-07-05 18:00:00,29.5,28.93693,29.795677
2023-07-05 19:00:00,29.3,28.326181,27.527597
2023-07-05 20:00:00,29.1,27.891457,28.031874
2023-07-05 21:00:00,28.5,27.589231,27.510939
2023-07-05 22:00:00,28.0,27.4043,27.504145
2023-07-05 23:00:00,28.0,27.350456,27.465044
2023-07-06 00:00:00,27.9,27.275854,27.472078
2023-07-06 01:00:00,27.8,27.241245,26.938244
2023-07-06 02:00:00,27.7,27.135458,27.162783
2023-07-06 03:00:00,27.6,27.200348,27.308008
2023-07-06 04:00:00,27.4,27.257767,27.673738
2023-07-06 05:00:00,27.1,27.66232,28.05808
2023-07-06 06:00:00,27.4,27.645489,28.830729
2023-07-06 07:00:00,27.9,27.986908,28.778543
2023-07-06 08:00:00,29.3,28.735046,29.727049
2023-07-06 09:00:00,31.1,29.584263,30.452036
2023-07-06 10:00:00,32.1,30.803493,31.176756
2023-07-06 11:00:00,33.1,31.371532,31.871803
2023-07-06 12:00:00,33.8,31.572668,32.29212
2023-07-06 13:00:00,34.1,32.31465,32.42948
2023-07-06 14:00:00,33.6,32.292976,32.818954
2023-07-06 15:00:00,32.6,31.91427,31.978672
2023-07-06 16:00:00,32.4,31.114233,31.711287
2023-07-06 17:00:00,32.6,30.044727,30.940836
2023-07-06 18:00:00,31.2,28.860077,29.954931
2023-07-06 19:00:00,29.8,28.808193,28.393093
2023-07-06 20:00:00,29.1,28.745329,28.5552
2023-07-06 21:00:00,28.7,28.2996,28.466295
2023-07-06 22:00:00,28.7,27.75612,27.996141
2023-07-06 23:00:00,28.4,27.593397,27.714163
2023-07-07 00:00:00,28.2,27.316097,27.792402
2023-07-07 01:00:00,28.0,26.918219,27.085407
2023-07-07 02:00:00,27.3,26.71541,27.376646
2023-07-07 03:00:00,27.2,26.76125,27.635603
2023-07-07 04:00:00,27.5,26.697317,27.977741
2023-07-07 05:00:00,28.1,26.805407,28.189291
2023-07-07 06:00:00,28.4,27.059763,28.267172
2023-07-07 07:00:00,29.1,27.659538,29.118773
2023-07-07 08:00:00,30.3,29.056686,29.69751
2023-07-07 09:00:00,31.7,30.630934,30.866562
2023-07-07 10:00:00,32.6,32.400238,32.231766
2023-07-07 11:00:00,33.5,33.217884,32.87
2023-07-07 12:00:00,34.0,33.54582,33.35527
2023-07-07 13:00:00,34.2,33.19041,33.852734
2023-07-07 14:00:00,34.3,32.877705,33.64008
2023-07-07 15:00:00,32.7,32.311844,33.333313
2023-07-07 16:00:00,32.9,31.517582,32.29981
2023-07-07 17:00:00,31.9,30.79721,31.818766
2023-07-07 18:00:00,30.0,30.035921,31.108496
2023-07-07 19:00:00,30.0,29.745363,30.312162
2023-07-07 20:00:00,29.6,29.037996,29.54621
2023-07-07 21:00:00,29.1,28.237196,29.111465
2023-07-07 22:00:00,28.5,28.06887,28.701702
2023-07-07 23:00:00,27.9,28.108187,28.613304
2023-07-08 00:00:00,27.6,27.811855,28.495314
2023-07-08 01:00:00,27.3,27.637724,27.753414
2023-07-08 02:00:00,27.2,27.299448,27.779663
2023-07-08 03:00:00,27.3,27.03493,27.702457
2023-07-08 04:00:00,27.4,27.018574,27.886156
2023-07-08 05:00:00,28.6,27.566442,28.292479
2023-07-08 06:00:00,28.7,28.016579,28.894888
2023-07-08 07:00:00,29.6,28.79671,29.584957
2023-07-08 08:00:00,31.3,29.905678,30.40189
2023-07-08 09:00:00,32.4,31.553255,31.529825
2023-07-08 10:00:00,33.2,32.344284,32.84077
2023-07-08 11:00:00,34.2,33.350418,33.389225
2023-07-08 12:00:00,35.0,33.450344,33.925217
2023-07-08 13:00:00,35.3,33.742924,33.97044
2023-07-08 14:00:00,33.8,33.497,33.909946
2023-07-08 15:00:00,33.4,32.04856,33.483368
2023-07-08 16:00:00,33.9,31.859074,31.686438
2023-07-08 17:00:00,28.9,31.177525,32.19708
2023-07-08 18:00:00,28.2,29.800869,31.21143
2023-07-08 19:00:00,27.6,29.405464,29.908422
2023-07-08 20:00:00,26.9,29.10412,29.64237
2023-07-08 21:00:00,26.9,28.686161,29.019838
2023-07-08 22:00:00,26.5,28.370268,28.700644
2023-07-08 23:00:00,26.4,27.818394,28.30792
2023-07-09 00:00:00,26.3,27.553713,28.25638
2023-07-09 01:00:00,26.3,27.524366,27.396914
2023-07-09 02:00:00,26.0,27.29414,27.33513
2023-07-09 03:00:00,25.1,27.047052,27.401934
2023-07-09 04:00:00,25.4,27.189384,27.662848
2023-07-09 05:00:00,26.2,27.776327,28.256567
2023-07-09 06:00:00,26.9,27.96619,29.37517
2023-07-09 07:00:00,27.9,28.851963,29.803535
2023-07-09 08:00:00,29.1,30.419937,30.630766
2023-07-09 09:00:00,29.0,31.714401,32.12415
2023-07-09 10:00:00,28.7,32.500908,32.902145
2023-07-09 11:00:00,28.4,33.210743,33.54611
2023-07-09 12:00:00,29.6,33.74342,34.11764
2023-07-09 13:00:00,30.8,33.84307,34.333427
2023-07-09 14:00:00,31.3,33.276005,34.15578
2023-07-09 15:00:00,31.3,32.38653,32.958397
2023-07-09 16:00:00,31.1,32.016083,32.368782
2023-07-09 17:00:00,26.7,30.64352,31.82509
2023-07-09 18:00:00,27.1,29.25622,28.611353
2023-07-09 19:00:00,27.0,29.030796,28.282488
2023-07-09 20:00:00,27.3,28.433258,29.32229
2023-07-09 21:00:00,27.0,27.873817,28.11167
2023-07-09 22:00:00,26.8,27.475676,28.16479
2023-07-09 23:00:00,26.3,27.168453,27.721418
2023-07-10 00:00:00,25.9,27.117832,27.544153
2023-07-10 01:00:00,26.1,26.98362,26.864212
2023-07-10 02:00:00,25.9,26.625778,26.969349
2023-07-10 03:00:00,25.7,26.416672,27.010338
2023-07-10 04:00:00,25.7,26.334679,27.316418
2023-07-10 05:00:00,26.0,26.447643,27.517382
2023-07-10 06:00:00,26.5,26.96141,27.77266
2023-07-10 07:00:00,26.8,28.061087,28.731817
2023-07-10 08:00:00,26.9,29.387787,29.578478
2023-07-10 09:00:00,28.0,29.125967,30.631285
2023-07-10 10:00:00,28.8,30.756329,29.309292
2023-07-10 11:00:00,30.2,30.807924,32.19855
2023-07-10 12:00:00,31.2,31.463734,31.24439
2023-07-10 13:00:00,31.8,31.523668,31.994684
2023-07-10 14:00:00,31.3,31.530838,31.823511
2023-07-10 15:00:00,31.1,31.04049,31.37057
2023-07-10 16:00:00,31.1,31.00057,30.991596
2023-07-10 17:00:00,30.8,28.315794,30.325163
2023-07-10 18:00:00,29.8,27.599003,28.352865
2023-07-10 19:00:00,29.3,27.63586,28.278921
2023-07-10 20:00:00,28.9,27.281252,27.713457
2023-07-10 21:00:00,28.7,27.337091,27.560354
2023-07-10 22:00:00,28.3,27.069353,27.255905
2023-07-10 23:00:00,27.8,26.738285,26.897013
2023-07-11 00:00:00,27.0,26.375484,26.959822
2023-07-11 01:00:00,25.3,26.472305,26.2036
2023-07-11 02:00:00,25.4,26.367096,26.10359
2023-07-11 03:00:00,24.8,26.075703,26.504774
2023-07-11 04:00:00,24.5,26.027319,26.196203
2023-07-11 05:00:00,25.7,26.563332,26.580603
2023-07-11 06:00:00,24.8,27.0009,27.433966
2023-07-11 07:00:00,25.1,27.495392,28.024347
2023-07-11 08:00:00,26.1,28.57627,28.683956
2023-07-11 09:00:00,27.6,29.444563,29.47663
2023-07-11 10:00:00,29.5,29.60553,30.065289
2023-07-11 11:00:00,31.2,30.682732,30.856516
2023-07-11 12:00:00,32.0,31.253576,31.781404
2023-07-11 13:00:00,32.5,31.530512,32.21872
2023-07-11 14:00:00,32.4,31.074661,31.967106
2023-07-11 15:00:00,30.4,30.855595,31.485706
2023-07-11 16:00:00,29.7,30.213297,31.170721
2023-07-11 17:00:00,28.2,29.634716,30.738905
2023-07-11 18:00:00,27.7,29.186178,29.66304
2023-07-11 19:00:00,27.0,28.907389,29.193739
2023-07-11 20:00:00,26.6,28.614428,28.713167
2023-07-11 21:00:00,26.4,28.403662,28.490126
2023-07-11 22:00:00,26.9,27.95725,28.082071
2023-07-11 23:00:00,27.1,27.513525,27.804403
2023-07-12 00:00:00,26.8,26.884756,26.774296
2023-07-12 01:00:00,26.4,25.968077,26.350857
2023-07-12 02:00:00,26.1,26.052322,26.426386
2023-07-12 03:00:00,26.1,25.631672,26.071583
2023-07-12 04:00:00,26.3,25.462603,25.976702
2023-07-12 05:00:00,26.3,25.889072,26.59909
2023-07-12 06:00:00,26.4,25.907108,27.153778
2023-07-12 07:00:00,27.1,26.406591,27.679646
2023-07-12 08:00:00,28.5,27.485836,28.175478
2023-07-12 09:00:00,30.1,27.986483,29.250868
2023-07-12 10:00:00,31.3,29.734661,30.179476
2023-07-12 11:00:00,31.9,30.886202,31.381851
2023-07-12 12:00:00,32.3,31.588158,32.549995
2023-07-12 13:00:00,32.5,31.785316,32.77497
2023-07-12 14:00:00,32.6,31.576199,32.822216
2023-07-12 15:00:00,32.7,31.411566,31.87021
2023-07-12 16:00:00,31.7,30.457619,30.321615
2023-07-12 17:00:00,30.1,30.243198,30.02173
2023-07-12 18:00:00,29.5,29.127756,29.160906
2023-07-12 19:00:00,28.4,28.535517,28.186617
2023-07-12 20:00:00,28.5,27.80588,27.639372
2023-07-12 21:00:00,28.2,27.344814,27.628656
2023-07-12 22:00:00,27.9,27.535233,27.360674
2023-07-12 23:00:00,27.8,27.27927,27.428915
2023-07-13 00:00:00,27.7,27.149858,27.496912
2023-07-13 01:00:00,27.5,26.71926,26.527899
2023-07-13 02:00:00,27.2,26.42398,26.248617
2023-07-13 03:00:00,27.1,26.258612,26.176968
2023-07-13 04:00:00,26.9,26.28733,26.3505
2023-07-13 05:00:00,27.2,26.278185,26.953508
2023-07-13 06:00:00,27.4,26.486876,27.691442
2023-07-13 07:00:00,28.1,27.08853,27.847078
2023-07-13 08:00:00,29.2,28.162731,28.667507
2023-07-13 09:00:00,30.4,29.678537,29.97053
2023-07-13 10:00:00,31.5,30.95617,31.241175
2023-07-13 11:00:00,32.5,31.656754,32.264072
2023-07-13 12:00:00,33.1,31.829412,32.821472
2023-07-13 13:00:00,33.7,32.18676,32.822998
2023-07-13 14:00:00,33.9,31.768389,32.740284
2023-07-13 15:00:00,33.9,31.535929,32.50894
2023-07-13 16:00:00,32.2,30.758842,32.04114
2023-07-13 17:00:00,33.1,30.005491,30.961445
2023-07-13 18:00:00,31.1,29.2851,29.377218
2023-07-13 19:00:00,29.4,28.940649,28.903238
2023-07-13 20:00:00,29.3,28.27283,27.926874
2023-07-13 21:00:00,29.2,28.14667,28.238766
2023-07-13 22:00:00,29.2,27.812248,27.905516
2023-07-13 23:00:00,28.8,27.729113,27.772764
2023-07-14 00:00:00,28.6,27.343872,27.705088
2023-07-14 01:00:00,28.2,27.234798,27.034939
2023-07-14 02:00:00,28.0,26.857044,27.137508
2023-07-14 03:00:00,27.7,26.795156,27.214848
2023-07-14 04:00:00,27.3,26.618382,27.575651
2023-07-14 05:00:00,27.9,26.851858,27.82408
2023-07-14 06:00:00,28.2,27.093182,28.422585
2023-07-14 07:00:00,29.3,27.80647,28.906
2023-07-14 08:00:00,30.8,29.08585,29.629179
2023-07-14 09:00:00,31.7,30.313437,30.70675
2023-07-14 10:00:00,32.7,31.396997,31.752344
2023-07-14 11:00:00,33.6,32.221947,32.59106
2023-07-14 12:00:00,34.3,32.58632,33.08698
2023-07-14 13:00:00,34.8,33.40881,33.134727
2023-07-14 14:00:00,35.2,32.916462,33.29488
2023-07-14 15:00:00,35.1,32.66273,32.998226
2023-07-14 16:00:00,34.8,31.377956,32.774296
2023-07-14 17:00:00,34.2,30.951307,31.196491
2023-07-14 18:00:00,31.8,30.314293,31.375013
2023-07-14 19:00:00,30.8,29.239775,29.940638
2023-07-14 20:00:00,30.6,29.249447,28.82608
2023-07-14 21:00:00,30.0,28.855362,28.96929
2023-07-14 22:00:00,29.7,28.807224,28.691008
2023-07-14 23:00:00,29.2,28.415554,28.485811
2023-07-15 00:00:00,28.5,28.104403,28.336897
2023-07-15 01:00:00,28.1,27.802843,27.764423
2023-07-15 02:00:00,27.7,27.732574,27.648645
2023-07-15 03:00:00,27.5,27.467451,27.848616
2023-07-15 04:00:00,27.5,27.223194,27.930756
2023-07-15 05:00:00,28.4,27.364008,28.161623
2023-07-15 06:00:00,28.8,27.52563,28.851
2023-07-15 07:00:00,28.9,28.456257,29.455027
2023-07-15 08:00:00,29.9,29.51977,30.361326
2023-07-15 09:00:00,31.7,31.207378,31.588442
2023-07-15 10:00:00,31.9,32.237,32.46508
2023-07-15 11:00:00,32.4,33.090996,33.133747
2023-07-15 12:00:00,33.4,33.445457,33.61368
2023-07-15 13:00:00,33.7,33.772503,33.948742
2023-07-15 14:00:00,34.1,34.093166,33.917103
2023-07-15 15:00:00,34.0,33.240833,33.690258
2023-07-15 16:00:00,33.6,32.5161,33.134483
2023-07-15 17:00:00,32.4,32.40173,32.603355
2023-07-15 18:00:00,30.8,30.622663,31.524496
2023-07-15 19:00:00,30.1,29.742088,30.590824
2023-07-15 20:00:00,29.9,29.600641,29.623247
2023-07-15 21:00:00,29.5,29.548662,29.636023
2023-07-15 22:00:00,29.1,29.283651,29.203539
2023-07-15 23:00:00,29.0,28.637566,29.016722
2023-07-16 00:00:00,28.6,28.268171,28.832798
2023-07-16 01:00:00,28.2,27.846075,28.049334
2023-07-16 02:00:00,28.1,27.697468,27.868046
2023-07-16 03:00:00,27.9,27.581598,27.830168
2023-07-16 04:00:00,27.7,27.432184,27.999071
2023-07-16 05:00:00,28.1,28.101377,28.283129
2023-07-16 06:00:00,28.5,28.247911,29.277666
2023-07-16 07:00:00,29.6,28.917276,29.900831
2023-07-16 08:00:00,31.0,30.05121,30.44567
2023-07-16 09:00:00,32.3,31.387602,31.584127
2023-07-16 10:00:00,33.3,32.027966,32.762627
2023-07-16 11:00:00,34.0,32.577698,33.15166
2023-07-16 12:00:00,34.6,33.36803,33.605022
2023-07-16 13:00:00,35.3,33.62615,33.883198
2023-07-16 14:00:00,35.7,33.58641,33.68124
2023-07-16 15:00:00,34.7,33.077007,33.467533
2023-07-16 16:00:00,31.7,32.224155,33.110424
2023-07-16 17:00:00,29.0,31.562729,32.609303
2023-07-16 18:00:00,28.7,30.130413,31.509104
2023-07-16 19:00:00,29.2,29.449083,30.308146
2023-07-16 20:00:00,28.8,29.48144,29.698503
2023-07-16 21:00:00,28.6,29.125412,29.39163
2023-07-16 22:00:00,28.6,29.02691,28.992146
2023-07-16 23:00:00,29.0,28.54661,28.70104
2023-07-17 00:00:00,28.6,28.097143,28.688524
2023-07-17 01:00:00,28.6,27.927149,27.861193
2023-07-17 02:00:00,28.0,27.573746,27.865618
2023-07-17 03:00:00,27.7,27.258059,28.096392
2023-07-17 04:00:00,28.0,27.131737,28.215479
2023-07-17 05:00:00,28.4,27.580288,28.551785
2023-07-17 06:00:00,29.0,28.127728,29.211664
2023-07-17 07:00:00,30.0,28.863165,29.839598
2023-07-17 08:00:00,30.8,30.051725,30.741928
2023-07-17 09:00:00,31.8,31.587736,31.878317
2023-07-17 10:00:00,32.8,32.56436,33.060246
2023-07-17 11:00:00,33.5,33.24591,33.623493
2023-07-17 12:00:00,33.9,33.962467,33.94322
2023-07-17 13:00:00,35.1,34.569145,34.272694
2023-07-17 14:00:00,35.6,34.4141,34.226288
2023-07-17 15:00:00,36.1,32.78419,34.114666
2023-07-17 16:00:00,35.6,32.869686,33.17094
2023-07-17 17:00:00,33.7,30.961813,31.313189
2023-07-17 18:00:00,31.8,29.799427,29.684464
2023-07-17 19:00:00,31.7,29.50204,29.528166
2023-07-17 20:00:00,29.7,29.047089,29.346643
2023-07-17 21:00:00,29.0,29.085974,28.771757
2023-07-17 22:00:00,28.8,28.312836,27.431147
2023-07-17 23:00:00,29.0,28.47193,28.471678
2023-07-18 00:00:00,30.1,28.264236,28.794378
2023-07-18 01:00:00,30.0,27.989788,27.83375
2023-07-18 02:00:00,29.9,27.842861,27.952475
2023-07-18 03:00:00,29.2,27.580334,28.039675
2023-07-18 04:00:00,28.9,27.395638,28.130898
2023-07-18 05:00:00,29.5,27.575588,28.515059
2023-07-18 06:00:00,29.4,28.22833,29.354046
2023-07-18 07:00:00,29.4,29.437357,30.33559
2023-07-18 08:00:00,29.4,30.575562,31.241941
2023-07-18 09:00:00,30.7,31.842707,32.238625
2023-07-18 10:00:00,33.1,32.877075,33.11987
2023-07-18 11:00:00,34.4,33.54724,33.79413
2023-07-18 12:00:00,35.3,33.835804,34.249004
2023-07-18 13:00:00,35.5,34.677402,34.411533
2023-07-18 14:00:00,35.9,34.510777,34.713547
2023-07-18 15:00:00,36.3,33.654457,34.503147
2023-07-18 16:00:00,34.7,33.229427,34.107746
2023-07-18 17:00:00,31.6,31.429867,32.94772
2023-07-18 18:00:00,29.7,30.331068,31.559841
2023-07-18 19:00:00,28.5,30.247734,30.471655
2023-07-18 20:00:00,29.0,28.895355,30.378958
2023-07-18 21:00:00,28.3,28.404982,27.391684
2023-07-18 22:00:00,28.4,28.490294,27.378584
2023-07-18 23:00:00,29.3,28.619112,28.694422
2023-07-19 00:00:00,29.8,28.624222,28.27461
2023-07-19 01:00:00,29.4,28.809391,28.590658
2023-07-19 02:00:00,28.8,28.744898,28.847395
2023-07-19 03:00:00,28.5,28.555866,29.007986
2023-07-19 04:00:00,28.3,28.282608,29.060957
2023-07-19 05:00:00,28.4,28.663744,29.472326
2023-07-19 06:00:00,28.7,28.719406,30.205889
2023-07-19 07:00:00,29.0,29.281767,30.463854
2023-07-19 08:00:00,29.5,29.509096,31.15994
2023-07-19 09:00:00,30.3,31.161922,31.40869
2023-07-19 10:00:00,31.7,32.937557,32.88242
2023-07-19 11:00:00,33.5,34.527317,34.2016
2023-07-19 12:00:00,34.1,35.26334,34.903194
2023-07-19 13:00:00,35.6,35.354916,35.074093
2023-07-19 14:00:00,36.2,35.014652,34.913857
2023-07-19 15:00:00,36.0,34.020245,34.884285
2023-07-19 16:00:00,35.4,33.35509,34.411762
2023-07-19 17:00:00,34.1,32.1737,33.48437
2023-07-19 18:00:00,33.0,29.795609,31.106676
2023-07-19 19:00:00,33.2,29.412712,29.566298
2023-07-19 20:00:00,33.1,29.268072,30.048727
2023-07-19 21:00:00,32.4,28.579262,29.36572
2023-07-19 22:00:00,31.5,28.525524,28.717443
2023-07-19 23:00:00,30.6,28.407225,28.771091
2023-07-20 00:00:00,30.1,28.870617,29.159414
2023-07-20 01:00:00,29.6,29.12596,28.934364
2023-07-20 02:00:00,29.9,28.916256,28.920187
2023-07-20 03:00:00,29.5,28.088264,28.888813
2023-07-20 04:00:00,29.1,28.156063,29.096457
2023-07-20 05:00:00,29.4,28.52594,29.31078
2023-07-20 06:00:00,29.5,28.641397,29.89412
2023-07-20 07:00:00,30.1,29.131006,30.36221
2023-07-20 08:00:00,31.2,29.47217,30.835154
2023-07-20 09:00:00,31.7,30.726107,31.474337
2023-07-20 10:00:00,33.1,32.296753,32.411667
2023-07-20 11:00:00,33.7,33.580036,33.607372
2023-07-20 12:00:00,35.5,34.63824,34.53172
2023-07-20 13:00:00,36.0,35.7542,34.737644
2023-07-20 14:00:00,35.8,35.1446,35.1701
2023-07-20 15:00:00,35.5,33.523308,35.10026
2023-07-20 16:00:00,34.6,32.89333,34.251453
2023-07-20 17:00:00,34.5,32.174816,33.299477
2023-07-20 18:00:00,33.3,31.227499,31.68249
2023-07-20 19:00:00,32.3,31.126654,30.782225
2023-07-20 20:00:00,31.5,31.013458,30.848188
2023-07-20 21:00:00,30.8,30.543894,30.188719
2023-07-20 22:00:00,30.2,30.40702,29.626938
2023-07-20 23:00:00,29.8,29.840477,29.494658
2023-07-21 00:00:00,29.5,29.119574,29.397932
2023-07-21 01:00:00,29.2,28.798328,28.7004
2023-07-21 02:00:00,28.8,28.708479,28.84593
2023-07-21 03:00:00,27.9,28.614523,29.116693
2023-07-21 04:00:00,27.8,28.700119,29.206
2023-07-21 05:00:00,29.5,28.7536,29.499525
2023-07-21 06:00:00,30.0,29.018185,30.291105
2023-07-21 07:00:00,30.2,29.641708,30.602964
2023-07-21 08:00:00,30.3,30.407305,31.483257
2023-07-21 09:00:00,31.4,31.644617,32.480606
2023-07-21 10:00:00,32.4,32.62062,32.971222
2023-07-21 11:00:00,33.0,33.635002,34.097034
2023-07-21 12:00:00,34.4,35.42287,34.488567
2023-07-21 13:00:00,33.6,35.694553,35.211555
2023-07-21 14:00:00,34.6,35.323833,35.198193
2023-07-21 15:00:00,33.7,34.20824,34.718967
2023-07-21 16:00:00,33.4,33.243248,34.031643
2023-07-21 17:00:00,31.9,32.7107,33.05884
2023-07-21 18:00:00,30.3,31.356152,32.42398
2023-07-21 19:00:00,30.3,31.20952,31.580774
2023-07-21 20:00:00,30.2,30.769396,30.969776
2023-07-21 21:00:00,30.2,29.694746,30.19334
2023-07-21 22:00:00,29.9,29.777,29.726595
2023-07-21 23:00:00,29.3,29.563766,29.303686
2023-07-22 00:00:00,29.2,29.173615,29.101269
2023-07-22 01:00:00,28.0,28.880133,28.424305
2023-07-22 02:00:00,26.1,28.790167,28.25462
2023-07-22 03:00:00,25.9,28.367489,28.531822
2023-07-22 04:00:00,25.7,28.040726,28.512121
2023-07-22 05:00:00,26.1,28.44445,28.899988
2023-07-22 06:00:00,26.2,29.072853,30.393763
2023-07-22 07:00:00,26.7,29.829449,30.923838
2023-07-22 08:00:00,27.2,30.541145,31.58541
2023-07-22 09:00:00,28.0,31.336843,32.14001
2023-07-22 10:00:00,28.4,32.31565,33.100582
2023-07-22 11:00:00,28.4,33.166824,34.039097
2023-07-22 12:00:00,28.7,34.3926,34.037586
2023-07-22 13:00:00,28.8,34.621647,34.952087
2023-07-22 14:00:00,28.6,34.68703,34.144978
2023-07-22 15:00:00,29.0,33.352158,34.236763
2023-07-22 16:00:00,28.8,32.16082,33.172512
2023-07-22 17:00:00,28.3,31.935417,32.716896
2023-07-22 18:00:00,25.8,30.62101,30.375914
2023-07-22 19:00:00,25.9,29.635384,30.720888
2023-07-22 20:00:00,26.0,29.35516,29.916708
2023-07-22 21:00:00,26.3,29.32732,29.744068
2023-07-22 22:00:00,26.4,29.42758,29.546036
2023-07-22 23:00:00,26.3,28.623854,29.379568
2023-07-23 00:00:00,26.4,28.398445,28.90793
2023-07-23 01:00:00,26.2,27.978764,28.373272
2023-07-23 02:00:00,25.7,27.423775,27.927605
2023-07-23 03:00:00,25.6,27.044312,27.208857
2023-07-23 04:00:00,25.5,26.5784,27.30253
2023-07-23 05:00:00,25.8,26.820248,27.577013
2023-07-23 06:00:00,26.1,27.455992,28.223684
2023-07-23 07:00:00,26.8,27.934385,28.664383
2023-07-23 08:00:00,27.4,28.382961,29.534956
2023-07-23 09:00:00,27.8,29.280367,30.293478
2023-07-23 10:00:00,28.5,30.205605,31.133936
2023-07-23 11:00:00,29.5,31.134573,31.665068
2023-07-23 12:00:00,29.4,31.721987,31.740187
2023-07-23 13:00:00,29.2,31.553085,32.021782
2023-07-23 14:00:00,29.1,30.527895,31.310684
2023-07-23 15:00:00,28.6,30.849125,31.102327
2023-07-23 16:00:00,28.8,30.651659,30.502533
2023-07-23 17:00:00,27.1,29.250767,29.983751
2023-07-23 18:00:00,26.2,27.970545,29.220963
2023-07-23 19:00:00,26.2,27.963186,27.992506
2023-07-23 20:00:00,25.9,28.404419,28.04606
2023-07-23 21:00:00,26.0,28.063719,27.59809
2023-07-23 22:00:00,25.7,27.99147,27.47708
2023-07-23 23:00:00,25.5,27.601206,27.329248
2023-07-24 00:00:00,25.5,27.29995,27.047934
2023-07-24 01:00:00,25.4,26.919584,26.350832
2023-07-24 02:00:00,24.9,26.32907,26.280775
2023-07-24 03:00:00,24.7,26.198885,25.920565
2023-07-24 04:00:00,24.7,26.031652,26.291399
2023-07-24 05:00:00,25.1,26.318962,26.58544
2023-07-24 06:00:00,25.3,27.059141,27.144901
2023-07-24 07:00:00,25.8,27.419744,27.456352
2023-07-24 08:00:00,26.6,28.16415,28.498268
2023-07-24 09:00:00,27.4,28.870321,29.253038
2023-07-24 10:00:00,28.1,29.761389,30.027222
2023-07-24 11:00:00,28.4,30.552502,30.741854
2023-07-24 12:00:00,28.2,30.33638,31.282066
2023-07-24 13:00:00,28.2,30.437035,31.199831
2023-07-24 14:00:00,28.5,30.098307,30.927715
2023-07-24 15:00:00,28.6,29.784998,30.580572
2023-07-24 16:00:00,28.3,29.527313,29.923225
2023-07-24 17:00:00,26.8,28.589678,29.652739
2023-07-24 18:00:00,26.4,27.550732,28.23192
2023-07-24 19:00:00,26.1,27.678389,27.547356
2023-07-24 20:00:00,25.9,27.393005,27.39976
2023-07-24 21:00:00,25.8,27.393225,26.953629
2023-07-24 22:00:00,25.7,27.066126,26.912573
2023-07-24 23:00:00,25.6,26.839363,26.745367
2023-07-25 00:00:00,25.4,26.356308,26.629232
2023-07-25 01:00:00,25.2,26.166468,25.973742
2023-07-25 02:00:00,25.1,25.792528,26.052656
2023-07-25 03:00:00,25.0,25.513672,25.875162
2023-07-25 04:00:00,25.1,25.437147,26.027185
2023-07-25 05:00:00,25.6,25.867727,26.5012
2023-07-25 06:00:00,25.6,26.394535,26.874102
2023-07-25 07:00:00,26.1,27.243673,27.291765
2023-07-25 08:00:00,26.5,28.054995,28.09349
2023-07-25 09:00:00,26.5,28.511261,29.01412
2023-07-25 10:00:00,26.9,29.363281,29.7782
2023-07-25 11:00:00,26.7,30.525185,30.242735
2023-07-25 12:00:00,27.2,31.026213,30.69193
2023-07-25 13:00:00,28.0,30.863049,30.46925
2023-07-25 14:00:00,28.6,30.248795,30.314648
2023-07-25 15:00:00,28.4,29.99203,30.204239
2023-07-25 16:00:00,28.7,29.830774,29.739195
2023-07-25 17:00:00,28.8,28.967707,29.133055
2023-07-25 18:00:00,28.3,28.181877,27.797194
2023-07-25 19:00:00,27.8,27.682594,27.545357
2023-07-25 20:00:00,27.3,27.5517,27.2083
2023-07-25 21:00:00,26.6,27.383343,26.898981
2023-07-25 22:00:00,26.0,27.131771,26.717686
2023-07-25 23:00:00,25.8,26.950985,26.515596
2023-07-26 00:00:00,25.8,26.274992,26.440052
2023-07-26 01:00:00,25.7,26.116768,25.740885
2023-07-26 02:00:00,25.5,25.948792,25.673063
2023-07-26 03:00:00,25.7,25.729633,25.718391
2023-07-26 04:00:00,25.9,25.720999,25.8856
2023-07-26 05:00:00,26.4,26.190712,26.399254
2023-07-26 06:00:00,26.6,26.406862,27.045225
2023-07-26 07:00:00,27.5,27.364073,27.54893
2023-07-26 08:00:00,29.2,28.244612,28.288065
2023-07-26 09:00:00,30.6,28.834425,28.922407
2023-07-26 10:00:00,31.4,29.34798,29.234556
2023-07-26 11:00:00,32.2,29.513334,29.799278
2023-07-26 12:00:00,33.3,30.29559,29.747974
2023-07-26 13:00:00,34.1,30.774529,29.88091
2023-07-26 14:00:00,34.5,30.166807,30.081087
2023-07-26 15:00:00,34.6,29.996155,30.166977
2023-07-26 16:00:00,33.8,29.724327,29.663807
2023-07-26 17:00:00,32.1,29.14085,29.46446
2023-07-26 18:00:00,30.7,28.46651,28.897806
2023-07-26 19:00:00,29.8,28.172724,28.49737
2023-07-26 20:00:00,29.1,27.750835,28.031456
2023-07-26 21:00:00,29.7,27.563272,27.645874
2023-07-26 22:00:00,29.0,27.300106,27.137207
2023-07-26 23:00:00,28.8,26.81129,26.841248
2023-07-27 00:00:00,28.3,26.389244,26.711315
2023-07-27 01:00:00,28.1,26.035751,26.022665
2023-07-27 02:00:00,28.0,25.81569,26.099087
2023-07-27 03:00:00,27.6,25.85465,26.297743
2023-07-27 04:00:00,27.0,26.164331,26.740574
2023-07-27 05:00:00,27.1,26.502134,27.140205
2023-07-27 06:00:00,27.3,26.622393,27.790419
2023-07-27 07:00:00,28.3,27.539757,28.373384
2023-07-27 08:00:00,29.7,28.806608,29.272669
2023-07-27 09:00:00,30.9,30.467855,30.504457
2023-07-27 10:00:00,32.0,31.708002,31.490868
2023-07-27 11:00:00,33.1,32.3755,32.10221
2023-07-27 12:00:00,34.5,33.007824,32.42874
2023-07-27 13:00:00,35.0,33.36711,33.153484
2023-07-27 14:00:00,35.3,33.222084,33.090363
2023-07-27 15:00:00,35.1,33.00713,32.968643
2023-07-27 16:00:00,34.7,31.750788,32.547203
2023-07-27 17:00:00,33.4,30.369099,31.76927
2023-07-27 18:00:00,31.9,29.709826,30.612574
2023-07-27 19:00:00,30.2,29.104044,29.853857
2023-07-27 20:00:00,30.2,28.810186,29.148848
2023-07-27 21:00:00,29.4,28.871778,28.850025
2023-07-27 22:00:00,29.8,28.675995,28.822325
2023-07-27 23:00:00,30.1,28.24317,28.285341
2023-07-28 00:00:00,29.1,27.902699,28.250872
2023-07-28 01:00:00,28.4,27.660084,27.546652
2023-07-28 02:00:00,28.0,27.346,27.68022
2023-07-28 03:00:00,27.8,27.314274,27.857515
2023-07-28 04:00:00,27.5,27.075766,27.98396
2023-07-28 05:00:00,28.0,26.954094,28.107403
2023-07-28 06:00:00,28.1,27.232222,28.721296
2023-07-28 07:00:00,28.8,28.105843,29.300634
2023-07-28 08:00:00,30.0,29.340347,30.275639
2023-07-28 09:00:00,31.1,30.855785,31.582363
2023-07-28 10:00:00,32.4,32.33817,32.58456
2023-07-28 11:00:00,33.5,32.728767,33.33151
2023-07-28 12:00:00,34.3,34.012905,33.786465
2023-07-28 13:00:00,35.0,34.23689,34.54417
2023-07-28 14:00:00,35.4,34.030678,34.39398
2023-07-28 15:00:00,35.5,33.54233,33.98797
2023-07-28 16:00:00,34.8,33.18605,33.450542
2023-07-28 17:00:00,33.7,31.645163,32.63287
2023-07-28 18:00:00,31.5,30.304108,31.127714
2023-07-28 19:00:00,30.3,30.0908,30.485115
2023-07-28 20:00:00,31.2,29.825603,29.57812
2023-07-28 21:00:00,31.6,29.460285,29.225203
2023-07-28 22:00:00,30.2,29.285673,29.129461
2023-07-28 23:00:00,29.6,29.303709,28.82226
2023-07-29 00:00:00,29.5,28.602745,28.987593
2023-07-29 01:00:00,28.9,28.052502,28.0368
2023-07-29 02:00:00,28.7,27.953512,27.973684
2023-07-29 03:00:00,28.3,27.676006,28.113523
2023-07-29 04:00:00,28.2,27.657013,28.18484
2023-07-29 05:00:00,28.7,27.736914,28.401003
2023-07-29 06:00:00,28.7,27.52184,29.098263
2023-07-29 07:00:00,29.3,28.31233,29.678854
2023-07-29 08:00:00,30.4,29.819777,30.316656
2023-07-29 09:00:00,31.5,31.103699,31.702162
2023-07-29 10:00:00,32.5,32.14813,32.52691
2023-07-29 11:00:00,33.5,33.152027,33.317825
2023-07-29 12:00:00,34.1,34.332493,34.099262
2023-07-29 13:00:00,34.7,34.283222,34.323677
2023-07-29 14:00:00,35.2,34.139412,34.465824
2023-07-29 15:00:00,35.5,33.90341,34.079365
2023-07-29 16:00:00,34.6,32.973015,33.663166
2023-07-29 17:00:00,32.4,32.362263,32.7737
2023-07-29 18:00:00,31.8,30.89553,31.543509
2023-07-29 19:00:00,30.2,29.650072,30.06991
2023-07-29 20:00:00,29.3,30.215591,29.415571
2023-07-29 21:00:00,29.6,30.428516,29.794264
2023-07-29 22:00:00,29.1,29.430742,29.72331
2023-07-29 23:00:00,28.8,29.093845,29.107578
2023-07-30 00:00:00,28.5,28.543152,29.11112
2023-07-30 01:00:00,28.4,28.35496,28.348623
2023-07-30 02:00:00,28.6,27.986025,28.172457
2023-07-30 03:00:00,28.4,27.662271,28.313364
2023-07-30 04:00:00,28.1,27.621885,28.467754
2023-07-30 05:00:00,29.0,27.928696,28.763247
2023-07-30 06:00:00,29.0,28.018654,29.482443
2023-07-30 07:00:00,29.6,28.83331,29.880156
2023-07-30 08:00:00,30.6,30.292435,30.675259
2023-07-30 09:00:00,31.4,31.427288,31.96903
2023-07-30 10:00:00,32.6,32.098755,32.668762
2023-07-30 11:00:00,33.9,33.51375,33.42703
2023-07-30 12:00:00,34.6,33.743343,33.916462
2023-07-30 13:00:00,34.8,34.227684,34.09128
2023-07-30 14:00:00,34.6,34.78629,34.051697
2023-07-30 15:00:00,33.4,34.397957,33.77546
2023-07-30 16:00:00,34.0,33.533524,33.287483
2023-07-30 17:00:00,29.8,32.17112,32.56466
2023-07-30 18:00:00,29.6,30.187078,29.815832
2023-07-30 19:00:00,29.3,29.963797,30.393196
2023-07-30 20:00:00,28.8,29.464415,29.662958
2023-07-30 21:00:00,28.1,29.810032,29.036455
2023-07-30 22:00:00,27.9,29.303024,29.558485
2023-07-30 23:00:00,27.8,28.76223,28.658348
2023-07-31 00:00:00,27.7,28.649446,28.516642
2023-07-31 01:00:00,27.4,28.253004,27.937963
2023-07-31 02:00:00,27.4,28.123287,27.904982
2023-07-31 03:00:00,27.9,27.889557,28.10755
2023-07-31 04:00:00,28.1,27.69939,28.46787
2023-07-31 05:00:00,29.0,28.48056,28.71057
2023-07-31 06:00:00,29.1,28.355732,29.524061
2023-07-31 07:00:00,29.5,29.09508,29.929485
2023-07-31 08:00:00,30.5,30.274233,30.625029
2023-07-31 09:00:00,31.8,31.523102,31.78129
2023-07-31 10:00:00,32.8,32.310036,32.57644
2023-07-31 11:00:00,33.8,33.358067,33.320183
2023-07-31 12:00:00,34.7,34.0156,33.88599
2023-07-31 13:00:00,35.1,34.307503,34.234768
2023-07-31 14:00:00,35.2,34.1105,33.955276
2023-07-31 15:00:00,33.9,33.267918,33.576275
2023-07-31 16:00:00,30.9,32.647324,32.623966
2023-07-31 17:00:00,33.5,31.942995,32.358936
2023-07-31 18:00:00,30.6,30.098549,28.915348
2023-07-31 19:00:00,29.7,29.81408,30.310595
2023-07-31 20:00:00,30.1,28.992407,29.191595
2023-07-31 21:00:00,30.9,28.479353,28.702868
2023-07-31 22:00:00,30.1,28.305643,28.281563
2023-07-31 23:00:00,29.5,28.075312,28.093168
2023-08-01 00:00:00,29.2,27.664988,28.38288
2023-08-01 01:00:00,29.2,27.59725,26.772474
2023-08-01 02:00:00,29.1,27.494131,26.850317
2023-08-01 03:00:00,28.9,27.432703,27.035923
2023-08-01 04:00:00,28.4,27.287054,27.49079
2023-08-01 05:00:00,28.8,28.251635,28.095526
2023-08-01 06:00:00,28.7,28.399574,28.866293
2023-08-01 07:00:00,29.4,29.118414,29.352133
2023-08-01 08:00:00,30.5,30.236858,30.017136
2023-08-01 09:00:00,31.6,31.594456,31.093836
2023-08-01 10:00:00,32.6,32.22951,31.831472
2023-08-01 11:00:00,33.8,33.101585,32.64624
2023-08-01 12:00:00,34.7,33.581573,33.303192
2023-08-01 13:00:00,35.5,33.921616,33.63584
2023-08-01 14:00:00,36.0,33.816975,33.45689
2023-08-01 15:00:00,36.0,33.008617,33.161053
2023-08-01 16:00:00,35.9,31.81465,31.51127
2023-08-01 17:00:00,34.7,30.135504,28.929003
2023-08-01 18:00:00,32.7,30.155983,29.974152
2023-08-01 19:00:00,32.3,29.210556,29.137999
2023-08-01 20:00:00,31.4,29.311504,28.550734
2023-08-01 21:00:00,30.7,29.542362,28.752808
2023-08-01 22:00:00,30.3,29.053291,28.970968
2023-08-01 23:00:00,30.0,28.661964,28.617826
2023-08-02 00:00:00,30.1,28.377615,28.177595
2023-08-02 01:00:00,30.0,28.22369,27.505917
2023-08-02 02:00:00,29.6,28.215816,27.724512
2023-08-02 03:00:00,29.2,28.064888,27.98842
2023-08-02 04:00:00,28.5,27.835587,28.199377
2023-08-02 05:00:00,28.7,28.13207,28.241877
2023-08-02 06:00:00,28.8,28.323421,29.251287
2023-08-02 07:00:00,29.6,29.2693,29.401714
2023-08-02 08:00:00,31.0,30.517057,30.190308
2023-08-02 09:00:00,32.3,32.101795,31.235935
2023-08-02 10:00:00,33.6,32.904007,32.31802
2023-08-02 11:00:00,34.6,33.708252,32.963547
2023-08-02 12:00:00,35.8,35.02714,33.68174
2023-08-02 13:00:00,36.7,35.456257,34.036053
2023-08-02 14:00:00,37.0,34.95651,34.12804
2023-08-02 15:00:00,36.8,34.29451,33.86372
2023-08-02 16:00:00,35.3,32.626163,33.133892
2023-08-02 17:00:00,31.8,32.634987,32.34023
2023-08-02 18:00:00,30.4,30.202562,31.521427
2023-08-02 19:00:00,29.5,29.59857,30.243979
2023-08-02 20:00:00,29.5,29.530605,30.25706
2023-08-02 21:00:00,29.3,28.855621,29.703327
2023-08-02 22:00:00,29.2,28.769613,29.457102
2023-08-02 23:00:00,29.0,28.607784,29.1312
2023-08-03 00:00:00,28.5,28.29904,28.993116
2023-08-03 01:00:00,28.1,28.653734,28.365257
2023-08-03 02:00:00,27.7,28.644484,28.457262
2023-08-03 03:00:00,27.6,28.362734,28.450632
2023-08-03 04:00:00,28.3,28.017784,28.553743
2023-08-03 05:00:00,28.2,28.307837,28.539574
2023-08-03 06:00:00,28.0,28.334454,29.212551
2023-08-03 07:00:00,29.1,29.379375,29.523394
2023-08-03 08:00:00,30.7,30.687872,30.452557
2023-08-03 09:00:00,31.9,32.24376,31.647081
2023-08-03 10:00:00,33.2,33.52445,32.496643
2023-08-03 11:00:00,34.9,34.22067,33.432346
2023-08-03 12:00:00,35.9,35.56224,33.84246
2023-08-03 13:00:00,36.8,35.84212,34.409008
2023-08-03 14:00:00,35.4,35.302437,34.574047
2023-08-03 15:00:00,31.4,34.537254,34.397198
2023-08-03 16:00:00,31.2,32.939594,33.993256
2023-08-03 17:00:00,31.9,31.931368,32.306637
2023-08-03 18:00:00,31.0,29.94848,29.15771
2023-08-03 19:00:00,30.4,29.717436,29.873634
2023-08-03 20:00:00,30.0,29.313545,29.071106
2023-08-03 21:00:00,29.9,29.461346,28.625296
2023-08-03 22:00:00,29.7,29.317448,28.307268
2023-08-03 23:00:00,29.4,29.151644,28.239855
2023-08-04 00:00:00,29.3,28.832624,28.238379
2023-08-04 01:00:00,29.1,28.652937,27.425909
2023-08-04 02:00:00,28.9,28.284653,27.250502
2023-08-04 03:00:00,28.7,28.175922,27.023157
2023-08-04 04:00:00,28.3,27.842432,27.118319
2023-08-04 05:00:00,29.3,27.798523,28.309084
2023-08-04 06:00:00,29.2,27.928785,28.80387
2023-08-04 07:00:00,30.5,28.787935,29.153425
2023-08-04 08:00:00,31.9,30.24843,30.26615
2023-08-04 09:00:00,33.0,31.58185,31.676062
2023-08-04 10:00:00,34.3,33.04736,32.59022
2023-08-04 11:00:00,35.2,35.017258,33.497044
2023-08-04 12:00:00,36.1,35.649174,34.394474
2023-08-04 13:00:00,36.4,35.669426,34.72833
2023-08-04 14:00:00,35.4,34.06514,34.812622
2023-08-04 15:00:00,32.9,32.100945,33.990406
2023-08-04 16:00:00,31.7,31.65191,30.656633
2023-08-04 17:00:00,31.5,31.093035,31.461943
2023-08-04 18:00:00,30.5,29.85393,29.931131
2023-08-04 19:00:00,29.8,29.761034,29.283722
2023-08-04 20:00:00,29.6,29.61756,29.081015
2023-08-04 21:00:00,29.4,29.400356,28.833136
2023-08-04 22:00:00,29.2,29.260527,28.761744
2023-08-04 23:00:00,29.1,28.898787,28.602951
2023-08-05 00:00:00,28.9,28.524118,28.514551
2023-08-05 01:00:00,27.2,28.191526,27.877789
2023-08-05 02:00:00,25.9,28.401815,27.723394
2023-08-05 03:00:00,25.0,28.160578,27.723673
2023-08-05 04:00:00,24.3,28.008383,27.844744
2023-08-05 05:00:00,27.2,28.757788,28.112207
2023-08-05 06:00:00,26.0,28.621319,29.241716
2023-08-05 07:00:00,27.0,29.815134,29.351545
2023-08-05 08:00:00,29.5,31.419952,30.573019
2023-08-05 09:00:00,32.0,32.762188,31.872175
2023-08-05 10:00:00,33.7,33.89168,32.750443
2023-08-05 11:00:00,35.1,35.17758,33.637775
2023-08-05 12:00:00,35.8,35.7995,34.018772
2023-08-05 13:00:00,36.0,35.684536,34.55171
2023-08-05 14:00:00,35.2,34.736263,34.283802
2023-08-05 15:00:00,33.6,33.080704,33.43368
2023-08-05 16:00:00,33.2,31.70215,30.953836
2023-08-05 17:00:00,32.7,30.936073,30.75088
2023-08-05 18:00:00,31.5,30.19671,30.224735
2023-08-05 19:00:00,30.9,29.727472,29.250008
2023-08-05 20:00:00,30.4,29.512014,28.641415
2023-08-05 21:00:00,30.1,29.249329,28.520096
2023-08-05 22:00:00,29.1,29.105988,28.36419
2023-08-05 23:00:00,28.4,28.993738,28.289923
2023-08-06 00:00:00,28.1,28.912066,28.26261
2023-08-06 01:00:00,27.5,27.794666,27.392443
2023-08-06 02:00:00,27.1,27.44454,26.598032
2023-08-06 03:00:00,26.2,26.7334,26.52138
2023-08-06 04:00:00,26.4,26.004547,26.575846
2023-08-06 05:00:00,26.8,27.18583,26.963606
2023-08-06 06:00:00,27.2,27.412783,26.90034
2023-08-06 07:00:00,27.4,28.527966,28.22928
2023-08-06 08:00:00,29.3,29.859875,29.065945
2023-08-06 09:00:00,31.4,31.769468,30.881916
2023-08-06 10:00:00,33.7,33.23028,32.503857
2023-08-06 11:00:00,35.1,34.4505,33.633556
2023-08-06 12:00:00,35.6,35.0267,34.38077
2023-08-06 13:00:00,35.6,34.509926,34.765705
2023-08-06 14:00:00,35.3,33.59098,34.504253
2023-08-06 15:00:00,33.1,32.518017,33.124214
2023-08-06 16:00:00,32.0,31.949066,31.411362
2023-08-06 17:00:00,30.3,31.536192,31.126265
2023-08-06 18:00:00,30.2,30.057484,30.6367
2023-08-06 19:00:00,29.6,29.70588,29.79967
2023-08-06 20:00:00,29.3,29.692347,29.037312
2023-08-06 21:00:00,29.1,29.326365,29.052298
2023-08-06 22:00:00,28.8,28.9454,28.542572
2023-08-06 23:00:00,28.7,28.748667,27.841476
2023-08-07 00:00:00,28.6,28.423285,28.12414
2023-08-07 01:00:00,28.7,27.402452,27.220015
2023-08-07 02:00:00,28.7,27.324036,26.876463
2023-08-07 03:00:00,28.1,26.712809,26.881283
2023-08-07 04:00:00,27.9,26.609135,26.774343
2023-08-07 05:00:00,24.4,26.70462,27.061972
2023-08-07 06:00:00,25.3,27.137407,27.781755
2023-08-07 07:00:00,26.7,27.515432,28.060583
2023-08-07 08:00:00,28.5,29.072447,28.786844
2023-08-07 09:00:00,30.9,30.917965,30.531755
2023-08-07 10:00:00,32.8,32.939133,31.977045
2023-08-07 11:00:00,34.0,34.19153,33.275444
2023-08-07 12:00:00,34.9,34.673534,34.18301
2023-08-07 13:00:00,35.1,34.580444,34.20782
2023-08-07 14:00:00,34.1,33.379417,34.188297
2023-08-07 15:00:00,32.6,32.51695,33.570625
2023-08-07 16:00:00,31.3,32.006126,31.089437
2023-08-07 17:00:00,31.6,30.574606,30.614622
2023-08-07 18:00:00,30.5,30.206457,29.382032
2023-08-07 19:00:00,29.7,29.73743,29.219603
2023-08-07 20:00:00,29.4,29.402868,28.376007
2023-08-07 21:00:00,29.1,29.048689,28.22887
2023-08-07 22:00:00,28.9,28.52269,27.923738
2023-08-07 23:00:00,28.7,28.271479,27.814192
2023-08-08 00:00:00,28.6,28.163113,27.756052
2023-08-08 01:00:00,28.2,28.038303,27.098051
2023-08-08 02:00:00,27.5,28.11591,27.336641
2023-08-08 03:00:00,27.2,27.81381,27.52044
2023-08-08 04:00:00,27.1,27.349064,27.246477
2023-08-08 05:00:00,26.7,25.976395,27.620268
2023-08-08 06:00:00,27.2,26.18715,26.420858
2023-08-08 07:00:00,28.4,27.028955,27.599306
2023-08-08 08:00:00,29.0,28.929111,28.511705
2023-08-08 09:00:00,30.7,30.419695,29.716997
2023-08-08 10:00:00,32.4,32.519283,31.598085
2023-08-08 11:00:00,33.6,33.1505,32.87934
2023-08-08 12:00:00,34.4,34.273525,33.335766
2023-08-08 13:00:00,34.3,32.738102,34.1097
2023-08-08 14:00:00,32.7,32.800686,33.60484
2023-08-08 15:00:00,31.9,32.13329,32.194035
2023-08-08 16:00:00,31.9,31.267822,30.871054
2023-08-08 17:00:00,31.8,30.640682,30.126991
2023-08-08 18:00:00,30.7,30.11153,29.535826
2023-08-08 19:00:00,29.9,29.684933,28.72046
2023-08-08 20:00:00,29.5,29.015953,28.097881
2023-08-08 21:00:00,29.2,28.759588,28.049221
2023-08-08 22:00:00,28.9,28.582357,27.968529
2023-08-08 23:00:00,28.7,28.25648,27.892107
2023-08-09 00:00:00,28.5,28.225729,27.866892
2023-08-09 01:00:00,28.4,28.050209,27.073881
2023-08-09 02:00:00,28.2,27.802828,27.22618
2023-08-09 03:00:00,28.0,27.364206,27.13422
2023-08-09 04:00:00,27.8,27.289562,27.020365
2023-08-09 05:00:00,25.3,26.698067,27.296694
2023-08-09 06:00:00,25.9,27.001299,26.968609
2023-08-09 07:00:00,27.0,28.02662,28.120749
2023-08-09 08:00:00,29.1,28.740639,28.337097
2023-08-09 09:00:00,31.5,30.58588,30.395926
2023-08-09 10:00:00,33.2,32.3106,31.350388
2023-08-09 11:00:00,34.3,33.319782,32.334003
2023-08-09 12:00:00,35.0,32.917416,32.94534
2023-08-09 13:00:00,34.7,32.713387,32.45012
2023-08-09 14:00:00,32.9,32.444542,32.67154
2023-08-09 15:00:00,31.5,31.802294,31.417694
2023-08-09 16:00:00,30.9,30.856808,30.783794
2023-08-09 17:00:00,29.5,30.565401,30.328766
2023-08-09 18:00:00,29.5,29.631199,29.832022
2023-08-09 19:00:00,29.1,29.291843,29.242422
2023-08-09 20:00:00,28.9,29.061285,28.483429
2023-08-09 21:00:00,28.3,28.822372,28.03849
2023-08-09 22:00:00,27.6,28.602373,28.000448
2023-08-09 23:00:00,27.3,28.115982,27.784185
2023-08-10 00:00:00,27.2,28.032244,27.667141
2023-08-10 01:00:00,27.2,27.945621,26.917187
2023-08-10 02:00:00,27.1,27.654398,26.984735
2023-08-10 03:00:00,26.9,27.540413,26.982553
2023-08-10 04:00:00,26.6,27.318207,27.196203
2023-08-10 05:00:00,26.7,26.062174,27.653414
2023-08-10 06:00:00,26.6,26.410913,27.012209
2023-08-10 07:00:00,26.9,27.717857,27.509298
2023-08-10 08:00:00,29.7,28.972544,28.43457
2023-08-10 09:00:00,32.1,30.512638,29.80932
2023-08-10 10:00:00,33.3,32.312428,31.496914
2023-08-10 11:00:00,33.7,32.949444,32.322025
2023-08-10 12:00:00,33.9,32.806393,33.132095
2023-08-10 13:00:00,31.3,33.417473,32.297474
2023-08-10 14:00:00,31.4,32.595623,32.151047
2023-08-10 15:00:00,32.1,31.592358,31.214136
2023-08-10 16:00:00,31.5,30.509708,30.409231
2023-08-10 17:00:00,28.6,30.01211,30.145239
2023-08-10 18:00:00,28.0,29.592928,29.112947
2023-08-10 19:00:00,27.6,29.157595,28.934656
2023-08-10 20:00:00,27.3,28.926273,28.418592
2023-08-10 21:00:00,27.1,28.38572,28.03525
2023-08-10 22:00:00,27.0,28.12657,27.409842
2023-08-10 23:00:00,26.9,27.908352,27.42542
2023-08-11 00:00:00,26.9,27.545734,27.375395
2023-08-11 01:00:00,26.5,27.527859,26.555376
2023-08-11 02:00:00,25.9,27.39614,26.615156
2023-08-11 03:00:00,25.5,26.934687,26.76177
2023-08-11 04:00:00,25.3,26.906889,27.073277
2023-08-11 05:00:00,25.2,26.62635,27.269005
2023-08-11 06:00:00,25.9,26.878973,26.739412
2023-08-11 07:00:00,27.0,27.285936,27.565964
2023-08-11 08:00:00,29.3,29.526205,28.55859
2023-08-11 09:00:00,31.4,31.572155,30.37538
2023-08-11 10:00:00,33.4,32.718132,32.003944
2023-08-11 11:00:00,34.5,33.275665,32.764206
2023-08-11 12:00:00,35.2,32.74616,32.788376
2023-08-11 13:00:00,35.3,32.58513,32.27606
2023-08-11 14:00:00,35.0,31.49786,31.155703
2023-08-11 15:00:00,33.1,31.305954,30.328915
2023-08-11 16:00:00,31.8,30.546875,30.856104
2023-08-11 17:00:00,27.5,29.66405,30.182013
2023-08-11 18:00:00,27.7,28.526348,28.006058
2023-08-11 19:00:00,26.1,28.364382,28.482918
2023-08-11 20:00:00,26.4,28.046112,27.691492
2023-08-11 21:00:00,26.5,27.704473,27.370207
2023-08-11 22:00:00,26.3,27.474426,27.045855
2023-08-11 23:00:00,26.0,27.165808,26.834063
2023-08-12 00:00:00,25.8,27.03784,26.678751
2023-08-12 01:00:00,25.6,26.77283,26.251856
2023-08-12 02:00:00,25.5,26.497894,26.224028
2023-08-12 03:00:00,25.5,26.180088,25.96682
2023-08-12 04:00:00,25.6,25.86229,26.1937
2023-08-12 05:00:00,26.3,26.013723,26.168707
2023-08-12 06:00:00,25.2,26.43097,26.56952
2023-08-12 07:00:00,26.5,27.353725,27.172964
2023-08-12 08:00:00,27.8,29.03789,27.94631
2023-08-12 09:00:00,29.8,30.624743,29.943533
2023-08-12 10:00:00,32.0,31.942884,31.484705
2023-08-12 11:00:00,33.5,33.34465,32.637318
2023-08-12 12:00:00,34.1,33.841133,33.03814
2023-08-12 13:00:00,34.5,33.452312,33.205032
2023-08-12 14:00:00,34.5,33.608818,32.33888
2023-08-12 15:00:00,34.1,32.48517,31.712748
2023-08-12 16:00:00,32.4,31.341024,30.642939
2023-08-12 17:00:00,30.7,29.00089,30.474611
2023-08-12 18:00:00,29.9,28.249514,27.993324
2023-08-12 19:00:00,29.1,27.84428,28.110949
2023-08-12 20:00:00,28.4,27.556356,27.134008
2023-08-12 21:00:00,28.3,27.595396,26.819605
2023-08-12 22:00:00,27.9,27.211983,26.533754
2023-08-12 23:00:00,27.8,26.967781,26.673752
2023-08-13 00:00:00,27.6,26.748205,26.51675
2023-08-13 01:00:00,27.0,26.459003,25.89941
2023-08-13 02:00:00,26.5,26.257334,25.793211
2023-08-13 03:00:00,26.3,25.965446,25.684359
2023-08-13 04:00:00,26.6,25.881762,25.91862
2023-08-13 05:00:00,26.1,26.180336,26.27004
2023-08-13 06:00:00,26.1,25.856985,26.207066
2023-08-13 07:00:00,26.8,26.685234,25.835035
2023-08-13 08:00:00,28.1,28.101288,28.415194
2023-08-13 09:00:00,29.5,29.79571,29.375898
2023-08-13 10:00:00,31.3,31.003025,30.769932
2023-08-13 11:00:00,32.5,32.737953,32.16189
2023-08-13 12:00:00,33.4,33.079147,32.7757
2023-08-13 13:00:00,33.5,33.30991,33.168514
2023-08-13 14:00:00,32.6,32.669388,33.192066
2023-08-13 15:00:00,31.0,31.578156,33.188354
2023-08-13 16:00:00,30.8,30.493307,31.834034
2023-08-13 17:00:00,26.2,29.86726,29.982286
2023-08-13 18:00:00,25.8,29.280054,27.74317
2023-08-13 19:00:00,26.7,29.106678,28.30876
2023-08-13 20:00:00,26.8,28.406126,27.7684
2023-08-13 21:00:00,26.7,28.278273,27.561691
2023-08-13 22:00:00,26.7,27.809315,27.574175
2023-08-13 23:00:00,26.9,27.637491,27.383806
2023-08-14 00:00:00,27.2,27.462835,27.35983
2023-08-14 01:00:00,27.3,27.250288,26.722116
2023-08-14 02:00:00,27.1,26.968239,26.434626
2023-08-14 03:00:00,26.8,26.511072,26.504139
2023-08-14 04:00:00,26.6,26.634499,26.640623
2023-08-14 05:00:00,25.4,26.457844,26.841005
2023-08-14 06:00:00,26.0,26.506134,27.11582
2023-08-14 07:00:00,26.9,27.130379,27.094847
2023-08-14 08:00:00,27.3,28.353783,27.78199
2023-08-14 09:00:00,29.0,29.84053,29.834986
2023-08-14 10:00:00,30.4,31.022669,30.697073
2023-08-14 11:00:00,31.9,32.265648,31.950138
2023-08-14 12:00:00,33.1,33.075195,32.39178
2023-08-14 13:00:00,33.5,32.847668,32.756382
2023-08-14 14:00:00,33.5,32.070927,32.771183
2023-08-14 15:00:00,33.0,31.781385,31.488955
2023-08-14 16:00:00,31.4,30.362152,30.210552
2023-08-14 17:00:00,28.9,28.533525,29.880033
2023-08-14 18:00:00,29.5,27.71374,27.157238
2023-08-14 19:00:00,28.8,28.088247,27.838816
2023-08-14 20:00:00,29.0,27.528791,27.592192
2023-08-14 21:00:00,28.7,27.275131,27.172197
2023-08-14 22:00:00,28.5,27.203188,27.036314
2023-08-14 23:00:00,28.3,27.046165,26.945936
2023-08-15 00:00:00,28.0,27.05965,26.957384
2023-08-15 01:00:00,27.7,27.16823,26.315119
2023-08-15 02:00:00,27.4,26.926136,26.371641
2023-08-15 03:00:00,27.1,26.639673,26.259293
2023-08-15 04:00:00,26.9,26.640236,26.297045
2023-08-15 05:00:00,26.5,25.955845,26.567114
2023-08-15 06:00:00,26.6,26.329449,26.490883
2023-08-15 07:00:00,27.9,27.565594,27.435122
2023-08-15 08:00:00,29.3,27.718462,27.593525
2023-08-15 09:00:00,31.0,29.319336,28.569918
2023-08-15 10:00:00,32.5,30.484972,29.699453
2023-08-15 11:00:00,33.5,31.214111,30.948227
2023-08-15 12:00:00,34.2,32.579323,32.177444
2023-08-15 13:00:00,34.3,32.743866,32.709362
2023-08-15 14:00:00,34.2,32.624313,32.59143
2023-08-15 15:00:00,32.5,32.04839,31.929205
2023-08-15 16:00:00,31.5,30.966242,30.89919
2023-08-15 17:00:00,30.3,29.677557,29.658735
2023-08-15 18:00:00,29.3,29.083546,28.254232
2023-08-15 19:00:00,28.6,28.565062,28.453035
2023-08-15 20:00:00,28.2,28.539114,27.803186
2023-08-15 21:00:00,28.4,28.53825,27.698488
2023-08-15 22:00:00,28.5,28.219727,27.488367
2023-08-15 23:00:00,28.3,28.042892,27.341887
2023-08-16 00:00:00,28.2,27.7924,27.38818
2023-08-16 01:00:00,27.7,27.56393,26.602587
2023-08-16 02:00:00,27.5,27.334698,26.558882
2023-08-16 03:00:00,27.1,27.129925,26.70825
2023-08-16 04:00:00,26.7,26.859268,26.849607
2023-08-16 05:00:00,27.4,26.6458,26.930128
2023-08-16 06:00:00,27.6,26.64441,26.512518
2023-08-16 07:00:00,28.2,27.57275,27.603514
2023-08-16 08:00:00,29.4,28.83379,28.722214
2023-08-16 09:00:00,31.1,30.22805,29.727549
2023-08-16 10:00:00,32.4,31.959671,31.06806
2023-08-16 11:00:00,33.7,32.819508,31.775995
2023-08-16 12:00:00,34.5,33.34516,32.515476
2023-08-16 13:00:00,35.1,33.482704,32.84123
2023-08-16 14:00:00,35.4,32.90742,32.752945
2023-08-16 15:00:00,35.2,32.029808,32.894352
2023-08-16 16:00:00,32.6,31.335636,30.93009
2023-08-16 17:00:00,31.2,30.246502,30.212004
2023-08-16 18:00:00,29.5,29.294954,29.080166
2023-08-16 19:00:00,27.7,28.723349,28.60245
2023-08-16 20:00:00,26.1,28.40306,27.964233
2023-08-16 21:00:00,25.4,28.326925,27.583883
2023-08-16 22:00:00,25.8,28.236366,27.564976
2023-08-16 23:00:00,24.9,27.99722,27.600847
2023-08-17 00:00:00,24.4,27.779509,27.331434
2023-08-17 01:00:00,24.9,27.585497,26.747978
2023-08-17 02:00:00,25.1,27.281462,26.69568
2023-08-17 03:00:00,25.0,27.046404,26.972775
2023-08-17 04:00:00,24.9,26.782421,27.115976
2023-08-17 05:00:00,26.7,27.00046,27.346678
2023-08-17 06:00:00,27.4,27.1885,27.567564
2023-08-17 07:00:00,28.1,28.065672,27.927586
2023-08-17 08:00:00,29.2,29.274427,29.066128
2023-08-17 09:00:00,30.7,30.468628,30.229048
2023-08-17 10:00:00,32.1,32.028805,31.210287
2023-08-17 11:00:00,33.1,33.17214,32.100548
2023-08-17 12:00:00,34.0,33.867764,32.78833
2023-08-17 13:00:00,34.6,33.93785,33.40618
2023-08-17 14:00:00,35.4,33.5985,33.395535
2023-08-17 15:00:00,35.1,33.65015,33.36277
2023-08-17 16:00:00,33.3,31.858614,32.137928
2023-08-17 17:00:00,29.7,30.6828,29.446222
2023-08-17 18:00:00,27.9,29.88902,30.359638
2023-08-17 19:00:00,28.0,28.250975,27.835546
2023-08-17 20:00:00,27.8,27.755884,28.522038
2023-08-17 21:00:00,28.0,26.802439,27.796995
2023-08-17 22:00:00,28.2,26.895634,27.2127
2023-08-17 23:00:00,28.1,26.482656,27.088364
2023-08-18 00:00:00,27.4,25.650799,26.855
2023-08-18 01:00:00,27.4,25.802206,26.196135
2023-08-18 02:00:00,27.6,25.758339,26.395714
2023-08-18 03:00:00,27.4,25.68827,26.421484
2023-08-18 04:00:00,27.4,25.64694,26.426516
2023-08-18 05:00:00,28.2,25.867136,26.64765
2023-08-18 06:00:00,28.0,26.997227,26.413465
2023-08-18 07:00:00,28.8,27.676426,27.535574
2023-08-18 08:00:00,30.2,28.933002,27.749628
2023-08-18 09:00:00,31.5,30.142326,30.397688
2023-08-18 10:00:00,32.6,31.460066,31.262987
2023-08-18 11:00:00,33.7,32.960506,32.47239
2023-08-18 12:00:00,34.7,33.50954,32.968952
2023-08-18 13:00:00,35.6,33.63856,33.369396
2023-08-18 14:00:00,35.0,34.040318,33.472965
2023-08-18 15:00:00,33.0,33.344337,33.63112
2023-08-18 16:00:00,31.4,31.367743,32.796276
2023-08-18 17:00:00,31.3,30.490559,31.333025
2023-08-18 18:00:00,30.0,28.761925,29.06745
2023-08-18 19:00:00,29.6,28.268362,28.37634
2023-08-18 20:00:00,28.5,27.951063,27.971254
2023-08-18 21:00:00,27.8,27.998865,27.432283
2023-08-18 22:00:00,27.5,28.048565,27.364546
2023-08-18 23:00:00,27.1,27.89437,27.39888
2023-08-19 00:00:00,26.9,27.408129,26.904608
2023-08-19 01:00:00,26.9,27.420712,25.192305
2023-08-19 02:00:00,26.6,27.408459,26.496408
2023-08-19 03:00:00,26.7,27.519632,26.766861
2023-08-19 04:00:00,26.8,27.350195,27.036558
2023-08-19 05:00:00,26.9,27.456623,27.274057
2023-08-19 06:00:00,27.3,27.643194,28.51536
2023-08-19 07:00:00,28.2,28.306417,28.867777
2023-08-19 08:00:00,30.0,29.430868,29.7195
2023-08-19 09:00:00,31.2,30.728554,30.816593
2023-08-19 10:00:00,32.1,32.015244,31.9642
2023-08-19 11:00:00,33.1,33.18178,32.66653
2023-08-19 12:00:00,34.0,33.74929,33.325176
2023-08-19 13:00:00,34.1,33.98971,33.656715
2023-08-19 14:00:00,33.7,33.45963,33.89741
2023-08-19 15:00:00,31.9,32.056656,33.59846
2023-08-19 16:00:00,30.8,31.47015,31.513712
2023-08-19 17:00:00,30.2,30.43686,30.346468
2023-08-19 18:00:00,29.7,29.702545,29.579874
2023-08-19 19:00:00,29.2,29.091724,28.405125
2023-08-19 20:00:00,29.0,28.389805,27.772398
2023-08-19 21:00:00,28.8,27.84254,28.154371
2023-08-19 22:00:00,28.6,27.58614,27.692636
2023-08-19 23:00:00,28.4,27.399376,27.30707
2023-08-20 00:00:00,28.3,27.051964,27.033003
2023-08-20 01:00:00,28.5,27.094519,26.35102
2023-08-20 02:00:00,27.9,27.03381,26.51885
2023-08-20 03:00:00,27.7,26.901285,26.586096
2023-08-20 04:00:00,27.5,26.914593,26.775118
2023-08-20 05:00:00,27.7,26.987936,27.296564
2023-08-20 06:00:00,27.9,27.414337,28.085064
2023-08-20 07:00:00,28.9,28.379963,28.392385
2023-08-20 08:00:00,30.6,29.414745,29.231089
2023-08-20 09:00:00,32.3,30.903275,30.621725
2023-08-20 10:00:00,33.3,31.783945,31.714516
2023-08-20 11:00:00,33.9,32.83309,32.294353
2023-08-20 12:00:00,34.3,33.221836,32.916065
2023-08-20 13:00:00,33.6,32.530445,33.17881
2023-08-20 14:00:00,31.7,32.461086,33.859253
2023-08-20 15:00:00,32.2,31.894474,31.855776
2023-08-20 16:00:00,31.6,31.02878,30.59251
2023-08-20 17:00:00,31.1,30.424074,29.88975
2023-08-20 18:00:00,29.8,29.50136,29.219156
2023-08-20 19:00:00,29.2,29.18928,28.797508
2023-08-20 20:00:00,29.0,28.85314,28.317259
2023-08-20 21:00:00,28.8,28.527065,27.912453
2023-08-20 22:00:00,28.6,28.24558,27.580534
2023-08-20 23:00:00,28.5,28.082035,27.49447
2023-08-21 00:00:00,28.2,27.822212,27.442245
2023-08-21 01:00:00,27.8,27.928791,26.84015
2023-08-21 02:00:00,27.5,27.550451,27.025175
2023-08-21 03:00:00,27.3,27.248453,26.880651
2023-08-21 04:00:00,27.3,27.068386,26.984331
2023-08-21 05:00:00,27.4,27.076057,27.228346
2023-08-21 06:00:00,25.5,27.238363,27.676111
2023-08-21 07:00:00,27.2,28.482538,28.300934
2023-08-21 08:00:00,28.6,29.731232,29.193064
2023-08-21 09:00:00,30.1,30.92718,30.51095
2023-08-21 10:00:00,31.4,32.009377,31.553288
2023-08-21 11:00:00,32.2,32.53962,32.0126
2023-08-21 12:00:00,32.8,33.085148,32.429333
2023-08-21 13:00:00,32.9,33.25228,32.074417
2023-08-21 14:00:00,32.0,32.559742,32.004257
2023-08-21 15:00:00,32.4,31.500446,30.79761
2023-08-21 16:00:00,31.7,30.891865,30.710938
2023-08-21 17:00:00,31.0,30.475555,30.025223
2023-08-21 18:00:00,29.6,29.669796,28.927286
2023-08-21 19:00:00,29.1,28.969044,28.223843
2023-08-21 20:00:00,29.1,28.56016,27.582369
2023-08-21 21:00:00,28.8,28.352802,27.84178
2023-08-21 22:00:00,28.5,28.275167,27.56191
2023-08-21 23:00:00,28.0,28.174242,27.410303
2023-08-22 00:00:00,27.5,27.893179,27.255608
2023-08-22 01:00:00,26.4,27.603409,26.561178
2023-08-22 02:00:00,26.4,27.091377,26.50244
2023-08-22 03:00:00,26.2,26.96784,26.409868
2023-08-22 04:00:00,26.2,26.971039,26.79689
2023-08-22 05:00:00,26.3,27.044565,26.850529
2023-08-22 06:00:00,26.3,26.604078,27.727709
2023-08-22 07:00:00,27.0,27.73268,27.096212
2023-08-22 08:00:00,28.6,29.104244,28.932829
2023-08-22 09:00:00,30.3,30.624636,29.837297
2023-08-22 10:00:00,31.9,32.145855,31.212751
2023-08-22 11:00:00,33.0,32.756367,32.13838
2023-08-22 12:00:00,33.5,33.024345,32.563385
2023-08-22 13:00:00,33.2,32.99796,32.66773
2023-08-22 14:00:00,32.4,32.09785,32.143192
2023-08-22 15:00:00,31.7,31.631367,31.103092
2023-08-22 16:00:00,31.0,31.195799,31.118109
2023-08-22 17:00:00,30.7,30.438057,30.119589
2023-08-22 18:00:00,28.9,29.530748,29.519823
2023-08-22 19:00:00,28.9,28.959566,28.37058
2023-08-22 20:00:00,28.8,28.796679,28.248053
2023-08-22 21:00:00,28.5,28.534216,28.043951
2023-08-22 22:00:00,28.4,28.25458,27.769987
2023-08-22 23:00:00,28.3,27.863974,27.448244
2023-08-23 00:00:00,28.1,27.423014,27.357409
2023-08-23 01:00:00,28.0,26.972656,26.398853
2023-08-23 02:00:00,28.1,26.650179,26.230642
2023-08-23 03:00:00,28.1,26.590248,26.367895
2023-08-23 04:00:00,27.8,26.493355,26.459368
2023-08-23 05:00:00,26.5,26.467266,26.717386
2023-08-23 06:00:00,26.6,26.355629,27.258509
2023-08-23 07:00:00,27.3,27.27949,27.29624
2023-08-23 08:00:00,28.5,28.423082,28.296812
2023-08-23 09:00:00,29.8,29.892563,29.622622
2023-08-23 10:00:00,31.0,31.38425,30.933727
2023-08-23 11:00:00,32.2,32.485847,32.03536
2023-08-23 12:00:00,33.3,32.888172,32.65889
2023-08-23 13:00:00,33.7,32.77063,32.856567
2023-08-23 14:00:00,33.6,32.09088,31.986916
2023-08-23 15:00:00,33.0,31.337507,30.887735
2023-08-23 16:00:00,31.5,30.820763,30.446753
2023-08-23 17:00:00,30.6,30.460426,29.906605
2023-08-23 18:00:00,28.9,29.332117,29.061983
2023-08-23 19:00:00,28.8,28.884287,28.07998
2023-08-23 20:00:00,28.8,28.665361,28.159594
2023-08-23 21:00:00,28.7,28.43064,27.783579
2023-08-23 22:00:00,28.4,28.150234,27.488668
2023-08-23 23:00:00,28.2,27.989014,27.527197
2023-08-24 00:00:00,27.9,27.762697,27.402397
2023-08-24 01:00:00,27.6,27.588217,26.581312
2023-08-24 02:00:00,27.5,27.51245,26.50387
2023-08-24 03:00:00,27.4,27.48946,26.84342
2023-08-24 04:00:00,26.9,27.206297,27.036226
2023-08-24 05:00:00,27.3,26.603973,27.202497
2023-08-24 06:00:00,27.6,26.570536,27.061083
2023-08-24 07:00:00,28.7,27.223698,27.615341
2023-08-24 08:00:00,30.0,28.472141,28.392859
2023-08-24 09:00:00,31.5,30.020748,29.541937
2023-08-24 10:00:00,33.1,30.94039,30.600166
2023-08-24 11:00:00,34.5,32.041935,31.523613
2023-08-24 12:00:00,35.1,32.95663,32.277218
2023-08-24 13:00:00,34.8,32.75602,32.65583
2023-08-24 14:00:00,33.3,32.32604,32.505253
2023-08-24 15:00:00,32.5,32.04356,31.86629
2023-08-24 16:00:00,31.4,31.15213,30.708853
2023-08-24 17:00:00,30.2,30.48949,29.688585
2023-08-24 18:00:00,29.5,29.276884,28.91733
2023-08-24 19:00:00,29.2,28.602383,28.107515
2023-08-24 20:00:00,29.0,28.631105,28.030773
2023-08-24 21:00:00,28.8,28.422144,27.720434
2023-08-24 22:00:00,28.6,28.174173,27.582506
2023-08-24 23:00:00,28.5,28.040579,27.39631
2023-08-25 00:00:00,28.4,27.626387,27.434793
2023-08-25 01:00:00,28.3,27.433203,26.847109
2023-08-25 02:00:00,28.0,27.251062,26.881453
2023-08-25 03:00:00,27.7,27.307535,26.967953
2023-08-25 04:00:00,27.6,26.978893,27.090578
2023-08-25 05:00:00,28.3,26.866718,26.641172
2023-08-25 06:00:00,28.0,27.05194,27.473127
2023-08-25 07:00:00,28.8,28.070942,27.999495
2023-08-25 08:00:00,30.1,29.347523,29.17335
2023-08-25 09:00:00,31.5,30.79096,30.334963
2023-08-25 10:00:00,32.9,32.401615,31.477041
2023-08-25 11:00:00,33.8,33.306416,32.45953
2023-08-25 12:00:00,34.3,33.58681,33.25784
2023-08-25 13:00:00,34.1,33.393776,34.21143
2023-08-25 14:00:00,32.2,32.795906,33.209957
2023-08-25 15:00:00,32.0,31.95671,31.570566
2023-08-25 16:00:00,31.7,31.259983,31.066248
2023-08-25 17:00:00,31.0,30.267324,30.275484
2023-08-25 18:00:00,29.5,29.396683,29.045595
2023-08-25 19:00:00,27.4,28.905981,28.533985
2023-08-25 20:00:00,27.6,28.642088,28.142256
2023-08-25 21:00:00,27.7,28.400036,27.875513
2023-08-25 22:00:00,27.5,28.165224,27.763472
2023-08-25 23:00:00,27.7,28.195686,27.616444
2023-08-26 00:00:00,26.4,27.998384,27.630806
2023-08-26 01:00:00,26.0,27.981115,27.039415
2023-08-26 02:00:00,25.7,27.633476,27.171556
2023-08-26 03:00:00,25.9,27.445524,27.179413
2023-08-26 04:00:00,26.0,27.233704,27.222849
2023-08-26 05:00:00,26.1,27.757162,27.204042
2023-08-26 06:00:00,26.1,27.651947,28.465574
2023-08-26 07:00:00,26.7,28.642174,28.47736
2023-08-26 08:00:00,27.3,29.762325,29.404531
2023-08-26 09:00:00,29.3,30.80265,30.538973
2023-08-26 10:00:00,31.3,32.63763,31.68412
2023-08-26 11:00:00,32.3,33.05687,32.38866
2023-08-26 12:00:00,32.7,32.84974,32.682415
2023-08-26 13:00:00,32.9,32.736385,33.45605
2023-08-26 14:00:00,32.9,32.20885,32.62523
2023-08-26 15:00:00,33.0,31.605143,31.128025
2023-08-26 16:00:00,31.9,31.229395,30.8699
2023-08-26 17:00:00,31.5,30.581413,30.301718
2023-08-26 18:00:00,29.7,29.229061,29.341887
2023-08-26 19:00:00,29.2,28.044653,27.916727
2023-08-26 20:00:00,29.1,27.994095,26.933279
2023-08-26 21:00:00,29.0,28.002954,27.397898
2023-08-26 22:00:00,28.8,27.676918,27.268713
2023-08-26 23:00:00,28.6,27.623232,27.142778
2023-08-27 00:00:00,28.5,27.098976,26.680557
2023-08-27 01:00:00,28.4,26.890522,26.560041
2023-08-27 02:00:00,28.3,26.162788,25.870878
2023-08-27 03:00:00,28.0,26.177193,25.332952
2023-08-27 04:00:00,27.7,26.336628,26.202894
2023-08-27 05:00:00,28.1,26.717194,26.519474
2023-08-27 06:00:00,27.9,26.699358,27.11553
2023-08-27 07:00:00,28.5,27.44994,27.281076
2023-08-27 08:00:00,30.2,28.50809,28.180428
2023-08-27 09:00:00,32.0,29.445986,28.96077
2023-08-27 10:00:00,33.1,30.804121,30.6722
2023-08-27 11:00:00,33.8,31.963076,31.812635
2023-08-27 12:00:00,34.3,32.0905,32.240845
2023-08-27 13:00:00,34.5,32.43788,32.20659
2023-08-27 14:00:00,34.9,31.992857,32.000977
2023-08-27 15:00:00,34.0,31.849247,31.496471
2023-08-27 16:00:00,33.2,30.809126,31.846146
2023-08-27 17:00:00,31.7,30.31978,30.116728
2023-08-27 18:00:00,30.1,29.50019,29.561304
2023-08-27 19:00:00,26.9,28.807108,28.274237
2023-08-27 20:00:00,26.8,28.664005,27.881023
2023-08-27 21:00:00,27.1,28.595224,27.728287
2023-08-27 22:00:00,27.2,28.283554,27.565855
2023-08-27 23:00:00,26.7,28.086557,27.55953
2023-08-28 00:00:00,26.7,27.977995,27.527552
2023-08-28 01:00:00,26.9,27.985634,26.688763
2023-08-28 02:00:00,26.7,27.809002,26.812342
2023-08-28 03:00:00,26.5,27.51162,27.010456
2023-08-28 04:00:00,26.4,27.241932,27.173567
2023-08-28 05:00:00,25.5,27.433716,27.32969
2023-08-28 06:00:00,26.0,27.382538,28.022064
2023-08-28 07:00:00,26.8,28.092594,28.23884
2023-08-28 08:00:00,28.6,29.77551,29.124699
2023-08-28 09:00:00,30.5,32.038986,30.250414
2023-08-28 10:00:00,31.9,32.915054,31.84586
2023-08-28 11:00:00,33.6,33.387123,32.607437
2023-08-28 12:00:00,34.2,33.3202,32.87529
2023-08-28 13:00:00,33.6,33.570053,33.012012
2023-08-28 14:00:00,30.7,33.222275,33.007652
2023-08-28 15:00:00,29.8,32.232697,33.20655
2023-08-28 16:00:00,30.5,31.712496,32.130035
2023-08-28 17:00:00,32.6,30.720736,31.230461
2023-08-28 18:00:00,30.6,29.468634,28.241316
2023-08-28 19:00:00,29.6,28.70554,27.750484
2023-08-28 20:00:00,29.0,27.973404,28.404436
2023-08-28 21:00:00,28.6,27.987347,27.49602
2023-08-28 22:00:00,28.2,28.025545,27.381731
2023-08-28 23:00:00,27.7,27.28095,27.392403
2023-08-29 00:00:00,25.1,27.221539,27.153584
2023-08-29 01:00:00,25.4,27.144802,26.56463
2023-08-29 02:00:00,25.2,27.030054,26.713629
2023-08-29 03:00:00,25.3,26.95102,26.742899
2023-08-29 04:00:00,25.4,26.927507,26.903002
2023-08-29 05:00:00,26.6,26.007654,26.910059
2023-08-29 06:00:00,26.7,26.015163,26.052862
2023-08-29 07:00:00,28.0,27.183434,27.634686
2023-08-29 08:00:00,30.1,28.85361,27.517355
2023-08-29 09:00:00,31.9,30.253876,29.991425
2023-08-29 10:00:00,33.7,31.556707,31.274778
2023-08-29 11:00:00,33.7,32.93838,32.180878
2023-08-29 12:00:00,34.3,32.585144,32.56446
2023-08-29 13:00:00,34.1,33.040634,32.555595
2023-08-29 14:00:00,33.0,31.56002,31.3337
2023-08-29 15:00:00,32.7,30.825157,30.588383
2023-08-29 16:00:00,32.5,30.163631,30.089304
2023-08-29 17:00:00,31.3,29.907816,29.98784
2023-08-29 18:00:00,29.7,29.541586,29.174511
2023-08-29 19:00:00,28.9,28.813515,28.499632
2023-08-29 20:00:00,28.3,28.744085,27.678577
2023-08-29 21:00:00,26.0,28.16351,27.929102
2023-08-29 22:00:00,26.1,27.799425,27.637207
2023-08-29 23:00:00,25.8,27.704668,27.408995
2023-08-30 00:00:00,25.9,26.685139,27.135813
2023-08-30 01:00:00,24.7,26.21316,25.825434
2023-08-30 02:00:00,24.8,25.960705,25.742647
2023-08-30 03:00:00,24.8,25.92245,25.422956
2023-08-30 04:00:00,24.7,25.921926,26.043327
2023-08-30 05:00:00,25.7,26.138493,26.25671
2023-08-30 06:00:00,26.1,26.550484,27.064985
2023-08-30 07:00:00,27.6,27.514841,27.510233
2023-08-30 08:00:00,29.7,29.220991,28.77694
2023-08-30 09:00:00,31.7,30.651728,30.222105
2023-08-30 10:00:00,32.4,32.03092,31.624767
2023-08-30 11:00:00,33.2,32.45984,32.643654
2023-08-30 12:00:00,34.1,32.06922,32.595
2023-08-30 13:00:00,34.7,31.980423,32.825493
2023-08-30 14:00:00,34.7,31.578825,32.32965
2023-08-30 15:00:00,32.8,31.235796,30.736193
2023-08-30 16:00:00,31.6,29.965841,30.424053
2023-08-30 17:00:00,31.2,30.215511,29.95984
2023-08-30 18:00:00,29.9,29.61739,28.659847
2023-08-30 19:00:00,29.3,28.727879,27.859049
2023-08-30 20:00:00,28.9,28.286308,27.770075
2023-08-30 21:00:00,28.2,27.516533,27.574053
2023-08-30 22:00:00,27.8,27.33603,27.032757
2023-08-30 23:00:00,27.4,26.860651,26.80228
2023-08-31 00:00:00,26.8,26.53799,26.503729
2023-08-31 01:00:00,25.8,25.805742,25.639486
2023-08-31 02:00:00,25.5,25.5883,25.608568
2023-08-31 03:00:00,25.5,25.404566,25.39562
2023-08-31 04:00:00,25.5,25.326597,25.644518
2023-08-31 05:00:00,27.0,25.765825,26.067472
2023-08-31 06:00:00,27.1,26.365692,26.692198
2023-08-31 07:00:00,28.2,27.470049,27.263586
2023-08-31 08:00:00,29.8,28.927631,28.63877
2023-08-31 09:00:00,31.6,30.416914,30.277344
2023-08-31 10:00:00,32.9,32.05374,31.609919
2023-08-31 11:00:00,33.4,33.086723,32.504463
2023-08-31 12:00:00,32.4,33.28816,33.103943
2023-08-31 13:00:00,31.5,33.693764,33.04488
2023-08-31 14:00:00,31.7,33.21743,32.893257
2023-08-31 15:00:00,31.2,31.476826,32.924442
2023-08-31 16:00:00,31.1,30.942026,30.83679
2023-08-31 17:00:00,30.6,29.570538,30.39542
2023-08-31 18:00:00,29.3,29.259964,29.789331
2023-08-31 19:00:00,28.8,28.89695,28.753914
2023-08-31 20:00:00,28.7,28.7923,28.165697
2023-08-31 21:00:00,28.5,28.305767,27.773335
2023-08-31 22:00:00,28.4,27.775974,27.151789
2023-08-31 23:00:00,28.5,27.421751,27.142906
2023-09-01 00:00:00,28.2,27.080286,26.979956
2023-09-01 01:00:00,27.9,26.570791,25.453817
2023-09-01 02:00:00,27.4,26.143515,24.978472
2023-09-01 03:00:00,27.1,25.86806,24.998243
2023-09-01 04:00:00,26.8,25.707354,25.21533
2023-09-01 05:00:00,27.4,25.925354,25.587103
2023-09-01 06:00:00,27.6,27.05431,26.953207
2023-09-01 07:00:00,28.6,27.780602,27.125603
2023-09-01 08:00:00,30.3,29.14464,28.373278
2023-09-01 09:00:00,31.9,30.551872,29.544142
2023-09-01 10:00:00,33.1,32.10115,30.797405
2023-09-01 11:00:00,33.5,33.11921,31.884272
2023-09-01 12:00:00,34.0,32.636192,31.969534
2023-09-01 13:00:00,34.1,32.014137,31.169538
2023-09-01 14:00:00,33.6,31.653269,30.516943
2023-09-01 15:00:00,33.0,31.006536,30.587238
2023-09-01 16:00:00,31.6,30.558638,29.817022
2023-09-01 17:00:00,31.8,30.298132,29.423685
2023-09-01 18:00:00,30.3,29.293419,28.752539
2023-09-01 19:00:00,28.8,28.903898,27.836176
2023-09-01 20:00:00,28.8,28.437582,27.393003
2023-09-01 21:00:00,28.5,28.231318,27.338068
2023-09-01 22:00:00,28.0,28.091005,27.027792
2023-09-01 23:00:00,27.7,28.024893,26.942278
2023-09-02 00:00:00,27.2,27.790226,26.883932
2023-09-02 01:00:00,26.7,27.444302,25.980185
2023-09-02 02:00:00,26.4,26.970545,25.86461
2023-09-02 03:00:00,26.1,26.756788,25.958193
2023-09-02 04:00:00,25.9,26.550865,26.112822
2023-09-02 05:00:00,26.0,26.9136,26.169664
2023-09-02 06:00:00,26.4,27.041971,26.949999
2023-09-02 07:00:00,27.7,28.302517,27.375666
2023-09-02 08:00:00,29.2,29.861637,28.381178
2023-09-02 09:00:00,30.8,31.001886,29.839691
2023-09-02 10:00:00,31.8,32.459904,31.115149
2023-09-02 11:00:00,32.5,33.032608,32.080906
2023-09-02 12:00:00,33.5,32.915714,32.17012
2023-09-02 13:00:00,34.0,32.880207,32.223602
2023-09-02 14:00:00,33.8,32.494137,31.77134
2023-09-02 15:00:00,33.7,32.451622,31.165537
2023-09-02 16:00:00,32.9,31.379534,30.37049
2023-09-02 17:00:00,27.4,30.875505,29.632118
2023-09-02 18:00:00,27.3,29.935741,29.411484
2023-09-02 19:00:00,27.3,28.80956,27.995565
2023-09-02 20:00:00,27.0,28.406965,27.173414
2023-09-02 21:00:00,26.8,28.294014,27.388636
2023-09-02 22:00:00,26.4,27.983093,27.150259
2023-09-02 23:00:00,26.1,27.892736,26.331043
2023-09-03 00:00:00,26.2,27.240337,26.368893
2023-09-03 01:00:00,26.1,27.016005,25.323917
2023-09-03 02:00:00,26.1,26.466043,26.089087
2023-09-03 03:00:00,26.0,26.535954,25.576605
2023-09-03 04:00:00,26.2,26.220484,25.927227
2023-09-03 05:00:00,26.6,26.37751,26.068129
2023-09-03 06:00:00,27.2,26.567282,25.988895
2023-09-03 07:00:00,28.2,27.75363,26.85716
2023-09-03 08:00:00,29.4,28.677588,27.86165
2023-09-03 09:00:00,30.6,30.094044,29.352053
2023-09-03 10:00:00,31.7,31.533024,30.606764
2023-09-03 11:00:00,31.4,32.25978,31.468336
2023-09-03 12:00:00,31.3,33.282368,31.857782
2023-09-03 13:00:00,32.0,32.991158,32.360077
2023-09-03 14:00:00,32.2,32.71952,32.141193
2023-09-03 15:00:00,32.2,32.52688,31.816675
2023-09-03 16:00:00,30.9,31.770971,31.529541
2023-09-03 17:00:00,30.5,29.9601,30.495935
2023-09-03 18:00:00,29.2,28.694197,27.624071
2023-09-03 19:00:00,29.2,28.19829,27.623583
2023-09-03 20:00:00,28.3,28.08069,27.367792
2023-09-03 21:00:00,26.9,27.56606,26.913465
2023-09-03 22:00:00,25.4,27.245317,26.854723
2023-09-03 23:00:00,25.5,27.155043,26.552248
2023-09-04 00:00:00,25.7,26.958544,26.51227
2023-09-04 01:00:00,25.9,26.575417,25.722387
2023-09-04 02:00:00,26.1,26.555096,25.518188
2023-09-04 03:00:00,26.3,26.455381,25.673393
2023-09-04 04:00:00,26.1,26.231424,25.747055
2023-09-04 05:00:00,27.5,26.483751,25.978155
2023-09-04 06:00:00,26.8,27.068838,26.200617
2023-09-04 07:00:00,27.0,27.859936,27.144701
2023-09-04 08:00:00,27.8,28.757458,28.089766
2023-09-04 09:00:00,29.4,30.083416,29.335926
2023-09-04 10:00:00,30.8,31.063719,30.337988
2023-09-04 11:00:00,29.7,31.99432,31.125578
2023-09-04 12:00:00,29.8,31.730612,31.239252
2023-09-04 13:00:00,31.2,31.639324,31.350924
2023-09-04 14:00:00,31.3,31.83564,31.491909
2023-09-04 15:00:00,32.0,31.89194,30.941322
2023-09-04 16:00:00,32.3,31.071787,30.597795
2023-09-04 17:00:00,26.1,30.047182,29.540411
2023-09-04 18:00:00,26.3,29.020891,28.37103
2023-09-04 19:00:00,26.5,28.592955,27.694754
2023-09-04 20:00:00,26.6,28.249453,27.17296
2023-09-04 21:00:00,26.4,27.635902,26.817232
2023-09-04 22:00:00,26.5,26.86423,26.164923
2023-09-04 23:00:00,26.4,26.774998,26.061872
2023-09-05 00:00:00,26.0,26.536304,25.906439
2023-09-05 01:00:00,26.1,26.529036,25.121595
2023-09-05 02:00:00,26.1,26.42909,25.27265
2023-09-05 03:00:00,26.2,26.35105,25.461336
2023-09-05 04:00:00,26.4,25.93311,25.77889
2023-09-05 05:00:00,27.7,26.332472,26.069418
2023-09-05 06:00:00,27.7,26.6991,27.07606
2023-09-05 07:00:00,28.2,27.088785,27.184225
2023-09-05 08:00:00,29.4,28.265541,28.11908
2023-09-05 09:00:00,30.7,29.521399,29.066557
2023-09-05 10:00:00,31.8,30.3576,30.21219
2023-09-05 11:00:00,32.3,30.822199,31.13698
2023-09-05 12:00:00,32.8,31.37744,30.618357
2023-09-05 13:00:00,33.0,31.778976,30.56156
2023-09-05 14:00:00,31.1,31.823137,31.356813
2023-09-05 15:00:00,29.6,32.058094,30.764711
2023-09-05 16:00:00,28.9,30.693382,30.595728
2023-09-05 17:00:00,31.2,28.299646,29.66348
2023-09-05 18:00:00,29.9,27.519121,27.246782
2023-09-05 19:00:00,29.4,27.781605,26.954935
2023-09-05 20:00:00,29.1,27.283667,26.799051
2023-09-05 21:00:00,28.6,27.017193,26.472868
2023-09-05 22:00:00,28.4,26.860142,26.210825
2023-09-05 23:00:00,28.2,26.66626,26.075476
2023-09-06 00:00:00,27.7,26.32786,26.061895
2023-09-06 01:00:00,27.4,26.325974,25.215187
2023-09-06 02:00:00,27.3,26.337019,25.40744
2023-09-06 03:00:00,27.1,26.261332,25.550516
2023-09-06 04:00:00,26.9,26.374784,25.82115
2023-09-06 05:00:00,27.1,27.152239,26.201662
2023-09-06 06:00:00,27.2,27.132235,27.169718
2023-09-06 07:00:00,28.3,27.609066,27.494045
2023-09-06 08:00:00,29.8,28.97422,28.220922
2023-09-06 09:00:00,31.2,30.357948,29.363543
2023-09-06 10:00:00,32.3,31.658924,30.444178
2023-09-06 11:00:00,33.1,32.11889,31.25026
2023-09-06 12:00:00,33.7,32.479588,31.286522
2023-09-06 13:00:00,33.3,32.372036,31.412945
2023-09-06 14:00:00,32.4,31.607115,31.56819
2023-09-06 15:00:00,31.6,31.202646,30.54723
2023-09-06 16:00:00,30.3,30.268673,29.477858
2023-09-06 17:00:00,29.1,29.631153,28.978666
2023-09-06 18:00:00,28.9,29.68522,28.827997
2023-09-06 19:00:00,28.1,28.97286,28.050148
2023-09-06 20:00:00,26.1,28.715916,27.844728
2023-09-06 21:00:00,26.4,28.313517,27.63476
2023-09-06 22:00:00,26.5,27.942593,27.219627
2023-09-06 23:00:00,26.0,27.751278,27.131561
2023-09-07 00:00:00,25.9,27.451664,26.962435
2023-09-07 01:00:00,26.0,27.195614,26.14522
2023-09-07 02:00:00,26.0,26.96595,26.15549
2023-09-07 03:00:00,26.3,26.854628,26.159428
2023-09-07 04:00:00,26.4,26.502575,26.290174
2023-09-07 05:00:00,26.4,26.90011,26.54525
2023-09-07 06:00:00,26.6,27.063704,27.34818
2023-09-07 07:00:00,27.8,28.10217,27.6415
2023-09-07 08:00:00,29.5,29.590021,28.596167
2023-09-07 09:00:00,31.0,31.269798,29.833006
2023-09-07 10:00:00,32.1,32.497253,30.92079
2023-09-07 11:00:00,33.1,33.118546,31.726217
2023-09-07 12:00:00,33.6,33.532852,32.27518
2023-09-07 13:00:00,33.8,33.330692,32.42942
2023-09-07 14:00:00,33.2,32.118504,32.159824
2023-09-07 15:00:00,32.7,31.548857,30.963331
2023-09-07 16:00:00,31.6,30.45378,29.938917
2023-09-07 17:00:00,31.4,29.624828,29.102392
2023-09-07 18:00:00,29.5,28.912407,28.535023
2023-09-07 19:00:00,29.3,28.519556,27.789488
2023-09-07 20:00:00,28.8,27.535374,27.258698
2023-09-07 21:00:00,28.9,27.351202,26.773811
2023-09-07 22:00:00,28.7,27.153582,26.77851
2023-09-07 23:00:00,28.1,26.83516,26.51742
2023-09-08 00:00:00,27.9,26.607985,26.19113
2023-09-08 01:00:00,27.4,26.408443,25.357794
2023-09-08 02:00:00,27.0,26.181469,25.441298
2023-09-08 03:00:00,26.6,26.1648,25.661436
2023-09-08 04:00:00,26.4,26.221628,25.915213
2023-09-08 05:00:00,27.7,26.395872,26.173613
2023-09-08 06:00:00,27.6,26.563068,26.632978
2023-09-08 07:00:00,28.4,27.758682,27.35246
2023-09-08 08:00:00,29.8,29.258707,28.365362
2023-09-08 09:00:00,31.5,30.827736,29.721674
2023-09-08 10:00:00,32.6,32.055256,31.048529
2023-09-08 11:00:00,33.7,33.11825,31.77166
2023-09-08 12:00:00,34.2,33.23533,32.452484
2023-09-08 13:00:00,34.1,33.135246,32.49634
2023-09-08 14:00:00,33.7,32.5895,32.204994
2023-09-08 15:00:00,32.0,31.912598,31.34566
2023-09-08 16:00:00,31.7,30.868692,30.692377
2023-09-08 17:00:00,30.5,30.264133,29.631405
2023-09-08 18:00:00,30.0,29.376375,29.068975
2023-09-08 19:00:00,29.5,28.893301,27.722157
2023-09-08 20:00:00,29.0,28.755526,27.803576
2023-09-08 21:00:00,28.8,28.524261,27.255423
2023-09-08 22:00:00,28.7,28.312656,27.179092
2023-09-08 23:00:00,28.9,27.771812,27.150545
2023-09-09 00:00:00,28.5,27.736189,27.008623
2023-09-09 01:00:00,28.2,27.400232,26.292612
2023-09-09 02:00:00,27.9,27.069782,26.09731
2023-09-09 03:00:00,27.6,26.662601,26.164492
2023-09-09 04:00:00,27.3,26.404766,26.185976
2023-09-09 05:00:00,28.4,26.819942,26.388311
2023-09-09 06:00:00,28.6,27.206112,27.406126
2023-09-09 07:00:00,29.4,28.045778,27.679306
2023-09-09 08:00:00,30.3,29.507797,28.55337
2023-09-09 09:00:00,30.5,30.864271,30.000338
2023-09-09 10:00:00,31.2,32.06842,31.26335
2023-09-09 11:00:00,32.0,33.106613,31.932468
2023-09-09 12:00:00,32.4,33.56151,32.567505
2023-09-09 13:00:00,33.2,33.038372,32.48471
2023-09-09 14:00:00,33.5,32.589684,32.493366
2023-09-09 15:00:00,34.1,31.660917,31.821266
2023-09-09 16:00:00,33.6,31.515203,30.278723
2023-09-09 17:00:00,31.3,30.47086,29.820265
2023-09-09 18:00:00,30.1,29.750671,28.90724
2023-09-09 19:00:00,29.4,29.46577,28.312273
2023-09-09 20:00:00,29.3,29.072336,28.12865
2023-09-09 21:00:00,29.0,28.609901,27.524868
2023-09-09 22:00:00,28.8,28.445578,27.345474
2023-09-09 23:00:00,28.6,28.508083,27.322634
2023-09-10 00:00:00,28.4,28.14942,27.333248
2023-09-10 01:00:00,28.0,27.76341,26.589628
2023-09-10 02:00:00,27.7,27.524603,26.565031
2023-09-10 03:00:00,27.4,27.253607,26.540104
2023-09-10 04:00:00,27.2,26.982084,26.57352
2023-09-10 05:00:00,27.9,27.841982,26.781479
2023-09-10 06:00:00,28.3,28.010223,27.768377
2023-09-10 07:00:00,28.7,28.836773,28.26161
2023-09-10 08:00:00,30.0,29.78848,29.055079
2023-09-10 09:00:00,31.5,30.710924,30.090002
2023-09-10 10:00:00,32.7,31.467768,30.704515
2023-09-10 11:00:00,34.0,31.725283,31.457895
2023-09-10 12:00:00,34.7,32.37943,31.973476
2023-09-10 13:00:00,34.9,32.90117,32.113716
2023-09-10 14:00:00,34.6,32.960384,32.19328
2023-09-10 15:00:00,34.1,32.291042,31.721018
2023-09-10 16:00:00,32.3,31.53368,31.515423
2023-09-10 17:00:00,30.4,30.029774,31.110853
2023-09-10 18:00:00,29.4,29.40034,28.410505
2023-09-10 19:00:00,27.9,29.283258,28.503302
2023-09-10 20:00:00,28.0,28.905329,27.827093
2023-09-10 21:00:00,27.8,28.752092,27.711775
2023-09-10 22:00:00,27.6,28.469551,27.388052
2023-09-10 23:00:00,27.2,28.305807,27.206717
2023-09-11 00:00:00,27.0,28.074663,27.175932
2023-09-11 01:00:00,26.9,27.809889,26.411783
2023-09-11 02:00:00,26.8,27.521109,26.51076
2023-09-11 03:00:00,26.9,27.29552,26.551283
2023-09-11 04:00:00,27.0,26.980682,26.459997
2023-09-11 05:00:00,29.3,27.422478,26.497019
2023-09-11 06:00:00,29.3,27.647388,27.55147
2023-09-11 07:00:00,29.6,28.389997,27.95933
2023-09-11 08:00:00,30.0,29.403498,28.803883
2023-09-11 09:00:00,31.4,30.541267,29.87193
2023-09-11 10:00:00,33.2,32.091885,30.818457
2023-09-11 11:00:00,34.1,32.75439,31.624578
2023-09-11 12:00:00,34.9,33.387417,32.384716
2023-09-11 13:00:00,35.3,33.283817,32.519127
2023-09-11 14:00:00,35.0,32.606274,32.381485
2023-09-11 15:00:00,28.4,31.263632,31.535769
2023-09-11 16:00:00,28.9,31.0989,30.319994
2023-09-11 17:00:00,28.6,30.060776,29.606253
2023-09-11 18:00:00,28.0,29.382881,28.773542
2023-09-11 19:00:00,27.6,28.580906,28.360664
2023-09-11 20:00:00,27.7,28.553543,27.651215
2023-09-11 21:00:00,27.4,28.244722,27.56473
2023-09-11 22:00:00,27.3,28.015556,27.142942
2023-09-11 23:00:00,27.6,27.500244,26.993807
2023-09-12 00:00:00,27.7,27.314816,26.97308
2023-09-12 01:00:00,27.3,27.079756,26.195017
2023-09-12 02:00:00,26.9,27.206158,26.17511
2023-09-12 03:00:00,26.7,27.162186,26.381033
2023-09-12 04:00:00,26.5,27.017136,26.496403
2023-09-12 05:00:00,27.0,27.82288,26.752222
2023-09-12 06:00:00,27.6,28.43083,28.224823
2023-09-12 07:00:00,28.5,28.787691,28.690445
2023-09-12 08:00:00,30.1,29.64658,29.147146
2023-09-12 09:00:00,31.6,31.241776,30.2277
2023-09-12 10:00:00,32.9,32.570915,31.336063
2023-09-12 11:00:00,34.1,33.519985,32.341515
2023-09-12 12:00:00,34.8,33.955032,32.500725
2023-09-12 13:00:00,35.1,33.749943,32.780598
2023-09-12 14:00:00,35.2,33.833992,32.517647
2023-09-12 15:00:00,34.5,31.244425,32.502563
2023-09-12 16:00:00,31.8,30.084957,28.611547
2023-09-12 17:00:00,32.6,29.338295,29.334793
2023-09-12 18:00:00,30.2,28.532484,28.460262
2023-09-12 19:00:00,29.1,27.934996,27.812563
2023-09-12 20:00:00,28.4,28.009563,27.327433
2023-09-12 21:00:00,28.4,27.45322,27.257206
2023-09-12 22:00:00,28.4,27.393242,27.023836
2023-09-12 23:00:00,28.2,27.30456,26.93585
2023-09-13 00:00:00,28.1,27.379301,26.902632
2023-09-13 01:00:00,27.7,27.379766,26.312643
2023-09-13 02:00:00,27.4,27.087006,26.253366
2023-09-13 03:00:00,27.2,26.693537,26.267248
2023-09-13 04:00:00,27.1,26.557497,26.020185
2023-09-13 05:00:00,28.1,27.765469,26.4648
2023-09-13 06:00:00,28.2,28.273724,27.280252
2023-09-13 07:00:00,29.0,28.61952,27.93371
2023-09-13 08:00:00,30.5,29.693876,28.858614
2023-09-13 09:00:00,32.0,31.434204,29.994162
2023-09-13 10:00:00,32.9,32.69241,31.262407
2023-09-13 11:00:00,33.8,33.357807,32.146355
2023-09-13 12:00:00,35.0,33.733803,32.736366
2023-09-13 13:00:00,35.9,34.03612,33.18109
2023-09-13 14:00:00,36.1,33.85036,33.076435
2023-09-13 15:00:00,35.0,31.981901,32.80144
2023-09-13 16:00:00,32.5,30.728552,30.946585
2023-09-13 17:00:00,29.3,30.589987,29.24621
2023-09-13 18:00:00,27.8,29.809135,29.591835
2023-09-13 19:00:00,26.1,29.008364,28.404947
2023-09-13 20:00:00,26.1,28.636751,27.902254
2023-09-13 21:00:00,26.5,28.330194,27.508596
2023-09-13 22:00:00,26.5,28.06905,27.463575
2023-09-13 23:00:00,26.0,27.889336,27.343056
2023-09-14 00:00:00,26.0,28.03943,27.18001
2023-09-14 01:00:00,25.9,27.73647,26.589441
2023-09-14 02:00:00,25.8,27.62917,26.464516
2023-09-14 03:00:00,25.8,27.37029,26.61714
2023-09-14 04:00:00,25.7,26.969696,26.743773
2023-09-14 05:00:00,26.9,27.518038,26.832163
2023-09-14 06:00:00,27.1,27.626768,27.75162
2023-09-14 07:00:00,28.3,28.62147,28.00279
2023-09-14 08:00:00,30.2,29.819986,28.878351
2023-09-14 09:00:00,31.7,31.606857,30.340906
2023-09-14 10:00:00,32.7,32.602158,31.532534
2023-09-14 11:00:00,33.8,33.285725,32.420464
2023-09-14 12:00:00,34.5,34.194584,33.019775
2023-09-14 13:00:00,34.8,34.71736,33.49435
2023-09-14 14:00:00,34.1,34.05209,33.594097
2023-09-14 15:00:00,32.7,33.174995,33.46279
2023-09-14 16:00:00,32.2,31.773632,32.192226
2023-09-14 17:00:00,28.9,30.701614,30.157436
2023-09-14 18:00:00,28.8,29.068758,29.063564
2023-09-14 19:00:00,28.7,27.62703,28.097239
2023-09-14 20:00:00,28.1,27.295816,27.127068
2023-09-14 21:00:00,27.5,27.545696,26.886713
2023-09-14 22:00:00,27.0,27.277706,26.930647
2023-09-14 23:00:00,27.2,26.796785,26.729246
2023-09-15 00:00:00,27.2,26.6842,26.518026
2023-09-15 01:00:00,26.7,26.64532,25.892153
2023-09-15 02:00:00,26.3,26.517282,25.87188
2023-09-15 03:00:00,26.1,26.559736,25.981375
2023-09-15 04:00:00,26.0,26.25254,26.156725
2023-09-15 05:00:00,26.9,26.304893,26.289495
2023-09-15 06:00:00,27.3,27.130339,27.338696
2023-09-15 07:00:00,28.5,28.141813,27.690777
2023-09-15 08:00:00,30.5,29.70059,28.748222
2023-09-15 09:00:00,32.0,31.69039,30.386732
2023-09-15 10:00:00,33.0,32.661278,31.654425
2023-09-15 11:00:00,33.8,33.848427,32.36289
2023-09-15 12:00:00,33.9,34.220604,32.977894
2023-09-15 13:00:00,33.0,34.219418,33.16016
2023-09-15 14:00:00,29.2,33.305176,33.09608
2023-09-15 15:00:00,29.5,32.478096,32.42382
2023-09-15 16:00:00,29.0,31.659498,31.05604
2023-09-15 17:00:00,27.8,29.464088,30.36315
2023-09-15 18:00:00,27.9,28.406853,27.130026
2023-09-15 19:00:00,27.8,28.411146,27.282907
2023-09-15 20:00:00,27.8,28.181889,27.200085
2023-09-15 21:00:00,27.6,27.7678,25.89886
2023-09-15 22:00:00,27.4,27.233746,25.820204
2023-09-15 23:00:00,26.6,27.251585,26.524794
2023-09-16 00:00:00,25.6,27.348864,26.554958
2023-09-16 01:00:00,25.8,27.133265,25.668385
2023-09-16 02:00:00,25.8,26.56225,25.17996
2023-09-16 03:00:00,25.8,26.18255,25.626955
2023-09-16 04:00:00,25.8,26.164673,25.860788
2023-09-16 05:00:00,25.6,26.779842,26.189295
2023-09-16 06:00:00,25.8,27.163239,27.05983
2023-09-16 07:00:00,26.3,28.176342,27.58393
2023-09-16 08:00:00,27.5,29.670898,28.741865
2023-09-16 09:00:00,28.1,31.55197,30.249836
2023-09-16 10:00:00,29.7,32.753136,31.425829
2023-09-16 11:00:00,31.1,33.505955,32.212463
2023-09-16 12:00:00,32.0,33.264217,32.817566
2023-09-16 13:00:00,32.5,32.793877,32.67514
2023-09-16 14:00:00,32.6,31.81515,31.866556
2023-09-16 15:00:00,32.3,31.087425,29.682907
2023-09-16 16:00:00,31.5,30.101608,29.726873
2023-09-16 17:00:00,25.7,28.268698,28.924837
2023-09-16 18:00:00,26.5,28.330006,27.626741
2023-09-16 19:00:00,26.4,27.996536,27.345938
2023-09-16 20:00:00,26.5,27.708685,27.132818
2023-09-16 21:00:00,25.9,27.450739,26.849382
2023-09-16 22:00:00,25.9,27.36156,26.621393
2023-09-16 23:00:00,25.8,26.973555,26.50788
2023-09-17 00:00:00,26.0,26.593561,26.455994
2023-09-17 01:00:00,25.9,26.212738,25.148705
2023-09-17 02:00:00,25.8,25.900826,24.959227
2023-09-17 03:00:00,25.3,25.814734,25.013983
2023-09-17 04:00:00,25.0,25.70641,25.444763
2023-09-17 05:00:00,26.2,25.99681,25.78118
2023-09-17 06:00:00,26.6,26.166388,26.204386
2023-09-17 07:00:00,26.7,26.800701,26.801598
2023-09-17 08:00:00,27.9,28.362003,27.50049
2023-09-17 09:00:00,29.8,28.924809,28.508827
2023-09-17 10:00:00,31.0,30.486261,29.37509
2023-09-17 11:00:00,32.3,31.0688,30.348984
2023-09-17 12:00:00,32.9,31.569239,31.14274
2023-09-17 13:00:00,33.1,31.70311,31.368849
2023-09-17 14:00:00,32.4,31.39173,30.988153
2023-09-17 15:00:00,30.1,31.133844,30.59088
2023-09-17 16:00:00,29.6,30.666168,30.185106
2023-09-17 17:00:00,26.2,28.19036,29.411692
2023-09-17 18:00:00,26.3,27.56828,26.257349
2023-09-17 19:00:00,26.8,27.61261,26.603449
2023-09-17 20:00:00,27.2,27.264528,26.50906
2023-09-17 21:00:00,25.5,26.9863,26.289675
2023-09-17 22:00:00,25.6,26.75319,25.785007
2023-09-17 23:00:00,25.6,26.380365,25.83354
2023-09-18 00:00:00,25.6,26.165384,25.787352
2023-09-18 01:00:00,25.5,26.069954,25.060308
2023-09-18 02:00:00,25.3,25.920137,25.081232
2023-09-18 03:00:00,25.2,25.578754,25.21307
2023-09-18 04:00:00,25.4,25.410751,24.942198
2023-09-18 05:00:00,26.2,25.723686,25.625929
2023-09-18 06:00:00,26.4,26.603,25.868338
2023-09-18 07:00:00,27.6,26.837158,26.611082
2023-09-18 08:00:00,29.0,27.851864,27.485266
2023-09-18 09:00:00,30.5,28.98881,28.474428
2023-09-18 10:00:00,31.4,30.717728,29.710087
2023-09-18 11:00:00,32.4,31.70849,30.691616
2023-09-18 12:00:00,33.1,32.021294,31.304081
2023-09-18 13:00:00,33.7,32.544655,31.614557
2023-09-18 14:00:00,33.6,31.549704,31.472954
2023-09-18 15:00:00,32.6,31.390554,30.69906
2023-09-18 16:00:00,31.5,29.933348,29.13885
2023-09-18 17:00:00,30.4,27.43244,28.76189
2023-09-18 18:00:00,28.9,26.513689,25.17692
2023-09-18 19:00:00,28.5,27.120329,27.053688
2023-09-18 20:00:00,28.3,27.522692,26.339369
2023-09-18 21:00:00,28.4,26.498075,26.466137
2023-09-18 22:00:00,28.2,26.375826,25.924925
2023-09-18 23:00:00,27.9,26.152222,26.044998
2023-09-19 00:00:00,27.5,26.040632,25.81386
2023-09-19 01:00:00,27.2,25.96645,25.170938
2023-09-19 02:00:00,26.8,25.700867,25.194918
2023-09-19 03:00:00,26.3,25.5165,25.242437
2023-09-19 04:00:00,26.0,25.299774,25.219545
2023-09-19 05:00:00,26.8,25.823381,25.58006
2023-09-19 06:00:00,26.5,26.367224,26.236338
2023-09-19 07:00:00,27.1,27.301687,26.659725
2023-09-19 08:00:00,28.3,28.640856,27.75813
2023-09-19 09:00:00,30.0,30.11324,28.945768
2023-09-19 10:00:00,31.3,31.17909,30.225248
2023-09-19 11:00:00,32.8,32.037807,30.899776
2023-09-19 12:00:00,33.7,32.75863,31.584398
2023-09-19 13:00:00,34.0,32.97442,31.846672
2023-09-19 14:00:00,33.8,32.668087,31.61638
2023-09-19 15:00:00,32.7,31.049627,31.086561
2023-09-19 16:00:00,31.0,30.398594,30.737642
2023-09-19 17:00:00,30.0,29.683983,29.250628
2023-09-19 18:00:00,29.5,28.985098,27.887823
2023-09-19 19:00:00,28.7,28.45192,27.622568
2023-09-19 20:00:00,27.9,28.180323,27.461359
2023-09-19 21:00:00,27.6,28.230536,27.221144
2023-09-19 22:00:00,27.8,28.010191,26.865524
2023-09-19 23:00:00,27.7,27.651886,26.780035
2023-09-20 00:00:00,27.5,27.28672,26.632227
2023-09-20 01:00:00,27.6,27.077349,25.876791
2023-09-20 02:00:00,27.6,26.92685,25.87486
2023-09-20 03:00:00,26.7,26.387402,25.93042
2023-09-20 04:00:00,27.0,26.15819,25.844255
2023-09-20 05:00:00,26.1,26.332567,26.13681
2023-09-20 06:00:00,25.7,26.48773,26.86147
2023-09-20 07:00:00,25.6,27.49101,27.112833
2023-09-20 08:00:00,26.1,28.525616,27.90328
2023-09-20 09:00:00,27.7,29.724688,29.083967
2023-09-20 10:00:00,29.4,30.861788,30.146643
2023-09-20 11:00:00,31.1,32.540596,30.998636
2023-09-20 12:00:00,31.7,33.32073,32.023586
2023-09-20 13:00:00,32.0,33.165405,32.340866
2023-09-20 14:00:00,32.0,32.899666,32.419937
2023-09-20 15:00:00,30.9,31.889425,31.968786
2023-09-20 16:00:00,30.0,30.809883,30.424746
2023-09-20 17:00:00,30.2,29.826157,29.035604
2023-09-20 18:00:00,28.9,29.17408,28.223825
2023-09-20 19:00:00,28.6,28.531124,27.378836
2023-09-20 20:00:00,28.5,27.981703,27.65198
2023-09-20 21:00:00,28.3,27.884201,27.140188
2023-09-20 22:00:00,28.1,27.678959,27.037025
2023-09-20 23:00:00,28.0,27.631702,26.897337
2023-09-21 00:00:00,27.6,27.367582,26.705992
2023-09-21 01:00:00,26.8,27.126623,25.922647
2023-09-21 02:00:00,26.3,27.174809,26.145065
2023-09-21 03:00:00,26.1,26.17791,26.29793
2023-09-21 04:00:00,25.5,26.505314,24.554764
2023-09-21 05:00:00,27.0,26.455366,26.75948
2023-09-21 06:00:00,27.0,26.209826,26.247017
2023-09-21 07:00:00,27.6,26.597492,26.578064
2023-09-21 08:00:00,29.0,27.175402,27.28581
2023-09-21 09:00:00,30.6,28.563633,27.704523
2023-09-21 10:00:00,32.1,29.82708,28.992617
2023-09-21 11:00:00,32.8,30.919256,30.284819
2023-09-21 12:00:00,32.8,31.517412,31.185707
2023-09-21 13:00:00,31.4,31.700256,31.436123
2023-09-21 14:00:00,30.3,31.48121,31.371595
2023-09-21 15:00:00,30.9,30.809938,30.910204
2023-09-21 16:00:00,30.1,30.012197,29.64367
2023-09-21 17:00:00,30.0,29.738289,28.718653
2023-09-21 18:00:00,28.9,28.894089,28.12964
2023-09-21 19:00:00,28.6,28.386997,27.644392
2023-09-21 20:00:00,28.3,28.23653,27.25466
2023-09-21 21:00:00,28.2,28.046326,26.889236
2023-09-21 22:00:00,28.1,27.832834,26.672012
2023-09-21 23:00:00,27.9,27.648281,26.663176
2023-09-22 00:00:00,27.0,27.189943,26.574453
2023-09-22 01:00:00,26.1,26.780375,25.624487
2023-09-22 02:00:00,25.8,26.562262,25.886568
2023-09-22 03:00:00,25.5,26.10471,25.653143
2023-09-22 04:00:00,25.4,26.054836,25.572823
2023-09-22 05:00:00,27.0,26.212372,25.61857
2023-09-22 06:00:00,27.6,26.7906,26.640993
2023-09-22 07:00:00,28.7,27.284576,27.023325
2023-09-22 08:00:00,29.9,28.319656,27.862837
2023-09-22 09:00:00,31.0,30.045158,28.6278
2023-09-22 10:00:00,31.8,31.432947,30.240635
2023-09-22 11:00:00,32.1,32.44219,31.230139
2023-09-22 12:00:00,32.0,32.33854,31.706408
2023-09-22 13:00:00,31.0,31.897453,31.573397
2023-09-22 14:00:00,31.2,30.84414,30.402449
2023-09-22 15:00:00,31.4,30.666079,29.760313
2023-09-22 16:00:00,30.6,29.866034,29.629324
2023-09-22 17:00:00,30.3,29.661478,28.732534
2023-09-22 18:00:00,29.4,28.854362,28.311222
2023-09-22 19:00:00,28.8,28.415216,27.683386
2023-09-22 20:00:00,28.6,28.093208,27.399414
2023-09-22 21:00:00,28.3,28.016205,27.187674
2023-09-22 22:00:00,25.9,27.798002,26.928099
2023-09-22 23:00:00,26.1,27.646322,26.922712
2023-09-23 00:00:00,25.6,27.155682,26.740911
2023-09-23 01:00:00,25.3,26.410513,25.276243
2023-09-23 02:00:00,24.6,25.974096,25.101013
2023-09-23 03:00:00,24.7,25.800573,25.181314
2023-09-23 04:00:00,24.8,25.6018,25.156946
2023-09-23 05:00:00,25.1,26.041285,25.34733
2023-09-23 06:00:00,25.5,27.21266,27.129768
2023-09-23 07:00:00,26.4,28.14361,27.312775
2023-09-23 08:00:00,27.5,29.304148,28.436771
2023-09-23 09:00:00,29.9,30.634092,29.579924
2023-09-23 10:00:00,31.6,31.070847,30.528204
2023-09-23 11:00:00,32.8,31.639038,31.172243
2023-09-23 12:00:00,33.7,31.646364,31.409441
2023-09-23 13:00:00,33.8,31.204145,30.93762
2023-09-23 14:00:00,33.1,30.895315,30.091768
2023-09-23 15:00:00,31.4,30.747868,29.861979
2023-09-23 16:00:00,30.0,30.213428,29.627996
2023-09-23 17:00:00,30.6,29.880318,28.806322
2023-09-23 18:00:00,28.7,29.080467,28.479738
2023-09-23 19:00:00,28.3,28.58484,27.757252
2023-09-23 20:00:00,27.4,28.2489,27.34923
2023-09-23 21:00:00,26.5,28.127306,27.101206
2023-09-23 22:00:00,25.7,27.295639,26.921396
2023-09-23 23:00:00,25.4,26.87177,26.475323
2023-09-24 00:00:00,25.3,26.384535,26.383646
2023-09-24 01:00:00,25.0,25.881088,24.946249
2023-09-24 02:00:00,25.3,25.420094,25.040525
2023-09-24 03:00:00,25.2,25.27465,24.747639
2023-09-24 04:00:00,25.2,25.172146,25.174215
2023-09-24 05:00:00,25.5,25.712032,25.24787
2023-09-24 06:00:00,25.8,25.987185,25.6685
2023-09-24 07:00:00,26.9,26.76961,26.562864
2023-09-24 08:00:00,28.4,28.271133,27.254469
2023-09-24 09:00:00,30.0,29.756134,28.328249
2023-09-24 10:00:00,31.5,30.520563,29.904785
2023-09-24 11:00:00,32.7,31.501095,30.714592
2023-09-24 12:00:00,33.2,32.478306,31.253887
2023-09-24 13:00:00,32.9,32.309185,31.53708
2023-09-24 14:00:00,32.4,31.77237,31.157972
2023-09-24 15:00:00,31.0,30.929188,31.496035
2023-09-24 16:00:00,30.4,30.125916,29.45418
2023-09-24 17:00:00,30.8,29.808315,28.571836
2023-09-24 18:00:00,29.1,28.42568,28.192083
2023-09-24 19:00:00,28.4,28.301666,26.405237
2023-09-24 20:00:00,28.5,27.70549,26.424015
2023-09-24 21:00:00,28.0,27.275675,26.37335
2023-09-24 22:00:00,28.1,26.546095,26.5946
2023-09-24 23:00:00,26.3,26.168314,26.114182
2023-09-25 00:00:00,26.1,25.879044,25.677511
2023-09-25 01:00:00,25.6,25.675123,24.789793
2023-09-25 02:00:00,25.4,25.72668,24.712965
2023-09-25 03:00:00,25.4,25.483562,24.970943
2023-09-25 04:00:00,25.4,25.376844,24.873508
2023-09-25 05:00:00,24.8,25.438139,25.351545
2023-09-25 06:00:00,25.2,25.599457,25.64503
2023-09-25 07:00:00,25.9,26.649775,26.366217
2023-09-25 08:00:00,27.3,28.239027,27.288694
2023-09-25 09:00:00,29.0,29.66096,28.618336
2023-09-25 10:00:00,30.6,30.420698,29.930964
2023-09-25 11:00:00,31.7,31.746891,30.719046
2023-09-25 12:00:00,32.3,31.93873,31.126768
2023-09-25 13:00:00,32.8,32.337444,31.052763
2023-09-25 14:00:00,32.5,31.685753,29.989122
2023-09-25 15:00:00,31.3,30.727568,29.830757
2023-09-25 16:00:00,30.0,30.046228,28.8802
2023-09-25 17:00:00,28.9,29.755285,28.716822
2023-09-25 18:00:00,28.2,28.554228,28.279854
2023-09-25 19:00:00,27.5,28.13463,27.19534
2023-09-25 20:00:00,25.7,28.144878,26.941671
2023-09-25 21:00:00,25.4,27.89192,26.921906
2023-09-25 22:00:00,25.5,27.740694,26.36301
2023-09-25 23:00:00,25.1,26.871086,26.352636
2023-09-26 00:00:00,25.2,26.324743,26.308355
2023-09-26 01:00:00,25.1,26.003244,25.361422
2023-09-26 02:00:00,25.2,25.70096,24.983192
2023-09-26 03:00:00,25.0,25.524817,24.99644
2023-09-26 04:00:00,25.2,25.555311,25.239254
2023-09-26 05:00:00,25.8,25.197351,25.482517
2023-09-26 06:00:00,26.1,25.628702,25.828253
2023-09-26 07:00:00,27.3,26.463863,26.21342
2023-09-26 08:00:00,28.9,27.761217,27.110659
2023-09-26 09:00:00,30.6,28.858515,28.745222
2023-09-26 10:00:00,31.8,30.169668,29.608488
2023-09-26 11:00:00,32.8,31.397766,30.479406
2023-09-26 12:00:00,33.1,31.293566,31.089247
2023-09-26 13:00:00,32.1,31.967602,31.168314
2023-09-26 14:00:00,30.2,31.430262,31.02347
2023-09-26 15:00:00,30.5,30.969078,31.102089
2023-09-26 16:00:00,30.2,30.263222,29.28649
2023-09-26 17:00:00,27.9,29.549456,28.466963
2023-09-26 18:00:00,27.6,28.37211,28.141413
2023-09-26 19:00:00,27.0,27.851608,27.16834
2023-09-26 20:00:00,26.5,27.076378,26.530184
2023-09-26 21:00:00,26.5,26.743216,25.782566
2023-09-26 22:00:00,26.6,26.427383,26.091803
2023-09-26 23:00:00,26.5,26.221912,25.960205
2023-09-27 00:00:00,26.6,25.97317,25.50714
2023-09-27 01:00:00,26.2,25.765194,24.477427
2023-09-27 02:00:00,26.0,25.512783,24.658682
2023-09-27 03:00:00,25.8,25.26662,24.791985
2023-09-27 04:00:00,25.7,25.443537,24.727228
2023-09-27 05:00:00,26.5,25.67064,25.314096
2023-09-27 06:00:00,26.6,26.050253,25.663385
2023-09-27 07:00:00,27.8,27.053802,26.50994
2023-09-27 08:00:00,29.5,28.318005,27.491312
2023-09-27 09:00:00,30.9,29.430756,28.563696
2023-09-27 10:00:00,31.9,31.004086,30.127022
2023-09-27 11:00:00,32.9,31.897078,30.745821
2023-09-27 12:00:00,33.5,32.115627,31.240093
2023-09-27 13:00:00,33.7,31.52539,32.15389
2023-09-27 14:00:00,31.8,30.947624,30.002232
2023-09-27 15:00:00,32.1,30.662642,29.34965
2023-09-27 16:00:00,31.4,29.903734,29.225225
2023-09-27 17:00:00,30.7,28.096754,28.744303
2023-09-27 18:00:00,27.9,27.040722,26.158854
2023-09-27 19:00:00,27.5,27.410316,27.413141
2023-09-27 20:00:00,27.9,26.678843,26.1653
2023-09-27 21:00:00,26.5,26.63655,26.18418
2023-09-27 22:00:00,26.3,26.791073,25.94692
2023-09-27 23:00:00,26.7,26.583197,25.971966
2023-09-28 00:00:00,26.6,26.726707,25.69332
2023-09-28 01:00:00,26.5,26.266575,25.05266
2023-09-28 02:00:00,26.5,25.960747,24.978373
2023-09-28 03:00:00,26.6,25.908255,24.937563
2023-09-28 04:00:00,26.5,25.83565,25.103985
2023-09-28 05:00:00,26.3,26.181334,25.589272
2023-09-28 06:00:00,26.7,26.557863,26.134504
2023-09-28 07:00:00,28.1,27.492626,26.85681
2023-09-28 08:00:00,29.8,28.68077,27.820719
2023-09-28 09:00:00,30.9,30.194101,29.32991
2023-09-28 10:00:00,31.8,31.83307,30.602478
2023-09-28 11:00:00,32.5,32.580303,31.395205
2023-09-28 12:00:00,32.8,33.1109,31.816145
2023-09-28 13:00:00,33.0,32.412457,31.919107
2023-09-28 14:00:00,32.0,31.572617,31.58353
2023-09-28 15:00:00,29.2,31.399858,30.352243
2023-09-28 16:00:00,29.2,30.876667,30.406553
2023-09-28 17:00:00,27.9,30.211653,29.574045
2023-09-28 18:00:00,27.4,28.031633,27.339024
2023-09-28 19:00:00,27.2,27.710232,26.183084
2023-09-28 20:00:00,27.1,27.514713,27.149952
2023-09-28 21:00:00,26.6,26.826975,26.508749
2023-09-28 22:00:00,26.6,26.60292,25.794622
2023-09-28 23:00:00,26.6,26.843046,25.907223
2023-09-29 00:00:00,26.7,26.790123,26.156694
2023-09-29 01:00:00,26.6,26.587513,25.384317
2023-09-29 02:00:00,26.3,26.42121,25.455976
2023-09-29 03:00:00,25.9,26.41017,25.444723
2023-09-29 04:00:00,25.7,26.278233,25.934612
2023-09-29 05:00:00,27.0,26.216925,26.247587
2023-09-29 06:00:00,27.2,26.596107,26.602285
2023-09-29 07:00:00,27.8,27.766033,26.90612
2023-09-29 08:00:00,29.3,29.327496,28.178324
2023-09-29 09:00:00,30.6,30.806633,29.782452
2023-09-29 10:00:00,31.3,31.854467,30.559298
2023-09-29 11:00:00,31.9,32.913666,31.426964
2023-09-29 12:00:00,32.3,32.816147,32.025772
2023-09-29 13:00:00,32.4,32.528275,31.75598
2023-09-29 14:00:00,31.9,31.287436,31.485994
2023-09-29 15:00:00,30.3,31.149815,30.705744
2023-09-29 16:00:00,29.9,29.941128,29.216322
2023-09-29 17:00:00,29.5,29.166475,29.030981
2023-09-29 18:00:00,28.5,27.702469,27.797155
2023-09-29 19:00:00,28.1,27.659851,26.94838
2023-09-29 20:00:00,27.4,27.630106,25.532965
2023-09-29 21:00:00,27.5,27.099606,26.167501
2023-09-29 22:00:00,27.7,26.90788,25.855051
2023-09-29 23:00:00,27.8,26.645332,25.931185
2023-09-30 00:00:00,27.5,26.770433,26.011658
2023-09-30 01:00:00,27.1,26.687685,25.388714
2023-09-30 02:00:00,26.9,26.258673,25.44314
2023-09-30 03:00:00,26.6,26.022423,25.483917
2023-09-30 04:00:00,26.2,25.92312,25.541931
2023-09-30 05:00:00,26.8,26.380783,25.827303
2023-09-30 06:00:00,26.8,27.064201,26.32808
2023-09-30 07:00:00,27.7,27.76914,27.009447
2023-09-30 08:00:00,29.0,29.044783,28.109735
2023-09-30 09:00:00,30.6,30.440914,29.43114
2023-09-30 10:00:00,31.6,31.130636,30.485216
2023-09-30 11:00:00,32.4,31.649519,31.215876
2023-09-30 12:00:00,32.7,32.082664,31.485758
2023-09-30 13:00:00,32.6,31.977291,31.617325
2023-09-30 14:00:00,31.8,31.224937,31.40631
2023-09-30 15:00:00,30.6,30.70731,30.530804
2023-09-30 16:00:00,30.0,29.862026,29.079458
2023-09-30 17:00:00,29.6,29.13669,28.863008
2023-09-30 18:00:00,28.9,28.500381,28.076357
2023-09-30 19:00:00,29.1,28.02262,27.040949
2023-09-30 20:00:00,29.0,27.469322,26.90642
2023-09-30 21:00:00,28.8,27.17524,26.412786
2023-09-30 22:00:00,28.7,27.343985,26.641628
2023-09-30 23:00:00,28.3,27.315836,26.54526
2023-10-01 00:00:00,27.9,27.055265,26.629297
2023-10-01 01:00:00,27.6,26.754185,25.382475
2023-10-01 02:00:00,27.3,26.52171,25.66092
2023-10-01 03:00:00,26.9,26.335634,25.644217
2023-10-01 04:00:00,26.5,26.104414,25.723658
2023-10-01 05:00:00,27.3,26.527407,25.91627
2023-10-01 06:00:00,27.2,26.540178,26.588835
2023-10-01 07:00:00,28.1,27.613869,27.01246
2023-10-01 08:00:00,29.6,29.12048,27.799467
2023-10-01 09:00:00,31.1,30.346935,29.044027
2023-10-01 10:00:00,32.3,31.261051,30.142908
2023-10-01 11:00:00,33.1,32.090572,30.85601
2023-10-01 12:00:00,33.4,32.381123,31.397154
2023-10-01 13:00:00,33.2,32.232975,31.345734
2023-10-01 14:00:00,33.1,31.15359,31.052568
2023-10-01 15:00:00,31.9,30.946474,30.269258
2023-10-01 16:00:00,29.9,30.167091,29.187508
2023-10-01 17:00:00,30.4,29.392218,28.645334
2023-10-01 18:00:00,29.2,28.824478,27.987782
2023-10-01 19:00:00,29.0,28.65268,27.45984
2023-10-01 20:00:00,28.7,28.521446,27.394205
2023-10-01 21:00:00,28.5,28.34907,27.174543
2023-10-01 22:00:00,28.8,28.123121,27.000208
2023-10-01 23:00:00,28.7,27.64237,26.970293
2023-10-02 00:00:00,28.3,27.392271,26.793257
2023-10-02 01:00:00,27.9,27.167664,25.892988
2023-10-02 02:00:00,27.4,26.959972,25.868109
2023-10-02 03:00:00,27.0,26.541767,25.924948
2023-10-02 04:00:00,26.7,26.260359,25.954828
2023-10-02 05:00:00,27.5,26.788717,26.018824
2023-10-02 06:00:00,27.5,26.930807,26.79133
2023-10-02 07:00:00,28.6,27.870344,26.933483
2023-10-02 08:00:00,30.0,29.305174,28.00445
2023-10-02 09:00:00,31.5,30.877611,29.23642
2023-10-02 10:00:00,32.5,32.485867,30.508154
2023-10-02 11:00:00,33.7,33.246357,31.402178
2023-10-02 12:00:00,34.3,33.7799,31.824924
2023-10-02 13:00:00,34.5,33.200825,31.77905
2023-10-02 14:00:00,34.4,32.769085,31.553822
2023-10-02 15:00:00,33.8,31.662281,31.029161
2023-10-02 16:00:00,32.4,30.103085,29.76852
2023-10-02 17:00:00,29.8,29.562794,28.52844
2023-10-02 18:00:00,29.3,29.06517,28.377573
2023-10-02 19:00:00,28.8,28.574589,27.704868
2023-10-02 20:00:00,28.6,28.57096,27.582018
2023-10-02 21:00:00,28.5,28.433954,27.077654
2023-10-02 22:00:00,28.3,28.302288,26.880283
2023-10-02 23:00:00,27.9,28.221817,27.232292
2023-10-03 00:00:00,27.6,27.807077,26.872469
2023-10-03 01:00:00,27.2,27.39498,26.073605
2023-10-03 02:00:00,26.8,27.039383,26.188581
2023-10-03 03:00:00,26.6,26.725729,26.107004
2023-10-03 04:00:00,26.4,26.365757,26.123285
2023-10-03 05:00:00,27.3,26.878166,26.15929
2023-10-03 06:00:00,27.5,26.916475,26.84958
2023-10-03 07:00:00,28.6,28.130703,27.176016
2023-10-03 08:00:00,30.0,29.567926,28.114712
2023-10-03 09:00:00,31.6,30.782345,29.3214
2023-10-03 10:00:00,32.7,32.281796,30.544786
2023-10-03 11:00:00,33.6,33.335392,31.299444
2023-10-03 12:00:00,33.9,33.629963,31.962738
2023-10-03 13:00:00,33.8,33.64184,32.23717
2023-10-03 14:00:00,33.7,33.078735,32.304188
2023-10-03 15:00:00,33.4,31.85653,31.944117
2023-10-03 16:00:00,31.7,30.782999,31.158514
2023-10-03 17:00:00,27.8,29.822136,29.636583
2023-10-03 18:00:00,26.5,29.154993,28.264168
2023-10-03 19:00:00,26.7,28.836735,28.029047
2023-10-03 20:00:00,26.7,28.492258,27.512186
2023-10-03 21:00:00,26.6,28.27827,27.095604
2023-10-03 22:00:00,26.4,28.260906,27.099545
2023-10-03 23:00:00,26.3,27.77466,26.850227
2023-10-04 00:00:00,26.1,27.60806,26.71819
2023-10-04 01:00:00,25.7,27.277372,25.91492
2023-10-04 02:00:00,25.5,26.94022,25.926554
2023-10-04 03:00:00,25.5,26.529852,25.815277
2023-10-04 04:00:00,25.2,26.269335,26.00537
2023-10-04 05:00:00,26.5,26.948408,26.093712
2023-10-04 06:00:00,27.1,27.152103,26.693785
2023-10-04 07:00:00,28.1,28.241055,27.032612
2023-10-04 08:00:00,29.6,29.559078,28.250671
2023-10-04 09:00:00,31.3,30.963335,29.462198
2023-10-04 10:00:00,32.9,32.321354,30.448465
2023-10-04 11:00:00,33.9,33.22043,31.257761
2023-10-04 12:00:00,34.4,33.247433,31.996012
2023-10-04 13:00:00,34.0,33.107193,32.16707
2023-10-04 14:00:00,33.7,32.41594,31.12662
2023-10-04 15:00:00,30.1,32.10426,29.804419
2023-10-04 16:00:00,28.1,30.729816,30.382965
2023-10-04 17:00:00,28.0,29.179424,29.76825
2023-10-04 18:00:00,27.6,27.76034,26.796568
2023-10-04 19:00:00,27.3,27.938673,27.439291
2023-10-04 20:00:00,27.1,27.58176,25.984652
2023-10-04 21:00:00,27.1,27.460995,26.482874
2023-10-04 22:00:00,26.9,26.98284,25.922247
2023-10-04 23:00:00,27.1,26.742937,26.079988
2023-10-05 00:00:00,27.8,26.578625,26.046494
2023-10-05 01:00:00,27.6,26.160425,25.248503
2023-10-05 02:00:00,27.0,25.713251,25.134438
2023-10-05 03:00:00,26.3,25.704763,25.314869
2023-10-05 04:00:00,26.1,25.382158,25.35866
2023-10-05 05:00:00,26.6,25.690569,25.362791
2023-10-05 06:00:00,27.0,27.016981,26.255022
2023-10-05 07:00:00,27.7,27.911856,26.967333
2023-10-05 08:00:00,28.6,29.218475,27.457123
2023-10-05 09:00:00,30.0,30.645752,29.111353
2023-10-05 10:00:00,31.6,31.98777,30.357264
2023-10-05 11:00:00,33.5,32.815544,31.436056
2023-10-05 12:00:00,34.2,33.256027,31.951828
2023-10-05 13:00:00,33.9,32.420856,32.378647
2023-10-05 14:00:00,32.5,32.2958,31.62098
2023-10-05 15:00:00,30.7,30.81466,31.106504
2023-10-05 16:00:00,30.3,30.374708,28.18342
2023-10-05 17:00:00,28.7,27.632126,28.193508
2023-10-05 18:00:00,27.7,27.828308,27.187813
2023-10-05 19:00:00,27.3,27.651087,26.349272
2023-10-05 20:00:00,27.3,27.334892,25.717674
2023-10-05 21:00:00,27.3,27.361908,25.452898
2023-10-05 22:00:00,27.3,27.01977,26.53187
2023-10-05 23:00:00,27.0,26.951433,26.134108
2023-10-06 00:00:00,26.6,27.267601,26.447031
2023-10-06 01:00:00,26.4,27.304787,26.058012
2023-10-06 02:00:00,26.2,26.808308,25.629412
2023-10-06 03:00:00,26.2,26.363136,25.499712
2023-10-06 04:00:00,26.0,26.113386,25.626587
2023-10-06 05:00:00,27.1,26.416487,25.617283
2023-10-06 06:00:00,27.9,26.866909,26.644089
2023-10-06 07:00:00,29.2,27.735594,26.912933
2023-10-06 08:00:00,30.4,28.659966,27.71689
2023-10-06 09:00:00,31.7,30.178598,27.495543
2023-10-06 10:00:00,32.7,31.07978,29.827244
2023-10-06 11:00:00,33.1,33.094376,30.959047
2023-10-06 12:00:00,32.5,33.400204,32.11146
2023-10-06 13:00:00,30.4,32.467915,32.207695
2023-10-06 14:00:00,31.0,31.551235,31.595356
2023-10-06 15:00:00,30.8,31.17476,30.377361
2023-10-06 16:00:00,30.7,29.918314,28.946655
2023-10-06 17:00:00,30.2,28.776,27.559633
2023-10-06 18:00:00,28.9,27.978916,28.003885
2023-10-06 19:00:00,28.5,27.6552,26.628794
2023-10-06 20:00:00,28.4,27.520538,26.532331
2023-10-06 21:00:00,28.1,27.32563,26.324265
2023-10-06 22:00:00,27.9,27.331762,26.253448
2023-10-06 23:00:00,27.7,27.123604,26.04217
2023-10-07 00:00:00,27.1,27.034496,25.840666
2023-10-07 01:00:00,26.7,26.776388,25.090738
2023-10-07 02:00:00,26.3,26.373241,25.028357
2023-10-07 03:00:00,26.1,26.01486,24.983452
2023-10-07 04:00:00,25.9,25.979912,25.048939
2023-10-07 05:00:00,27.4,26.492695,25.308622
2023-10-07 06:00:00,27.7,27.325756,26.27934
2023-10-07 07:00:00,28.6,28.57805,26.845495
2023-10-07 08:00:00,29.8,29.448606,27.964167
2023-10-07 09:00:00,31.2,30.946133,29.060324
2023-10-07 10:00:00,32.2,31.657864,30.16577
2023-10-07 11:00:00,32.7,32.166363,31.2475
2023-10-07 12:00:00,32.6,32.04106,31.332731
2023-10-07 13:00:00,32.0,31.747871,30.594637
2023-10-07 14:00:00,31.6,30.849373,29.78162
2023-10-07 15:00:00,31.2,30.109335,29.713486
2023-10-07 16:00:00,30.2,29.830381,29.092033
2023-10-07 17:00:00,29.2,28.82349,28.653429
2023-10-07 18:00:00,28.4,28.592821,27.052748
2023-10-07 19:00:00,28.2,28.28382,27.059397
2023-10-07 20:00:00,28.0,28.166817,26.8184
2023-10-07 21:00:00,27.7,27.8735,26.688503
2023-10-07 22:00:00,27.4,27.515844,26.473457
2023-10-07 23:00:00,27.3,27.258749,26.433092
2023-10-08 00:00:00,26.9,26.897995,26.25427
2023-10-08 01:00:00,26.6,26.453138,25.189655
2023-10-08 02:00:00,26.5,26.148415,25.127356
2023-10-08 03:00:00,26.4,25.970259,25.192377
2023-10-08 04:00:00,26.2,25.867567,25.13659
2023-10-08 05:00:00,27.4,26.4937,25.413866
2023-10-08 06:00:00,27.4,27.216799,26.567646
2023-10-08 07:00:00,28.5,28.561768,27.008095
2023-10-08 08:00:00,29.6,29.609522,28.112213
2023-10-08 09:00:00,30.9,30.531357,29.187254
2023-10-08 10:00:00,31.8,31.453371,30.39514
2023-10-08 11:00:00,32.3,31.925524,31.229567
2023-10-08 12:00:00,32.4,31.928383,31.330168
2023-10-08 13:00:00,31.3,31.739384,30.879042
2023-10-08 14:00:00,31.5,31.153809,30.048018
2023-10-08 15:00:00,30.8,30.90978,29.838703
2023-10-08 16:00:00,30.2,30.0195,29.395306
2023-10-08 17:00:00,29.8,29.325176,28.679552
2023-10-08 18:00:00,28.6,28.48139,27.849644
2023-10-08 19:00:00,28.2,28.158253,27.14055
2023-10-08 20:00:00,27.9,27.977383,26.849115
2023-10-08 21:00:00,27.6,27.629787,26.626686
2023-10-08 22:00:00,27.3,27.44734,26.369726
2023-10-08 23:00:00,27.0,27.278727,26.115866
2023-10-09 00:00:00,26.5,26.735964,26.060053
2023-10-09 01:00:00,26.1,26.452625,25.074774
2023-10-09 02:00:00,25.9,26.218079,25.0022
2023-10-09 03:00:00,25.7,26.15219,25.063887
2023-10-09 04:00:00,25.9,25.915455,25.243113
2023-10-09 05:00:00,25.3,26.85526,25.42813
2023-10-09 06:00:00,25.8,27.079685,26.426302
2023-10-09 07:00:00,27.1,28.140533,26.799938
2023-10-09 08:00:00,28.8,29.283901,28.004614
2023-10-09 09:00:00,30.6,30.19265,29.176905
2023-10-09 10:00:00,31.7,31.131939,30.088037
2023-10-09 11:00:00,32.3,31.744057,30.862432
2023-10-09 12:00:00,32.0,31.683828,31.059946
2023-10-09 13:00:00,31.1,31.240078,30.882296
2023-10-09 14:00:00,30.9,30.965763,30.007208
2023-10-09 15:00:00,31.2,30.156424,30.0029
2023-10-09 16:00:00,30.4,29.706984,29.211145
2023-10-09 17:00:00,29.4,29.319788,28.633404
2023-10-09 18:00:00,28.4,28.66485,28.05023
2023-10-09 19:00:00,28.1,28.093626,27.14713
2023-10-09 20:00:00,28.0,27.80493,26.956797
2023-10-09 21:00:00,27.8,27.543692,26.598858
2023-10-09 22:00:00,27.6,27.241392,26.283354
2023-10-09 23:00:00,26.9,27.09236,26.080557
2023-10-10 00:00:00,26.2,26.488441,25.737066
2023-10-10 01:00:00,25.6,26.009592,24.930155
2023-10-10 02:00:00,25.3,25.852139,24.883348
2023-10-10 03:00:00,25.1,25.510891,25.021215
2023-10-10 04:00:00,24.8,25.711754,25.391436
2023-10-10 05:00:00,23.9,25.804628,25.821966
2023-10-10 06:00:00,25.3,26.07428,25.82834
2023-10-10 07:00:00,26.3,27.477484,26.36392
2023-10-10 08:00:00,28.0,28.689112,27.221863
2023-10-10 09:00:00,29.9,29.941256,28.009344
2023-10-10 10:00:00,31.2,30.684864,30.11545
2023-10-10 11:00:00,32.0,31.23246,30.327097
2023-10-10 12:00:00,32.0,31.189775,30.399382
2023-10-10 13:00:00,31.9,30.559366,30.287169
2023-10-10 14:00:00,31.5,30.192165,29.285397
2023-10-10 15:00:00,30.7,30.466454,29.716406
2023-10-10 16:00:00,29.8,29.81344,29.063105
2023-10-10 17:00:00,30.0,29.04004,28.406706
2023-10-10 18:00:00,28.9,28.151264,27.704548
2023-10-10 19:00:00,28.3,27.899418,26.96137
2023-10-10 20:00:00,27.8,27.796886,26.71889
2023-10-10 21:00:00,27.6,27.543863,26.520193
2023-10-10 22:00:00,27.6,27.388071,26.30565
2023-10-10 23:00:00,27.5,26.97873,26.039345
2023-10-11 00:00:00,27.3,26.296062,25.659128
2023-10-11 01:00:00,27.0,25.263317,24.791653
2023-10-11 02:00:00,26.4,25.17117,24.595243
2023-10-11 03:00:00,26.0,25.153883,24.400463
2023-10-11 04:00:00,25.4,24.962627,24.656965
2023-10-11 05:00:00,26.7,24.772095,24.808796
2023-10-11 06:00:00,26.9,24.863419,24.84514
2023-10-11 07:00:00,28.0,26.359667,26.136904
2023-10-11 08:00:00,29.4,28.296934,26.684435
2023-10-11 09:00:00,30.3,29.601791,28.201963
2023-10-11 10:00:00,30.8,30.700937,29.793089
2023-10-11 11:00:00,31.2,31.486847,30.455814
2023-10-11 12:00:00,31.1,31.283365,31.275614
2023-10-11 13:00:00,31.1,31.201733,30.361311
2023-10-11 14:00:00,30.7,30.778997,29.958218
2023-10-11 15:00:00,30.0,30.011835,29.147638
2023-10-11 16:00:00,29.3,29.583033,28.47365
2023-10-11 17:00:00,29.2,29.343185,27.594154
2023-10-11 18:00:00,28.2,28.618681,27.081312
2023-10-11 19:00:00,27.7,28.00228,26.26114
2023-10-11 20:00:00,27.3,27.645748,25.747564
2023-10-11 21:00:00,26.8,27.33156,25.468212
2023-10-11 22:00:00,26.0,27.240507,25.355356
2023-10-11 23:00:00,26.5,27.005472,25.407917
2023-10-12 00:00:00,26.9,26.962887,25.426334
2023-10-12 01:00:00,25.2,26.788801,24.857403
2023-10-12 02:00:00,25.0,26.297894,25.0574
2023-10-12 03:00:00,24.8,25.864532,25.122488
2023-10-12 04:00:00,24.7,25.476582,25.080496
2023-10-12 05:00:00,25.7,25.542841,25.01164
2023-10-12 06:00:00,26.4,26.165804,25.770685
2023-10-12 07:00:00,26.7,26.942377,25.133368
2023-10-12 08:00:00,28.2,28.3148,26.178743
2023-10-12 09:00:00,29.4,29.616499,27.595858
2023-10-12 10:00:00,30.0,30.051811,28.691856
2023-10-12 11:00:00,30.2,30.43328,29.573875
2023-10-12 12:00:00,30.1,30.702995,29.78708
2023-10-12 13:00:00,29.9,30.509504,29.618795
2023-10-12 14:00:00,29.7,30.164072,29.3025
2023-10-12 15:00:00,29.5,29.621807,28.792425
2023-10-12 16:00:00,28.9,29.07324,28.159407
2023-10-12 17:00:00,27.7,28.851257,27.396229
2023-10-12 18:00:00,27.3,27.970894,27.03116
2023-10-12 19:00:00,27.1,27.499704,26.399685
2023-10-12 20:00:00,27.6,27.149786,25.980375
2023-10-12 21:00:00,27.6,26.658323,25.61619
2023-10-12 22:00:00,26.7,26.258308,25.264189
2023-10-12 23:00:00,26.9,26.407196,24.850275
2023-10-13 00:00:00,26.7,25.746964,25.437902
2023-10-13 01:00:00,26.1,25.236328,25.3014
2023-10-13 02:00:00,25.6,25.009184,23.413673
2023-10-13 03:00:00,24.7,24.826609,23.868332
2023-10-13 04:00:00,24.2,24.562551,23.840834
2023-10-13 05:00:00,24.3,24.925434,23.942411
2023-10-13 06:00:00,23.8,25.765255,24.502218
2023-10-13 07:00:00,24.0,26.636692,25.331053
2023-10-13 08:00:00,24.5,28.522478,26.364656
2023-10-13 09:00:00,25.2,28.985388,27.558918
2023-10-13 10:00:00,26.8,29.390415,28.0225
2023-10-13 11:00:00,28.3,29.712624,28.633608
2023-10-13 12:00:00,29.2,29.970541,28.990746
2023-10-13 13:00:00,29.2,29.823574,28.89136
2023-10-13 14:00:00,29.1,29.400782,28.458307
2023-10-13 15:00:00,28.7,29.226286,28.210894
2023-10-13 16:00:00,28.1,28.803305,27.739773
2023-10-13 17:00:00,28.9,28.024593,27.145037
2023-10-13 18:00:00,28.2,27.420559,26.831003
2023-10-13 19:00:00,27.9,27.211246,25.458954
2023-10-13 20:00:00,27.7,27.049906,25.245909
2023-10-13 21:00:00,27.4,26.954689,25.190092
2023-10-13 22:00:00,27.3,26.367613,26.085972
2023-10-13 23:00:00,26.7,26.11442,24.987364
2023-10-14 00:00:00,26.2,26.12769,25.062817
2023-10-14 01:00:00,25.8,25.694265,24.035751
2023-10-14 02:00:00,25.4,25.459059,23.425516
2023-10-14 03:00:00,24.9,25.079908,23.3887
2023-10-14 04:00:00,25.1,24.755474,24.879625
2023-10-14 05:00:00,25.0,24.610157,24.794928
2023-10-14 06:00:00,25.3,24.71034,25.165312
2023-10-14 07:00:00,25.9,25.219103,25.073366
2023-10-14 08:00:00,26.7,25.839977,25.323362
2023-10-14 09:00:00,27.7,27.839674,25.397154
2023-10-14 10:00:00,28.2,28.021738,27.495676
2023-10-14 11:00:00,28.4,28.607973,26.678024
2023-10-14 12:00:00,29.1,28.964025,28.037695
2023-10-14 13:00:00,29.0,29.046003,28.306665
2023-10-14 14:00:00,29.0,28.915855,28.07657
2023-10-14 15:00:00,28.9,28.456604,27.838467
2023-10-14 16:00:00,28.6,27.938166,27.324244
2023-10-14 17:00:00,29.1,28.16141,26.772861
2023-10-14 18:00:00,28.3,27.862762,26.54856
2023-10-14 19:00:00,28.0,27.387867,25.888659
2023-10-14 20:00:00,27.8,27.290163,25.769156
2023-10-14 21:00:00,27.6,27.075354,25.595108
2023-10-14 22:00:00,27.5,26.748524,25.476616
2023-10-14 23:00:00,27.0,26.484602,25.552357
2023-10-15 00:00:00,26.9,25.974686,25.491987
2023-10-15 01:00:00,27.1,25.650799,24.813448
2023-10-15 02:00:00,26.7,25.304544,24.635748
2023-10-15 03:00:00,26.8,25.009142,24.543793
2023-10-15 04:00:00,25.8,25.009354,24.510489
2023-10-15 05:00:00,24.9,24.963196,24.931147
2023-10-15 06:00:00,25.0,25.131395,24.891647
2023-10-15 07:00:00,25.3,25.761473,25.478579
2023-10-15 08:00:00,25.9,26.857006,24.98326
2023-10-15 09:00:00,27.0,27.254763,26.21563
2023-10-15 10:00:00,28.1,27.919176,27.089226
2023-10-15 11:00:00,29.3,28.141245,27.714674
2023-10-15 12:00:00,29.5,28.823496,28.034426
2023-10-15 13:00:00,29.6,28.686926,28.537733
2023-10-15 14:00:00,29.3,28.685167,28.091143
2023-10-15 15:00:00,28.7,28.493404,27.840704
2023-10-15 16:00:00,28.1,28.039509,27.64768
2023-10-15 17:00:00,27.4,28.345629,27.23471
2023-10-15 18:00:00,27.4,27.877224,26.598463
2023-10-15 19:00:00,27.1,27.673986,26.02101
2023-10-15 20:00:00,26.9,27.478992,25.57266
2023-10-15 21:00:00,26.5,27.11628,25.365637
2023-10-15 22:00:00,26.2,26.865034,25.288452
2023-10-15 23:00:00,26.0,26.635328,25.080963
2023-10-16 00:00:00,26.1,26.155056,24.728504
2023-10-16 01:00:00,25.8,26.305508,24.140867
2023-10-16 02:00:00,25.1,26.083084,24.288061
2023-10-16 03:00:00,25.2,26.147593,24.415815
2023-10-16 04:00:00,25.0,25.845179,25.231756
2023-10-16 05:00:00,26.0,25.14478,24.898684
2023-10-16 06:00:00,26.7,25.203636,24.790998
2023-10-16 07:00:00,27.8,26.115149,25.332754
2023-10-16 08:00:00,29.2,26.779495,26.663275
2023-10-16 09:00:00,30.5,27.830965,27.061712
2023-10-16 10:00:00,31.3,28.485878,27.548445
2023-10-16 11:00:00,31.5,28.814035,28.600435
2023-10-16 12:00:00,31.5,29.284184,29.001938
2023-10-16 13:00:00,31.3,29.230394,28.898306
2023-10-16 14:00:00,31.1,28.943737,28.691273
2023-10-16 15:00:00,30.4,28.501333,28.287203
2023-10-16 16:00:00,29.6,27.932743,27.680334
2023-10-16 17:00:00,29.1,27.983885,27.123064
2023-10-16 18:00:00,28.2,27.315552,26.829153
2023-10-16 19:00:00,27.5,27.0924,26.34767
2023-10-16 20:00:00,27.2,26.643343,25.839813
2023-10-16 21:00:00,27.1,26.547802,25.544329
2023-10-16 22:00:00,27.0,26.373705,25.466787
2023-10-16 23:00:00,27.0,26.071196,25.225145
2023-10-17 00:00:00,27.0,25.878418,25.208384
2023-10-17 01:00:00,27.0,25.798975,24.724989
2023-10-17 02:00:00,26.8,25.29834,24.482931
2023-10-17 03:00:00,25.9,25.241163,24.004892
2023-10-17 04:00:00,25.0,24.828382,24.321377
2023-10-17 05:00:00,26.9,25.135967,24.021688
2023-10-17 06:00:00,27.2,26.138695,24.256874
2023-10-17 07:00:00,28.9,27.041033,25.252375
2023-10-17 08:00:00,29.8,27.846588,26.037378
2023-10-17 09:00:00,30.4,29.567308,26.565529
2023-10-17 10:00:00,30.9,30.732037,28.53996
2023-10-17 11:00:00,31.0,31.036795,29.275187
2023-10-17 12:00:00,31.2,30.848703,29.525244
2023-10-17 13:00:00,31.1,30.806664,29.469547
2023-10-17 14:00:00,30.8,30.636065,29.183113
2023-10-17 15:00:00,30.2,29.616043,28.802835
2023-10-17 16:00:00,29.6,28.897648,28.171099
2023-10-17 17:00:00,29.2,28.461939,27.44325
2023-10-17 18:00:00,28.5,27.682083,26.709705
2023-10-17 19:00:00,28.0,27.224586,26.180658
2023-10-17 20:00:00,27.5,27.061424,25.58626
2023-10-17 21:00:00,26.9,26.829262,25.251589
2023-10-17 22:00:00,26.4,26.58043,25.070997
2023-10-17 23:00:00,26.1,26.460045,24.967272
2023-10-18 00:00:00,26.5,26.291597,25.01292
2023-10-18 01:00:00,25.6,26.123188,24.575365
2023-10-18 02:00:00,25.2,26.069458,24.639372
2023-10-18 03:00:00,25.0,25.573872,24.501879
2023-10-18 04:00:00,24.7,25.03457,24.115122
2023-10-18 05:00:00,25.4,25.383816,24.17893
2023-10-18 06:00:00,26.0,26.133383,25.134878
2023-10-18 07:00:00,27.6,27.975758,25.413671
2023-10-18 08:00:00,29.4,28.665518,26.895243
2023-10-18 09:00:00,30.4,29.49858,28.09049
2023-10-18 10:00:00,31.1,30.158901,28.824709
2023-10-18 11:00:00,31.5,30.714037,29.409575
2023-10-18 12:00:00,31.8,30.903297,29.543657
2023-10-18 13:00:00,31.9,30.631882,29.459661
2023-10-18 14:00:00,31.4,30.19997,29.36422
2023-10-18 15:00:00,30.5,29.668692,28.911287
2023-10-18 16:00:00,29.5,29.015331,28.334335
2023-10-18 17:00:00,29.6,28.412758,27.588755
2023-10-18 18:00:00,28.7,27.531797,27.150667
2023-10-18 19:00:00,28.1,27.358654,26.688055
2023-10-18 20:00:00,27.0,26.877441,26.271526
2023-10-18 21:00:00,26.3,26.621403,25.821787
2023-10-18 22:00:00,26.2,26.146393,25.255907
2023-10-18 23:00:00,25.6,25.999895,24.951792
2023-10-19 00:00:00,25.9,25.911612,24.540052
2023-10-19 01:00:00,25.2,25.601337,23.876612
2023-10-19 02:00:00,25.1,25.114653,23.834013
2023-10-19 03:00:00,25.0,25.134287,23.753996
2023-10-19 04:00:00,25.0,24.782356,23.789906
2023-10-19 05:00:00,24.6,25.259703,24.006205
2023-10-19 06:00:00,25.4,25.83083,24.92171
2023-10-19 07:00:00,27.7,27.66808,25.675138
2023-10-19 08:00:00,29.4,28.516178,26.994318
2023-10-19 09:00:00,30.3,28.926275,28.038847
2023-10-19 10:00:00,31.2,30.34318,28.523842
2023-10-19 11:00:00,31.6,30.908304,29.133427
2023-10-19 12:00:00,31.5,31.212185,29.526052
2023-10-19 13:00:00,31.3,31.350906,29.726585
2023-10-19 14:00:00,30.7,30.87263,29.68217
2023-10-19 15:00:00,30.2,29.965935,29.35289
2023-10-19 16:00:00,29.5,29.440514,28.6174
2023-10-19 17:00:00,29.7,28.806347,27.848476
2023-10-19 18:00:00,29.0,28.129946,27.143297
2023-10-19 19:00:00,28.5,27.614014,26.520308
2023-10-19 20:00:00,28.1,27.205881,25.996553
2023-10-19 21:00:00,27.8,26.19814,25.471558
2023-10-19 22:00:00,26.9,25.919024,24.8186
2023-10-19 23:00:00,26.3,25.609707,24.952381
2023-10-20 00:00:00,26.1,25.582508,24.396317
2023-10-20 01:00:00,26.2,25.398605,23.906744
2023-10-20 02:00:00,26.0,24.923983,23.53274
2023-10-20 03:00:00,25.0,24.74337,23.563559
2023-10-20 04:00:00,24.3,24.600069,23.66876
2023-10-20 05:00:00,25.1,24.687338,23.863302
2023-10-20 06:00:00,24.7,25.273207,24.778711
2023-10-20 07:00:00,25.6,27.333988,25.452833
2023-10-20 08:00:00,26.8,28.46465,27.083454
2023-10-20 09:00:00,28.9,28.996479,27.371082
2023-10-20 10:00:00,29.1,30.408915,28.436766
2023-10-20 11:00:00,30.7,31.089909,29.37599
2023-10-20 12:00:00,31.3,31.209833,29.845125
2023-10-20 13:00:00,30.0,31.019222,29.892025
2023-10-20 14:00:00,28.5,30.441608,29.477354
2023-10-20 15:00:00,28.6,29.821505,28.841982
2023-10-20 16:00:00,28.0,29.04056,28.205431
2023-10-20 17:00:00,28.4,28.82272,27.49771
2023-10-20 18:00:00,27.7,28.27276,27.129091
2023-10-20 19:00:00,27.6,27.930595,26.262884
2023-10-20 20:00:00,27.4,27.670485,25.935053
2023-10-20 21:00:00,27.5,27.374329,25.598623
2023-10-20 22:00:00,27.4,26.797915,25.312544
2023-10-20 23:00:00,27.3,26.248096,24.779161
2023-10-21 00:00:00,27.0,25.870275,24.303303
2023-10-21 01:00:00,26.6,25.78299,23.951975
2023-10-21 02:00:00,25.9,25.704155,23.94469
2023-10-21 03:00:00,25.6,24.960167,23.927174
2023-10-21 04:00:00,25.3,24.5339,24.557043
2023-10-21 05:00:00,25.0,25.102541,23.699858
2023-10-21 06:00:00,25.8,24.817123,24.799528
2023-10-21 07:00:00,27.0,25.716433,24.818392
2023-10-21 08:00:00,29.1,27.135357,26.1154
2023-10-21 09:00:00,29.3,27.740976,27.207369
2023-10-21 10:00:00,30.0,29.31505,27.920355
2023-10-21 11:00:00,31.3,30.082462,28.15673
2023-10-21 12:00:00,31.7,30.689219,28.994637
2023-10-21 13:00:00,31.7,29.930178,29.294174
2023-10-21 14:00:00,31.0,29.238117,28.738539
2023-10-21 15:00:00,30.7,28.731009,27.679941
2023-10-21 16:00:00,29.9,28.138716,27.440905
2023-10-21 17:00:00,29.5,28.435822,26.741438
2023-10-21 18:00:00,28.2,27.797184,26.715967
2023-10-21 19:00:00,27.5,27.496735,26.153196
2023-10-21 20:00:00,26.7,27.21822,25.63799
2023-10-21 21:00:00,26.7,27.077976,25.285933
2023-10-21 22:00:00,27.0,26.613104,25.145449
2023-10-21 23:00:00,27.0,26.720993,24.94547
2023-10-22 00:00:00,24.7,26.35416,24.863155
2023-10-22 01:00:00,24.6,26.12623,24.139532
2023-10-22 02:00:00,24.5,25.734507,23.88363
2023-10-22 03:00:00,24.6,25.405878,23.432545
2023-10-22 04:00:00,24.5,25.173908,23.816143
2023-10-22 05:00:00,24.0,24.877344,23.95319
2023-10-22 06:00:00,24.5,25.539045,24.215147
2023-10-22 07:00:00,26.2,26.775442,25.256392
2023-10-22 08:00:00,28.9,28.229261,26.09357
2023-10-22 09:00:00,30.4,29.031237,27.601974
2023-10-22 10:00:00,32.1,29.085207,28.542643
2023-10-22 11:00:00,33.0,30.391567,28.318228
2023-10-22 12:00:00,33.5,31.108067,29.228357
2023-10-22 13:00:00,33.7,31.073479,29.466024
2023-10-22 14:00:00,32.2,30.542316,29.113485
2023-10-22 15:00:00,30.7,29.53183,28.443348
2023-10-22 16:00:00,30.4,28.773516,28.167568
2023-10-22 17:00:00,29.0,27.81588,27.43627
2023-10-22 18:00:00,28.1,27.80009,26.97954
2023-10-22 19:00:00,27.2,27.054062,26.264322
2023-10-22 20:00:00,26.0,26.611511,25.873308
2023-10-22 21:00:00,25.9,26.513641,25.691307
2023-10-22 22:00:00,25.0,26.578444,25.396786
2023-10-22 23:00:00,24.3,26.438454,25.036978
2023-10-23 00:00:00,24.2,25.391811,24.767183
2023-10-23 01:00:00,23.8,25.016443,23.808859
2023-10-23 02:00:00,23.5,24.894936,23.889412
2023-10-23 03:00:00,23.3,24.783113,23.93921
2023-10-23 04:00:00,23.2,24.715023,24.346205
2023-10-23 05:00:00,23.5,24.57723,24.661966
2023-10-23 06:00:00,24.3,24.709768,24.557533
2023-10-23 07:00:00,26.4,26.371044,25.708277
2023-10-23 08:00:00,28.9,28.8474,26.871225
2023-10-23 09:00:00,30.6,29.361977,28.094435
2023-10-23 10:00:00,32.0,30.957485,28.947632
2023-10-23 11:00:00,32.9,31.468487,30.704687
2023-10-23 12:00:00,33.2,31.185886,31.530176
2023-10-23 13:00:00,33.3,32.482513,31.509192
2023-10-23 14:00:00,31.9,31.467049,31.303686
2023-10-23 15:00:00,30.7,30.326605,30.207033
2023-10-23 16:00:00,30.2,29.265314,29.357943
2023-10-23 17:00:00,29.1,28.829649,28.820818
2023-10-23 18:00:00,28.6,27.823265,27.508043
2023-10-23 19:00:00,27.8,27.236061,27.035934
2023-10-23 20:00:00,27.5,26.32104,26.453829
2023-10-23 21:00:00,26.8,26.040943,25.952991
2023-10-23 22:00:00,26.3,25.660046,26.144844
2023-10-23 23:00:00,25.0,24.949873,25.842539
2023-10-24 00:00:00,24.7,24.456852,25.80602
2023-10-24 01:00:00,24.4,24.201109,24.674839
2023-10-24 02:00:00,24.2,23.638144,24.644234
2023-10-24 03:00:00,23.8,23.51779,24.472708
2023-10-24 04:00:00,23.7,23.51803,24.422298
2023-10-24 05:00:00,23.8,23.59852,24.44984
2023-10-24 06:00:00,25.4,23.814384,24.765738
2023-10-24 07:00:00,26.4,26.410347,25.842024
2023-10-24 08:00:00,28.1,28.61705,27.402401
2023-10-24 09:00:00,30.1,29.947704,29.065914
2023-10-24 10:00:00,31.7,31.460161,30.172392
2023-10-24 11:00:00,32.6,31.839058,31.337801
2023-10-24 12:00:00,33.4,32.375614,31.628881
2023-10-24 13:00:00,33.9,32.850258,31.864367
2023-10-24 14:00:00,32.9,31.294704,31.696833
2023-10-24 15:00:00,31.4,30.39636,30.126003
2023-10-24 16:00:00,30.7,29.661022,29.337378
2023-10-24 17:00:00,29.0,28.931719,28.99406
2023-10-24 18:00:00,28.0,28.000278,27.765833
2023-10-24 19:00:00,27.8,27.636272,26.980726
2023-10-24 20:00:00,27.6,27.250696,26.6056
2023-10-24 21:00:00,27.5,26.892532,26.156393
2023-10-24 22:00:00,27.0,26.17009,25.525652
2023-10-24 23:00:00,25.8,25.585154,25.272097
2023-10-25 00:00:00,26.3,25.212076,25.34756
2023-10-25 01:00:00,25.2,24.981178,24.479322
2023-10-25 02:00:00,24.2,24.669552,24.15277
2023-10-25 03:00:00,24.2,24.245132,23.725151
2023-10-25 04:00:00,23.9,24.379961,23.709711
2023-10-25 05:00:00,23.9,24.254187,24.172623
2023-10-25 06:00:00,25.2,24.80859,24.60973
2023-10-25 07:00:00,25.9,26.549932,26.40051
2023-10-25 08:00:00,27.2,28.178581,26.544073
2023-10-25 09:00:00,29.2,29.553675,28.413208
2023-10-25 10:00:00,30.1,31.221062,30.195782
2023-10-25 11:00:00,30.6,32.374786,31.300486
2023-10-25 12:00:00,30.5,31.637527,31.209429
2023-10-25 13:00:00,30.5,32.380833,31.57167
2023-10-25 14:00:00,30.1,31.382217,31.733727
2023-10-25 15:00:00,29.7,30.675486,30.149897
2023-10-25 16:00:00,29.2,30.094707,29.384323
2023-10-25 17:00:00,28.3,29.038647,28.515308
2023-10-25 18:00:00,28.6,27.891747,27.570875
2023-10-25 19:00:00,28.3,27.493145,26.844538
2023-10-25 20:00:00,28.2,27.361773,26.315302
2023-10-25 21:00:00,28.1,27.106224,26.090254
2023-10-25 22:00:00,27.8,26.82282,25.896532
2023-10-25 23:00:00,27.0,26.14183,25.662764
2023-10-26 00:00:00,26.1,25.963362,25.299124
2023-10-26 01:00:00,25.8,25.511631,25.13467
2023-10-26 02:00:00,25.5,24.539667,24.496946
2023-10-26 03:00:00,26.8,24.436283,23.940672
2023-10-26 04:00:00,25.6,24.306206,24.155815
2023-10-26 05:00:00,24.6,24.330608,24.120745
2023-10-26 06:00:00,25.7,24.449697,24.408978
2023-10-26 07:00:00,26.2,26.536203,24.69381
2023-10-26 08:00:00,27.6,27.70995,26.753042
2023-10-26 09:00:00,29.3,28.822092,27.997652
2023-10-26 10:00:00,29.7,29.60155,29.529222
2023-10-26 11:00:00,30.1,30.41095,28.833818
2023-10-26 12:00:00,30.5,30.291348,29.395107
2023-10-26 13:00:00,30.7,30.584705,29.47354
2023-10-26 14:00:00,30.5,30.450392,29.496758
2023-10-26 15:00:00,30.3,29.751156,28.725645
2023-10-26 16:00:00,29.7,29.201834,28.083578
2023-10-26 17:00:00,28.9,28.131947,27.39434
2023-10-26 18:00:00,27.6,28.03019,26.63709
2023-10-26 19:00:00,27.4,27.764853,26.319124
2023-10-26 20:00:00,27.2,27.659477,26.052023
2023-10-26 21:00:00,27.4,27.488852,25.91857
2023-10-26 22:00:00,26.5,27.287828,25.910875
2023-10-26 23:00:00,25.4,26.621851,25.596853
2023-10-27 00:00:00,25.3,26.150467,25.092443
2023-10-27 01:00:00,25.5,25.590672,24.372583
2023-10-27 02:00:00,24.6,25.314568,24.240856
2023-10-27 03:00:00,24.6,25.617016,24.14108
2023-10-27 04:00:00,24.6,25.343136,24.579014
2023-10-27 05:00:00,24.5,24.960857,23.768919
2023-10-27 06:00:00,25.7,25.312162,24.134924
2023-10-27 07:00:00,27.0,26.331476,25.540537
2023-10-27 08:00:00,28.4,27.482508,25.926098
2023-10-27 09:00:00,29.1,28.665703,26.885595
2023-10-27 10:00:00,27.4,29.302132,28.097874
2023-10-27 11:00:00,28.7,29.63375,28.622408
2023-10-27 12:00:00,29.6,29.807846,29.099867
2023-10-27 13:00:00,30.2,30.15162,29.14939
2023-10-27 14:00:00,29.7,29.862991,29.141151
2023-10-27 15:00:00,29.3,29.769205,28.91572
2023-10-27 16:00:00,28.7,29.194801,28.526487
2023-10-27 17:00:00,28.0,28.477655,27.9063
2023-10-27 18:00:00,28.1,27.691216,27.239878
2023-10-27 19:00:00,28.1,27.515015,26.19671
2023-10-27 20:00:00,28.1,27.273048,25.695663
2023-10-27 21:00:00,27.9,27.131792,25.365557
2023-10-27 22:00:00,27.9,26.703735,25.302912
2023-10-27 23:00:00,27.5,25.728174,25.003916
2023-10-28 00:00:00,27.3,25.20635,25.04675
2023-10-28 01:00:00,27.1,24.8772,24.572624
2023-10-28 02:00:00,26.9,24.39205,23.610933
2023-10-28 03:00:00,26.9,24.639477,23.48477
2023-10-28 04:00:00,26.1,24.600344,23.69836
2023-10-28 05:00:00,24.9,24.59638,23.594812
2023-10-28 06:00:00,24.8,25.106005,23.908087
2023-10-28 07:00:00,24.4,26.249878,24.620451
2023-10-28 08:00:00,26.8,27.801508,25.437975
2023-10-28 09:00:00,28.6,28.56248,26.869757
2023-10-28 10:00:00,29.4,29.034304,28.138659
2023-10-28 11:00:00,29.2,28.89583,27.505163
2023-10-28 12:00:00,29.8,29.540356,28.93056
2023-10-28 13:00:00,29.8,29.575232,28.967451
2023-10-28 14:00:00,29.7,29.423244,29.095984
2023-10-28 15:00:00,29.0,29.147472,28.375883
2023-10-28 16:00:00,28.4,28.580173,28.053709
2023-10-28 17:00:00,28.0,27.888565,27.365458
2023-10-28 18:00:00,27.8,27.54214,26.70851
2023-10-28 19:00:00,27.5,27.547583,26.070654
2023-10-28 20:00:00,27.9,27.396765,25.886639
2023-10-28 21:00:00,27.8,27.186079,25.832483
2023-10-28 22:00:00,27.4,27.15533,25.740145
2023-10-28 23:00:00,27.3,26.727955,25.419317
2023-10-29 00:00:00,27.0,26.596155,25.07828
2023-10-29 01:00:00,25.7,26.491158,24.313122
2023-10-29 02:00:00,25.3,26.087337,24.298815
2023-10-29 03:00:00,24.9,26.006433,24.247053
2023-10-29 04:00:00,24.6,25.605396,24.526274
2023-10-29 05:00:00,24.3,25.220575,25.050245
2023-10-29 06:00:00,24.4,25.204184,23.864216
2023-10-29 07:00:00,25.5,25.66108,25.113327
2023-10-29 08:00:00,25.7,28.074198,25.570534
2023-10-29 09:00:00,26.3,28.230711,27.070242
2023-10-29 10:00:00,27.8,29.157967,27.443712
2023-10-29 11:00:00,29.1,28.93127,28.360794
2023-10-29 12:00:00,29.7,29.364643,28.611582
2023-10-29 13:00:00,29.8,29.371483,29.059538
2023-10-29 14:00:00,30.0,29.287603,29.02513
2023-10-29 15:00:00,29.4,28.848413,28.569727
2023-10-29 16:00:00,29.3,28.126524,28.005312
2023-10-29 17:00:00,28.7,27.7219,27.335064
2023-10-29 18:00:00,26.3,27.17777,26.82054
2023-10-29 19:00:00,26.2,27.38455,26.3832
2023-10-29 20:00:00,25.9,27.562517,26.148603
2023-10-29 21:00:00,25.7,27.322083,26.125864
2023-10-29 22:00:00,25.4,27.116446,26.077345
2023-10-29 23:00:00,25.2,26.831072,26.084642
2023-10-30 00:00:00,25.2,26.725878,25.923464
2023-10-30 01:00:00,26.1,25.865442,25.051983
2023-10-30 02:00:00,26.1,25.400204,24.965445
2023-10-30 03:00:00,26.0,25.180576,24.285746
2023-10-30 04:00:00,25.9,24.932894,24.310246
2023-10-30 05:00:00,25.1,24.779242,24.065247
2023-10-30 06:00:00,25.2,24.669535,24.406221
2023-10-30 07:00:00,26.5,25.891062,24.383627
2023-10-30 08:00:00,28.1,26.59845,25.31743
2023-10-30 09:00:00,30.2,27.296083,26.76523
2023-10-30 10:00:00,30.7,27.865555,26.719841
2023-10-30 11:00:00,31.0,28.883316,27.402458
2023-10-30 12:00:00,30.9,29.146633,28.573626
2023-10-30 13:00:00,30.6,29.043444,28.480974
2023-10-30 14:00:00,30.2,29.281748,28.425022
2023-10-30 15:00:00,29.7,28.928104,28.415419
2023-10-30 16:00:00,29.1,28.423153,27.771906
2023-10-30 17:00:00,28.5,27.942976,27.463573
2023-10-30 18:00:00,27.4,26.799461,26.751871
2023-10-30 19:00:00,27.2,26.705994,25.307146
2023-10-30 20:00:00,27.6,26.897398,25.210348
2023-10-30 21:00:00,27.9,26.547861,25.04492
2023-10-30 22:00:00,28.0,25.973871,24.884443
2023-10-30 23:00:00,27.7,25.17645,24.506498
2023-10-31 00:00:00,27.5,25.11283,24.27573
2023-10-31 01:00:00,27.3,25.217772,23.471935
2023-10-31 02:00:00,26.9,25.435015,23.717941
2023-10-31 03:00:00,26.7,25.394335,23.821999
2023-10-31 04:00:00,26.4,25.3629,23.98523
2023-10-31 05:00:00,26.3,25.09653,24.113562
2023-10-31 06:00:00,27.4,25.131071,23.933405
2023-10-31 07:00:00,27.9,26.43539,24.778456
2023-10-31 08:00:00,28.9,27.608946,26.013176
2023-10-31 09:00:00,29.7,28.97551,26.245497
2023-10-31 10:00:00,29.9,29.945194,28.102266
2023-10-31 11:00:00,30.4,30.142397,28.773869
2023-10-31 12:00:00,28.4,29.814892,29.183134
2023-10-31 13:00:00,29.2,29.61336,29.23979
2023-10-31 14:00:00,28.6,29.053144,28.936796
2023-10-31 15:00:00,28.0,28.624516,28.578444
2023-10-31 16:00:00,26.2,28.360731,28.041666
2023-10-31 17:00:00,26.2,27.89943,27.477219
2023-10-31 18:00:00,26.1,26.994442,26.740017
2023-10-31 19:00:00,26.4,26.642094,25.591648
2023-10-31 20:00:00,26.5,26.814096,25.378092
2023-10-31 21:00:00,26.6,26.943548,25.45565
2023-10-31 22:00:00,25.2,26.925247,25.530054
2023-10-31 23:00:00,25.3,26.847025,25.404152
2023-11-01 00:00:00,25.5,26.454544,25.152014
2023-11-01 01:00:00,25.3,26.30616,24.475227
2023-11-01 02:00:00,25.5,26.055351,24.533846
2023-11-01 03:00:00,25.3,25.839346,24.171103
2023-11-01 04:00:00,25.2,25.656713,24.438604
2023-11-01 05:00:00,25.1,25.40469,24.486036
2023-11-01 06:00:00,24.2,26.042616,24.564966
2023-11-01 07:00:00,25.2,26.489687,25.72518
2023-11-01 08:00:00,26.5,27.858866,26.43539
2023-11-01 09:00:00,27.6,28.347874,27.411005
2023-11-01 10:00:00,28.4,28.973228,28.413774
2023-11-01 11:00:00,29.0,29.531586,28.664034
2023-11-01 12:00:00,29.2,29.365248,28.920923
2023-11-01 13:00:00,29.1,28.395565,28.019772
2023-11-01 14:00:00,29.1,28.009567,28.289316
2023-11-01 15:00:00,28.9,28.31073,27.717451
2023-11-01 16:00:00,28.3,26.930079,27.08418
2023-11-01 17:00:00,27.6,26.2188,26.072779
2023-11-01 18:00:00,26.5,26.153538,25.6342
2023-11-01 19:00:00,25.8,25.895563,25.368467
2023-11-01 20:00:00,25.9,26.238482,25.145185
2023-11-01 21:00:00,26.2,26.37776,25.097322
2023-11-01 22:00:00,24.6,25.824982,25.071218
2023-11-01 23:00:00,25.2,25.816023,24.448984
2023-11-02 00:00:00,24.9,25.494257,24.509354
2023-11-02 01:00:00,24.9,25.198502,23.594877
2023-11-02 02:00:00,24.8,25.29159,23.833078
2023-11-02 03:00:00,24.5,25.039528,23.7889
2023-11-02 04:00:00,24.5,24.844007,23.552069
2023-11-02 05:00:00,24.6,24.917885,23.541647
2023-11-02 06:00:00,25.5,24.568216,24.324102
2023-11-02 07:00:00,24.3,25.377148,23.924416
2023-11-02 08:00:00,25.5,26.446133,25.304218
2023-11-02 09:00:00,27.5,27.814829,26.019121
2023-11-02 10:00:00,28.0,28.234386,26.97101
2023-11-02 11:00:00,28.7,28.64947,27.597765
2023-11-02 12:00:00,29.1,28.35469,28.176704
2023-11-02 13:00:00,28.4,28.36251,27.741394
2023-11-02 14:00:00,28.2,28.435131,27.841215
2023-11-02 15:00:00,28.2,28.24238,27.613108
2023-11-02 16:00:00,28.0,27.783451,27.25078
2023-11-02 17:00:00,27.4,27.316408,26.544426
2023-11-02 18:00:00,27.3,26.577442,26.01188
2023-11-02 19:00:00,26.7,26.054184,25.39978
2023-11-02 20:00:00,25.6,26.148005,24.786263
2023-11-02 21:00:00,25.5,25.959057,24.708082
2023-11-02 22:00:00,25.2,25.109955,24.614798
2023-11-02 23:00:00,25.1,25.127396,24.025126
2023-11-03 00:00:00,25.2,25.016817,23.835726
2023-11-03 01:00:00,25.0,24.74556,23.182264
2023-11-03 02:00:00,25.1,24.671337,23.157408
2023-11-03 03:00:00,24.9,24.536484,23.083605
2023-11-03 04:00:00,24.7,24.460972,23.318628
2023-11-03 05:00:00,24.8,24.430983,23.63283
2023-11-03 06:00:00,25.0,24.904396,23.959215
2023-11-03 07:00:00,25.1,25.304825,24.242558
2023-11-03 08:00:00,25.6,25.695747,24.748323
2023-11-03 09:00:00,26.2,26.763874,25.49983
2023-11-03 10:00:00,27.5,27.760233,26.737963
2023-11-03 11:00:00,26.4,27.988888,27.250853
2023-11-03 12:00:00,27.5,28.300993,27.856775
2023-11-03 13:00:00,27.7,27.837715,28.153536
2023-11-03 14:00:00,26.6,27.737402,27.566322
2023-11-03 15:00:00,26.6,27.767736,27.38941
2023-11-03 16:00:00,26.2,27.543688,27.14543
2023-11-03 17:00:00,25.9,26.999384,26.688847
2023-11-03 18:00:00,25.9,26.752,26.179848
2023-11-03 19:00:00,25.2,26.32154,25.745989
2023-11-03 20:00:00,25.2,25.852915,25.262205
2023-11-03 21:00:00,25.0,25.602356,24.713186
2023-11-03 22:00:00,25.1,25.365341,25.043016
2023-11-03 23:00:00,25.3,25.213968,23.997637
2023-11-04 00:00:00,25.1,25.042994,24.793055
2023-11-04 01:00:00,25.2,24.944834,23.946707
2023-11-04 02:00:00,24.8,24.648787,24.142012
2023-11-04 03:00:00,24.6,24.511784,24.210913
2023-11-04 04:00:00,24.4,24.485899,23.50025
2023-11-04 05:00:00,24.4,24.695942,24.18012
2023-11-04 06:00:00,24.7,24.8483,24.441816
2023-11-04 07:00:00,25.0,25.58132,25.72703
2023-11-04 08:00:00,25.7,26.134068,24.771338
2023-11-04 09:00:00,26.6,26.537899,25.803358
2023-11-04 10:00:00,27.8,27.390505,26.528963
2023-11-04 11:00:00,28.8,27.150757,27.435953
2023-11-04 12:00:00,28.4,27.742243,27.202734
2023-11-04 13:00:00,26.6,27.629147,27.64047
2023-11-04 14:00:00,26.4,27.459185,27.391722
2023-11-04 15:00:00,26.5,27.157383,26.720903
2023-11-04 16:00:00,26.6,26.787483,26.633823
2023-11-04 17:00:00,26.6,26.538275,25.949139
2023-11-04 18:00:00,26.0,26.32632,25.660086
2023-11-04 19:00:00,24.9,25.93162,25.113825
2023-11-04 20:00:00,24.8,25.419432,24.759436
2023-11-04 21:00:00,24.9,25.276749,24.282198
2023-11-04 22:00:00,24.3,25.269382,24.266129
2023-11-04 23:00:00,23.9,25.164762,24.783817
2023-11-05 00:00:00,23.9,24.901737,24.684824
2023-11-05 01:00:00,24.0,24.83426,23.974493
2023-11-05 02:00:00,24.0,24.656485,24.103628
2023-11-05 03:00:00,24.0,24.500896,23.753698
2023-11-05 04:00:00,23.9,24.13905,23.710474
2023-11-05 05:00:00,23.8,24.406172,23.417006
2023-11-05 06:00:00,25.1,24.570047,24.145119
2023-11-05 07:00:00,25.7,25.15755,24.218506
2023-11-05 08:00:00,26.5,25.9308,24.649136
2023-11-05 09:00:00,27.4,26.617945,25.513775
2023-11-05 10:00:00,28.3,27.451878,25.791265
2023-11-05 11:00:00,28.8,28.0873,26.750845
2023-11-05 12:00:00,29.1,28.098692,27.256155
2023-11-05 13:00:00,28.0,28.122278,27.804836
2023-11-05 14:00:00,28.4,27.041203,26.845304
2023-11-05 15:00:00,28.0,26.820871,27.073664
2023-11-05 16:00:00,27.7,26.437462,26.776314
2023-11-05 17:00:00,27.3,26.279371,26.378471
2023-11-05 18:00:00,26.4,25.96308,26.130068
2023-11-05 19:00:00,25.6,25.73528,25.462687
2023-11-05 20:00:00,25.4,25.646717,25.44061
2023-11-05 21:00:00,25.1,25.713037,24.739477
2023-11-05 22:00:00,25.0,25.423563,24.717718
2023-11-05 23:00:00,25.0,24.830725,23.910149
2023-11-06 00:00:00,24.7,24.694038,24.256681
2023-11-06 01:00:00,24.4,24.680208,23.017374
2023-11-06 02:00:00,24.2,24.247179,22.92811
2023-11-06 03:00:00,24.2,24.012512,22.947714
2023-11-06 04:00:00,24.3,23.94428,23.127201
2023-11-06 05:00:00,24.2,24.039085,23.464039
2023-11-06 06:00:00,24.7,24.56393,23.886322
2023-11-06 07:00:00,25.6,25.355968,24.489908
2023-11-06 08:00:00,26.9,26.67885,24.913553
2023-11-06 09:00:00,27.8,27.150923,25.900597
2023-11-06 10:00:00,27.6,27.808228,26.743284
2023-11-06 11:00:00,28.1,28.280659,27.081997
2023-11-06 12:00:00,28.5,28.360132,27.506002
2023-11-06 13:00:00,28.9,27.949793,27.66165
2023-11-06 14:00:00,28.5,27.620201,26.824417
2023-11-06 15:00:00,28.3,27.467775,27.096716
2023-11-06 16:00:00,28.0,27.144583,26.572386
2023-11-06 17:00:00,26.6,26.805883,26.310623
2023-11-06 18:00:00,25.8,26.131603,25.949327
2023-11-06 19:00:00,26.0,25.674147,24.961523
2023-11-06 20:00:00,25.6,25.723082,24.471304
2023-11-06 21:00:00,25.6,25.498814,24.403032
2023-11-06 22:00:00,25.1,25.317938,24.154985
2023-11-06 23:00:00,24.7,25.08298,23.938028
2023-11-07 00:00:00,24.8,25.05548,23.697886
2023-11-07 01:00:00,24.5,24.971449,23.05467
2023-11-07 02:00:00,24.6,24.396511,23.195238
2023-11-07 03:00:00,24.9,24.2039,23.049473
2023-11-07 04:00:00,24.8,24.221462,23.294735
2023-11-07 05:00:00,24.5,24.335337,23.619331
2023-11-07 06:00:00,25.2,24.268692,23.772165
2023-11-07 07:00:00,25.8,25.478403,24.452927
2023-11-07 08:00:00,26.8,26.365217,25.281668
2023-11-07 09:00:00,28.0,27.479776,25.870111
2023-11-07 10:00:00,28.8,28.141037,26.634996
2023-11-07 11:00:00,28.1,28.664219,27.436031
2023-11-07 12:00:00,26.9,28.2736,27.654812
2023-11-07 13:00:00,26.5,28.495539,27.899723
2023-11-07 14:00:00,27.5,28.214613,27.686357
2023-11-07 15:00:00,27.9,27.9369,27.454727
2023-11-07 16:00:00,27.8,27.639626,27.161646
2023-11-07 17:00:00,27.2,26.663464,26.742113
2023-11-07 18:00:00,26.4,26.07516,25.908329
2023-11-07 19:00:00,25.3,25.9669,24.983147
2023-11-07 20:00:00,25.0,25.877508,24.747932
2023-11-07 21:00:00,25.0,25.63906,24.695517
2023-11-07 22:00:00,24.7,25.749683,24.367033
2023-11-07 23:00:00,24.3,25.350552,24.04873
2023-11-08 00:00:00,24.3,24.821356,23.574486
2023-11-08 01:00:00,24.0,24.904549,23.128784
2023-11-08 02:00:00,23.7,24.407238,22.981276
2023-11-08 03:00:00,23.5,24.6794,23.908506
2023-11-08 04:00:00,23.6,24.6918,22.792746
2023-11-08 05:00:00,23.5,24.757133,24.303543
2023-11-08 06:00:00,24.7,25.02131,23.875233
2023-11-08 07:00:00,25.3,25.334963,24.87369
2023-11-08 08:00:00,26.2,26.79675,24.59168
2023-11-08 09:00:00,27.1,27.747223,25.800814
2023-11-08 10:00:00,28.0,28.468304,26.627089
2023-11-08 11:00:00,28.6,28.257036,27.35082
2023-11-08 12:00:00,26.7,27.678465,27.380743
2023-11-08 13:00:00,26.9,27.46691,27.037218
2023-11-08 14:00:00,27.4,27.928144,26.7274
2023-11-08 15:00:00,27.3,27.843863,26.83702
2023-11-08 16:00:00,26.9,27.723516,26.771843
2023-11-08 17:00:00,26.6,26.802473,26.376392
2023-11-08 18:00:00,25.5,26.410835,25.706224
2023-11-08 19:00:00,25.6,25.824451,25.346151
2023-11-08 20:00:00,25.6,25.548513,24.618406
2023-11-08 21:00:00,25.5,25.43898,24.676035
2023-11-08 22:00:00,24.9,25.143122,24.771746
2023-11-08 23:00:00,25.0,24.909035,24.415781
2023-11-09 00:00:00,24.6,24.77476,24.488056
2023-11-09 01:00:00,24.0,24.657938,23.271128
2023-11-09 02:00:00,24.0,24.09726,22.88344
2023-11-09 03:00:00,23.8,24.110134,22.736868
2023-11-09 04:00:00,23.6,23.954197,23.1454
2023-11-09 05:00:00,23.3,23.787767,23.460691
2023-11-09 06:00:00,26.4,24.249187,23.729704
2023-11-09 07:00:00,28.0,25.340508,24.01618
2023-11-09 08:00:00,29.1,26.023918,24.859015
2023-11-09 09:00:00,29.7,27.341227,25.456507
2023-11-09 10:00:00,29.9,27.961393,26.510088
2023-11-09 11:00:00,30.0,28.113901,27.436537
2023-11-09 12:00:00,30.0,28.10592,27.730932
2023-11-09 13:00:00,29.8,27.42047,27.232904
2023-11-09 14:00:00,29.7,27.55123,27.082514
2023-11-09 15:00:00,29.2,27.304144,27.21644
2023-11-09 16:00:00,28.5,27.015,26.776047
2023-11-09 17:00:00,27.7,26.417593,26.2479
2023-11-09 18:00:00,27.8,25.648746,25.6528
2023-11-09 19:00:00,27.5,25.482365,24.915218
2023-11-09 20:00:00,27.3,25.561499,24.344732
2023-11-09 21:00:00,27.0,25.4735,24.214977
2023-11-09 22:00:00,27.1,25.526878,24.067865
2023-11-09 23:00:00,26.9,25.565296,23.98772
2023-11-10 00:00:00,26.7,24.894592,23.984404
2023-11-10 01:00:00,26.5,24.9386,23.66148
2023-11-10 02:00:00,26.2,24.37815,23.308825
2023-11-10 03:00:00,25.8,24.138899,23.546183
2023-11-10 04:00:00,25.6,23.859148,23.710302
2023-11-10 05:00:00,25.3,23.53791,23.688387
2023-11-10 06:00:00,26.3,25.022352,23.84809
2023-11-10 07:00:00,27.8,26.731512,24.86475
2023-11-10 08:00:00,28.6,27.841293,26.061
2023-11-10 09:00:00,29.2,28.695835,27.290442
2023-11-10 10:00:00,29.7,29.144312,28.029703
2023-11-10 11:00:00,30.0,29.251884,28.347357
2023-11-10 12:00:00,29.9,29.172228,28.572622
2023-11-10 13:00:00,29.8,29.054361,28.095049
2023-11-10 14:00:00,29.5,28.981403,27.8927
2023-11-10 15:00:00,29.0,28.68818,27.739
2023-11-10 16:00:00,28.4,27.961933,27.190563
2023-11-10 17:00:00,27.7,27.591377,26.613989
2023-11-10 18:00:00,27.9,27.337772,25.921053
2023-11-10 19:00:00,27.6,27.183945,25.667707
2023-11-10 20:00:00,27.5,26.927752,25.364304
2023-11-10 21:00:00,27.3,26.767363,25.172794
2023-11-10 22:00:00,27.0,26.594273,24.937569
2023-11-10 23:00:00,26.9,26.268183,24.848158
2023-11-11 00:00:00,26.7,26.1291,24.762827
2023-11-11 01:00:00,26.5,25.901955,24.057266
2023-11-11 02:00:00,26.2,25.622095,23.890226
2023-11-11 03:00:00,25.8,25.296238,23.868048
2023-11-11 04:00:00,25.3,25.024858,23.81085
2023-11-11 05:00:00,25.3,24.620047,23.855122
2023-11-11 06:00:00,26.3,25.10912,23.997175
2023-11-11 07:00:00,27.5,26.813238,25.321856
2023-11-11 08:00:00,28.8,27.419872,26.52968
2023-11-11 09:00:00,29.3,28.16484,27.421928
2023-11-11 10:00:00,29.7,28.435331,27.984304
2023-11-11 11:00:00,29.9,28.61208,28.558662
2023-11-11 12:00:00,29.9,28.582088,28.882849
2023-11-11 13:00:00,29.8,28.39957,28.647623
2023-11-11 14:00:00,29.5,28.094404,28.519873
2023-11-11 15:00:00,29.2,27.864664,28.145382
2023-11-11 16:00:00,28.6,27.634706,27.57091
2023-11-11 17:00:00,27.6,27.26675,27.021286
2023-11-11 18:00:00,27.6,26.5883,26.364109
2023-11-11 19:00:00,27.3,26.421028,26.39751
2023-11-11 20:00:00,27.4,26.30283,25.993853
2023-11-11 21:00:00,27.5,26.186405,25.812193
2023-11-11 22:00:00,27.4,26.174992,25.613472
2023-11-11 23:00:00,27.2,26.008276,25.415756
2023-11-12 00:00:00,27.0,25.732939,25.369705
2023-11-12 01:00:00,26.7,25.472412,24.46155
2023-11-12 02:00:00,26.5,25.239298,24.35869
2023-11-12 03:00:00,26.4,25.001747,24.26893
2023-11-12 04:00:00,26.1,24.718761,24.153727
2023-11-12 05:00:00,25.7,24.533487,24.130531
2023-11-12 06:00:00,26.4,24.99838,24.554342
2023-11-12 07:00:00,27.6,26.361757,25.32531
2023-11-12 08:00:00,28.7,27.051529,26.289694
2023-11-12 09:00:00,29.3,27.300436,27.60551
2023-11-12 10:00:00,29.6,27.910288,28.156645
2023-11-12 11:00:00,29.9,28.173208,28.64734
2023-11-12 12:00:00,29.9,28.172913,28.887987
2023-11-12 13:00:00,29.6,28.371319,28.74932
2023-11-12 14:00:00,29.2,27.659477,28.568148
2023-11-12 15:00:00,28.7,27.32778,28.152254
2023-11-12 16:00:00,28.0,27.299719,27.699144
2023-11-12 17:00:00,27.7,27.107864,27.017263
2023-11-12 18:00:00,26.6,26.292044,26.332928
2023-11-12 19:00:00,25.2,26.697996,26.024492
2023-11-12 20:00:00,25.4,26.366016,25.706863
2023-11-12 21:00:00,25.5,26.352547,25.63095
2023-11-12 22:00:00,25.1,26.330397,25.568169
2023-11-12 23:00:00,24.9,26.219528,25.391462
2023-11-13 00:00:00,24.7,25.873802,25.24088
2023-11-13 01:00:00,25.1,25.63386,24.469606
2023-11-13 02:00:00,25.5,25.373686,24.344767
2023-11-13 03:00:00,25.2,25.123964,24.297935
2023-11-13 04:00:00,25.2,24.944366,24.413424
2023-11-13 05:00:00,25.0,24.713375,24.442802
2023-11-13 06:00:00,25.0,25.036564,24.579481
2023-11-13 07:00:00,25.3,26.065592,25.290537
2023-11-13 08:00:00,26.2,27.052496,26.336884
2023-11-13 09:00:00,27.7,27.269625,27.550695
2023-11-13 10:00:00,27.7,27.594898,28.089838
2023-11-13 11:00:00,27.7,28.270905,28.477434
2023-11-13 12:00:00,27.4,28.520884,28.686571
2023-11-13 13:00:00,26.8,27.787708,28.715948
2023-11-13 14:00:00,25.6,27.328016,28.392496
2023-11-13 15:00:00,25.3,26.769497,27.946262
2023-11-13 16:00:00,25.5,26.596764,27.431627
2023-11-13 17:00:00,25.5,26.141293,26.75958
2023-11-13 18:00:00,23.7,26.034414,26.305023
2023-11-13 19:00:00,22.6,25.816092,25.71484
2023-11-13 20:00:00,24.1,25.444788,25.036678
2023-11-13 21:00:00,25.0,25.725628,24.851053
2023-11-13 22:00:00,25.2,25.635017,24.83383
2023-11-13 23:00:00,24.9,25.455538,24.431238
2023-11-14 00:00:00,24.9,25.05598,24.441603
2023-11-14 01:00:00,24.9,25.242565,23.604437
2023-11-14 02:00:00,25.0,25.284712,23.85864
2023-11-14 03:00:00,25.0,24.97153,23.937548
2023-11-14 04:00:00,24.4,24.976912,23.919147
2023-11-14 05:00:00,24.3,24.993624,23.95659
2023-11-14 06:00:00,24.7,24.93306,24.25852
2023-11-14 07:00:00,24.1,25.35495,24.413929
2023-11-14 08:00:00,24.4,26.46035,25.066257
2023-11-14 09:00:00,24.4,27.657265,25.70281
2023-11-14 10:00:00,25.1,28.183994,27.026466
2023-11-14 11:00:00,24.4,27.679462,27.298758
2023-11-14 12:00:00,23.8,27.224108,27.498892
2023-11-14 13:00:00,23.9,26.185635,27.437265
2023-11-14 14:00:00,23.5,25.70882,26.913563
2023-11-14 15:00:00,24.0,25.949696,26.170185
2023-11-14 16:00:00,23.9,25.959524,25.919062
2023-11-14 17:00:00,23.8,25.562439,25.524187
2023-11-14 18:00:00,24.1,24.680462,25.268217
2023-11-14 19:00:00,23.8,23.800089,24.577707
2023-11-14 20:00:00,23.4,24.281223,24.330618
2023-11-14 21:00:00,23.9,24.654364,24.35222
2023-11-14 22:00:00,24.2,25.21941,24.295082
2023-11-14 23:00:00,23.7,25.173141,24.177908
2023-11-15 00:00:00,24.0,24.97274,23.978292
2023-11-15 01:00:00,24.2,25.150288,23.068483
2023-11-15 02:00:00,24.3,24.743872,23.07884
2023-11-15 03:00:00,23.7,24.660976,23.22323
2023-11-15 04:00:00,23.3,24.505596,23.301325
2023-11-15 05:00:00,23.2,24.52166,23.55089
2023-11-15 06:00:00,24.7,24.437185,23.695274
2023-11-15 07:00:00,25.3,24.677156,24.340767
2023-11-15 08:00:00,26.2,25.101055,24.408459
2023-11-15 09:00:00,27.8,25.773972,25.050577
2023-11-15 10:00:00,28.9,26.844662,25.381647
2023-11-15 11:00:00,29.1,26.068848,25.949194
2023-11-15 12:00:00,29.2,25.547598,25.711855
2023-11-15 13:00:00,29.4,25.049103,26.032454
2023-11-15 14:00:00,28.5,24.56856,25.972998
2023-11-15 15:00:00,28.3,25.090357,25.448431
2023-11-15 16:00:00,27.9,24.85405,25.654016
2023-11-15 17:00:00,27.0,24.379068,24.774736
2023-11-15 18:00:00,27.3,24.42073,24.400246
2023-11-15 19:00:00,27.2,24.539104,24.027529
2023-11-15 20:00:00,27.2,24.382753,23.509657
2023-11-15 21:00:00,27.2,24.153221,23.697287
2023-11-15 22:00:00,26.9,24.17429,23.486883
2023-11-15 23:00:00,26.7,24.24524,23.258802
2023-11-16 00:00:00,26.4,24.222223,22.968317
2023-11-16 01:00:00,26.0,24.284006,22.512255
2023-11-16 02:00:00,25.3,24.184196,22.521332
2023-11-16 03:00:00,25.2,23.983305,22.403067
2023-11-16 04:00:00,24.8,23.526659,22.730299
2023-11-16 05:00:00,24.3,23.552965,23.09455
2023-11-16 06:00:00,25.6,24.111853,23.404657
2023-11-16 07:00:00,26.7,25.115856,23.96794
2023-11-16 08:00:00,28.1,25.8367,24.657396
2023-11-16 09:00:00,28.7,27.071625,25.491629
2023-11-16 10:00:00,29.2,27.488552,26.128193
2023-11-16 11:00:00,29.4,27.894484,27.083874
2023-11-16 12:00:00,29.5,27.777937,27.199696
2023-11-16 13:00:00,29.4,27.968248,27.236609
2023-11-16 14:00:00,29.3,27.85741,27.313225
2023-11-16 15:00:00,28.7,27.839407,26.67296
2023-11-16 16:00:00,28.3,27.571503,26.449919
2023-11-16 17:00:00,27.6,26.665157,26.007853
2023-11-16 18:00:00,27.9,26.624071,25.443882
2023-11-16 19:00:00,27.7,26.764654,25.246786
2023-11-16 20:00:00,27.6,26.664503,25.048437
2023-11-16 21:00:00,27.5,26.687792,24.873945
2023-11-16 22:00:00,27.3,26.426493,24.851973
2023-11-16 23:00:00,27.0,26.151382,24.625797
2023-11-17 00:00:00,26.6,25.871948,24.41868
2023-11-17 01:00:00,26.4,25.605688,23.647425
2023-11-17 02:00:00,25.9,25.331833,23.526525
2023-11-17 03:00:00,25.7,24.894413,23.157442
2023-11-17 04:00:00,25.4,24.787092,23.501158
2023-11-17 05:00:00,25.4,24.888533,23.590508
2023-11-17 06:00:00,26.0,24.916008,23.75285
2023-11-17 07:00:00,27.3,26.146976,24.423847
2023-11-17 08:00:00,28.3,27.192585,25.14092
2023-11-17 09:00:00,28.9,27.664978,26.387524
2023-11-17 10:00:00,29.5,27.769838,27.475103
2023-11-17 11:00:00,29.6,27.801907,28.004625
2023-11-17 12:00:00,29.7,28.099577,28.222437
2023-11-17 13:00:00,29.7,27.898502,28.277237
2023-11-17 14:00:00,29.4,28.379839,28.04493
2023-11-17 15:00:00,28.9,28.076712,27.5783
2023-11-17 16:00:00,28.3,27.859499,27.050531
2023-11-17 17:00:00,27.4,27.399843,26.537676
2023-11-17 18:00:00,26.9,26.884727,25.884829
2023-11-17 19:00:00,27.2,26.761032,26.125776
2023-11-17 20:00:00,27.1,26.6369,25.749289
2023-11-17 21:00:00,26.9,26.641212,25.537268
2023-11-17 22:00:00,26.8,26.650587,25.357687
2023-11-17 23:00:00,26.9,26.421501,25.11421
2023-11-18 00:00:00,26.8,26.011288,24.875032
2023-11-18 01:00:00,26.4,25.687807,23.97059
2023-11-18 02:00:00,26.1,25.380959,23.873978
2023-11-18 03:00:00,25.9,25.24169,23.680676
2023-11-18 04:00:00,25.6,25.058784,23.71345
2023-11-18 05:00:00,25.3,25.01221,23.749834
2023-11-18 06:00:00,25.7,25.28907,23.9671
2023-11-18 07:00:00,27.1,26.314856,24.665476
2023-11-18 08:00:00,28.3,27.296766,25.810919
2023-11-18 09:00:00,29.0,27.218592,26.737444
2023-11-18 10:00:00,29.3,28.35028,27.428856
2023-11-18 11:00:00,29.5,28.382236,28.099775
2023-11-18 12:00:00,29.7,28.140965,28.19173
2023-11-18 13:00:00,29.5,28.058245,28.268005
2023-11-18 14:00:00,29.2,28.103256,28.037748
2023-11-18 15:00:00,28.8,27.344946,27.79424
2023-11-18 16:00:00,28.1,27.393757,27.227663
2023-11-18 17:00:00,27.3,27.038708,26.71797
2023-11-18 18:00:00,26.7,26.668356,25.948057
2023-11-18 19:00:00,26.6,26.600143,25.692818
2023-11-18 20:00:00,26.6,26.710524,25.609972
2023-11-18 21:00:00,26.4,26.524376,25.38967
2023-11-18 22:00:00,26.5,26.222437,25.127573
2023-11-18 23:00:00,26.3,26.106049,24.999731
2023-11-19 00:00:00,25.9,25.945665,24.940287
2023-11-19 01:00:00,25.7,25.717976,24.157915
2023-11-19 02:00:00,25.5,25.466515,24.007984
2023-11-19 03:00:00,25.4,25.360004,23.929274
2023-11-19 04:00:00,25.3,25.077312,23.947786
2023-11-19 05:00:00,25.2,24.895483,23.9422
2023-11-19 06:00:00,25.9,25.231125,24.029604
2023-11-19 07:00:00,26.0,26.267916,24.641495
2023-11-19 08:00:00,26.3,27.144812,25.891638
2023-11-19 09:00:00,26.0,27.871561,26.971785
2023-11-19 10:00:00,26.5,27.690931,27.624914
2023-11-19 11:00:00,27.2,28.03316,28.175241
2023-11-19 12:00:00,26.3,27.974342,28.38354
2023-11-19 13:00:00,25.8,28.56521,28.410473
2023-11-19 14:00:00,25.7,28.029388,28.148182
2023-11-19 15:00:00,25.5,27.332788,27.753946
2023-11-19 16:00:00,25.2,26.77475,27.259604
2023-11-19 17:00:00,24.9,26.586227,26.709509
2023-11-19 18:00:00,25.1,26.186378,25.980291
2023-11-19 19:00:00,25.2,26.06505,25.446333
2023-11-19 20:00:00,25.0,26.091925,25.331636
2023-11-19 21:00:00,24.8,26.097862,25.143627
2023-11-19 22:00:00,24.9,26.024872,24.794725
2023-11-19 23:00:00,24.8,25.854065,24.849703
2023-11-20 00:00:00,24.9,25.711794,24.633856
2023-11-20 01:00:00,25.1,25.472881,23.79342
2023-11-20 02:00:00,25.0,25.037664,23.88082
2023-11-20 03:00:00,24.7,24.691769,23.836351
2023-11-20 04:00:00,24.6,24.85548,23.874683
2023-11-20 05:00:00,24.2,24.769068,23.904564
2023-11-20 06:00:00,24.4,25.168497,24.441341
2023-11-20 07:00:00,25.1,25.941093,24.82318
2023-11-20 08:00:00,26.1,26.091356,25.158474
2023-11-20 09:00:00,26.4,26.682266,26.028116
2023-11-20 10:00:00,27.0,26.625124,26.123304
2023-11-20 11:00:00,27.5,26.287992,26.679075
2023-11-20 12:00:00,27.4,25.865692,27.054398
2023-11-20 13:00:00,26.6,25.293264,26.710985
2023-11-20 14:00:00,26.6,25.160568,26.321806
2023-11-20 15:00:00,26.7,25.209356,26.029535
2023-11-20 16:00:00,26.4,25.493034,25.724432
2023-11-20 17:00:00,26.1,25.381054,25.32701
2023-11-20 18:00:00,25.3,25.443623,24.893723
2023-11-20 19:00:00,25.1,25.39805,24.60857
2023-11-20 20:00:00,25.1,25.22079,24.410172
2023-11-20 21:00:00,24.7,24.861046,24.02352
2023-11-20 22:00:00,24.6,25.472918,23.998362
2023-11-20 23:00:00,24.2,25.04074,23.970694
2023-11-21 00:00:00,24.1,24.478024,23.502886
2023-11-21 01:00:00,24.2,24.364504,23.31605
2023-11-21 02:00:00,24.2,24.186413,23.383009
2023-11-21 03:00:00,24.0,24.001862,22.649317
2023-11-21 04:00:00,23.9,24.006346,22.920729
2023-11-21 05:00:00,23.8,23.960136,23.309616
2023-11-21 06:00:00,24.6,24.232632,23.607681
2023-11-21 07:00:00,25.0,24.932098,24.143147
2023-11-21 08:00:00,26.3,25.839952,24.325792
2023-11-21 09:00:00,26.8,26.867659,25.060722
2023-11-21 10:00:00,27.2,26.920204,25.71367
2023-11-21 11:00:00,28.1,27.586477,27.020216
2023-11-21 12:00:00,28.2,27.41802,26.881807
2023-11-21 13:00:00,28.1,27.086538,27.110243
2023-11-21 14:00:00,28.0,26.879961,26.295511
2023-11-21 15:00:00,27.9,26.585812,26.34418
2023-11-21 16:00:00,27.5,26.236778,26.186056
2023-11-21 17:00:00,26.8,25.828047,25.771452
2023-11-21 18:00:00,26.4,25.436745,25.442951
2023-11-21 19:00:00,26.1,25.378439,24.839588
2023-11-21 20:00:00,25.4,25.333567,24.928865
2023-11-21 21:00:00,25.5,25.17,24.719069
2023-11-21 22:00:00,25.5,25.325516,24.593054
2023-11-21 23:00:00,26.1,25.08896,24.87749
2023-11-22 00:00:00,26.2,24.657671,23.832893
2023-11-22 01:00:00,25.5,24.309381,22.737083
2023-11-22 02:00:00,25.4,24.076988,22.75923
2023-11-22 03:00:00,25.1,23.918394,22.893156
2023-11-22 04:00:00,25.1,23.98544,22.88902
2023-11-22 05:00:00,24.8,24.104681,23.507198
2023-11-22 06:00:00,24.7,24.513885,23.520159
2023-11-22 07:00:00,25.1,25.014645,24.841225
2023-11-22 08:00:00,25.7,26.050304,24.46395
2023-11-22 09:00:00,25.3,26.932568,25.8921
2023-11-22 10:00:00,26.1,27.539888,27.244349
2023-11-22 11:00:00,26.5,28.285854,26.846731
2023-11-22 12:00:00,26.6,27.86934,27.965145
2023-11-22 13:00:00,26.5,27.85697,27.729353
2023-11-22 14:00:00,25.9,27.684431,27.364866
2023-11-22 15:00:00,26.0,27.682375,26.986435
2023-11-22 16:00:00,26.1,27.039957,26.860659
2023-11-22 17:00:00,25.9,26.479097,26.481781
2023-11-22 18:00:00,26.3,26.03055,25.969854
2023-11-22 19:00:00,26.1,25.869055,24.816933
2023-11-22 20:00:00,26.0,25.4916,24.615042
2023-11-22 21:00:00,26.0,25.187227,24.104649
2023-11-22 22:00:00,25.9,25.23382,24.355017
2023-11-22 23:00:00,25.8,25.411219,24.099596
2023-11-23 00:00:00,25.9,25.494425,24.269913
2023-11-23 01:00:00,25.9,25.115576,23.817553
2023-11-23 02:00:00,25.6,24.77896,23.65494
2023-11-23 03:00:00,25.1,24.690619,23.399591
2023-11-23 04:00:00,25.3,24.611078,23.46601
2023-11-23 05:00:00,25.2,24.636227,23.400995
2023-11-23 06:00:00,25.8,24.724857,23.633837
2023-11-23 07:00:00,25.7,25.231388,24.223263
2023-11-23 08:00:00,26.1,26.09605,25.21608
2023-11-23 09:00:00,26.6,26.984432,25.6213
2023-11-23 10:00:00,26.4,27.114494,26.65753
2023-11-23 11:00:00,27.0,27.448042,26.568628
2023-11-23 12:00:00,27.8,27.333931,26.59124
2023-11-23 13:00:00,28.0,27.22939,27.19313
2023-11-23 14:00:00,27.2,27.12285,26.920893
2023-11-23 15:00:00,26.8,26.940937,26.751146
2023-11-23 16:00:00,26.2,26.483683,26.269192
2023-11-23 17:00:00,25.9,26.236828,25.851
2023-11-23 18:00:00,25.1,25.90667,25.647253
2023-11-23 19:00:00,24.2,25.96844,24.934847
2023-11-23 20:00:00,24.7,25.848839,24.761929
2023-11-23 21:00:00,24.2,25.786394,24.454731
2023-11-23 22:00:00,24.2,25.752563,24.424662
2023-11-23 23:00:00,24.5,25.567158,24.19833
2023-11-24 00:00:00,24.5,25.431513,24.218935
2023-11-24 01:00:00,24.3,25.184572,23.519503
2023-11-24 02:00:00,23.9,24.8783,23.49988
2023-11-24 03:00:00,24.0,24.56122,23.533747
2023-11-24 04:00:00,23.9,24.673721,23.282446
2023-11-24 05:00:00,23.9,24.639896,23.791132
2023-11-24 06:00:00,25.0,25.288864,23.834795
2023-11-24 07:00:00,25.9,25.597155,24.320154
2023-11-24 08:00:00,26.7,26.379608,24.916054
2023-11-24 09:00:00,28.1,26.787941,25.599266
2023-11-24 10:00:00,28.5,27.259802,26.262363
2023-11-24 11:00:00,27.5,27.527925,26.111727
2023-11-24 12:00:00,27.7,27.82353,27.257074
2023-11-24 13:00:00,28.6,27.650877,26.913904
2023-11-24 14:00:00,26.5,27.209438,27.038597
2023-11-24 15:00:00,27.9,26.867931,26.634016
2023-11-24 16:00:00,27.8,26.388416,26.391413
2023-11-24 17:00:00,27.6,25.965801,25.834867
2023-11-24 18:00:00,27.4,25.565397,25.236555
2023-11-24 19:00:00,27.2,25.086628,24.833471
2023-11-24 20:00:00,27.1,25.086376,24.16057
2023-11-24 21:00:00,27.1,24.903719,24.073835
2023-11-24 22:00:00,27.0,24.85794,23.764109
2023-11-24 23:00:00,26.8,24.803492,23.922916
2023-11-25 00:00:00,26.7,24.606558,23.80589
2023-11-25 01:00:00,26.4,24.385756,22.680193
2023-11-25 02:00:00,25.7,24.238394,22.697416
2023-11-25 03:00:00,25.9,24.063135,22.913977
2023-11-25 04:00:00,25.0,24.233862,23.016542
2023-11-25 05:00:00,23.4,24.32046,22.990286
2023-11-25 06:00:00,25.0,24.73905,23.223118
2023-11-25 07:00:00,26.0,25.768929,24.21001
2023-11-25 08:00:00,27.3,26.700613,24.79517
2023-11-25 09:00:00,27.8,27.854181,25.820972
2023-11-25 10:00:00,28.7,28.103434,26.645918
2023-11-25 11:00:00,28.6,28.008278,27.131264
2023-11-25 12:00:00,29.1,27.917744,26.997377
2023-11-25 13:00:00,29.0,28.433167,27.254574
2023-11-25 14:00:00,28.4,27.836515,27.236555
2023-11-25 15:00:00,28.5,27.347149,26.183596
2023-11-25 16:00:00,27.7,27.544065,26.635366
2023-11-25 17:00:00,26.4,27.123878,26.175028
2023-11-25 18:00:00,24.0,26.54688,25.77362
2023-11-25 19:00:00,24.7,26.511074,25.503489
2023-11-25 20:00:00,25.3,26.480225,25.111193
2023-11-25 21:00:00,25.8,26.470926,25.020033
2023-11-25 22:00:00,25.3,26.442032,24.807787
2023-11-25 23:00:00,24.7,26.156158,24.717472
2023-11-26 00:00:00,24.3,25.980719,24.587732
2023-11-26 01:00:00,24.0,25.769562,23.90267
2023-11-26 02:00:00,24.5,25.174149,23.902452
2023-11-26 03:00:00,24.5,25.528568,23.751333
2023-11-26 04:00:00,24.7,24.82516,23.90303
2023-11-26 05:00:00,25.3,24.296427,24.043905
2023-11-26 06:00:00,25.9,24.553102,24.374544
2023-11-26 07:00:00,26.7,25.691893,24.913546
2023-11-26 08:00:00,27.6,26.805033,25.494865
2023-11-26 09:00:00,28.7,27.663427,26.471453
2023-11-26 10:00:00,29.2,27.972164,27.274855
2023-11-26 11:00:00,29.1,28.260946,27.769312
2023-11-26 12:00:00,29.7,28.328127,27.648851
2023-11-26 13:00:00,29.5,28.158098,27.93987
2023-11-26 14:00:00,29.3,27.868534,27.926876
2023-11-26 15:00:00,28.9,27.746595,27.1685
2023-11-26 16:00:00,28.3,27.449656,27.319605
2023-11-26 17:00:00,27.4,26.957663,26.516918
2023-11-26 18:00:00,26.5,25.335566,25.831495
2023-11-26 19:00:00,26.7,25.158308,24.487621
2023-11-26 20:00:00,26.4,25.589964,24.91885
2023-11-26 21:00:00,25.6,25.890493,24.778536
2023-11-26 22:00:00,25.5,25.876785,24.69811
2023-11-26 23:00:00,25.3,25.200872,24.411077
2023-11-27 00:00:00,24.8,24.921747,23.944658
2023-11-27 01:00:00,24.2,24.891193,23.527378
2023-11-27 02:00:00,23.8,24.496847,23.489502
2023-11-27 03:00:00,23.3,24.574802,23.502169
2023-11-27 04:00:00,23.7,24.440071,23.318861
2023-11-27 05:00:00,23.8,24.754457,23.67379
2023-11-27 06:00:00,25.4,25.351196,24.050152
2023-11-27 07:00:00,26.7,26.323627,25.405119
2023-11-27 08:00:00,28.0,27.153664,24.964617
2023-11-27 09:00:00,27.9,28.008442,26.696936
2023-11-27 10:00:00,28.1,28.49247,27.4858
2023-11-27 11:00:00,28.9,28.562836,28.427147
2023-11-27 12:00:00,27.4,29.034475,28.416813
2023-11-27 13:00:00,28.2,29.070549,28.608381
2023-11-27 14:00:00,26.4,28.705471,28.33148
2023-11-27 15:00:00,26.5,28.428585,28.01383
2023-11-27 16:00:00,26.3,27.86464,27.377443
2023-11-27 17:00:00,25.8,27.14782,26.834864
2023-11-27 18:00:00,25.4,26.452343,26.055754
2023-11-27 19:00:00,24.1,26.34315,25.112505
2023-11-27 20:00:00,25.0,26.187155,24.948961
2023-11-27 21:00:00,24.5,25.649063,24.867014
2023-11-27 22:00:00,24.8,25.644482,24.510916
2023-11-27 23:00:00,24.3,25.479738,24.067984
2023-11-28 00:00:00,24.1,25.012676,23.8888
2023-11-28 01:00:00,23.7,24.99266,23.085028
2023-11-28 02:00:00,23.1,24.474192,22.907618
2023-11-28 03:00:00,23.2,24.178988,23.244427
2023-11-28 04:00:00,23.4,24.047924,22.738466
2023-11-28 05:00:00,23.7,24.33418,23.398458
2023-11-28 06:00:00,24.1,24.707922,23.96704
2023-11-28 07:00:00,25.3,26.105871,24.805065
2023-11-28 08:00:00,26.5,27.496067,25.627611
2023-11-28 09:00:00,27.5,27.74831,26.639128
2023-11-28 10:00:00,26.4,27.921314,27.342192
2023-11-28 11:00:00,26.0,28.601812,27.591005
2023-11-28 12:00:00,25.8,28.668037,28.157618
2023-11-28 13:00:00,25.8,28.246069,27.398678
2023-11-28 14:00:00,25.9,27.547623,27.610537
2023-11-28 15:00:00,25.8,27.186874,26.607515
2023-11-28 16:00:00,25.7,26.985529,26.479038
2023-11-28 17:00:00,25.5,26.457468,25.762346
2023-11-28 18:00:00,24.5,25.655647,25.593832
2023-11-28 19:00:00,24.8,24.823385,25.323166
2023-11-28 20:00:00,24.7,25.031588,24.835848
2023-11-28 21:00:00,24.9,25.063877,24.728392
2023-11-28 22:00:00,25.0,25.058426,24.138002
2023-11-28 23:00:00,24.8,24.906769,23.776396
2023-11-29 00:00:00,24.4,24.408974,23.553158
2023-11-29 01:00:00,24.1,24.46085,22.617775
2023-11-29 02:00:00,23.9,23.802479,22.682262
2023-11-29 03:00:00,24.1,23.890223,22.573637
2023-11-29 04:00:00,24.2,23.696486,22.915627
2023-11-29 05:00:00,24.3,23.86145,23.097372
2023-11-29 06:00:00,24.7,24.076803,23.091597
2023-11-29 07:00:00,24.8,25.223171,23.846048
2023-11-29 08:00:00,25.6,26.273838,24.92882
2023-11-29 09:00:00,26.2,27.181282,26.277239
2023-11-29 10:00:00,26.0,27.001925,26.970156
2023-11-29 11:00:00,25.9,26.493109,26.825281
2023-11-29 12:00:00,26.2,27.363737,26.704163
2023-11-29 13:00:00,26.3,27.047634,26.4981
2023-11-29 14:00:00,26.5,26.745073,26.49754
2023-11-29 15:00:00,26.6,26.74595,25.93875
2023-11-29 16:00:00,26.7,26.128965,25.944033
2023-11-29 17:00:00,26.0,25.630249,25.345558
2023-11-29 18:00:00,24.4,25.026371,24.972906
2023-11-29 19:00:00,24.8,25.13733,24.356962
2023-11-29 20:00:00,24.5,25.138979,24.009262
2023-11-29 21:00:00,24.8,25.16883,24.310986
2023-11-29 22:00:00,24.7,25.248112,24.065252
2023-11-29 23:00:00,24.3,25.098372,23.641178
2023-11-30 00:00:00,24.5,24.598377,23.397394
2023-11-30 01:00:00,24.4,24.581131,22.676561
2023-11-30 02:00:00,24.0,24.195204,22.573671
2023-11-30 03:00:00,23.6,24.097763,22.551722
2023-11-30 04:00:00,23.4,24.241758,22.634905
2023-11-30 05:00:00,23.5,24.260263,22.745878
2023-11-30 06:00:00,24.4,24.441952,23.381926
2023-11-30 07:00:00,25.6,25.011673,23.629313
2023-11-30 08:00:00,26.4,26.249882,24.463842
2023-11-30 09:00:00,27.7,26.781593,25.409883
2023-11-30 10:00:00,28.3,27.094282,25.80757
2023-11-30 11:00:00,29.1,27.145033,26.08762
2023-11-30 12:00:00,29.2,26.991013,26.224798
2023-11-30 13:00:00,29.4,26.733507,26.33595
2023-11-30 14:00:00,29.0,26.669092,26.06525
2023-11-30 15:00:00,28.5,26.615551,26.135206
2023-11-30 16:00:00,28.0,26.636425,25.857758
2023-11-30 17:00:00,27.3,25.960608,25.704912
2023-11-30 18:00:00,27.1,25.303167,25.116322
2023-11-30 19:00:00,26.9,25.25444,24.42189
2023-11-30 20:00:00,26.8,25.142763,24.214174
2023-11-30 21:00:00,26.7,25.07517,23.907907
2023-11-30 22:00:00,26.5,25.360268,23.698597
2023-11-30 23:00:00,26.2,24.911718,23.701529
2023-12-01 00:00:00,25.0,24.628588,23.508112
2023-12-01 01:00:00,25.3,24.585222,22.639574
2023-12-01 02:00:00,25.7,24.366982,22.739168
2023-12-01 03:00:00,25.4,23.626862,22.889868
2023-12-01 04:00:00,25.3,23.404978,23.039072
2023-12-01 05:00:00,25.6,23.604193,23.28211
2023-12-01 06:00:00,25.2,24.188057,23.594793
2023-12-01 07:00:00,25.1,25.356981,23.975021
2023-12-01 08:00:00,26.1,26.559929,24.627413
2023-12-01 09:00:00,26.3,27.571945,25.649603
2023-12-01 10:00:00,26.9,27.798603,26.463223
2023-12-01 11:00:00,25.6,28.16758,26.903952
2023-12-01 12:00:00,26.6,28.263233,27.712988
2023-12-01 13:00:00,26.8,28.209146,27.82488
2023-12-01 14:00:00,27.2,27.784012,27.872648
2023-12-01 15:00:00,26.1,27.712395,27.407705
2023-12-01 16:00:00,24.6,27.26901,26.92157
2023-12-01 17:00:00,24.7,26.818512,26.570223
2023-12-01 18:00:00,24.7,26.32005,25.899622
2023-12-01 19:00:00,25.3,26.147055,25.424414
2023-12-01 20:00:00,24.4,26.056684,25.207937
2023-12-01 21:00:00,24.7,26.028458,24.959978
2023-12-01 22:00:00,24.8,25.930223,24.859814
2023-12-01 23:00:00,24.9,25.53716,24.734335
2023-12-02 00:00:00,24.6,25.29453,24.582487
2023-12-02 01:00:00,24.5,25.063744,23.667866
2023-12-02 02:00:00,24.8,25.10333,23.48138
2023-12-02 03:00:00,24.3,24.99729,23.66833
2023-12-02 04:00:00,24.2,25.023796,23.733294
2023-12-02 05:00:00,24.1,24.919828,23.791313
2023-12-02 06:00:00,24.6,24.838217,24.592218
2023-12-02 07:00:00,24.9,25.128977,24.698856
2023-12-02 08:00:00,25.6,25.800472,25.140398
2023-12-02 09:00:00,25.3,26.268265,25.988783
2023-12-02 10:00:00,25.3,26.162436,26.451544
2023-12-02 11:00:00,25.1,26.112686,27.020334
2023-12-02 12:00:00,26.1,25.960566,26.629877
2023-12-02 13:00:00,25.6,26.283594,27.208212
2023-12-02 14:00:00,25.0,25.984283,27.110312
2023-12-02 15:00:00,25.3,26.175608,26.899673
2023-12-02 16:00:00,25.6,26.032238,26.138977
2023-12-02 17:00:00,24.6,25.276258,25.265368
2023-12-02 18:00:00,24.8,25.093151,25.12066
2023-12-02 19:00:00,24.9,25.43737,24.858461
2023-12-02 20:00:00,24.5,25.062628,24.808876
2023-12-02 21:00:00,25.1,25.066322,24.294518
2023-12-02 22:00:00,24.8,24.975111,24.309011
2023-12-02 23:00:00,24.3,25.139994,24.32445
2023-12-03 00:00:00,24.5,24.64645,24.104761
2023-12-03 01:00:00,24.3,24.5428,23.106932
2023-12-03 02:00:00,24.0,24.683292,23.214754
2023-12-03 03:00:00,24.2,24.645273,23.367062
2023-12-03 04:00:00,24.3,23.801516,23.230785
2023-12-03 05:00:00,24.3,24.061916,23.309656
2023-12-03 06:00:00,24.1,24.626099,23.60205
2023-12-03 07:00:00,24.1,25.150965,24.269918
2023-12-03 08:00:00,24.2,25.759502,24.751223
2023-12-03 09:00:00,24.6,24.503187,25.310696
2023-12-03 10:00:00,25.2,26.195154,25.46287
2023-12-03 11:00:00,25.0,25.161652,25.844355
2023-12-03 12:00:00,24.3,27.233408,26.342875
2023-12-03 13:00:00,24.5,27.775715,26.76737
2023-12-03 14:00:00,24.8,26.603783,26.144224
2023-12-03 15:00:00,24.6,26.031878,25.634558
2023-12-03 16:00:00,24.8,25.578001,25.901108
2023-12-03 17:00:00,24.8,24.929094,25.602888
2023-12-03 18:00:00,24.0,25.225681,24.927826
2023-12-03 19:00:00,24.1,25.344744,24.894697
2023-12-03 20:00:00,24.1,25.21713,24.760918
2023-12-03 21:00:00,24.0,25.213535,24.350138
2023-12-03 22:00:00,24.0,25.233898,24.44806
2023-12-03 23:00:00,23.8,25.130245,24.14749
2023-12-04 00:00:00,24.0,24.874847,24.016367
2023-12-04 01:00:00,23.6,25.022697,23.389166
2023-12-04 02:00:00,23.5,24.568872,23.393583
2023-12-04 03:00:00,24.0,24.440474,23.407784
2023-12-04 04:00:00,24.6,24.702925,23.656332
2023-12-04 05:00:00,24.7,24.755415,23.819294
2023-12-04 06:00:00,25.8,24.672426,24.196718
2023-12-04 07:00:00,26.1,24.820679,25.458239
2023-12-04 08:00:00,26.9,25.784103,25.816664
2023-12-04 09:00:00,27.5,26.673698,26.305323
2023-12-04 10:00:00,28.3,27.21365,26.157516
2023-12-04 11:00:00,29.6,28.04432,26.328566
2023-12-04 12:00:00,30.2,27.752026,26.53887
2023-12-04 13:00:00,30.2,27.956282,26.764048
2023-12-04 14:00:00,31.0,27.582548,26.746515
2023-12-04 15:00:00,31.0,27.53978,26.61566
2023-12-04 16:00:00,28.8,27.185865,26.737852
2023-12-04 17:00:00,27.6,25.861374,26.589891
2023-12-04 18:00:00,26.3,25.006557,25.8939
2023-12-04 19:00:00,25.6,24.990084,25.923735
2023-12-04 20:00:00,25.1,24.76505,26.113081
2023-12-04 21:00:00,24.5,24.694592,25.703318
2023-12-04 22:00:00,24.6,24.610878,25.384699
2023-12-04 23:00:00,24.7,24.493769,25.016094
2023-12-05 00:00:00,24.1,24.006544,24.840746
2023-12-05 01:00:00,24.3,24.250504,24.137884
2023-12-05 02:00:00,24.6,23.919838,23.93311
2023-12-05 03:00:00,24.5,23.982805,23.950684
2023-12-05 04:00:00,24.3,23.961636,24.322052
2023-12-05 05:00:00,24.3,24.139257,24.687796
2023-12-05 06:00:00,24.2,24.577477,24.966215
2023-12-05 07:00:00,25.0,25.63341,25.933077
2023-12-05 08:00:00,25.7,26.26845,26.483019
2023-12-05 09:00:00,26.7,27.180101,27.187523
2023-12-05 10:00:00,27.7,28.186672,27.922514
2023-12-05 11:00:00,29.2,28.834457,28.45105
2023-12-05 12:00:00,29.8,29.494574,29.34819
2023-12-05 13:00:00,30.1,28.922773,29.142044
2023-12-05 14:00:00,29.2,28.588121,28.949171
2023-12-05 15:00:00,27.3,28.155367,29.19679
2023-12-05 16:00:00,27.8,28.34898,29.147715
2023-12-05 17:00:00,27.1,27.632809,27.261293
2023-12-05 18:00:00,27.1,26.62626,26.827452
2023-12-05 19:00:00,23.1,25.88267,26.079178
2023-12-05 20:00:00,24.2,25.444546,25.745216
2023-12-05 21:00:00,24.3,25.11918,25.472624
2023-12-05 22:00:00,24.9,25.14001,24.962675
2023-12-05 23:00:00,25.1,25.088255,25.081198
2023-12-06 00:00:00,25.1,24.705725,24.984705
2023-12-06 01:00:00,24.3,24.435778,23.958763
2023-12-06 02:00:00,24.3,24.24622,24.340635
2023-12-06 03:00:00,24.3,24.238226,24.550495
2023-12-06 04:00:00,23.7,24.197401,24.717793
2023-12-06 05:00:00,23.5,24.429176,24.830435
2023-12-06 06:00:00,23.7,24.577784,25.177479
2023-12-06 07:00:00,23.8,25.312647,25.257685
2023-12-06 08:00:00,24.9,26.039343,25.030113
2023-12-06 09:00:00,26.2,26.679535,26.100319
2023-12-06 10:00:00,27.7,27.915392,26.822641
2023-12-06 11:00:00,28.7,29.04915,27.107058
2023-12-06 12:00:00,28.9,29.651201,29.78681
2023-12-06 13:00:00,28.2,29.58523,29.286654
2023-12-06 14:00:00,27.8,29.571133,29.063032
2023-12-06 15:00:00,27.7,29.752167,28.646584
2023-12-06 16:00:00,27.4,27.925024,27.991518
2023-12-06 17:00:00,26.8,27.162704,27.28272
2023-12-06 18:00:00,25.3,26.731775,26.556398
2023-12-06 19:00:00,24.4,25.450754,26.27933
2023-12-06 20:00:00,24.3,24.82853,23.962694
2023-12-06 21:00:00,24.2,24.780855,25.45054
2023-12-06 22:00:00,24.3,25.12244,24.703608
2023-12-06 23:00:00,24.1,25.25517,24.912725
2023-12-07 00:00:00,23.8,25.096045,24.962744
2023-12-07 01:00:00,24.1,24.624004,24.193592
2023-12-07 02:00:00,23.9,24.50824,24.09484
2023-12-07 03:00:00,23.7,24.411783,23.95079
2023-12-07 04:00:00,23.8,24.381645,23.850882
2023-12-07 05:00:00,23.9,23.984661,23.768646
2023-12-07 06:00:00,24.6,24.231396,24.02654
2023-12-07 07:00:00,25.5,24.880896,24.441193
2023-12-07 08:00:00,26.7,25.914972,24.834227
2023-12-07 09:00:00,27.8,26.35722,25.811441
2023-12-07 10:00:00,28.5,27.5858,26.41927
2023-12-07 11:00:00,28.7,28.526752,27.07358
2023-12-07 12:00:00,28.4,28.965946,27.802069
2023-12-07 13:00:00,28.4,28.668291,28.137945
2023-12-07 14:00:00,27.8,28.019257,27.71461
2023-12-07 15:00:00,27.8,27.340986,27.185278
2023-12-07 16:00:00,27.1,27.427794,26.683184
2023-12-07 17:00:00,26.5,26.762484,26.395617
2023-12-07 18:00:00,26.7,26.022913,25.624323
2023-12-07 19:00:00,26.5,25.471443,24.828032
2023-12-07 20:00:00,26.4,24.96113,23.771475
2023-12-07 21:00:00,26.3,24.695517,24.118116
2023-12-07 22:00:00,26.1,24.8886,23.6724
2023-12-07 23:00:00,25.8,24.57428,23.751715
2023-12-08 00:00:00,25.5,24.235888,23.873095
2023-12-08 01:00:00,25.1,24.172338,22.74975
2023-12-08 02:00:00,25.0,24.163692,22.88236
2023-12-08 03:00:00,24.7,24.100319,22.493826
2023-12-08 04:00:00,24.5,24.074398,22.880121
2023-12-08 05:00:00,24.3,23.964224,23.231894
2023-12-08 06:00:00,24.7,24.30871,23.616636
2023-12-08 07:00:00,25.8,24.877995,24.29476
2023-12-08 08:00:00,27.2,26.221369,24.636179
2023-12-08 09:00:00,28.3,27.273281,25.683767
2023-12-08 10:00:00,29.2,28.106142,26.653246
2023-12-08 11:00:00,29.4,28.165287,27.394487
2023-12-08 12:00:00,29.5,28.28537,27.817766
2023-12-08 13:00:00,29.3,28.208681,27.726244
2023-12-08 14:00:00,29.0,27.833397,27.629496
2023-12-08 15:00:00,28.4,27.723576,27.04213
2023-12-08 16:00:00,27.8,27.249819,26.823496
2023-12-08 17:00:00,27.0,26.56833,26.207708
2023-12-08 18:00:00,26.9,26.27879,25.633848
2023-12-08 19:00:00,26.6,26.19757,25.199219
2023-12-08 20:00:00,26.4,26.058876,24.897741
2023-12-08 21:00:00,26.3,25.915794,24.722061
2023-12-08 22:00:00,26.2,25.832117,24.6113
2023-12-08 23:00:00,26.0,25.63119,24.393011
2023-12-09 00:00:00,25.8,25.353708,24.291344
2023-12-09 01:00:00,25.7,25.013405,23.531847
2023-12-09 02:00:00,25.3,25.009516,23.277996
2023-12-09 03:00:00,25.1,24.726513,23.105549
2023-12-09 04:00:00,24.8,24.613989,23.39068
2023-12-09 05:00:00,24.6,24.383451,23.328192
2023-12-09 06:00:00,25.3,24.625679,23.923313
2023-12-09 07:00:00,26.3,25.425833,24.171526
2023-12-09 08:00:00,27.7,26.597475,25.030987
2023-12-09 09:00:00,28.4,27.777885,26.143358
2023-12-09 10:00:00,28.8,28.39288,27.114511
2023-12-09 11:00:00,28.9,28.555435,27.821342
2023-12-09 12:00:00,29.0,28.704205,28.082373
2023-12-09 13:00:00,28.8,28.709341,28.166138
2023-12-09 14:00:00,28.6,28.414415,27.94743
2023-12-09 15:00:00,28.0,28.03711,27.509573
2023-12-09 16:00:00,27.4,27.594507,27.01769
2023-12-09 17:00:00,26.7,26.870714,26.433392
2023-12-09 18:00:00,26.3,26.386278,25.793585
2023-12-09 19:00:00,26.3,26.16905,25.624859
2023-12-09 20:00:00,26.3,25.977938,25.276546
2023-12-09 21:00:00,26.2,25.955309,25.056906
2023-12-09 22:00:00,26.1,25.72389,24.876638
2023-12-09 23:00:00,26.1,25.754221,24.718412
2023-12-10 00:00:00,26.0,25.574602,24.4429
2023-12-10 01:00:00,25.8,25.362293,23.648493
2023-12-10 02:00:00,25.5,25.087074,23.59661
2023-12-10 03:00:00,25.1,24.815573,23.496746
2023-12-10 04:00:00,25.1,24.749569,23.586475
2023-12-10 05:00:00,25.0,24.699228,23.627285
2023-12-10 06:00:00,25.3,24.833227,23.845379
2023-12-10 07:00:00,26.2,25.655296,24.512426
2023-12-10 08:00:00,27.1,26.891504,25.204952
2023-12-10 09:00:00,27.4,27.879883,26.7238
2023-12-10 10:00:00,27.7,28.206808,27.627455
2023-12-10 11:00:00,27.9,28.247831,28.126167
2023-12-10 12:00:00,28.2,28.296648,28.27682
2023-12-10 13:00:00,28.1,28.153526,28.2818
2023-12-10 14:00:00,27.9,27.830465,27.956888
2023-12-10 15:00:00,27.5,27.761118,27.641375
2023-12-10 16:00:00,27.0,27.120306,27.098894
2023-12-10 17:00:00,26.2,26.690409,26.513266
2023-12-10 18:00:00,26.1,26.134153,25.761728
2023-12-10 19:00:00,25.9,25.923296,25.378714
2023-12-10 20:00:00,25.8,25.863815,25.228907
2023-12-10 21:00:00,25.7,25.795898,25.131136
2023-12-10 22:00:00,25.7,25.788595,24.919348
2023-12-10 23:00:00,25.5,25.766764,24.81743
2023-12-11 00:00:00,25.3,25.56415,24.733957
2023-12-11 01:00:00,25.2,25.48696,23.947044
2023-12-11 02:00:00,25.1,25.14569,23.929379
2023-12-11 03:00:00,25.0,24.697182,23.843992
2023-12-11 04:00:00,25.0,24.610743,23.842478
2023-12-11 05:00:00,24.7,24.532675,24.099354
2023-12-11 06:00:00,23.7,24.72882,24.273447
2023-12-11 07:00:00,24.6,25.555393,24.886942
2023-12-11 08:00:00,25.8,26.886642,25.726381
2023-12-11 09:00:00,26.7,27.383371,26.855907
2023-12-11 10:00:00,27.4,27.916374,27.34771
2023-12-11 11:00:00,27.7,28.070953,27.642849
2023-12-11 12:00:00,28.1,28.149033,27.789309
2023-12-11 13:00:00,27.8,28.091097,28.039427
2023-12-11 14:00:00,27.8,27.920635,27.73099
2023-12-11 15:00:00,27.5,27.435404,27.418386
2023-12-11 16:00:00,26.8,26.934689,26.902205
2023-12-11 17:00:00,26.0,26.132624,26.38806
2023-12-11 18:00:00,25.4,25.668125,25.670174
2023-12-11 19:00:00,24.0,25.64745,25.337519
2023-12-11 20:00:00,23.7,25.494259,25.083431
2023-12-11 21:00:00,23.7,25.31014,24.881239
2023-12-11 22:00:00,23.9,25.29406,24.695856
2023-12-11 23:00:00,23.5,25.096796,24.78204
2023-12-12 00:00:00,22.7,24.839693,24.735552
2023-12-12 01:00:00,22.5,24.69103,23.96327
2023-12-12 02:00:00,22.4,24.544476,23.915909
2023-12-12 03:00:00,22.4,24.352163,24.020288
2023-12-12 04:00:00,22.8,24.251495,24.06889
2023-12-12 05:00:00,22.8,24.160646,24.213633
2023-12-12 06:00:00,23.1,24.07222,24.315563
2023-12-12 07:00:00,24.3,24.780062,24.366423
2023-12-12 08:00:00,25.8,25.997385,25.387129
2023-12-12 09:00:00,26.6,26.816221,26.227388
2023-12-12 10:00:00,27.1,27.520866,26.764639
2023-12-12 11:00:00,27.6,27.645273,27.345104
2023-12-12 12:00:00,27.6,27.920012,27.707235
2023-12-12 13:00:00,27.4,27.70898,28.029928
2023-12-12 14:00:00,27.3,27.675884,27.761852
2023-12-12 15:00:00,27.2,27.362875,27.583412
2023-12-12 16:00:00,26.7,26.573492,27.16353
2023-12-12 17:00:00,26.1,25.946394,26.55149
2023-12-12 18:00:00,25.9,25.196484,25.866102
2023-12-12 19:00:00,25.8,24.76516,25.370821
2023-12-12 20:00:00,25.6,24.383785,24.391926
2023-12-12 21:00:00,25.4,24.146029,24.049736
2023-12-12 22:00:00,25.2,24.039364,24.051834
2023-12-12 23:00:00,25.1,23.667608,24.236246
2023-12-13 00:00:00,25.1,22.973795,23.822515
2023-12-13 01:00:00,24.9,22.633766,22.83611
2023-12-13 02:00:00,24.6,22.61092,22.447454
2023-12-13 03:00:00,24.1,22.450937,22.727556
2023-12-13 04:00:00,23.9,22.868105,22.990652
2023-12-13 05:00:00,24.0,22.846222,23.429451
2023-12-13 06:00:00,25.1,23.199972,23.6597
2023-12-13 07:00:00,25.6,24.19323,24.043232
2023-12-13 08:00:00,26.9,25.79298,25.02553
2023-12-13 09:00:00,27.5,26.719604,25.577305
2023-12-13 10:00:00,27.7,27.318964,26.735868
2023-12-13 11:00:00,28.3,27.619558,27.36276
2023-12-13 12:00:00,28.9,27.74824,27.807047
2023-12-13 13:00:00,29.0,27.4801,27.88347
2023-12-13 14:00:00,28.0,27.319778,27.583326
2023-12-13 15:00:00,27.9,27.088898,27.418715
2023-12-13 16:00:00,27.3,26.488144,27.044624
2023-12-13 17:00:00,26.8,25.997953,26.470217
2023-12-13 18:00:00,26.3,25.705519,25.931887
2023-12-13 19:00:00,25.6,25.63508,25.468576
2023-12-13 20:00:00,25.6,25.322083,25.089796
2023-12-13 21:00:00,25.5,25.066223,24.915396
2023-12-13 22:00:00,25.4,24.920313,24.694456
2023-12-13 23:00:00,25.5,24.798044,24.577087
2023-12-14 00:00:00,25.9,24.500902,24.375149
2023-12-14 01:00:00,25.7,24.346054,23.479776
2023-12-14 02:00:00,25.4,23.924395,23.358738
2023-12-14 03:00:00,25.3,23.598083,23.295177
2023-12-14 04:00:00,25.0,23.183798,23.223791
2023-12-14 05:00:00,24.7,23.05216,23.424042
2023-12-14 06:00:00,25.7,23.743023,23.788195
2023-12-14 07:00:00,25.7,24.68055,24.771738
2023-12-14 08:00:00,26.4,25.976643,25.401653
2023-12-14 09:00:00,26.2,26.870253,26.648245
2023-12-14 10:00:00,26.1,27.34868,27.505495
2023-12-14 11:00:00,26.0,27.742487,27.74056
2023-12-14 12:00:00,26.0,27.819304,28.155575
2023-12-14 13:00:00,26.0,27.994135,28.33262
2023-12-14 14:00:00,25.2,27.792418,28.292719
2023-12-14 15:00:00,25.7,27.43078,27.516226
2023-12-14 16:00:00,26.0,26.87486,27.169157
2023-12-14 17:00:00,25.7,26.138872,26.52297
2023-12-14 18:00:00,25.7,25.895428,25.981714
2023-12-14 19:00:00,25.5,25.53379,25.60231
2023-12-14 20:00:00,25.2,25.519243,25.007172
2023-12-14 21:00:00,25.4,25.111675,24.74531
2023-12-14 22:00:00,25.0,24.982298,24.57033
2023-12-14 23:00:00,24.7,24.950153,24.420061
2023-12-15 00:00:00,25.0,25.196842,24.405191
2023-12-15 01:00:00,24.9,25.144287,23.848787
2023-12-15 02:00:00,24.7,24.776388,23.76808
2023-12-15 03:00:00,24.3,24.607763,23.687317
2023-12-15 04:00:00,24.4,24.559032,23.727789
2023-12-15 05:00:00,24.8,24.49779,23.746222
2023-12-15 06:00:00,24.8,24.790619,24.275883
2023-12-15 07:00:00,25.3,25.597961,24.945303
2023-12-15 08:00:00,26.2,26.410929,25.277029
2023-12-15 09:00:00,26.6,26.9085,26.168865
2023-12-15 10:00:00,27.6,27.11721,26.682608
2023-12-15 11:00:00,28.3,26.943014,26.791655
2023-12-15 12:00:00,28.3,26.773973,26.98428
2023-12-15 13:00:00,28.3,26.425083,27.03074
2023-12-15 14:00:00,28.3,26.74196,26.856386
2023-12-15 15:00:00,28.0,26.440296,26.076132
2023-12-15 16:00:00,27.5,26.143948,26.09971
2023-12-15 17:00:00,26.9,25.998262,25.865759
2023-12-15 18:00:00,26.4,25.738268,25.391356
2023-12-15 19:00:00,26.3,25.470057,25.233133
2023-12-15 20:00:00,26.3,25.194355,24.721392
2023-12-15 21:00:00,26.0,25.208275,24.566088
2023-12-15 22:00:00,25.6,25.176079,24.43381
2023-12-15 23:00:00,24.9,24.8225,24.087599
2023-12-16 00:00:00,24.4,24.852453,23.896767
2023-12-16 01:00:00,24.9,24.68924,23.41333
2023-12-16 02:00:00,24.8,24.609488,23.607716
2023-12-16 03:00:00,24.3,24.391333,23.276207
2023-12-16 04:00:00,25.0,24.456072,23.339224
2023-12-16 05:00:00,25.1,24.639431,23.539137
2023-12-16 06:00:00,25.3,24.814049,24.086178
2023-12-16 07:00:00,26.0,25.34897,24.37571
2023-12-16 08:00:00,26.4,26.258692,25.036577
2023-12-16 09:00:00,27.1,27.032207,25.999146
2023-12-16 10:00:00,27.8,27.27934,26.36453
2023-12-16 11:00:00,28.0,27.872795,27.181648
2023-12-16 12:00:00,28.0,27.88503,27.634787
2023-12-16 13:00:00,28.0,27.828629,27.608828
2023-12-16 14:00:00,27.8,27.73779,27.496561
2023-12-16 15:00:00,27.2,27.512573,27.205236
2023-12-16 16:00:00,26.6,26.999582,26.974064
2023-12-16 17:00:00,26.1,26.19154,26.472334
2023-12-16 18:00:00,26.5,25.920124,25.885984
2023-12-16 19:00:00,26.4,25.872513,25.537394
2023-12-16 20:00:00,26.2,25.82965,25.25645
2023-12-16 21:00:00,26.2,25.73436,25.068512
2023-12-16 22:00:00,26.0,25.462202,24.674353
2023-12-16 23:00:00,25.8,25.26452,24.509693
2023-12-17 00:00:00,25.6,24.792686,24.23372
2023-12-17 01:00:00,25.4,24.836815,23.44565
2023-12-17 02:00:00,25.3,24.708218,23.59484
2023-12-17 03:00:00,25.2,24.600536,23.683107
2023-12-17 04:00:00,25.2,24.63006,23.67357
2023-12-17 05:00:00,25.1,24.836903,24.148008
2023-12-17 06:00:00,25.5,24.764805,24.373827
2023-12-17 07:00:00,25.7,25.5344,24.857174
2023-12-17 08:00:00,26.5,26.452978,25.630577
2023-12-17 09:00:00,27.0,26.960695,26.371897
2023-12-17 10:00:00,27.5,27.450306,27.0233
2023-12-17 11:00:00,27.4,27.43776,27.662298
2023-12-17 12:00:00,27.5,27.887217,27.886692
2023-12-17 13:00:00,27.3,27.765617,27.864756
2023-12-17 14:00:00,27.1,27.509525,27.690022
2023-12-17 15:00:00,26.5,26.975801,27.407738
2023-12-17 16:00:00,26.1,26.593521,26.86845
2023-12-17 17:00:00,25.6,26.27784,26.368288
2023-12-17 18:00:00,25.6,26.18052,25.83533
2023-12-17 19:00:00,25.5,26.05808,25.589666
2023-12-17 20:00:00,25.4,25.84226,25.463205
2023-12-17 21:00:00,25.4,25.831387,25.188381
2023-12-17 22:00:00,25.2,25.695215,25.066933
2023-12-17 23:00:00,24.9,25.476433,24.839212
2023-12-18 00:00:00,24.7,25.224155,24.601614
2023-12-18 01:00:00,24.5,24.918406,23.766018
2023-12-18 02:00:00,24.5,24.780117,23.64761
2023-12-18 03:00:00,24.3,24.71933,23.79432
2023-12-18 04:00:00,24.0,24.670864,23.717978
2023-12-18 05:00:00,23.8,24.556713,24.101542
2023-12-18 06:00:00,24.8,24.598917,24.36492
2023-12-18 07:00:00,25.4,25.247889,25.054018
2023-12-18 08:00:00,26.6,25.889517,25.592813
2023-12-18 09:00:00,27.0,26.770712,26.447588
2023-12-18 10:00:00,27.5,27.176985,27.114998
2023-12-18 11:00:00,27.7,27.470446,27.65317
2023-12-18 12:00:00,27.8,27.505983,27.775766
2023-12-18 13:00:00,27.8,27.403975,27.833761
2023-12-18 14:00:00,27.6,26.776892,27.648375
2023-12-18 15:00:00,27.2,26.105696,27.273298
2023-12-18 16:00:00,26.8,25.48955,26.680452
2023-12-18 17:00:00,26.1,25.166058,26.245071
2023-12-18 18:00:00,26.3,25.029463,25.6508
2023-12-18 19:00:00,26.6,25.065878,25.392986
2023-12-18 20:00:00,26.7,25.117365,25.218094
2023-12-18 21:00:00,26.7,25.022863,25.014814
2023-12-18 22:00:00,26.4,24.946846,24.830513
2023-12-18 23:00:00,26.1,24.675941,24.651726
2023-12-19 00:00:00,25.9,24.256584,24.39451
2023-12-19 01:00:00,25.4,23.923876,23.652586
2023-12-19 02:00:00,25.1,23.690796,23.680597
2023-12-19 03:00:00,24.8,23.5146,23.756334
2023-12-19 04:00:00,24.9,23.197416,23.609407
2023-12-19 05:00:00,24.8,23.123148,23.814732
2023-12-19 06:00:00,25.5,23.47,24.000618
2023-12-19 07:00:00,25.7,24.513361,24.817863
2023-12-19 08:00:00,26.3,25.70729,25.384403
2023-12-19 09:00:00,27.1,26.773888,26.494818
2023-12-19 10:00:00,27.7,27.173744,27.128557
2023-12-19 11:00:00,27.9,27.468962,27.559002
2023-12-19 12:00:00,28.0,27.601301,27.790815
2023-12-19 13:00:00,27.9,27.5079,27.833242
2023-12-19 14:00:00,27.5,27.28273,27.67967
2023-12-19 15:00:00,27.4,26.914291,27.312365
2023-12-19 16:00:00,26.9,26.474276,26.868202
2023-12-19 17:00:00,26.2,25.977053,26.335608
2023-12-19 18:00:00,26.6,25.566818,25.749613
2023-12-19 19:00:00,26.3,25.90214,25.64688
2023-12-19 20:00:00,25.9,25.954685,25.48598
2023-12-19 21:00:00,25.6,26.062702,25.30438
2023-12-19 22:00:00,25.4,25.798344,25.138151
2023-12-19 23:00:00,25.2,25.518808,24.877544
2023-12-20 00:00:00,24.9,25.347235,24.670132
2023-12-20 01:00:00,24.6,24.808365,23.911367
2023-12-20 02:00:00,24.4,24.483404,23.65724
2023-12-20 03:00:00,24.3,24.105179,23.614342
2023-12-20 04:00:00,24.3,24.132309,23.609976
2023-12-20 05:00:00,24.1,23.906462,23.924417
2023-12-20 06:00:00,25.8,24.374287,24.138897
2023-12-20 07:00:00,25.9,24.8889,25.067562
2023-12-20 08:00:00,26.5,25.548437,25.569897
2023-12-20 09:00:00,27.2,26.684294,26.305408
2023-12-20 10:00:00,27.7,27.063194,27.094723
2023-12-20 11:00:00,28.0,27.509874,27.591343
2023-12-20 12:00:00,28.1,27.609873,27.813822
2023-12-20 13:00:00,27.9,27.560968,27.87823
2023-12-20 14:00:00,27.4,27.349426,27.72584
2023-12-20 15:00:00,27.0,27.012548,27.33967
2023-12-20 16:00:00,26.4,26.419586,26.987303
2023-12-20 17:00:00,25.7,25.854324,26.443409
2023-12-20 18:00:00,25.7,25.90879,25.711802
2023-12-20 19:00:00,25.2,25.783518,25.834595
2023-12-20 20:00:00,24.9,25.452217,25.295036
2023-12-20 21:00:00,24.7,25.331827,24.925772
2023-12-20 22:00:00,24.5,24.959068,24.672081
2023-12-20 23:00:00,24.2,24.877972,24.497786
2023-12-21 00:00:00,24.0,24.667606,24.265005
2023-12-21 01:00:00,23.7,24.363487,23.453745
2023-12-21 02:00:00,23.5,23.932827,23.421305
2023-12-21 03:00:00,23.3,23.784142,23.4225
2023-12-21 04:00:00,23.2,23.82893,23.611147
2023-12-21 05:00:00,22.9,23.625841,23.829813
2023-12-21 06:00:00,23.4,24.135353,24.0407
2023-12-21 07:00:00,24.4,25.32191,25.308207
2023-12-21 08:00:00,25.9,25.906511,25.583338
2023-12-21 09:00:00,26.8,26.788979,26.305853
2023-12-21 10:00:00,27.4,27.288687,27.053352
2023-12-21 11:00:00,27.7,27.629051,27.625809
2023-12-21 12:00:00,27.8,27.748425,27.904993
2023-12-21 13:00:00,27.5,27.607155,27.97145
2023-12-21 14:00:00,27.2,27.307714,27.723375
2023-12-21 15:00:00,26.7,26.96035,27.265585
2023-12-21 16:00:00,26.0,26.396235,26.798246
2023-12-21 17:00:00,24.9,25.612858,26.19763
2023-12-21 18:00:00,24.0,25.400545,25.548883
2023-12-21 19:00:00,23.6,25.176756,25.359034
2023-12-21 20:00:00,23.4,24.964563,24.825691
2023-12-21 21:00:00,23.4,24.65495,24.504036
2023-12-21 22:00:00,23.2,24.234411,24.283821
2023-12-21 23:00:00,22.8,24.025583,24.04817
2023-12-22 00:00:00,22.5,23.550837,23.862524
2023-12-22 01:00:00,22.6,23.343496,23.03472
2023-12-22 02:00:00,22.3,23.142159,22.876139
2023-12-22 03:00:00,21.6,23.103655,22.813108
2023-12-22 04:00:00,21.2,23.058868,22.887918
2023-12-22 05:00:00,20.9,22.9685,23.026588
2023-12-22 06:00:00,21.0,22.986948,23.108088
2023-12-22 07:00:00,22.1,24.009014,23.937618
2023-12-22 08:00:00,24.1,25.581505,24.661015
2023-12-22 09:00:00,26.0,26.752386,25.950018
2023-12-22 10:00:00,27.2,27.178942,26.793139
2023-12-22 11:00:00,27.6,27.572111,27.365686
2023-12-22 12:00:00,27.7,27.816275,27.686827
2023-12-22 13:00:00,27.4,27.53835,27.753502
2023-12-22 14:00:00,26.9,27.387743,27.517706
2023-12-22 15:00:00,26.3,26.85099,27.199528
2023-12-22 16:00:00,25.9,25.999199,26.60236
2023-12-22 17:00:00,25.3,25.328564,26.127195
2023-12-22 18:00:00,24.8,24.603176,25.13489
2023-12-22 19:00:00,24.6,23.887466,24.761501
2023-12-22 20:00:00,24.4,23.523434,24.3253
2023-12-22 21:00:00,24.1,23.501226,24.138273
2023-12-22 22:00:00,23.7,23.16695,23.799458
2023-12-22 23:00:00,23.5,22.842062,23.544777
2023-12-23 00:00:00,23.4,22.268663,23.226688
2023-12-23 01:00:00,23.2,22.231768,22.351048
2023-12-23 02:00:00,22.9,22.081976,22.39353
2023-12-23 03:00:00,22.5,21.732233,22.290056
2023-12-23 04:00:00,22.2,21.552444,22.475016
2023-12-23 05:00:00,21.7,21.610104,22.754965
2023-12-23 06:00:00,22.5,21.83326,22.913687
2023-12-23 07:00:00,23.4,22.35957,23.436377
2023-12-23 08:00:00,25.1,24.210436,24.456882
2023-12-23 09:00:00,26.6,26.174488,25.68867
2023-12-23 10:00:00,28.0,27.301477,26.390303
2023-12-23 11:00:00,28.3,27.812443,27.749437
2023-12-23 12:00:00,28.3,27.865763,28.16886
2023-12-23 13:00:00,28.4,27.737879,28.018366
2023-12-23 14:00:00,27.4,27.241678,27.575716
2023-12-23 15:00:00,27.3,26.587477,27.008657
2023-12-23 16:00:00,27.1,26.027523,26.43909
2023-12-23 17:00:00,26.5,25.370249,25.941622
2023-12-23 18:00:00,26.1,24.700186,25.246433
2023-12-23 19:00:00,25.8,24.557518,24.642
2023-12-23 20:00:00,25.8,24.31837,24.27254
2023-12-23 21:00:00,26.2,23.94401,24.091301
2023-12-23 22:00:00,26.2,23.871012,23.781689
2023-12-23 23:00:00,25.7,22.884516,23.488367
2023-12-24 00:00:00,25.2,23.10029,23.606604
2023-12-24 01:00:00,25.1,22.87689,22.53668
2023-12-24 02:00:00,24.4,22.596684,22.47318
2023-12-24 03:00:00,24.3,22.202265,22.347338
2023-12-24 04:00:00,24.1,21.87173,22.680412
2023-12-24 05:00:00,24.3,21.959496,22.783552
2023-12-24 06:00:00,24.0,22.01579,23.021612
2023-12-24 07:00:00,24.6,22.996824,23.845095
2023-12-24 08:00:00,25.3,24.880629,24.651728
2023-12-24 09:00:00,26.2,26.090557,26.08424
2023-12-24 10:00:00,26.8,27.34226,27.134462
2023-12-24 11:00:00,27.1,27.765945,27.7144
2023-12-24 12:00:00,27.7,27.856195,27.857004
2023-12-24 13:00:00,28.0,27.735035,27.863874
2023-12-24 14:00:00,28.0,27.422771,27.924189
2023-12-24 15:00:00,27.4,27.00415,26.990793
2023-12-24 16:00:00,26.9,26.766539,26.527092
2023-12-24 17:00:00,26.1,26.157944,26.190168
2023-12-24 18:00:00,25.3,25.75573,25.552652
2023-12-24 19:00:00,24.8,25.627855,25.008463
2023-12-24 20:00:00,24.7,25.491455,24.817621
2023-12-24 21:00:00,24.7,25.62275,24.626688
2023-12-24 22:00:00,24.6,25.544714,24.609228
2023-12-24 23:00:00,24.4,25.411459,24.578547
2023-12-25 00:00:00,24.0,25.11961,24.382391
2023-12-25 01:00:00,23.5,24.970934,23.631239
2023-12-25 02:00:00,22.9,24.574131,23.44563
2023-12-25 03:00:00,22.5,24.427526,23.347116
2023-12-25 04:00:00,22.2,24.25329,23.237556
2023-12-25 05:00:00,22.2,24.298231,23.460203
2023-12-25 06:00:00,21.3,24.09649,23.433435
2023-12-25 07:00:00,22.1,24.476618,23.706377
2023-12-25 08:00:00,24.1,25.697147,24.537413
2023-12-25 09:00:00,26.0,26.824524,25.548784
2023-12-25 10:00:00,27.0,27.543592,26.301687
2023-12-25 11:00:00,27.6,27.66993,27.09801
2023-12-25 12:00:00,27.8,27.718904,27.258429
2023-12-25 13:00:00,27.9,27.785027,27.576107
2023-12-25 14:00:00,27.9,27.657528,27.62948
2023-12-25 15:00:00,27.4,27.210398,27.231161
2023-12-25 16:00:00,26.7,26.851212,26.717546
2023-12-25 17:00:00,25.8,26.149334,26.245327
2023-12-25 18:00:00,25.4,25.538149,25.540903
2023-12-25 19:00:00,24.9,25.011875,24.871464
2023-12-25 20:00:00,24.6,24.867756,24.484959
2023-12-25 21:00:00,24.7,24.82683,24.255278
2023-12-25 22:00:00,25.1,24.764751,24.192305
2023-12-25 23:00:00,25.0,24.293571,24.053078
2023-12-26 00:00:00,25.1,23.715736,23.842785
2023-12-26 01:00:00,24.9,23.187828,22.951124
2023-12-26 02:00:00,24.5,22.77374,22.752983
2023-12-26 03:00:00,24.2,22.70429,22.500172
2023-12-26 04:00:00,24.2,22.264297,22.493155
2023-12-26 05:00:00,23.9,22.148859,22.926651
2023-12-26 06:00:00,23.4,21.9901,23.465006
2023-12-26 07:00:00,24.3,22.376974,23.550426
2023-12-26 08:00:00,25.9,24.371075,24.393446
2023-12-26 09:00:00,27.1,26.317963,25.767668
2023-12-26 10:00:00,27.9,27.025465,26.244354
2023-12-26 11:00:00,28.2,27.622786,27.052551
2023-12-26 12:00:00,28.2,27.723124,27.6091
2023-12-26 13:00:00,28.0,27.821487,27.732687
2023-12-26 14:00:00,27.6,27.651852,27.666754
2023-12-26 15:00:00,27.1,27.262136,27.31033
2023-12-26 16:00:00,26.4,26.623644,26.81539
2023-12-26 17:00:00,25.8,25.830095,26.171389
2023-12-26 18:00:00,26.2,25.19046,25.426523
2023-12-26 19:00:00,26.0,24.78445,24.795357
2023-12-26 20:00:00,25.7,24.52499,24.397497
2023-12-26 21:00:00,25.9,24.41653,24.209684
2023-12-26 22:00:00,26.3,24.611647,24.14369
2023-12-26 23:00:00,25.5,24.607033,24.215517
2023-12-27 00:00:00,25.5,24.489279,24.19432
2023-12-27 01:00:00,25.6,24.311625,23.427431
2023-12-27 02:00:00,25.4,23.773462,23.375587
2023-12-27 03:00:00,24.9,23.502735,23.225243
2023-12-27 04:00:00,24.5,23.373827,23.163809
2023-12-27 05:00:00,24.3,23.058424,23.26526
2023-12-27 06:00:00,24.3,23.169712,23.313345
2023-12-27 07:00:00,24.8,23.912104,23.424213
2023-12-27 08:00:00,25.7,25.610004,24.32006
2023-12-27 09:00:00,26.3,26.764292,25.629766
2023-12-27 10:00:00,27.2,27.49053,26.9849
2023-12-27 11:00:00,28.0,27.672323,27.739353
2023-12-27 12:00:00,28.4,27.764664,28.11033
2023-12-27 13:00:00,28.4,27.625725,28.028467
2023-12-27 14:00:00,28.1,27.361614,27.83819
2023-12-27 15:00:00,27.7,26.936071,27.456003
2023-12-27 16:00:00,27.0,26.1509,26.866068
2023-12-27 17:00:00,26.4,25.53299,26.354437
2023-12-27 18:00:00,26.0,25.63692,25.718245
2023-12-27 19:00:00,25.8,25.50354,25.488743
2023-12-27 20:00:00,25.6,25.274834,24.995287
2023-12-27 21:00:00,25.5,25.405628,24.645311
2023-12-27 22:00:00,25.2,25.555012,24.77571
2023-12-27 23:00:00,25.2,25.16893,24.59589
2023-12-28 00:00:00,25.2,24.902353,24.379314
2023-12-28 01:00:00,24.8,24.93122,23.581919
2023-12-28 02:00:00,24.8,24.680677,23.72621
2023-12-28 03:00:00,24.6,24.5149,23.521059
2023-12-28 04:00:00,24.4,24.28346,23.53516
2023-12-28 05:00:00,24.3,24.21835,23.53166
2023-12-28 06:00:00,24.5,24.488598,23.683489
2023-12-28 07:00:00,24.9,25.323057,24.11661
2023-12-28 08:00:00,26.1,25.98485,24.70278
2023-12-28 09:00:00,27.1,26.892563,25.7977
2023-12-28 10:00:00,27.8,27.212173,26.43569
2023-12-28 11:00:00,28.3,27.849098,27.308367
2023-12-28 12:00:00,28.4,27.849968,27.814425
2023-12-28 13:00:00,28.2,27.92685,27.937513
2023-12-28 14:00:00,27.8,27.704144,27.758705
2023-12-28 15:00:00,27.5,27.303635,27.386662
2023-12-28 16:00:00,26.8,26.703226,26.906776
2023-12-28 17:00:00,26.2,25.989515,26.297031
2023-12-28 18:00:00,25.6,25.65568,25.684237
2023-12-28 19:00:00,25.4,25.535612,25.35456
2023-12-28 20:00:00,25.3,25.4227,25.01929
2023-12-28 21:00:00,25.0,25.199785,24.73652
2023-12-28 22:00:00,24.8,25.214458,24.542032
2023-12-28 23:00:00,24.6,25.120117,24.457308
2023-12-29 00:00:00,24.5,24.772362,24.311754
2023-12-29 01:00:00,24.3,24.46866,23.605135
2023-12-29 02:00:00,24.2,24.32482,23.485231
2023-12-29 03:00:00,24.0,24.246717,23.522219
2023-12-29 04:00:00,24.1,24.091942,23.509634
2023-12-29 05:00:00,23.9,24.093695,23.585102
2023-12-29 06:00:00,24.1,24.348953,23.830795
2023-12-29 07:00:00,25.0,25.316175,24.206778
2023-12-29 08:00:00,26.3,26.42747,24.858253
2023-12-29 09:00:00,27.0,26.849035,25.954947
2023-12-29 10:00:00,27.7,27.461775,26.876501
2023-12-29 11:00:00,28.2,27.995312,27.608942
2023-12-29 12:00:00,28.3,27.740732,28.096308
2023-12-29 13:00:00,28.3,27.662134,28.127031
2023-12-29 14:00:00,28.0,27.532604,27.919474
2023-12-29 15:00:00,27.5,27.140944,27.42114
2023-12-29 16:00:00,26.8,26.48443,26.999926
2023-12-29 17:00:00,25.9,25.868961,26.325373
2023-12-29 18:00:00,25.0,25.599516,25.773407
2023-12-29 19:00:00,24.8,25.351505,25.258532
2023-12-29 20:00:00,24.7,25.226694,24.95211
2023-12-29 21:00:00,24.6,24.975828,24.685724
2023-12-29 22:00:00,24.5,24.67437,24.451914
2023-12-29 23:00:00,24.4,24.566614,24.225649
2023-12-30 00:00:00,24.1,24.16835,24.133898
2023-12-30 01:00:00,23.8,24.255447,23.406733
2023-12-30 02:00:00,23.7,24.037872,23.263624
2023-12-30 03:00:00,23.4,23.845678,23.272877
2023-12-30 04:00:00,23.3,23.67364,23.222218
2023-12-30 05:00:00,23.3,23.283382,23.48117
2023-12-30 06:00:00,24.0,23.406818,23.630438
2023-12-30 07:00:00,24.8,24.501078,24.090342
2023-12-30 08:00:00,26.1,25.892296,24.974321
2023-12-30 09:00:00,27.0,26.863308,26.193672
2023-12-30 10:00:00,27.6,27.492716,26.915777
2023-12-30 11:00:00,27.9,27.832834,27.52904
2023-12-30 12:00:00,28.1,27.872713,27.939995
2023-12-30 13:00:00,28.0,27.859629,27.959497
2023-12-30 14:00:00,27.7,27.669489,27.82118
2023-12-30 15:00:00,27.2,27.253534,27.465975
2023-12-30 16:00:00,26.6,26.557444,26.925892
2023-12-30 17:00:00,25.8,25.912575,26.298065
2023-12-30 18:00:00,25.5,25.242914,25.645452
2023-12-30 19:00:00,25.2,24.764812,24.893694
2023-12-30 20:00:00,25.0,24.616589,24.701265
2023-12-30 21:00:00,24.8,24.447018,24.509693
2023-12-30 22:00:00,24.7,24.323696,24.320667
2023-12-30 23:00:00,24.3,24.310575,24.156105
