timestamp,target_temp_24h,xgb_prediction,lstm_prediction
2022-01-01 00:00:00,24.8,23.419853,
2022-01-01 01:00:00,24.8,23.736227,
2022-01-01 02:00:00,24.8,23.536142,
2022-01-01 03:00:00,24.7,23.077295,
2022-01-01 04:00:00,24.6,23.783463,
2022-01-01 05:00:00,23.9,23.897537,
2022-01-01 06:00:00,24.4,23.99386,
2022-01-01 07:00:00,25.1,24.826756,
2022-01-01 08:00:00,26.4,25.970522,
2022-01-01 09:00:00,27.1,26.39623,
2022-01-01 10:00:00,27.6,26.440746,
2022-01-01 11:00:00,27.9,26.632645,
2022-01-01 12:00:00,27.9,26.57094,
2022-01-01 13:00:00,27.6,26.897831,
2022-01-01 14:00:00,27.2,26.668804,
2022-01-01 15:00:00,27.0,26.59709,
2022-01-01 16:00:00,26.5,25.830572,
2022-01-01 17:00:00,25.9,25.557348,
2022-01-01 18:00:00,25.4,25.344639,
2022-01-01 19:00:00,25.5,25.055979,
2022-01-01 20:00:00,25.3,25.075174,
2022-01-01 21:00:00,25.1,25.162497,
2022-01-01 22:00:00,25.0,24.807768,
2022-01-01 23:00:00,24.8,24.740658,
2022-01-02 00:00:00,24.6,24.495327,25.068487
2022-01-02 01:00:00,24.6,24.333551,24.570728
2022-01-02 02:00:00,24.4,24.08004,24.755415
2022-01-02 03:00:00,24.2,23.963943,24.863838
2022-01-02 04:00:00,24.0,23.868122,24.963146
2022-01-02 05:00:00,23.8,23.525677,25.04819
2022-01-02 06:00:00,23.8,23.71289,25.158903
2022-01-02 07:00:00,24.7,24.731928,26.089607
2022-01-02 08:00:00,26.3,25.824276,26.665104
2022-01-02 09:00:00,27.0,26.794344,28.172157
2022-01-02 10:00:00,27.4,27.107115,28.625183
2022-01-02 11:00:00,27.7,27.545795,28.950617
2022-01-02 12:00:00,27.7,27.609852,29.185734
2022-01-02 13:00:00,27.5,27.38137,29.17785
2022-01-02 14:00:00,27.2,27.070667,28.88084
2022-01-02 15:00:00,27.0,26.67954,28.3954
2022-01-02 16:00:00,26.4,26.1149,28.067766
2022-01-02 17:00:00,25.7,25.737013,27.20861
2022-01-02 18:00:00,25.0,25.218159,26.996487
2022-01-02 19:00:00,24.8,24.949596,26.422895
2022-01-02 20:00:00,24.7,24.716242,26.328701
2022-01-02 21:00:00,24.7,24.55137,25.982
2022-01-02 22:00:00,24.5,24.60324,25.790928
2022-01-02 23:00:00,24.3,24.662361,25.713678
2022-01-03 00:00:00,24.1,24.196539,25.41535
2022-01-03 01:00:00,23.7,23.956305,24.763018
2022-01-03 02:00:00,23.3,23.636812,24.903744
2022-01-03 03:00:00,23.1,23.482754,24.923466
2022-01-03 04:00:00,22.8,23.154602,25.009949
2022-01-03 05:00:00,22.5,23.243223,25.045643
2022-01-03 06:00:00,22.8,23.28548,25.234192
2022-01-03 07:00:00,23.8,24.230577,25.707756
2022-01-03 08:00:00,25.3,25.709389,26.61084
2022-01-03 09:00:00,26.1,26.814281,28.062695
2022-01-03 10:00:00,26.8,27.263931,28.654884
2022-01-03 11:00:00,27.0,27.579344,29.099432
2022-01-03 12:00:00,27.3,27.597816,29.380547
2022-01-03 13:00:00,27.3,27.328066,29.41909
2022-01-03 14:00:00,27.0,27.05235,29.01996
2022-01-03 15:00:00,26.6,26.857126,28.585379
2022-01-03 16:00:00,26.0,26.167465,28.165289
2022-01-03 17:00:00,25.4,25.488644,27.548573
2022-01-03 18:00:00,24.6,24.914425,26.885746
2022-01-03 19:00:00,24.6,24.625895,26.331913
2022-01-03 20:00:00,24.5,24.573044,26.128235
2022-01-03 21:00:00,24.1,24.390703,25.855385
2022-01-03 22:00:00,23.8,24.297108,25.679836
2022-01-03 23:00:00,23.5,24.088163,25.444714
2022-01-04 00:00:00,23.2,23.611246,25.21055
2022-01-04 01:00:00,22.8,23.401964,24.583042
2022-01-04 02:00:00,22.5,22.853655,24.430267
2022-01-04 03:00:00,22.3,22.618988,24.375662
2022-01-04 04:00:00,22.2,22.402996,24.3778
2022-01-04 05:00:00,22.1,22.281101,24.509209
2022-01-04 06:00:00,21.6,22.376095,24.666569
2022-01-04 07:00:00,22.0,23.765757,25.329418
2022-01-04 08:00:00,23.9,25.199108,26.294617
2022-01-04 09:00:00,26.0,26.251814,27.737328
2022-01-04 10:00:00,27.2,26.98282,28.47617
2022-01-04 11:00:00,27.8,27.100216,29.023233
2022-01-04 12:00:00,28.0,27.209602,29.243803
2022-01-04 13:00:00,27.5,27.192024,29.3519
2022-01-04 14:00:00,27.4,26.921587,29.088333
2022-01-04 15:00:00,27.1,26.60424,28.584877
2022-01-04 16:00:00,26.6,25.970554,28.149578
2022-01-04 17:00:00,25.8,25.282177,27.42426
2022-01-04 18:00:00,25.0,24.54847,26.86074
2022-01-04 19:00:00,24.7,24.261042,26.08102
2022-01-04 20:00:00,24.7,24.257835,26.047916
2022-01-04 21:00:00,24.6,24.067907,25.821247
2022-01-04 22:00:00,24.5,23.72663,25.4329
2022-01-04 23:00:00,24.3,23.066183,25.133434
2022-01-05 00:00:00,24.1,22.507221,24.900337
2022-01-05 01:00:00,24.1,22.549288,24.188026
2022-01-05 02:00:00,23.8,22.42629,24.363676
2022-01-05 03:00:00,23.4,22.104563,24.526089
2022-01-05 04:00:00,22.7,21.988827,24.635342
2022-01-05 05:00:00,21.5,21.567911,24.828907
2022-01-05 06:00:00,21.5,21.969093,25.22683
2022-01-05 07:00:00,22.4,22.181911,25.49785
2022-01-05 08:00:00,24.6,23.956427,26.333256
2022-01-05 09:00:00,26.7,25.81223,27.837852
2022-01-05 10:00:00,27.6,26.82526,29.002277
2022-01-05 11:00:00,27.8,27.63792,29.072498
2022-01-05 12:00:00,28.2,27.742378,29.395458
2022-01-05 13:00:00,28.0,27.355017,29.53814
2022-01-05 14:00:00,27.7,27.311085,29.023252
2022-01-05 15:00:00,27.2,26.944946,28.786495
2022-01-05 16:00:00,26.7,26.521847,28.154938
2022-01-05 17:00:00,25.9,25.700588,27.532593
2022-01-05 18:00:00,25.0,24.926775,26.758812
2022-01-05 19:00:00,24.7,24.593334,26.084648
2022-01-05 20:00:00,24.5,24.472635,25.766243
2022-01-05 21:00:00,24.3,24.381176,25.68622
2022-01-05 22:00:00,24.1,24.297663,25.409288
2022-01-05 23:00:00,23.8,24.142626,25.25737
2022-01-06 00:00:00,23.7,23.72465,24.988047
2022-01-06 01:00:00,22.8,23.669392,24.42747
2022-01-06 02:00:00,22.3,23.441145,24.4413
2022-01-06 03:00:00,22.2,23.112005,24.36792
2022-01-06 04:00:00,22.2,22.654045,24.32772
2022-01-06 05:00:00,22.2,22.36286,24.288584
2022-01-06 06:00:00,22.7,22.171955,24.64069
2022-01-06 07:00:00,24.4,22.67087,25.343979
2022-01-06 08:00:00,25.8,24.567167,26.135324
2022-01-06 09:00:00,26.8,26.573719,27.780092
2022-01-06 10:00:00,27.2,27.406006,28.775927
2022-01-06 11:00:00,27.0,27.722057,29.280415
2022-01-06 12:00:00,27.3,28.028263,29.373705
2022-01-06 13:00:00,27.3,27.833242,29.772606
2022-01-06 14:00:00,27.3,27.599041,29.24609
2022-01-06 15:00:00,27.2,27.116371,28.84093
2022-01-06 16:00:00,26.9,26.664762,28.247734
2022-01-06 17:00:00,26.3,25.974133,27.650564
2022-01-06 18:00:00,25.5,25.087257,26.942642
2022-01-06 19:00:00,25.2,24.778286,26.142563
2022-01-06 20:00:00,25.2,24.554115,25.8404
2022-01-06 21:00:00,25.1,24.270044,25.600834
2022-01-06 22:00:00,25.1,24.039206,25.421024
2022-01-06 23:00:00,25.0,23.978146,25.06216
2022-01-07 00:00:00,24.8,23.651997,24.975761
2022-01-07 01:00:00,24.5,23.333746,24.418573
2022-01-07 02:00:00,24.1,22.736149,24.118238
2022-01-07 03:00:00,23.6,22.293016,24.130585
2022-01-07 04:00:00,23.3,21.867928,24.265818
2022-01-07 05:00:00,22.7,21.77145,24.289179
2022-01-07 06:00:00,22.5,21.95574,24.545166
2022-01-07 07:00:00,24.7,23.725285,24.930801
2022-01-07 08:00:00,26.4,25.327768,26.32051
2022-01-07 09:00:00,27.2,26.59634,27.762539
2022-01-07 10:00:00,27.5,27.3439,28.70166
2022-01-07 11:00:00,27.7,27.365984,29.141375
2022-01-07 12:00:00,27.7,27.544209,29.040539
2022-01-07 13:00:00,27.8,27.47029,29.414165
2022-01-07 14:00:00,27.7,27.60194,28.99345
2022-01-07 15:00:00,27.3,27.181192,28.639122
2022-01-07 16:00:00,26.9,26.655369,28.199398
2022-01-07 17:00:00,26.2,26.093208,27.811052
2022-01-07 18:00:00,25.3,25.298311,27.07354
2022-01-07 19:00:00,24.9,24.850475,26.424152
2022-01-07 20:00:00,24.8,24.823538,26.12838
2022-01-07 21:00:00,24.6,24.76981,25.902567
2022-01-07 22:00:00,24.5,24.756847,25.773619
2022-01-07 23:00:00,24.3,24.724016,25.682858
2022-01-08 00:00:00,24.2,24.36016,25.52758
2022-01-08 01:00:00,24.1,24.204906,24.920948
2022-01-08 02:00:00,23.9,23.81429,24.793814
2022-01-08 03:00:00,23.7,23.53823,24.784706
2022-01-08 04:00:00,23.3,23.247215,24.74026
2022-01-08 05:00:00,22.3,22.83508,24.972605
2022-01-08 06:00:00,22.4,22.545122,24.639702
2022-01-08 07:00:00,24.2,23.976818,25.103458
2022-01-08 08:00:00,25.8,25.752293,26.824097
2022-01-08 09:00:00,26.9,26.90637,28.09373
2022-01-08 10:00:00,27.4,27.376822,28.896235
2022-01-08 11:00:00,27.8,27.632156,29.18959
2022-01-08 12:00:00,28.0,27.641201,29.47393
2022-01-08 13:00:00,28.1,27.650787,29.434252
2022-01-08 14:00:00,27.9,27.473885,29.251839
2022-01-08 15:00:00,27.4,27.132807,28.85983
2022-01-08 16:00:00,26.8,26.62809,28.196323
2022-01-08 17:00:00,26.1,26.009966,27.678226
2022-01-08 18:00:00,24.9,25.15061,26.926727
2022-01-08 19:00:00,24.6,24.776005,26.337734
2022-01-08 20:00:00,24.4,24.717602,26.024668
2022-01-08 21:00:00,24.4,24.556646,25.731506
2022-01-08 22:00:00,24.4,24.354723,25.461473
2022-01-08 23:00:00,24.1,24.20545,25.349724
2022-01-09 00:00:00,23.7,23.74964,25.178757
2022-01-09 01:00:00,22.9,23.719687,24.679382
2022-01-09 02:00:00,22.2,23.462013,24.750198
2022-01-09 03:00:00,23.8,23.4592,24.694609
2022-01-09 04:00:00,24.2,23.375769,24.725273
2022-01-09 05:00:00,24.1,22.85112,24.848942
2022-01-09 06:00:00,21.9,22.464184,24.344767
2022-01-09 07:00:00,22.8,24.009293,24.891827
2022-01-09 08:00:00,24.9,25.85355,26.48851
2022-01-09 09:00:00,26.6,26.695108,27.884764
2022-01-09 10:00:00,27.8,27.472635,28.779781
2022-01-09 11:00:00,28.2,27.693775,29.232677
2022-01-09 12:00:00,28.5,27.847723,29.488092
2022-01-09 13:00:00,28.5,27.925247,29.564117
2022-01-09 14:00:00,28.4,27.754517,29.43883
2022-01-09 15:00:00,28.1,27.211731,29.007484
2022-01-09 16:00:00,27.6,26.659498,28.485367
2022-01-09 17:00:00,26.8,26.06565,27.819817
2022-01-09 18:00:00,25.7,25.319504,27.024174
2022-01-09 19:00:00,25.5,24.828508,26.28636
2022-01-09 20:00:00,25.8,24.650105,26.053505
2022-01-09 21:00:00,26.0,24.586773,25.886105
2022-01-09 22:00:00,25.9,24.469345,25.704704
2022-01-09 23:00:00,24.2,24.293562,25.590122
2022-01-10 00:00:00,24.0,23.785038,25.336802
2022-01-10 01:00:00,23.8,23.516119,24.694334
2022-01-10 02:00:00,23.8,23.282818,24.539303
2022-01-10 03:00:00,23.2,22.789684,24.499886
2022-01-10 04:00:00,23.6,23.597954,25.552929
2022-01-10 05:00:00,23.6,23.462559,25.544338
2022-01-10 06:00:00,23.7,23.292244,25.58761
2022-01-10 07:00:00,25.4,23.430485,25.108139
2022-01-10 08:00:00,27.0,25.48947,26.73682
2022-01-10 09:00:00,27.6,26.99695,28.219185
2022-01-10 10:00:00,28.1,27.56947,28.95586
2022-01-10 11:00:00,28.4,28.052933,30.308666
2022-01-10 12:00:00,28.7,28.375475,30.091457
2022-01-10 13:00:00,28.6,28.407665,30.293846
2022-01-10 14:00:00,28.3,28.281883,30.034256
2022-01-10 15:00:00,27.9,27.928272,29.575573
2022-01-10 16:00:00,27.3,27.412062,28.986725
2022-01-10 17:00:00,26.7,26.764343,28.395245
2022-01-10 18:00:00,25.6,25.80109,27.583752
2022-01-10 19:00:00,25.5,25.46219,26.770983
2022-01-10 20:00:00,25.4,25.288258,26.579788
2022-01-10 21:00:00,25.3,25.626196,26.67501
2022-01-10 22:00:00,25.0,25.723255,26.543322
2022-01-10 23:00:00,24.6,24.905125,26.279743
2022-01-11 00:00:00,24.1,24.154772,25.358166
2022-01-11 01:00:00,23.8,23.99469,24.919815
2022-01-11 02:00:00,23.1,23.964563,24.404108
2022-01-11 03:00:00,22.9,23.861189,24.076153
2022-01-11 04:00:00,22.7,23.562391,24.623735
2022-01-11 05:00:00,24.8,23.327038,24.727827
2022-01-11 06:00:00,24.4,23.422873,25.447113
2022-01-11 07:00:00,24.4,25.023762,25.316046
2022-01-11 08:00:00,26.6,26.245459,27.04348
2022-01-11 09:00:00,28.3,27.156544,28.361794
2022-01-11 10:00:00,28.7,27.862331,28.993595
2022-01-11 11:00:00,28.9,28.283657,29.471035
2022-01-11 12:00:00,28.5,28.5071,29.916367
2022-01-11 13:00:00,27.5,28.475288,29.974926
2022-01-11 14:00:00,27.9,28.27931,29.710571
2022-01-11 15:00:00,27.4,27.765753,29.345358
2022-01-11 16:00:00,27.2,27.358454,28.786003
2022-01-11 17:00:00,26.6,26.489063,28.142578
2022-01-11 18:00:00,24.9,25.69311,27.236626
2022-01-11 19:00:00,24.1,25.323301,26.572968
2022-01-11 20:00:00,25.3,25.185333,26.57022
2022-01-11 21:00:00,25.3,25.303713,26.411228
2022-01-11 22:00:00,24.8,25.129301,26.161629
2022-01-11 23:00:00,24.5,24.749031,25.876587
2022-01-12 00:00:00,24.1,24.18592,25.484905
2022-01-12 01:00:00,23.3,24.195065,24.874506
2022-01-12 02:00:00,23.5,23.864706,24.742516
2022-01-12 03:00:00,23.0,23.513247,24.538876
2022-01-12 04:00:00,24.3,23.349949,24.624012
2022-01-12 05:00:00,23.3,23.809637,24.905437
2022-01-12 06:00:00,24.4,24.039474,27.285944
2022-01-12 07:00:00,24.9,24.810902,26.21637
2022-01-12 08:00:00,26.2,26.965185,28.039097
2022-01-12 09:00:00,27.4,28.131918,29.408298
2022-01-12 10:00:00,28.1,28.376038,30.028698
2022-01-12 11:00:00,28.5,28.699055,30.355118
2022-01-12 12:00:00,28.5,28.643536,30.423546
2022-01-12 13:00:00,28.2,28.38596,30.378447
2022-01-12 14:00:00,28.0,28.079494,29.533146
2022-01-12 15:00:00,28.0,27.64238,29.88409
2022-01-12 16:00:00,26.9,27.351204,28.698418
2022-01-12 17:00:00,26.8,26.741293,28.348259
2022-01-12 18:00:00,26.1,25.724907,27.984604
2022-01-12 19:00:00,25.0,25.068949,26.645195
2022-01-12 20:00:00,24.5,25.108143,26.28945
2022-01-12 21:00:00,23.8,25.292503,26.598131
2022-01-12 22:00:00,23.8,24.882496,26.26455
2022-01-12 23:00:00,23.7,24.812374,25.690796
2022-01-13 00:00:00,23.8,24.447515,25.492065
2022-01-13 01:00:00,23.6,23.966076,24.882217
2022-01-13 02:00:00,22.8,23.940172,24.86745
2022-01-13 03:00:00,23.1,23.605595,25.231596
2022-01-13 04:00:00,23.2,24.074036,25.067818
2022-01-13 05:00:00,23.4,23.784496,26.03708
2022-01-13 06:00:00,23.5,24.164755,25.492184
2022-01-13 07:00:00,24.9,25.655453,26.96531
2022-01-13 08:00:00,26.0,26.566612,27.531002
2022-01-13 09:00:00,27.2,27.644226,28.948551
2022-01-13 10:00:00,27.2,28.374844,30.052025
2022-01-13 11:00:00,26.9,28.77668,30.195175
2022-01-13 12:00:00,26.9,28.578106,30.603746
2022-01-13 13:00:00,26.4,28.17382,30.168854
2022-01-13 14:00:00,27.1,27.966312,29.680525
2022-01-13 15:00:00,26.2,27.669495,29.451561
2022-01-13 16:00:00,26.3,26.971413,28.498966
2022-01-13 17:00:00,26.7,26.48036,27.764181
2022-01-13 18:00:00,25.9,26.06073,27.487226
2022-01-13 19:00:00,25.1,25.419352,26.531391
2022-01-13 20:00:00,24.3,24.923754,25.733036
2022-01-13 21:00:00,24.4,24.664356,25.226158
2022-01-13 22:00:00,24.5,24.517275,25.185139
2022-01-13 23:00:00,25.0,24.489141,24.912405
2022-01-14 00:00:00,24.3,24.361723,25.22733
2022-01-14 01:00:00,23.6,23.976332,24.569414
2022-01-14 02:00:00,23.9,23.523182,24.538809
2022-01-14 03:00:00,23.5,23.763622,24.338799
2022-01-14 04:00:00,23.0,23.47514,24.859962
2022-01-14 05:00:00,23.0,23.621433,25.33989
2022-01-14 06:00:00,23.1,23.748184,26.038479
2022-01-14 07:00:00,24.7,25.044704,26.454006
2022-01-14 08:00:00,25.6,26.58001,27.071482
2022-01-14 09:00:00,26.5,27.621393,28.766743
2022-01-14 10:00:00,27.5,27.793583,30.126379
2022-01-14 11:00:00,27.2,27.462395,29.589928
2022-01-14 12:00:00,26.4,27.572538,28.790865
2022-01-14 13:00:00,26.7,27.338425,28.68446
2022-01-14 14:00:00,26.8,27.600004,28.358936
2022-01-14 15:00:00,26.8,27.290508,28.480646
2022-01-14 16:00:00,26.3,26.571222,27.39418
2022-01-14 17:00:00,26.1,26.454752,27.515606
2022-01-14 18:00:00,25.2,26.051378,27.29543
2022-01-14 19:00:00,25.4,25.489517,26.4743
2022-01-14 20:00:00,24.9,24.914003,25.840958
2022-01-14 21:00:00,24.3,24.760967,25.288904
2022-01-14 22:00:00,24.7,24.651154,25.204693
2022-01-14 23:00:00,23.8,24.79455,25.264637
2022-01-15 00:00:00,23.5,24.597618,25.429993
2022-01-15 01:00:00,23.0,24.131588,24.46428
2022-01-15 02:00:00,22.8,24.10076,24.389505
2022-01-15 03:00:00,22.6,23.777252,23.984186
2022-01-15 04:00:00,22.4,23.15298,24.274277
2022-01-15 05:00:00,22.2,23.348951,24.112583
2022-01-15 06:00:00,22.7,23.342073,24.885498
2022-01-15 07:00:00,23.4,24.679043,25.030468
2022-01-15 08:00:00,24.5,25.759796,26.375217
2022-01-15 09:00:00,26.2,26.567785,27.02364
2022-01-15 10:00:00,27.4,27.395937,28.103252
2022-01-15 11:00:00,28.0,27.336575,28.777853
2022-01-15 12:00:00,27.6,26.953865,28.71116
2022-01-15 13:00:00,27.1,26.748856,28.036846
2022-01-15 14:00:00,27.0,26.901018,28.384747
2022-01-15 15:00:00,26.7,26.611965,28.30313
2022-01-15 16:00:00,26.1,26.351065,27.520504
2022-01-15 17:00:00,26.8,25.99408,27.187529
2022-01-15 18:00:00,26.4,25.3245,26.786442
2022-01-15 19:00:00,26.3,25.089235,26.074581
2022-01-15 20:00:00,26.1,24.972622,25.937458
2022-01-15 21:00:00,26.0,24.78186,25.31539
2022-01-15 22:00:00,26.0,24.466448,25.1352
2022-01-15 23:00:00,25.9,24.2357,25.091686
2022-01-16 00:00:00,25.4,23.819183,24.458885
2022-01-16 01:00:00,24.9,23.741755,24.211538
2022-01-16 02:00:00,24.5,23.152975,23.767048
2022-01-16 03:00:00,23.7,23.123144,23.900112
2022-01-16 04:00:00,22.7,22.97456,24.237133
2022-01-16 05:00:00,22.8,22.810404,24.437603
2022-01-16 06:00:00,23.3,22.721622,24.97686
2022-01-16 07:00:00,23.6,23.526382,25.4596
2022-01-16 08:00:00,24.7,24.991432,26.396439
2022-01-16 09:00:00,24.3,26.207458,27.341553
2022-01-16 10:00:00,24.9,27.318008,28.193882
2022-01-16 11:00:00,25.9,27.650476,29.059586
2022-01-16 12:00:00,27.0,27.552671,29.036983
2022-01-16 13:00:00,27.1,27.24204,28.78096
2022-01-16 14:00:00,27.2,26.930182,28.752281
2022-01-16 15:00:00,27.7,26.656202,28.33736
2022-01-16 16:00:00,27.2,26.13577,27.771137
2022-01-16 17:00:00,25.0,26.308023,27.203989
2022-01-16 18:00:00,25.0,25.912561,27.483637
2022-01-16 19:00:00,24.8,25.641819,26.665636
2022-01-16 20:00:00,25.0,25.621,26.58178
2022-01-16 21:00:00,25.2,25.562656,26.244669
2022-01-16 22:00:00,25.6,25.445908,26.081131
2022-01-16 23:00:00,25.7,25.474796,26.055208
2022-01-17 00:00:00,25.4,25.002497,25.798107
2022-01-17 01:00:00,25.0,24.489304,24.989285
2022-01-17 02:00:00,24.7,24.281778,24.859259
2022-01-17 03:00:00,24.3,23.817284,24.894703
2022-01-17 04:00:00,24.0,23.536274,24.607924
2022-01-17 05:00:00,23.6,23.801758,24.447723
2022-01-17 06:00:00,23.1,23.919971,24.74685
2022-01-17 07:00:00,23.8,23.945381,25.616764
2022-01-17 08:00:00,25.2,24.86392,26.174091
2022-01-17 09:00:00,25.5,25.355803,26.96647
2022-01-17 10:00:00,26.1,25.902061,27.448357
2022-01-17 11:00:00,26.7,26.909979,28.186462
2022-01-17 12:00:00,27.1,27.22988,28.966866
2022-01-17 13:00:00,27.1,27.073856,28.93478
2022-01-17 14:00:00,27.0,27.097952,28.941051
2022-01-17 15:00:00,26.6,27.32201,28.772284
2022-01-17 16:00:00,26.3,26.90683,28.808388
2022-01-17 17:00:00,26.0,25.48874,27.883768
2022-01-17 18:00:00,25.2,24.860725,26.545906
2022-01-17 19:00:00,24.9,24.776693,26.450111
2022-01-17 20:00:00,24.5,24.761997,25.949947
2022-01-17 21:00:00,24.3,24.940008,25.912355
2022-01-17 22:00:00,24.1,25.063877,25.880125
2022-01-17 23:00:00,23.9,24.980993,25.854027
2022-01-18 00:00:00,23.0,24.575647,25.862728
2022-01-18 01:00:00,22.8,24.195145,25.26305
2022-01-18 02:00:00,22.1,23.854265,25.140364
2022-01-18 03:00:00,22.1,23.41377,25.057375
2022-01-18 04:00:00,22.0,23.195583,24.9342
2022-01-18 05:00:00,20.9,23.200754,24.99602
2022-01-18 06:00:00,21.7,22.811207,25.064262
2022-01-18 07:00:00,22.1,23.516584,25.36253
2022-01-18 08:00:00,24.2,24.881165,26.196604
2022-01-18 09:00:00,26.0,25.205463,27.359552
2022-01-18 10:00:00,27.2,25.944366,27.78067
2022-01-18 11:00:00,27.9,26.715721,28.591072
2022-01-18 12:00:00,28.3,27.292633,29.017256
2022-01-18 13:00:00,28.4,27.288393,29.039757
2022-01-18 14:00:00,28.1,27.099176,28.976278
2022-01-18 15:00:00,27.6,26.883987,28.661762
2022-01-18 16:00:00,26.8,26.091381,28.184277
2022-01-18 17:00:00,25.7,25.503878,27.745752
2022-01-18 18:00:00,24.7,24.912928,27.051785
2022-01-18 19:00:00,24.2,24.646702,26.456589
2022-01-18 20:00:00,24.1,24.377087,26.09534
2022-01-18 21:00:00,23.8,23.991251,25.73005
2022-01-18 22:00:00,23.4,23.89927,25.450275
2022-01-18 23:00:00,22.1,23.896738,25.317799
2022-01-19 00:00:00,21.5,23.40743,25.374374
2022-01-19 01:00:00,21.4,23.108221,24.382744
2022-01-19 02:00:00,22.1,22.421774,24.297974
2022-01-19 03:00:00,24.0,21.975716,23.974743
2022-01-19 04:00:00,23.4,21.95602,24.037281
2022-01-19 05:00:00,20.4,21.675901,24.458935
2022-01-19 06:00:00,20.1,22.394297,24.48271
2022-01-19 07:00:00,20.7,22.667826,25.71822
2022-01-19 08:00:00,23.5,24.693104,26.19521
2022-01-19 09:00:00,25.6,25.805443,28.054115
2022-01-19 10:00:00,26.9,26.957731,28.045673
2022-01-19 11:00:00,27.8,27.557644,29.243946
2022-01-19 12:00:00,28.5,27.872644,29.604235
2022-01-19 13:00:00,28.7,27.993767,29.710884
2022-01-19 14:00:00,27.8,27.961647,29.662628
2022-01-19 15:00:00,26.9,27.613348,29.014885
2022-01-19 16:00:00,26.5,26.897808,28.563295
2022-01-19 17:00:00,26.1,25.8985,27.832962
2022-01-19 18:00:00,24.7,24.922388,27.096287
2022-01-19 19:00:00,24.5,24.422112,26.345276
2022-01-19 20:00:00,24.2,24.116722,25.865372
2022-01-19 21:00:00,24.2,23.97508,25.587807
2022-01-19 22:00:00,23.4,23.479078,25.301262
2022-01-19 23:00:00,22.4,22.929293,25.051952
2022-01-20 00:00:00,22.8,22.51555,24.64749
2022-01-20 01:00:00,21.9,22.53664,23.951754
2022-01-20 02:00:00,22.5,22.629677,24.123137
2022-01-20 03:00:00,20.9,22.699764,24.509163
2022-01-20 04:00:00,20.5,23.345354,25.557898
2022-01-20 05:00:00,20.5,21.926338,25.160448
2022-01-20 06:00:00,20.6,21.45775,24.410784
2022-01-20 07:00:00,21.7,22.409975,25.218761
2022-01-20 08:00:00,23.9,24.318924,26.000633
2022-01-20 09:00:00,26.2,26.346277,28.180424
2022-01-20 10:00:00,27.7,27.73058,29.626637
2022-01-20 11:00:00,28.5,28.373604,30.664944
2022-01-20 12:00:00,28.9,28.614336,31.397223
2022-01-20 13:00:00,28.5,28.56535,30.37125
2022-01-20 14:00:00,28.1,28.259579,30.501228
2022-01-20 15:00:00,27.6,27.402582,29.65648
2022-01-20 16:00:00,27.0,26.709232,29.103361
2022-01-20 17:00:00,26.4,26.20895,28.309269
2022-01-20 18:00:00,25.3,25.31619,27.486876
2022-01-20 19:00:00,25.2,24.825827,26.631971
2022-01-20 20:00:00,24.9,24.500303,26.341228
2022-01-20 21:00:00,24.7,24.395254,26.01761
2022-01-20 22:00:00,24.3,23.96727,25.897858
2022-01-20 23:00:00,24.4,23.64702,25.460976
2022-01-21 00:00:00,24.0,23.400692,25.056978
2022-01-21 01:00:00,23.3,23.329607,24.74649
2022-01-21 02:00:00,22.7,22.85083,24.42221
2022-01-21 03:00:00,22.1,22.577156,25.16647
2022-01-21 04:00:00,21.9,22.085266,24.336185
2022-01-21 05:00:00,22.4,21.727526,24.496872
2022-01-21 06:00:00,22.4,22.225187,24.57102
2022-01-21 07:00:00,22.9,22.766203,25.193947
2022-01-21 08:00:00,24.6,24.979776,26.330555
2022-01-21 09:00:00,26.4,26.829433,28.209812
2022-01-21 10:00:00,28.1,27.93648,30.157837
2022-01-21 11:00:00,28.9,28.718569,31.031042
2022-01-21 12:00:00,28.9,28.96851,31.018032
2022-01-21 13:00:00,28.7,28.909565,31.039455
2022-01-21 14:00:00,28.1,28.467861,30.317986
2022-01-21 15:00:00,28.0,27.800552,29.75443
2022-01-21 16:00:00,27.5,27.30207,29.07718
2022-01-21 17:00:00,26.4,26.621082,28.39775
2022-01-21 18:00:00,25.7,25.657303,27.768787
2022-01-21 19:00:00,25.6,25.407114,26.817059
2022-01-21 20:00:00,25.4,25.268435,26.699913
2022-01-21 21:00:00,25.4,25.102396,26.180267
2022-01-21 22:00:00,25.1,24.965736,26.047401
2022-01-21 23:00:00,24.8,24.976843,25.677715
2022-01-22 00:00:00,24.8,24.52039,25.671087
2022-01-22 01:00:00,24.6,24.047266,24.90498
2022-01-22 02:00:00,24.5,23.42775,24.667692
2022-01-22 03:00:00,24.4,22.86719,24.538813
2022-01-22 04:00:00,24.3,22.670372,24.45837
2022-01-22 05:00:00,24.0,22.516924,24.857077
2022-01-22 06:00:00,24.0,22.690416,25.468105
2022-01-22 07:00:00,24.5,23.566666,25.70974
2022-01-22 08:00:00,25.7,25.126198,26.70105
2022-01-22 09:00:00,27.4,26.89974,28.478313
2022-01-22 10:00:00,29.1,28.433968,29.758865
2022-01-22 11:00:00,30.4,28.978624,30.690191
2022-01-22 12:00:00,30.6,29.077785,30.58715
2022-01-22 13:00:00,29.7,28.756409,30.314821
2022-01-22 14:00:00,28.7,28.429262,30.039413
2022-01-22 15:00:00,27.9,28.210001,29.491085
2022-01-22 16:00:00,27.5,27.652868,29.120623
2022-01-22 17:00:00,27.0,26.70797,28.302715
2022-01-22 18:00:00,26.1,25.944416,27.498169
2022-01-22 19:00:00,26.1,25.87703,26.893408
2022-01-22 20:00:00,26.0,25.512974,26.567467
2022-01-22 21:00:00,25.9,25.403114,26.344759
2022-01-22 22:00:00,25.5,25.332172,26.12764
2022-01-22 23:00:00,25.5,25.056496,25.86258
2022-01-23 00:00:00,25.2,24.931,25.77521
2022-01-23 01:00:00,25.0,24.851767,25.175655
2022-01-23 02:00:00,24.8,24.790148,25.202034
2022-01-23 03:00:00,25.2,24.636362,25.305836
2022-01-23 04:00:00,24.9,24.53577,25.37902
2022-01-23 05:00:00,24.8,24.324778,25.684427
2022-01-23 06:00:00,24.9,24.445608,25.696592
2022-01-23 07:00:00,25.4,24.95821,26.199282
2022-01-23 08:00:00,27.0,26.161865,27.16641
2022-01-23 09:00:00,28.4,27.423359,28.56343
2022-01-23 10:00:00,29.4,29.123365,30.029419
2022-01-23 11:00:00,29.7,29.995605,31.501057
2022-01-23 12:00:00,29.6,30.597506,32.03121
2022-01-23 13:00:00,29.1,29.738342,31.624052
2022-01-23 14:00:00,28.8,28.79932,30.609537
2022-01-23 15:00:00,27.9,28.082363,29.784538
2022-01-23 16:00:00,27.0,27.524574,29.223984
2022-01-23 17:00:00,26.0,27.008423,28.691433
2022-01-23 18:00:00,25.6,26.482422,27.807966
2022-01-23 19:00:00,25.4,26.302881,27.027874
2022-01-23 20:00:00,25.3,26.169678,26.954592
2022-01-23 21:00:00,25.0,26.032335,26.587984
2022-01-23 22:00:00,24.7,25.643827,26.470083
2022-01-23 23:00:00,24.6,25.358156,26.224909
2022-01-24 00:00:00,24.4,25.124792,26.11145
2022-01-24 01:00:00,24.2,25.035103,25.566185
2022-01-24 02:00:00,24.1,24.89623,25.54582
2022-01-24 03:00:00,23.9,25.035982,25.674984
2022-01-24 04:00:00,22.8,24.860495,26.118172
2022-01-24 05:00:00,23.0,24.842691,26.12373
2022-01-24 06:00:00,22.5,25.035816,26.509594
2022-01-24 07:00:00,23.8,25.570494,27.07352
2022-01-24 08:00:00,25.7,26.981354,27.892595
2022-01-24 09:00:00,27.4,28.287977,29.306782
2022-01-24 10:00:00,28.2,29.390392,30.511852
2022-01-24 11:00:00,28.7,30.024464,31.459846
2022-01-24 12:00:00,28.4,30.11752,31.622456
2022-01-24 13:00:00,28.3,29.544521,31.152311
2022-01-24 14:00:00,28.1,28.814459,30.821684
2022-01-24 15:00:00,27.9,28.098545,30.095074
2022-01-24 16:00:00,27.3,27.4993,29.058624
2022-01-24 17:00:00,26.6,26.71209,28.349789
2022-01-24 18:00:00,25.8,25.92635,27.670101
2022-01-24 19:00:00,25.6,25.600641,27.217701
2022-01-24 20:00:00,25.7,25.53392,26.910374
2022-01-24 21:00:00,25.6,25.393888,26.675867
2022-01-24 22:00:00,25.3,25.074074,26.354856
2022-01-24 23:00:00,25.1,25.045368,26.066538
2022-01-25 00:00:00,23.6,24.690655,25.97044
2022-01-25 01:00:00,23.6,24.657873,25.356297
2022-01-25 02:00:00,23.1,24.442167,25.302708
2022-01-25 03:00:00,23.2,24.294266,25.401264
2022-01-25 04:00:00,22.4,23.716976,25.413607
2022-01-25 05:00:00,22.3,23.487457,25.00579
2022-01-25 06:00:00,22.4,23.194729,25.294537
2022-01-25 07:00:00,23.3,24.266932,26.174597
2022-01-25 08:00:00,25.3,26.65537,27.441803
2022-01-25 09:00:00,26.2,27.88033,28.993168
2022-01-25 10:00:00,26.9,28.715294,30.216846
2022-01-25 11:00:00,27.8,29.222916,30.438902
2022-01-25 12:00:00,27.9,28.986862,30.611073
2022-01-25 13:00:00,28.1,28.671457,30.46103
2022-01-25 14:00:00,28.1,28.655905,30.184998
2022-01-25 15:00:00,27.8,27.92146,29.766247
2022-01-25 16:00:00,27.1,27.36594,29.145273
2022-01-25 17:00:00,26.5,26.721684,28.407475
2022-01-25 18:00:00,26.1,25.985079,27.761406
2022-01-25 19:00:00,25.7,25.751297,27.01141
2022-01-25 20:00:00,25.4,25.54244,26.866879
2022-01-25 21:00:00,25.3,25.480278,26.7567
2022-01-25 22:00:00,25.3,25.188745,26.590767
2022-01-25 23:00:00,24.8,25.060608,26.172054
2022-01-26 00:00:00,25.0,24.23241,25.993778
2022-01-26 01:00:00,24.7,23.937038,24.911303
2022-01-26 02:00:00,24.3,23.917122,25.251057
2022-01-26 03:00:00,24.0,23.660856,24.983706
2022-01-26 04:00:00,23.6,23.117037,25.172554
2022-01-26 05:00:00,23.5,22.980238,24.533245
2022-01-26 06:00:00,24.9,22.851526,25.396189
2022-01-26 07:00:00,24.6,23.727776,25.388851
2022-01-26 08:00:00,25.1,25.534353,26.632109
2022-01-26 09:00:00,26.1,26.940191,28.349106
2022-01-26 10:00:00,26.8,27.426445,30.124233
2022-01-26 11:00:00,27.2,28.35493,29.661905
2022-01-26 12:00:00,27.9,28.158766,30.958675
2022-01-26 13:00:00,28.0,28.141302,30.263239
2022-01-26 14:00:00,27.6,28.04499,30.346485
2022-01-26 15:00:00,27.2,27.771666,29.779
2022-01-26 16:00:00,26.6,27.157568,29.267406
2022-01-26 17:00:00,26.4,26.483055,28.444725
2022-01-26 18:00:00,25.5,26.021738,27.956335
2022-01-26 19:00:00,25.2,25.737913,27.296207
2022-01-26 20:00:00,25.1,25.479733,26.784826
2022-01-26 21:00:00,25.0,25.157295,26.40928
2022-01-26 22:00:00,24.7,25.102942,26.144876
2022-01-26 23:00:00,24.6,24.882496,26.040138
2022-01-27 00:00:00,24.3,24.855675,25.747091
2022-01-27 01:00:00,23.4,24.719933,25.192217
2022-01-27 02:00:00,22.5,24.081913,25.422794
2022-01-27 03:00:00,22.5,23.660963,25.141415
2022-01-27 04:00:00,22.8,23.58707,24.556637
2022-01-27 05:00:00,23.3,23.767334,24.836151
2022-01-27 06:00:00,23.8,24.147766,26.402702
2022-01-27 07:00:00,24.3,24.796535,26.454168
2022-01-27 08:00:00,25.2,25.351322,25.692005
2022-01-27 09:00:00,26.6,26.074532,27.696346
2022-01-27 10:00:00,27.5,26.79497,28.122982
2022-01-27 11:00:00,27.9,27.3427,28.678196
2022-01-27 12:00:00,28.2,27.758144,29.159216
2022-01-27 13:00:00,28.1,27.835924,29.561823
2022-01-27 14:00:00,28.0,27.595654,29.367744
2022-01-27 15:00:00,27.6,27.234375,28.747475
2022-01-27 16:00:00,27.1,26.55172,28.267527
2022-01-27 17:00:00,26.3,26.020071,27.515097
2022-01-27 18:00:00,25.7,25.376526,27.250452
2022-01-27 19:00:00,25.4,24.991594,26.316338
2022-01-27 20:00:00,25.3,24.972855,26.029072
2022-01-27 21:00:00,25.3,24.75265,25.792553
2022-01-27 22:00:00,25.2,24.588179,25.633451
2022-01-27 23:00:00,25.1,24.34415,25.461693
2022-01-28 00:00:00,24.9,23.890879,25.483608
2022-01-28 01:00:00,24.9,23.515306,24.456694
2022-01-28 02:00:00,24.8,23.521936,24.227291
2022-01-28 03:00:00,24.7,23.305775,24.079863
2022-01-28 04:00:00,24.9,23.272146,24.501888
2022-01-28 05:00:00,24.8,23.02249,24.358109
2022-01-28 06:00:00,25.2,23.131968,24.878708
2022-01-28 07:00:00,25.5,24.284237,25.614891
2022-01-28 08:00:00,26.1,25.027098,26.69667
2022-01-28 09:00:00,26.5,26.36857,27.133272
2022-01-28 10:00:00,27.1,27.167841,28.739428
2022-01-28 11:00:00,27.0,27.550854,29.326878
2022-01-28 12:00:00,27.6,27.735764,29.598907
2022-01-28 13:00:00,27.2,27.681778,29.7501
2022-01-28 14:00:00,27.1,27.503632,29.396353
2022-01-28 15:00:00,26.9,27.248837,29.008589
2022-01-28 16:00:00,26.6,26.85544,28.303665
2022-01-28 17:00:00,26.5,26.026096,27.732553
2022-01-28 18:00:00,25.7,25.422611,27.12567
2022-01-28 19:00:00,25.4,25.11996,26.37839
2022-01-28 20:00:00,25.4,24.88384,26.117405
2022-01-28 21:00:00,25.4,24.778763,25.851723
2022-01-28 22:00:00,25.3,24.741035,25.689249
2022-01-28 23:00:00,24.8,24.598623,25.520107
2022-01-29 00:00:00,24.9,24.39857,25.387707
2022-01-29 01:00:00,24.9,24.340601,24.76825
2022-01-29 02:00:00,24.8,24.089085,24.814106
2022-01-29 03:00:00,24.8,24.197132,24.778149
2022-01-29 04:00:00,24.2,24.01477,25.045162
2022-01-29 05:00:00,24.7,23.80551,25.377007
2022-01-29 06:00:00,25.0,24.218699,25.56787
2022-01-29 07:00:00,25.5,24.652258,26.264725
2022-01-29 08:00:00,26.4,25.25839,26.969116
2022-01-29 09:00:00,27.1,25.812687,27.756992
2022-01-29 10:00:00,28.2,26.332071,28.513788
2022-01-29 11:00:00,28.6,26.140327,29.144588
2022-01-29 12:00:00,28.6,26.600744,28.943851
2022-01-29 13:00:00,28.5,26.375383,29.558514
2022-01-29 14:00:00,28.4,26.183184,28.847824
2022-01-29 15:00:00,28.1,26.017353,28.72234
2022-01-29 16:00:00,27.3,25.86265,28.149826
2022-01-29 17:00:00,26.4,25.532534,27.693182
2022-01-29 18:00:00,25.6,25.161095,27.312092
2022-01-29 19:00:00,25.4,24.937819,26.391596
2022-01-29 20:00:00,25.3,24.80111,26.171677
2022-01-29 21:00:00,25.1,24.68127,25.921059
2022-01-29 22:00:00,25.0,24.529295,25.790983
2022-01-29 23:00:00,24.7,24.427475,25.551315
2022-01-30 00:00:00,24.4,24.361357,25.211267
2022-01-30 01:00:00,23.4,24.203394,24.885017
2022-01-30 02:00:00,23.7,24.01409,24.935339
2022-01-30 03:00:00,24.5,23.901108,25.010601
2022-01-30 04:00:00,23.9,23.801586,25.233501
2022-01-30 05:00:00,21.8,23.670387,25.035992
2022-01-30 06:00:00,22.4,24.009632,25.848341
2022-01-30 07:00:00,22.9,24.815125,26.377022
2022-01-30 08:00:00,24.9,25.638441,26.81813
2022-01-30 09:00:00,26.6,26.657433,27.969542
2022-01-30 10:00:00,27.8,27.620922,28.559647
2022-01-30 11:00:00,28.6,28.146955,29.530384
2022-01-30 12:00:00,28.9,28.32419,29.591618
2022-01-30 13:00:00,28.2,28.277065,29.588375
2022-01-30 14:00:00,27.7,28.20413,29.341507
2022-01-30 15:00:00,27.6,27.803152,29.006428
2022-01-30 16:00:00,27.0,27.19952,28.512314
2022-01-30 17:00:00,26.3,26.247435,27.779196
2022-01-30 18:00:00,25.5,25.348417,27.208704
2022-01-30 19:00:00,25.3,25.094007,26.613409
2022-01-30 20:00:00,25.1,25.015886,26.312107
2022-01-30 21:00:00,25.0,24.99229,26.13536
2022-01-30 22:00:00,24.7,24.947554,25.949913
2022-01-30 23:00:00,24.4,24.75583,25.7934
2022-01-31 00:00:00,24.0,24.268034,25.724224
2022-01-31 01:00:00,22.4,23.948626,25.146885
2022-01-31 02:00:00,22.4,24.070993,24.745094
2022-01-31 03:00:00,23.1,23.642044,24.991089
2022-01-31 04:00:00,23.9,23.480276,24.865961
2022-01-31 05:00:00,21.1,22.48287,25.081306
2022-01-31 06:00:00,21.5,22.531801,24.799725
2022-01-31 07:00:00,22.5,23.343758,25.967243
2022-01-31 08:00:00,24.5,25.469852,26.697786
2022-01-31 09:00:00,26.3,26.324707,28.152311
2022-01-31 10:00:00,27.4,27.649038,28.39008
2022-01-31 11:00:00,28.0,28.632221,29.698841
2022-01-31 12:00:00,28.1,28.84119,30.079666
2022-01-31 13:00:00,28.1,28.448515,30.123468
2022-01-31 14:00:00,27.7,27.874567,29.41954
2022-01-31 15:00:00,27.3,27.54529,29.076012
2022-01-31 16:00:00,26.7,26.933535,28.648048
2022-01-31 17:00:00,26.1,26.195986,27.882393
2022-01-31 18:00:00,25.0,25.504038,27.217308
2022-01-31 19:00:00,24.5,25.197916,26.60345
2022-01-31 20:00:00,24.1,25.103275,26.382553
2022-01-31 21:00:00,23.8,24.898176,26.120304
2022-01-31 22:00:00,23.2,24.800117,26.00222
2022-01-31 23:00:00,22.4,24.559456,25.714966
2022-02-01 00:00:00,21.3,24.27207,25.72081
2022-02-01 01:00:00,22.3,23.491247,25.380129
2022-02-01 02:00:00,23.7,22.951574,24.630089
2022-02-01 03:00:00,22.4,23.106894,25.112831
2022-02-01 04:00:00,19.5,23.296478,25.70654
2022-02-01 05:00:00,20.0,22.81069,25.84095
2022-02-01 06:00:00,20.2,22.536934,24.420055
2022-02-01 07:00:00,20.9,23.603067,25.785412
2022-02-01 08:00:00,22.8,25.26493,26.795984
2022-02-01 09:00:00,25.6,26.468443,28.327816
2022-02-01 10:00:00,27.1,27.480764,29.203058
2022-02-01 11:00:00,27.5,28.328274,30.093376
2022-02-01 12:00:00,27.7,28.615425,30.64689
2022-02-01 13:00:00,27.9,28.043205,30.520617
2022-02-01 14:00:00,27.7,27.75607,30.175179
2022-02-01 15:00:00,27.2,27.441359,29.597977
2022-02-01 16:00:00,26.5,26.905054,29.085438
2022-02-01 17:00:00,25.5,26.2199,28.49416
2022-02-01 18:00:00,24.0,25.352583,27.811275
2022-02-01 19:00:00,23.3,24.880312,27.06448
2022-02-01 20:00:00,22.9,24.55809,26.671988
2022-02-01 21:00:00,22.7,24.3255,26.397766
2022-02-01 22:00:00,22.6,23.978758,26.10645
2022-02-01 23:00:00,22.0,23.431904,25.806911
2022-02-02 00:00:00,21.6,23.036303,25.40305
2022-02-02 01:00:00,20.6,23.018461,24.562227
2022-02-02 02:00:00,20.7,23.181396,25.091915
2022-02-02 03:00:00,23.0,23.143526,25.767456
2022-02-02 04:00:00,21.4,21.71166,24.876387
2022-02-02 05:00:00,20.3,21.244041,24.33757
2022-02-02 06:00:00,20.4,21.064213,24.714863
2022-02-02 07:00:00,21.5,22.960468,25.511862
2022-02-02 08:00:00,23.7,24.489151,26.255798
2022-02-02 09:00:00,26.0,26.755154,27.797892
2022-02-02 10:00:00,27.2,27.633146,30.258766
2022-02-02 11:00:00,27.9,27.98585,30.268755
2022-02-02 12:00:00,28.2,28.18973,30.681305
2022-02-02 13:00:00,28.1,28.234022,30.65752
2022-02-02 14:00:00,27.7,28.02167,30.630875
2022-02-02 15:00:00,27.3,27.52826,30.007036
2022-02-02 16:00:00,26.8,26.748898,29.22408
2022-02-02 17:00:00,26.0,25.967592,28.438133
2022-02-02 18:00:00,25.0,24.831257,27.824974
2022-02-02 19:00:00,24.8,24.172802,26.687103
2022-02-02 20:00:00,24.8,23.825619,26.293991
2022-02-02 21:00:00,24.9,23.681414,26.021975
2022-02-02 22:00:00,24.5,23.543251,25.818739
2022-02-02 23:00:00,24.3,23.258886,25.623997
2022-02-03 00:00:00,24.1,22.535093,25.216587
2022-02-03 01:00:00,23.8,22.77966,24.535814
2022-02-03 02:00:00,23.7,22.443348,24.456776
2022-02-03 03:00:00,23.5,22.67987,24.850128
2022-02-03 04:00:00,23.0,22.696545,25.905006
2022-02-03 05:00:00,22.3,21.415775,24.759253
2022-02-03 06:00:00,22.0,21.313171,25.056755
2022-02-03 07:00:00,23.3,22.831362,25.456081
2022-02-03 08:00:00,25.3,25.028873,26.489128
2022-02-03 09:00:00,27.1,26.56634,28.607239
2022-02-03 10:00:00,28.5,27.874716,30.353004
2022-02-03 11:00:00,29.9,28.41644,30.680807
2022-02-03 12:00:00,30.5,28.348074,31.104542
2022-02-03 13:00:00,29.4,28.297342,31.05332
2022-02-03 14:00:00,28.7,28.181753,30.725025
2022-02-03 15:00:00,28.3,27.698067,30.280056
2022-02-03 16:00:00,27.5,27.189331,29.625904
2022-02-03 17:00:00,26.8,26.37651,28.80259
2022-02-03 18:00:00,26.1,25.489632,27.9602
2022-02-03 19:00:00,26.0,25.185614,27.110708
2022-02-03 20:00:00,25.9,25.093285,26.895271
2022-02-03 21:00:00,25.7,25.169884,26.567696
2022-02-03 22:00:00,25.5,24.881655,26.5316
2022-02-03 23:00:00,25.3,24.667961,26.153702
2022-02-04 00:00:00,25.1,24.103418,26.019709
2022-02-04 01:00:00,24.9,23.73358,25.341618
2022-02-04 02:00:00,24.7,23.984152,25.38125
2022-02-04 03:00:00,24.1,23.939192,25.49836
2022-02-04 04:00:00,23.1,23.323513,25.89957
2022-02-04 05:00:00,22.9,23.162922,25.5636
2022-02-04 06:00:00,23.0,22.900448,25.488506
2022-02-04 07:00:00,23.8,24.060272,26.010612
2022-02-04 08:00:00,25.8,25.573814,27.3325
2022-02-04 09:00:00,27.2,27.560394,29.220615
2022-02-04 10:00:00,27.9,28.446737,30.520576
2022-02-04 11:00:00,28.8,29.722878,31.35051
2022-02-04 12:00:00,29.1,29.885208,32.218666
2022-02-04 13:00:00,28.9,29.439163,31.762585
2022-02-04 14:00:00,28.8,28.785067,30.352442
2022-02-04 15:00:00,28.4,28.349094,30.042976
2022-02-04 16:00:00,27.6,27.789343,29.545101
2022-02-04 17:00:00,27.3,27.115065,28.763187
2022-02-04 18:00:00,26.4,26.38327,27.942188
2022-02-04 19:00:00,26.1,26.213846,27.492561
2022-02-04 20:00:00,25.9,26.130991,27.12629
2022-02-04 21:00:00,25.6,25.8186,26.917608
2022-02-04 22:00:00,25.5,25.599567,26.729042
2022-02-04 23:00:00,25.3,25.28405,26.48266
2022-02-05 00:00:00,25.0,24.99877,26.369877
2022-02-05 01:00:00,24.8,24.941057,25.806568
2022-02-05 02:00:00,24.6,24.85426,25.810757
2022-02-05 03:00:00,24.4,24.38914,25.83982
2022-02-05 04:00:00,24.2,24.161022,25.796844
2022-02-05 05:00:00,24.5,23.768255,25.772114
2022-02-05 06:00:00,24.6,23.713303,25.416931
2022-02-05 07:00:00,25.6,24.431208,26.17324
2022-02-05 08:00:00,26.5,26.186113,27.08992
2022-02-05 09:00:00,27.0,27.31957,29.082155
2022-02-05 10:00:00,27.7,28.158844,30.36647
2022-02-05 11:00:00,28.1,29.297102,30.315857
2022-02-05 12:00:00,28.3,29.734911,31.24578
2022-02-05 13:00:00,28.4,29.296803,31.034119
2022-02-05 14:00:00,28.3,28.782818,30.590418
2022-02-05 15:00:00,28.0,28.361473,30.141743
2022-02-05 16:00:00,27.5,27.683353,29.424377
2022-02-05 17:00:00,26.9,27.077423,28.510666
2022-02-05 18:00:00,26.0,26.338116,28.149025
2022-02-05 19:00:00,25.7,25.962553,27.287416
2022-02-05 20:00:00,25.5,25.945896,26.980543
2022-02-05 21:00:00,25.4,25.66809,26.716726
2022-02-05 22:00:00,25.3,25.317331,26.421577
2022-02-05 23:00:00,24.9,25.169092,26.367435
2022-02-06 00:00:00,24.6,24.823805,26.141378
2022-02-06 01:00:00,24.2,24.64381,25.562584
2022-02-06 02:00:00,23.6,24.491104,25.563622
2022-02-06 03:00:00,22.6,24.164816,25.554129
2022-02-06 04:00:00,22.0,24.024437,25.634624
2022-02-06 05:00:00,22.3,24.048368,25.614325
2022-02-06 06:00:00,23.3,24.060516,26.1644
2022-02-06 07:00:00,24.3,25.094894,26.562492
2022-02-06 08:00:00,26.1,26.263035,27.772957
2022-02-06 09:00:00,27.4,27.125378,28.96215
2022-02-06 10:00:00,28.2,27.749815,29.452839
2022-02-06 11:00:00,28.7,28.505854,30.207426
2022-02-06 12:00:00,28.8,28.533176,30.496908
2022-02-06 13:00:00,28.7,28.675838,30.543497
2022-02-06 14:00:00,28.4,28.452974,30.251503
2022-02-06 15:00:00,28.0,28.02079,29.997326
2022-02-06 16:00:00,27.4,27.345013,29.398842
2022-02-06 17:00:00,26.8,26.716375,28.685513
2022-02-06 18:00:00,25.8,25.833412,28.186981
2022-02-06 19:00:00,25.4,25.430037,27.223831
2022-02-06 20:00:00,25.2,25.31538,26.956612
2022-02-06 21:00:00,25.2,25.025475,26.679615
2022-02-06 22:00:00,25.1,24.9721,26.404865
2022-02-06 23:00:00,24.9,24.809973,26.309221
2022-02-07 00:00:00,24.8,24.393713,26.105865
2022-02-07 01:00:00,24.8,24.03901,25.465254
2022-02-07 02:00:00,24.4,23.479902,25.390965
2022-02-07 03:00:00,22.9,22.920095,25.220964
2022-02-07 04:00:00,22.2,22.151754,24.911991
2022-02-07 05:00:00,21.8,22.139849,25.218105
2022-02-07 06:00:00,21.4,22.615524,25.494553
2022-02-07 07:00:00,22.9,24.269043,26.075298
2022-02-07 08:00:00,25.1,25.87804,27.58162
2022-02-07 09:00:00,26.9,27.1558,28.527134
2022-02-07 10:00:00,28.0,27.99054,29.647305
2022-02-07 11:00:00,28.4,28.295021,30.347332
2022-02-07 12:00:00,28.5,28.530031,30.57437
2022-02-07 13:00:00,28.5,28.581106,30.584183
2022-02-07 14:00:00,28.1,28.333097,30.370691
2022-02-07 15:00:00,27.6,27.887712,29.761616
2022-02-07 16:00:00,26.9,27.386164,29.187403
2022-02-07 17:00:00,26.3,26.619152,28.517595
2022-02-07 18:00:00,25.2,25.705063,27.909885
2022-02-07 19:00:00,24.9,25.207502,27.054768
2022-02-07 20:00:00,24.8,24.960823,26.74849
2022-02-07 21:00:00,24.6,24.872496,26.45066
2022-02-07 22:00:00,24.5,24.86512,26.353067
2022-02-07 23:00:00,24.3,24.846092,26.2295
2022-02-08 00:00:00,24.1,24.502316,26.14193
2022-02-08 01:00:00,23.9,24.342949,25.579561
2022-02-08 02:00:00,23.7,24.040508,25.525255
2022-02-08 03:00:00,23.7,23.411089,25.325005
2022-02-08 04:00:00,23.5,23.03742,24.731163
2022-02-08 05:00:00,23.9,22.263952,24.824488
2022-02-08 06:00:00,24.1,22.216036,24.994705
2022-02-08 07:00:00,25.2,23.711021,25.592356
2022-02-08 08:00:00,26.5,25.648436,27.179762
2022-02-08 09:00:00,27.2,26.73847,28.742039
2022-02-08 10:00:00,27.9,27.819393,29.246418
2022-02-08 11:00:00,28.3,28.581455,30.276718
2022-02-08 12:00:00,28.6,28.74974,30.512299
2022-02-08 13:00:00,28.5,28.623705,30.578886
2022-02-08 14:00:00,28.2,28.264294,30.336498
2022-02-08 15:00:00,27.6,27.674128,29.740885
2022-02-08 16:00:00,27.0,26.99413,29.201847
2022-02-08 17:00:00,26.6,26.3295,28.49835
2022-02-08 18:00:00,25.6,25.421812,28.019562
2022-02-08 19:00:00,25.3,25.051931,26.919186
2022-02-08 20:00:00,25.0,24.928793,26.660332
2022-02-08 21:00:00,24.6,24.73625,26.41713
2022-02-08 22:00:00,24.3,24.532196,26.16285
2022-02-08 23:00:00,24.3,24.267723,25.939682
2022-02-09 00:00:00,24.0,23.695446,25.637398
2022-02-09 01:00:00,23.5,23.649464,25.1244
2022-02-09 02:00:00,23.2,23.743692,25.228085
2022-02-09 03:00:00,23.1,23.699514,25.288969
2022-02-09 04:00:00,22.7,23.315147,25.403835
2022-02-09 05:00:00,22.8,23.322378,25.573708
2022-02-09 06:00:00,22.7,23.629412,25.913906
2022-02-09 07:00:00,23.6,24.860008,26.397907
2022-02-09 08:00:00,25.8,25.794283,27.624691
2022-02-09 09:00:00,27.8,27.045923,28.857613
2022-02-09 10:00:00,28.6,27.80962,29.442738
2022-02-09 11:00:00,29.1,28.285088,30.179312
2022-02-09 12:00:00,29.5,28.481203,30.345139
2022-02-09 13:00:00,29.3,28.464441,30.454666
2022-02-09 14:00:00,28.9,28.125048,30.17315
2022-02-09 15:00:00,28.2,27.64271,29.708494
2022-02-09 16:00:00,27.5,26.861229,29.076693
2022-02-09 17:00:00,26.9,26.332733,28.507677
2022-02-09 18:00:00,26.2,25.405548,27.836628
2022-02-09 19:00:00,25.8,24.9567,26.883532
2022-02-09 20:00:00,25.4,24.875532,26.619488
2022-02-09 21:00:00,25.3,24.613934,26.19524
2022-02-09 22:00:00,25.0,24.295473,25.902908
2022-02-09 23:00:00,24.8,24.160765,25.801874
2022-02-10 00:00:00,24.4,23.673737,25.779076
2022-02-10 01:00:00,23.8,23.352713,24.974482
2022-02-10 02:00:00,23.5,23.046257,24.747185
2022-02-10 03:00:00,23.4,22.99651,24.684942
2022-02-10 04:00:00,23.2,22.621933,24.880503
2022-02-10 05:00:00,22.9,22.600863,24.85235
2022-02-10 06:00:00,23.2,22.716677,25.9257
2022-02-10 07:00:00,24.3,23.255682,26.39824
2022-02-10 08:00:00,26.5,25.903452,27.759
2022-02-10 09:00:00,28.3,27.184626,29.13122
2022-02-10 10:00:00,29.0,28.275206,30.071903
2022-02-10 11:00:00,29.4,28.615805,30.23719
2022-02-10 12:00:00,29.5,29.137104,30.735529
2022-02-10 13:00:00,29.5,29.02822,30.792759
2022-02-10 14:00:00,29.0,28.722702,30.305801
2022-02-10 15:00:00,28.3,28.155928,29.728352
2022-02-10 16:00:00,27.8,27.472383,29.005032
2022-02-10 17:00:00,26.7,26.770084,28.425594
2022-02-10 18:00:00,26.1,26.175566,27.70538
2022-02-10 19:00:00,25.9,25.644419,26.822737
2022-02-10 20:00:00,25.7,25.290264,26.636524
2022-02-10 21:00:00,25.2,24.974653,26.210373
2022-02-10 22:00:00,24.9,24.86044,25.990082
2022-02-10 23:00:00,24.7,24.680424,25.774689
2022-02-11 00:00:00,24.5,24.359007,25.65324
2022-02-11 01:00:00,24.2,24.12826,24.831692
2022-02-11 02:00:00,24.0,23.512617,24.545044
2022-02-11 03:00:00,24.0,23.105143,24.580235
2022-02-11 04:00:00,23.9,22.938627,24.734377
2022-02-11 05:00:00,23.0,23.151236,24.85036
2022-02-11 06:00:00,23.7,23.2194,25.603806
2022-02-11 07:00:00,25.2,24.182714,26.150944
2022-02-11 08:00:00,26.9,25.981997,27.33813
2022-02-11 09:00:00,27.8,27.920095,28.635551
2022-02-11 10:00:00,28.6,28.808159,29.9739
2022-02-11 11:00:00,29.1,29.152018,30.376423
2022-02-11 12:00:00,29.2,29.037235,30.780615
2022-02-11 13:00:00,29.0,28.910728,30.672543
2022-02-11 14:00:00,28.8,28.708387,30.446083
2022-02-11 15:00:00,28.4,28.03355,29.833206
2022-02-11 16:00:00,27.7,27.471056,29.0292
2022-02-11 17:00:00,27.1,26.694582,28.445621
2022-02-11 18:00:00,26.3,25.933014,27.47404
2022-02-11 19:00:00,26.0,25.777744,26.960798
2022-02-11 20:00:00,25.7,25.529404,26.703857
2022-02-11 21:00:00,25.4,25.197203,26.303078
2022-02-11 22:00:00,25.2,24.792595,25.986101
2022-02-11 23:00:00,25.0,24.664259,25.832367
2022-02-12 00:00:00,24.7,24.162334,25.702745
2022-02-12 01:00:00,24.3,24.013012,25.135048
2022-02-12 02:00:00,24.2,23.783535,25.044502
2022-02-12 03:00:00,24.0,23.547941,25.049366
2022-02-12 04:00:00,23.7,23.474173,25.25945
2022-02-12 05:00:00,23.6,23.194971,25.482855
2022-02-12 06:00:00,23.4,23.434889,24.99701
2022-02-12 07:00:00,24.9,24.642282,26.132076
2022-02-12 08:00:00,26.6,26.323818,27.35284
2022-02-12 09:00:00,27.5,27.587727,28.836802
2022-02-12 10:00:00,28.4,28.620043,29.459118
2022-02-12 11:00:00,28.8,29.094585,30.277073
2022-02-12 12:00:00,29.2,28.995996,30.719398
2022-02-12 13:00:00,29.0,28.847916,30.634817
2022-02-12 14:00:00,28.7,28.5589,30.292257
2022-02-12 15:00:00,28.3,28.176888,29.849974
2022-02-12 16:00:00,27.6,27.673792,29.138687
2022-02-12 17:00:00,26.9,26.875378,28.421835
2022-02-12 18:00:00,25.9,26.133703,27.622257
2022-02-12 19:00:00,25.6,25.845306,27.027885
2022-02-12 20:00:00,25.4,25.559273,26.63594
2022-02-12 21:00:00,25.2,25.128635,26.291592
2022-02-12 22:00:00,25.0,24.83727,25.98014
2022-02-12 23:00:00,24.8,24.720695,25.823444
2022-02-13 00:00:00,24.6,24.507984,25.715155
2022-02-13 01:00:00,24.2,24.262737,25.211535
2022-02-13 02:00:00,23.9,23.836693,25.140255
2022-02-13 03:00:00,23.6,23.598574,25.137215
2022-02-13 04:00:00,23.7,23.447378,25.237244
2022-02-13 05:00:00,23.2,23.470797,25.227257
2022-02-13 06:00:00,23.5,23.225813,25.291273
2022-02-13 07:00:00,24.8,24.26174,25.72448
2022-02-13 08:00:00,26.4,26.300411,27.339287
2022-02-13 09:00:00,27.3,27.39145,28.988548
2022-02-13 10:00:00,27.9,28.42135,29.517391
2022-02-13 11:00:00,28.1,28.842121,30.450336
2022-02-13 12:00:00,27.9,29.288252,30.746855
2022-02-13 13:00:00,27.9,29.042221,30.734432
2022-02-13 14:00:00,27.6,28.66169,30.360495
2022-02-13 15:00:00,27.5,28.205923,29.867931
2022-02-13 16:00:00,26.8,27.60553,29.273485
2022-02-13 17:00:00,26.5,26.726831,28.480099
2022-02-13 18:00:00,25.7,25.977509,27.91148
2022-02-13 19:00:00,25.4,25.481009,26.967184
2022-02-13 20:00:00,25.4,25.137701,26.665306
2022-02-13 21:00:00,25.2,24.94588,26.437006
2022-02-13 22:00:00,25.1,24.765005,26.127735
2022-02-13 23:00:00,25.0,24.625183,26.009571
2022-02-14 00:00:00,24.7,24.336872,25.796366
2022-02-14 01:00:00,24.4,23.901237,25.181086
2022-02-14 02:00:00,24.2,23.659006,25.108643
2022-02-14 03:00:00,23.7,23.516197,25.022232
2022-02-14 04:00:00,22.8,23.376677,24.988857
2022-02-14 05:00:00,23.7,23.451103,25.357569
2022-02-14 06:00:00,24.0,23.398441,25.308172
2022-02-14 07:00:00,25.1,24.402418,25.796413
2022-02-14 08:00:00,26.5,26.074919,27.212826
2022-02-14 09:00:00,27.4,27.325275,28.73822
2022-02-14 10:00:00,28.1,27.848234,29.341007
2022-02-14 11:00:00,28.5,28.249805,30.006445
2022-02-14 12:00:00,28.7,28.088604,30.250725
2022-02-14 13:00:00,28.6,28.00571,30.056839
2022-02-14 14:00:00,28.3,27.6914,29.884754
2022-02-14 15:00:00,27.8,27.301376,29.471397
2022-02-14 16:00:00,27.0,26.953432,29.014612
2022-02-14 17:00:00,26.3,26.309248,28.319704
2022-02-14 18:00:00,25.6,25.608128,27.778715
2022-02-14 19:00:00,25.3,25.27274,26.974289
2022-02-14 20:00:00,25.1,25.105688,26.774334
2022-02-14 21:00:00,25.1,24.917313,26.598885
2022-02-14 22:00:00,24.9,24.870245,26.289162
2022-02-14 23:00:00,24.7,24.810574,26.20222
2022-02-15 00:00:00,24.4,24.56106,26.103401
2022-02-15 01:00:00,23.9,24.141903,25.47423
2022-02-15 02:00:00,22.6,23.923609,25.386513
2022-02-15 03:00:00,21.9,23.518955,25.410717
2022-02-15 04:00:00,21.4,23.420609,25.264666
2022-02-15 05:00:00,21.6,23.511868,24.985352
2022-02-15 06:00:00,21.3,23.569334,25.895493
2022-02-15 07:00:00,23.1,24.300785,26.206509
2022-02-15 08:00:00,25.5,25.74565,27.40635
2022-02-15 09:00:00,27.0,27.124975,28.877949
2022-02-15 10:00:00,28.2,27.938967,29.504345
2022-02-15 11:00:00,28.7,28.244371,30.253445
2022-02-15 12:00:00,28.7,28.390871,30.592861
2022-02-15 13:00:00,28.7,28.37801,30.48009
2022-02-15 14:00:00,28.4,28.113577,30.268036
2022-02-15 15:00:00,27.9,27.723269,29.749348
2022-02-15 16:00:00,27.1,26.906536,29.082127
2022-02-15 17:00:00,26.3,26.213854,28.32502
2022-02-15 18:00:00,25.3,25.430037,27.769493
2022-02-15 19:00:00,25.0,25.137503,27.100739
2022-02-15 20:00:00,24.8,24.948992,26.71067
2022-02-15 21:00:00,24.5,24.899235,26.50521
2022-02-15 22:00:00,24.2,24.85437,26.296545
2022-02-15 23:00:00,24.0,24.77003,26.077368
2022-02-16 00:00:00,23.9,24.302898,26.001698
2022-02-16 01:00:00,23.8,24.048151,25.344114
2022-02-16 02:00:00,23.4,23.336525,25.143505
2022-02-16 03:00:00,22.1,22.527866,24.460627
2022-02-16 04:00:00,22.3,22.282148,24.268524
2022-02-16 05:00:00,23.3,21.9094,24.603817
2022-02-16 06:00:00,21.7,22.224998,25.379238
2022-02-16 07:00:00,23.1,24.041254,25.70371
2022-02-16 08:00:00,25.2,26.085287,27.553381
2022-02-16 09:00:00,27.1,26.996902,28.809542
2022-02-16 10:00:00,28.2,28.13958,29.442207
2022-02-16 11:00:00,28.6,28.503159,30.368227
2022-02-16 12:00:00,28.8,28.697968,30.728401
2022-02-16 13:00:00,28.9,28.765207,30.64827
2022-02-16 14:00:00,28.6,28.528374,30.197166
2022-02-16 15:00:00,28.1,28.145033,29.673431
2022-02-16 16:00:00,27.4,27.324142,28.939531
2022-02-16 17:00:00,26.9,26.387789,28.205322
2022-02-16 18:00:00,26.1,25.544825,27.49477
2022-02-16 19:00:00,25.6,25.088108,26.659412
2022-02-16 20:00:00,25.3,24.89037,26.2603
2022-02-16 21:00:00,25.4,24.705856,26.024239
2022-02-16 22:00:00,25.3,24.397516,25.763273
2022-02-16 23:00:00,25.1,24.205263,25.600636
2022-02-17 00:00:00,24.8,23.86072,25.53936
2022-02-17 01:00:00,24.7,23.731289,24.98375
2022-02-17 02:00:00,24.6,23.616976,24.938854
2022-02-17 03:00:00,24.5,22.663128,24.631088
2022-02-17 04:00:00,24.4,22.42256,24.110577
2022-02-17 05:00:00,25.2,23.331085,24.686058
2022-02-17 06:00:00,25.3,22.922361,25.565403
2022-02-17 07:00:00,26.3,23.867002,25.493969
2022-02-17 08:00:00,27.7,25.915726,27.360624
2022-02-17 09:00:00,28.6,27.09646,29.04921
2022-02-17 10:00:00,29.1,27.977795,29.86119
2022-02-17 11:00:00,29.3,28.636774,30.337976
2022-02-17 12:00:00,29.5,28.808052,30.550344
2022-02-17 13:00:00,29.4,29.029999,30.624214
2022-02-17 14:00:00,28.9,28.762348,30.403912
2022-02-17 15:00:00,28.3,28.247604,29.711945
2022-02-17 16:00:00,27.8,27.493017,29.027813
2022-02-17 17:00:00,27.6,26.765251,28.228828
2022-02-17 18:00:00,26.8,25.990082,27.702133
2022-02-17 19:00:00,26.1,25.477764,26.767223
2022-02-17 20:00:00,25.6,25.107725,26.35888
2022-02-17 21:00:00,25.4,24.971409,26.003016
2022-02-17 22:00:00,25.2,24.849857,25.963928
2022-02-17 23:00:00,24.8,24.713652,25.793606
2022-02-18 00:00:00,24.4,24.486223,25.726833
2022-02-18 01:00:00,24.1,24.313236,25.160717
2022-02-18 02:00:00,23.8,23.96916,25.318161
2022-02-18 03:00:00,23.8,23.900566,25.38242
2022-02-18 04:00:00,23.3,23.79783,25.403233
2022-02-18 05:00:00,22.7,24.061102,25.668945
2022-02-18 06:00:00,22.7,24.375305,26.41748
2022-02-18 07:00:00,25.2,25.207563,26.482944
2022-02-18 08:00:00,27.0,26.783503,27.931591
2022-02-18 09:00:00,28.1,28.112442,29.190546
2022-02-18 10:00:00,28.8,28.616058,29.95132
2022-02-18 11:00:00,29.2,29.062046,30.532162
2022-02-18 12:00:00,29.3,29.230515,30.662163
2022-02-18 13:00:00,29.3,29.213425,30.77744
2022-02-18 14:00:00,29.0,28.86055,30.55122
2022-02-18 15:00:00,28.6,28.215805,29.971725
2022-02-18 16:00:00,27.9,27.629839,29.255451
2022-02-18 17:00:00,27.5,27.173388,28.646202
2022-02-18 18:00:00,26.5,26.534517,28.210003
2022-02-18 19:00:00,26.1,25.907639,27.458176
2022-02-18 20:00:00,25.8,25.372644,26.828892
2022-02-18 21:00:00,25.5,24.982553,26.502874
2022-02-18 22:00:00,25.1,24.813345,26.35894
2022-02-18 23:00:00,24.9,24.625946,26.139305
2022-02-19 00:00:00,24.5,24.207855,25.754763
2022-02-19 01:00:00,23.3,23.846937,25.079271
2022-02-19 02:00:00,22.9,23.600407,24.965477
2022-02-19 03:00:00,22.5,23.419298,24.99944
2022-02-19 04:00:00,21.8,23.105835,25.171898
2022-02-19 05:00:00,21.7,22.595173,25.172676
2022-02-19 06:00:00,21.6,22.488634,25.27827
2022-02-19 07:00:00,22.4,24.539923,25.764397
2022-02-19 08:00:00,25.3,26.638826,27.688011
2022-02-19 09:00:00,27.2,28.179193,29.162334
2022-02-19 10:00:00,28.7,28.935432,29.889488
2022-02-19 11:00:00,29.6,29.344217,30.711308
2022-02-19 12:00:00,29.7,29.434896,30.878063
2022-02-19 13:00:00,29.3,29.381136,30.71988
2022-02-19 14:00:00,29.1,29.047615,30.48341
2022-02-19 15:00:00,28.7,28.495928,29.922243
2022-02-19 16:00:00,27.8,27.913578,29.386087
2022-02-19 17:00:00,27.3,27.300695,28.656944
2022-02-19 18:00:00,26.2,26.341099,28.043034
2022-02-19 19:00:00,25.9,25.91951,27.192535
2022-02-19 20:00:00,25.9,25.572126,26.783154
2022-02-19 21:00:00,25.7,25.33092,26.402359
2022-02-19 22:00:00,25.3,24.795177,26.130905
2022-02-19 23:00:00,24.9,25.000679,25.98302
2022-02-20 00:00:00,24.4,24.556953,25.970957
2022-02-20 01:00:00,23.8,23.756716,25.188114
2022-02-20 02:00:00,23.4,23.178318,24.485794
2022-02-20 03:00:00,23.0,23.02739,24.29959
2022-02-20 04:00:00,22.5,22.515215,24.687551
2022-02-20 05:00:00,22.0,22.39008,24.7831
2022-02-20 06:00:00,22.1,22.322317,25.412678
2022-02-20 07:00:00,23.4,22.807413,25.851133
2022-02-20 08:00:00,25.7,25.717138,27.179575
2022-02-20 09:00:00,27.9,27.184416,29.188446
2022-02-20 10:00:00,29.9,28.70482,29.426407
2022-02-20 11:00:00,31.5,29.369099,31.11315
2022-02-20 12:00:00,31.6,29.631256,31.631466
2022-02-20 13:00:00,30.7,29.529402,31.423113
2022-02-20 14:00:00,30.0,29.257864,31.048206
2022-02-20 15:00:00,29.4,28.77795,30.667698
2022-02-20 16:00:00,28.7,28.016003,29.94571
2022-02-20 17:00:00,27.7,27.5144,29.043228
2022-02-20 18:00:00,26.7,26.526127,28.67611
2022-02-20 19:00:00,26.5,26.109854,27.603912
2022-02-20 20:00:00,26.2,26.06666,27.31572
2022-02-20 21:00:00,26.0,25.834929,27.096195
2022-02-20 22:00:00,25.7,25.338299,26.845022
2022-02-20 23:00:00,25.5,25.089949,26.474562
2022-02-21 00:00:00,25.2,24.751188,26.371986
2022-02-21 01:00:00,24.6,24.564787,25.639612
2022-02-21 02:00:00,23.8,24.242332,25.402557
2022-02-21 03:00:00,23.1,23.7957,25.309814
2022-02-21 04:00:00,23.1,23.369154,25.323511
2022-02-21 05:00:00,23.6,22.805212,25.166609
2022-02-21 06:00:00,23.7,22.686533,25.478548
2022-02-21 07:00:00,24.6,23.753134,26.071953
2022-02-21 08:00:00,26.6,26.212282,27.441412
2022-02-21 09:00:00,28.3,28.040672,29.542236
2022-02-21 10:00:00,29.5,29.6996,31.087433
2022-02-21 11:00:00,30.0,31.283812,32.35963
2022-02-21 12:00:00,30.2,31.62939,33.13379
2022-02-21 13:00:00,30.1,30.79284,32.08478
2022-02-21 14:00:00,29.7,29.880238,31.133734
2022-02-21 15:00:00,29.2,29.18708,31.112297
2022-02-21 16:00:00,28.5,28.611513,30.22679
2022-02-21 17:00:00,27.8,27.932579,29.269573
2022-02-21 18:00:00,27.0,27.083588,28.581875
2022-02-21 19:00:00,26.7,26.799885,27.579784
2022-02-21 20:00:00,26.5,26.384216,27.419106
2022-02-21 21:00:00,26.3,26.140465,27.076935
2022-02-21 22:00:00,26.2,25.859632,26.841564
2022-02-21 23:00:00,26.0,25.598728,26.583351
2022-02-22 00:00:00,25.8,25.098692,26.469898
2022-02-22 01:00:00,25.7,24.993763,25.863941
2022-02-22 02:00:00,25.7,24.52684,25.641832
2022-02-22 03:00:00,25.3,24.096863,25.491116
2022-02-22 04:00:00,24.9,23.791637,25.368435
2022-02-22 05:00:00,25.0,23.927296,25.39804
2022-02-22 06:00:00,25.0,23.93376,25.714005
2022-02-22 07:00:00,26.4,24.731537,26.092415
2022-02-22 08:00:00,27.6,26.664955,27.318455
2022-02-22 09:00:00,28.4,28.203852,30.14317
2022-02-22 10:00:00,29.1,29.672571,30.472809
2022-02-22 11:00:00,29.8,30.636137,31.242569
2022-02-22 12:00:00,30.0,30.863262,31.630684
2022-02-22 13:00:00,30.0,30.282131,31.551182
2022-02-22 14:00:00,29.5,29.777346,31.206444
2022-02-22 15:00:00,29.0,29.42007,30.552013
2022-02-22 16:00:00,28.3,28.723923,29.797358
2022-02-22 17:00:00,27.5,27.978891,28.96494
2022-02-22 18:00:00,26.5,27.119833,28.37687
2022-02-22 19:00:00,26.2,26.77776,27.569252
2022-02-22 20:00:00,26.1,26.472378,27.276398
2022-02-22 21:00:00,25.9,26.262138,26.971146
2022-02-22 22:00:00,25.7,26.06245,26.710484
2022-02-22 23:00:00,25.4,25.919645,26.528566
2022-02-23 00:00:00,24.8,25.67846,26.382599
2022-02-23 01:00:00,24.2,25.435736,25.878841
2022-02-23 02:00:00,23.7,25.293459,25.892809
2022-02-23 03:00:00,23.2,24.996176,26.040257
2022-02-23 04:00:00,23.0,24.51523,25.987953
2022-02-23 05:00:00,23.4,24.525589,26.191727
2022-02-23 06:00:00,23.2,24.531801,26.60962
2022-02-23 07:00:00,25.1,25.670227,27.051607
2022-02-23 08:00:00,27.1,26.922777,28.420544
2022-02-23 09:00:00,28.4,28.35613,29.524231
2022-02-23 10:00:00,29.2,29.27655,30.202847
2022-02-23 11:00:00,29.6,29.775215,30.847836
2022-02-23 12:00:00,29.8,30.007107,31.420795
2022-02-23 13:00:00,29.9,29.98492,31.23843
2022-02-23 14:00:00,29.6,29.62768,30.921728
2022-02-23 15:00:00,29.2,29.051714,30.274868
2022-02-23 16:00:00,28.4,28.318205,29.699821
2022-02-23 17:00:00,27.2,27.305563,28.906288
2022-02-23 18:00:00,26.0,26.338497,28.099998
2022-02-23 19:00:00,25.5,26.079576,27.355272
2022-02-23 20:00:00,25.1,25.926691,27.112309
2022-02-23 21:00:00,24.9,25.837328,26.88866
2022-02-23 22:00:00,24.6,25.638884,26.577782
2022-02-23 23:00:00,24.2,25.190834,26.370232
2022-02-24 00:00:00,23.8,24.49389,26.199078
2022-02-24 01:00:00,22.9,24.14954,25.40728
2022-02-24 02:00:00,21.9,23.651573,25.184814
2022-02-24 03:00:00,21.4,23.582594,25.139576
2022-02-24 04:00:00,21.3,23.445133,25.127178
2022-02-24 05:00:00,21.8,22.914017,25.48154
2022-02-24 06:00:00,21.8,22.830055,25.721504
2022-02-24 07:00:00,24.5,24.182722,26.009928
2022-02-24 08:00:00,26.6,26.848978,27.678907
2022-02-24 09:00:00,28.0,28.336357,29.631584
2022-02-24 10:00:00,28.9,29.291553,30.336437
2022-02-24 11:00:00,29.3,29.815245,31.021946
2022-02-24 12:00:00,29.4,29.93544,31.26051
2022-02-24 13:00:00,29.5,29.947584,31.448095
2022-02-24 14:00:00,29.2,29.642838,31.22698
2022-02-24 15:00:00,28.7,29.217724,30.700012
2022-02-24 16:00:00,27.9,28.373232,29.970898
2022-02-24 17:00:00,26.9,27.567963,29.12638
2022-02-24 18:00:00,25.8,26.228838,28.063595
2022-02-24 19:00:00,25.2,25.56626,27.137936
2022-02-24 20:00:00,24.7,25.200321,26.846268
2022-02-24 21:00:00,24.4,24.966658,26.53527
2022-02-24 22:00:00,24.0,24.754313,26.394835
2022-02-24 23:00:00,23.8,24.266212,26.081429
2022-02-25 00:00:00,23.8,23.83795,25.805458
2022-02-25 01:00:00,23.5,23.328957,25.101217
2022-02-25 02:00:00,22.7,22.59467,24.76248
2022-02-25 03:00:00,22.1,21.953096,24.391592
2022-02-25 04:00:00,22.6,21.704922,24.540146
2022-02-25 05:00:00,22.7,21.372139,24.63849
2022-02-25 06:00:00,23.5,21.561094,25.063251
2022-02-25 07:00:00,24.7,23.31968,25.341208
2022-02-25 08:00:00,26.6,26.180698,27.433342
2022-02-25 09:00:00,28.0,27.941814,29.09678
2022-02-25 10:00:00,28.8,29.011843,30.263857
2022-02-25 11:00:00,29.6,29.507782,31.022955
2022-02-25 12:00:00,29.9,29.587881,31.181515
2022-02-25 13:00:00,30.0,29.613234,31.16409
2022-02-25 14:00:00,29.8,29.387222,31.066685
2022-02-25 15:00:00,29.2,28.816011,30.354214
2022-02-25 16:00:00,28.9,28.035204,29.747608
2022-02-25 17:00:00,27.8,26.910774,28.910309
2022-02-25 18:00:00,26.8,25.825047,28.12388
2022-02-25 19:00:00,26.4,25.127405,27.253674
2022-02-25 20:00:00,26.2,24.744034,26.922327
2022-02-25 21:00:00,26.0,24.491398,26.437712
2022-02-25 22:00:00,25.7,24.264612,26.156906
2022-02-25 23:00:00,25.4,24.085892,25.850445
2022-02-26 00:00:00,25.2,23.903597,25.72193
2022-02-26 01:00:00,25.0,23.644539,25.164019
2022-02-26 02:00:00,24.8,23.234095,25.030884
2022-02-26 03:00:00,24.6,22.752636,24.641146
2022-02-26 04:00:00,24.1,22.449347,24.794518
2022-02-26 05:00:00,24.2,22.73761,25.588192
2022-02-26 06:00:00,23.3,23.088879,25.199766
2022-02-26 07:00:00,25.6,24.347082,26.513165
2022-02-26 08:00:00,27.3,26.513966,27.058466
2022-02-26 09:00:00,28.4,27.929329,29.087395
2022-02-26 10:00:00,29.1,29.111776,30.386478
2022-02-26 11:00:00,29.5,29.712736,30.551231
2022-02-26 12:00:00,29.8,30.108519,31.222395
2022-02-26 13:00:00,29.9,29.891846,31.04293
2022-02-26 14:00:00,29.6,29.6443,30.794134
2022-02-26 15:00:00,29.1,29.209547,30.368355
2022-02-26 16:00:00,28.3,28.703766,29.66391
2022-02-26 17:00:00,27.7,27.857735,29.151802
2022-02-26 18:00:00,26.1,26.69786,28.01808
2022-02-26 19:00:00,25.6,26.265432,27.232937
2022-02-26 20:00:00,25.5,25.98991,26.826986
2022-02-26 21:00:00,25.3,25.711582,26.534998
2022-02-26 22:00:00,25.2,25.429142,26.280077
2022-02-26 23:00:00,25.1,25.21743,26.046799
2022-02-27 00:00:00,24.9,24.705694,25.87996
2022-02-27 01:00:00,24.6,24.401768,25.347012
2022-02-27 02:00:00,24.3,24.129288,25.294746
2022-02-27 03:00:00,23.7,23.779373,25.311428
2022-02-27 04:00:00,22.5,23.66102,25.404354
2022-02-27 05:00:00,22.6,23.440199,25.420664
2022-02-27 06:00:00,23.1,23.025606,25.654873
2022-02-27 07:00:00,24.1,24.443907,25.701172
2022-02-27 08:00:00,26.5,26.437819,27.675678
2022-02-27 09:00:00,28.3,28.147879,29.297699
2022-02-27 10:00:00,29.7,28.977406,30.01654
2022-02-27 11:00:00,30.3,29.457796,30.787195
2022-02-27 12:00:00,30.3,29.78012,31.067957
2022-02-27 13:00:00,30.3,29.793684,31.062801
2022-02-27 14:00:00,29.8,29.551126,30.820137
2022-02-27 15:00:00,29.3,29.100931,30.29461
2022-02-27 16:00:00,28.6,28.433569,29.676092
2022-02-27 17:00:00,27.7,27.477844,28.889679
2022-02-27 18:00:00,26.3,26.148197,28.11146
2022-02-27 19:00:00,25.8,25.515522,26.922443
2022-02-27 20:00:00,25.5,25.330938,26.71733
2022-02-27 21:00:00,25.4,25.050838,26.427834
2022-02-27 22:00:00,25.2,24.890425,26.142178
2022-02-27 23:00:00,24.8,24.75334,26.07902
2022-02-28 00:00:00,24.1,24.41622,25.942448
2022-02-28 01:00:00,23.3,24.028538,25.367653
2022-02-28 02:00:00,22.7,23.700443,25.305754
2022-02-28 03:00:00,22.2,23.437496,25.199863
2022-02-28 04:00:00,22.4,23.286308,25.111935
2022-02-28 05:00:00,22.5,22.715883,24.878475
2022-02-28 06:00:00,22.5,23.55483,25.475502
2022-02-28 07:00:00,23.2,24.549417,26.307543
2022-02-28 08:00:00,25.5,26.588676,27.676603
2022-02-28 09:00:00,28.1,28.092619,29.12631
2022-02-28 10:00:00,30.3,29.278688,30.014084
2022-02-28 11:00:00,31.7,30.189074,30.762142
2022-02-28 12:00:00,32.2,30.458078,31.356415
2022-02-28 13:00:00,32.3,30.359503,31.042475
2022-02-28 14:00:00,31.9,29.865171,31.015089
2022-02-28 15:00:00,30.9,29.33647,30.406841
2022-02-28 16:00:00,29.6,28.543188,29.66423
2022-02-28 17:00:00,27.8,27.887945,28.873577
2022-02-28 18:00:00,26.5,26.46647,28.15183
2022-02-28 19:00:00,25.9,25.7665,26.919239
2022-02-28 20:00:00,25.6,25.493002,26.684172
2022-02-28 21:00:00,24.9,25.308502,26.332552
2022-02-28 22:00:00,24.1,25.068623,26.178036
2022-02-28 23:00:00,23.1,24.723677,25.934525
2022-03-01 00:00:00,22.5,24.666155,25.567772
2022-03-01 01:00:00,21.8,23.842188,25.087582
2022-03-01 02:00:00,21.6,22.948475,24.641232
2022-03-01 03:00:00,22.2,22.214554,24.606335
2022-03-01 04:00:00,20.3,22.141,24.844852
2022-03-01 05:00:00,21.5,22.759636,25.318714
2022-03-01 06:00:00,21.5,22.74223,25.718231
2022-03-01 07:00:00,22.6,23.342754,26.284044
2022-03-01 08:00:00,25.4,25.611105,27.16007
2022-03-01 09:00:00,28.3,27.25075,29.058119
2022-03-01 10:00:00,29.9,30.248014,30.141304
2022-03-01 11:00:00,30.4,31.489836,31.802786
2022-03-01 12:00:00,30.6,31.703197,32.806293
2022-03-01 13:00:00,30.7,31.860847,32.83993
2022-03-01 14:00:00,30.5,31.559923,32.61845
2022-03-01 15:00:00,30.1,30.785395,31.87201
2022-03-01 16:00:00,29.2,29.31716,30.718803
2022-03-01 17:00:00,28.4,28.062542,29.613617
2022-03-01 18:00:00,26.8,26.52315,28.204222
2022-03-01 19:00:00,26.0,25.980263,27.45439
2022-03-01 20:00:00,25.8,25.645308,27.006039
2022-03-01 21:00:00,25.5,25.067572,26.795265
2022-03-01 22:00:00,25.3,24.6891,26.227896
2022-03-01 23:00:00,25.1,24.130022,25.92327
2022-03-02 00:00:00,24.9,23.308601,25.39915
2022-03-02 01:00:00,24.2,22.968336,24.71727
2022-03-02 02:00:00,23.3,22.117086,24.461948
2022-03-02 03:00:00,22.5,21.82932,24.384037
2022-03-02 04:00:00,22.3,21.310045,25.087265
2022-03-02 05:00:00,23.0,21.903824,24.563992
2022-03-02 06:00:00,23.3,22.346436,25.726631
2022-03-02 07:00:00,23.8,23.642525,26.06045
2022-03-02 08:00:00,25.6,25.756182,27.181654
2022-03-02 09:00:00,28.3,28.128712,29.211359
2022-03-02 10:00:00,29.5,30.452501,30.7199
2022-03-02 11:00:00,30.3,30.98419,31.848661
2022-03-02 12:00:00,30.4,31.157442,32.189735
2022-03-02 13:00:00,29.6,31.17454,32.05498
2022-03-02 14:00:00,29.8,30.850548,31.743671
2022-03-02 15:00:00,29.6,30.108383,31.16613
2022-03-02 16:00:00,29.0,29.506865,30.368614
2022-03-02 17:00:00,27.9,28.196257,29.228355
2022-03-02 18:00:00,27.1,27.043499,28.410301
2022-03-02 19:00:00,26.7,26.142427,27.210289
2022-03-02 20:00:00,26.5,25.833332,26.657467
2022-03-02 21:00:00,26.2,25.56773,26.420874
2022-03-02 22:00:00,25.9,25.232172,26.08307
2022-03-02 23:00:00,25.7,25.27225,25.882439
2022-03-03 00:00:00,25.4,24.957874,25.637651
2022-03-03 01:00:00,25.2,24.606295,25.107422
2022-03-03 02:00:00,24.9,23.87531,24.83084
2022-03-03 03:00:00,24.5,22.99682,24.573463
2022-03-03 04:00:00,24.5,22.343813,24.826439
2022-03-03 05:00:00,24.3,22.837479,24.911463
2022-03-03 06:00:00,24.1,23.410275,25.873585
2022-03-03 07:00:00,25.3,24.133736,26.294441
2022-03-03 08:00:00,27.3,25.94254,27.151
2022-03-03 09:00:00,28.7,27.93868,28.843311
2022-03-03 10:00:00,30.0,29.581825,30.542849
2022-03-03 11:00:00,30.3,30.517942,30.98481
2022-03-03 12:00:00,30.5,30.430878,31.54693
2022-03-03 13:00:00,30.5,30.180021,31.276304
2022-03-03 14:00:00,29.9,29.87954,30.652473
2022-03-03 15:00:00,29.3,29.457233,30.596972
2022-03-03 16:00:00,28.4,28.822412,29.820724
2022-03-03 17:00:00,28.0,27.720219,29.041124
2022-03-03 18:00:00,27.2,27.047625,28.203236
2022-03-03 19:00:00,26.8,26.42004,27.401007
2022-03-03 20:00:00,26.6,26.064226,26.969006
2022-03-03 21:00:00,26.4,25.99537,26.666285
2022-03-03 22:00:00,26.3,25.791096,26.399918
2022-03-03 23:00:00,26.3,25.455692,26.160034
2022-03-04 00:00:00,26.2,25.07203,26.024332
2022-03-04 01:00:00,26.0,24.72279,25.4739
2022-03-04 02:00:00,25.5,24.61527,25.394262
2022-03-04 03:00:00,25.3,24.249552,25.258234
2022-03-04 04:00:00,25.1,23.91984,25.30082
2022-03-04 05:00:00,24.9,24.022118,25.620743
2022-03-04 06:00:00,25.3,23.856163,26.249802
2022-03-04 07:00:00,26.0,25.220146,26.728268
2022-03-04 08:00:00,28.2,26.206709,27.912851
2022-03-04 09:00:00,29.6,27.878218,28.998549
2022-03-04 10:00:00,30.3,29.157635,30.24429
2022-03-04 11:00:00,30.8,30.080269,31.155092
2022-03-04 12:00:00,30.8,30.42019,31.393803
2022-03-04 13:00:00,30.7,29.899282,31.381935
2022-03-04 14:00:00,30.4,29.53269,30.852036
2022-03-04 15:00:00,30.0,28.824062,30.428001
2022-03-04 16:00:00,29.3,28.027,29.74657
2022-03-04 17:00:00,28.1,26.902449,28.939835
2022-03-04 18:00:00,27.4,26.3477,28.435934
2022-03-04 19:00:00,27.4,26.005005,27.829906
2022-03-04 20:00:00,27.3,25.822021,27.461876
2022-03-04 21:00:00,27.1,25.654171,27.196362
2022-03-04 22:00:00,26.8,25.534138,26.875149
2022-03-04 23:00:00,26.6,25.505388,26.74782
2022-03-05 00:00:00,26.3,25.270473,26.634684
2022-03-05 01:00:00,26.2,25.235588,26.200642
2022-03-05 02:00:00,25.9,24.76708,26.238762
2022-03-05 03:00:00,25.6,24.509846,26.021248
2022-03-05 04:00:00,25.3,24.37854,26.099792
2022-03-05 05:00:00,25.3,24.300386,26.275154
2022-03-05 06:00:00,25.8,24.569193,26.561415
2022-03-05 07:00:00,26.4,25.654652,27.783056
2022-03-05 08:00:00,27.2,27.383284,28.678305
2022-03-05 09:00:00,28.3,28.595694,29.754213
2022-03-05 10:00:00,28.7,29.717299,30.901943
2022-03-05 11:00:00,28.7,30.411753,31.48626
2022-03-05 12:00:00,28.9,30.60618,31.78481
2022-03-05 13:00:00,28.8,30.454607,31.708748
2022-03-05 14:00:00,28.8,30.152124,31.345957
2022-03-05 15:00:00,27.6,29.284662,30.866558
2022-03-05 16:00:00,27.0,28.63983,30.154623
2022-03-05 17:00:00,26.7,27.626566,29.327496
2022-03-05 18:00:00,26.6,26.416882,28.336079
2022-03-05 19:00:00,26.8,26.196115,28.066898
2022-03-05 20:00:00,25.8,26.291815,27.686087
2022-03-05 21:00:00,26.5,26.267975,27.467384
2022-03-05 22:00:00,26.3,26.101128,27.209175
2022-03-05 23:00:00,26.3,26.035004,27.032692
2022-03-06 00:00:00,26.1,25.677708,27.090525
2022-03-06 01:00:00,26.6,25.53219,26.357105
2022-03-06 02:00:00,26.7,25.351376,26.593395
2022-03-06 03:00:00,26.7,24.95333,26.627209
2022-03-06 04:00:00,26.5,24.740606,26.722694
2022-03-06 05:00:00,26.6,24.555475,26.689499
2022-03-06 06:00:00,26.6,24.792465,26.93365
2022-03-06 07:00:00,27.4,25.656254,27.935276
2022-03-06 08:00:00,28.1,26.63642,28.630047
2022-03-06 09:00:00,29.0,28.210392,29.551075
2022-03-06 10:00:00,29.6,29.131903,30.510767
2022-03-06 11:00:00,30.0,29.378775,30.809534
2022-03-06 12:00:00,30.1,29.551443,30.848541
2022-03-06 13:00:00,29.9,29.422874,31.017551
2022-03-06 14:00:00,29.8,29.328827,30.608406
2022-03-06 15:00:00,29.4,28.970701,30.25336
2022-03-06 16:00:00,28.8,27.080963,29.243023
2022-03-06 17:00:00,28.0,26.131119,28.683601
2022-03-06 18:00:00,27.0,25.582893,28.351568
2022-03-06 19:00:00,26.6,26.193449,27.775883
2022-03-06 20:00:00,26.3,25.683954,27.622458
2022-03-06 21:00:00,26.1,25.601748,26.956627
2022-03-06 22:00:00,25.8,25.451958,27.086086
2022-03-06 23:00:00,25.2,24.854006,27.209776
2022-03-07 00:00:00,24.1,24.715076,27.056652
2022-03-07 01:00:00,23.4,25.07865,26.290806
2022-03-07 02:00:00,23.0,25.44851,26.518396
2022-03-07 03:00:00,22.5,25.565409,26.546698
2022-03-07 04:00:00,22.2,25.111303,26.80851
2022-03-07 05:00:00,22.7,25.520544,26.862078
2022-03-07 06:00:00,22.7,25.817297,27.404976
2022-03-07 07:00:00,24.1,26.54762,27.99944
2022-03-07 08:00:00,26.8,27.38477,28.893745
2022-03-07 09:00:00,28.8,28.518913,29.48024
2022-03-07 10:00:00,30.2,29.130005,30.483814
2022-03-07 11:00:00,30.8,29.631716,30.973679
2022-03-07 12:00:00,30.9,29.757772,31.14645
2022-03-07 13:00:00,30.7,29.70052,31.17421
2022-03-07 14:00:00,30.2,29.207499,30.816349
2022-03-07 15:00:00,29.6,29.025795,30.5923
2022-03-07 16:00:00,28.8,28.359558,29.732214
2022-03-07 17:00:00,28.1,27.527588,29.158756
2022-03-07 18:00:00,26.8,26.734276,28.215637
2022-03-07 19:00:00,26.3,26.422064,27.705393
2022-03-07 20:00:00,25.9,26.079767,27.348495
2022-03-07 21:00:00,25.6,25.96068,27.129303
2022-03-07 22:00:00,25.2,25.794416,26.981337
2022-03-07 23:00:00,24.9,25.495457,26.662386
2022-03-08 00:00:00,24.4,25.008488,26.382376
2022-03-08 01:00:00,23.2,24.182163,25.40453
2022-03-08 02:00:00,24.9,23.331207,25.153728
2022-03-08 03:00:00,24.2,23.113464,24.868656
2022-03-08 04:00:00,21.7,22.678411,25.241234
2022-03-08 05:00:00,22.6,22.671345,25.566597
2022-03-08 06:00:00,22.4,23.059412,26.175476
2022-03-08 07:00:00,23.1,24.700548,26.776161
2022-03-08 08:00:00,25.2,27.166311,28.298344
2022-03-08 09:00:00,28.2,28.861609,30.881804
2022-03-08 10:00:00,30.3,30.021845,31.817402
2022-03-08 11:00:00,31.2,30.780464,31.721767
2022-03-08 12:00:00,31.1,30.794613,32.29795
2022-03-08 13:00:00,31.0,30.584532,31.965628
2022-03-08 14:00:00,30.6,30.37073,31.621628
2022-03-08 15:00:00,30.1,29.709312,30.802319
2022-03-08 16:00:00,29.3,28.849808,30.057438
2022-03-08 17:00:00,28.3,28.03691,29.216404
2022-03-08 18:00:00,26.7,26.955261,28.390497
2022-03-08 19:00:00,26.2,26.40364,27.47774
2022-03-08 20:00:00,25.9,26.045341,27.081411
2022-03-08 21:00:00,25.5,25.684637,26.81864
2022-03-08 22:00:00,24.7,25.253437,26.528072
2022-03-08 23:00:00,24.2,25.037271,26.321733
2022-03-09 00:00:00,23.3,24.703693,26.07002
2022-03-09 01:00:00,23.4,24.199135,25.334137
2022-03-09 02:00:00,23.6,24.093386,25.056934
2022-03-09 03:00:00,23.4,24.04811,25.938995
2022-03-09 04:00:00,21.9,22.739614,25.716028
2022-03-09 05:00:00,22.4,22.887375,24.894945
2022-03-09 06:00:00,22.6,23.18935,26.236256
2022-03-09 07:00:00,23.3,23.837273,26.352566
2022-03-09 08:00:00,25.4,26.23274,27.500282
2022-03-09 09:00:00,27.8,28.48688,29.614292
2022-03-09 10:00:00,29.5,30.223759,32.16048
2022-03-09 11:00:00,30.5,31.327106,32.18209
2022-03-09 12:00:00,30.7,31.384663,32.70489
2022-03-09 13:00:00,30.5,31.163671,32.565205
2022-03-09 14:00:00,30.1,30.625134,32.062424
2022-03-09 15:00:00,29.4,29.823889,31.467453
2022-03-09 16:00:00,28.7,29.102535,30.417442
2022-03-09 17:00:00,27.9,28.063295,29.620274
2022-03-09 18:00:00,26.6,26.925255,28.69192
2022-03-09 19:00:00,26.0,26.31332,27.392632
2022-03-09 20:00:00,25.4,26.054579,26.959778
2022-03-09 21:00:00,25.0,25.622313,26.57714
2022-03-09 22:00:00,24.6,24.898,26.306236
2022-03-09 23:00:00,23.9,24.670527,25.853107
2022-03-10 00:00:00,23.3,23.984825,25.562023
2022-03-10 01:00:00,22.9,23.571543,24.767319
2022-03-10 02:00:00,22.9,23.394894,24.699589
2022-03-10 03:00:00,22.2,23.140263,24.995115
2022-03-10 04:00:00,22.0,21.855875,25.118692
2022-03-10 05:00:00,22.4,22.130198,25.271988
2022-03-10 06:00:00,22.8,23.257847,25.823505
2022-03-10 07:00:00,23.9,24.155985,26.43388
2022-03-10 08:00:00,26.5,26.06886,27.21597
2022-03-10 09:00:00,28.4,27.834211,29.001797
2022-03-10 10:00:00,29.7,29.90461,30.91894
2022-03-10 11:00:00,30.4,30.810177,31.54726
2022-03-10 12:00:00,30.6,31.031746,32.27709
2022-03-10 13:00:00,30.6,30.729397,32.04417
2022-03-10 14:00:00,30.5,30.342903,31.568367
2022-03-10 15:00:00,29.7,29.656403,30.755718
2022-03-10 16:00:00,28.6,28.887562,29.841759
2022-03-10 17:00:00,27.7,27.934116,29.035793
2022-03-10 18:00:00,26.5,26.817484,28.26627
2022-03-10 19:00:00,25.9,26.196379,27.197193
2022-03-10 20:00:00,25.6,25.599543,26.666206
2022-03-10 21:00:00,24.9,25.11477,26.277756
2022-03-10 22:00:00,23.7,24.84206,25.995052
2022-03-10 23:00:00,23.3,24.491947,25.642487
2022-03-11 00:00:00,23.2,24.0937,25.316868
2022-03-11 01:00:00,23.2,23.462883,24.562332
2022-03-11 02:00:00,22.4,23.047241,24.524342
2022-03-11 03:00:00,22.5,22.291365,24.820654
2022-03-11 04:00:00,22.3,21.748375,24.798933
2022-03-11 05:00:00,22.7,21.86205,25.131605
2022-03-11 06:00:00,22.7,22.462547,25.465466
2022-03-11 07:00:00,23.2,24.498938,26.227003
2022-03-11 08:00:00,25.1,26.074183,27.258196
2022-03-11 09:00:00,27.5,28.207945,28.59575
2022-03-11 10:00:00,29.3,29.658148,30.60606
2022-03-11 11:00:00,30.5,30.423948,31.394878
2022-03-11 12:00:00,31.2,30.674828,31.737207
2022-03-11 13:00:00,31.5,30.643156,31.622643
2022-03-11 14:00:00,31.3,30.35136,31.549303
2022-03-11 15:00:00,30.6,29.601482,30.939144
2022-03-11 16:00:00,29.6,28.678043,29.979698
2022-03-11 17:00:00,28.6,27.753473,28.948082
2022-03-11 18:00:00,26.8,26.665081,28.041405
2022-03-11 19:00:00,26.1,26.181185,27.140837
2022-03-11 20:00:00,25.7,25.763096,26.753971
2022-03-11 21:00:00,25.4,25.257391,26.32576
2022-03-11 22:00:00,24.8,24.723104,25.847805
2022-03-11 23:00:00,24.1,24.104925,25.427803
2022-03-12 00:00:00,23.6,23.754854,25.216978
2022-03-12 01:00:00,24.8,23.457659,24.524387
2022-03-12 02:00:00,22.5,22.636768,24.659515
2022-03-12 03:00:00,22.3,22.170578,24.87315
2022-03-12 04:00:00,21.9,22.534212,25.04968
2022-03-12 05:00:00,22.3,22.76898,25.461912
2022-03-12 06:00:00,22.3,22.962152,25.917068
2022-03-12 07:00:00,23.5,23.56464,26.337845
2022-03-12 08:00:00,26.2,25.149662,26.985542
2022-03-12 09:00:00,28.9,27.29216,28.771908
2022-03-12 10:00:00,30.7,29.42007,29.841812
2022-03-12 11:00:00,31.6,30.449814,31.255142
2022-03-12 12:00:00,31.9,30.889439,31.667255
2022-03-12 13:00:00,31.8,31.242083,32.11826
2022-03-12 14:00:00,31.2,31.355291,31.9665
2022-03-12 15:00:00,30.5,30.616657,31.309523
2022-03-12 16:00:00,29.7,29.113224,30.411156
2022-03-12 17:00:00,28.7,28.473936,29.48225
2022-03-12 18:00:00,27.4,27.200214,28.584805
2022-03-12 19:00:00,26.8,26.445951,27.17907
2022-03-12 20:00:00,26.5,25.9686,26.753498
2022-03-12 21:00:00,26.2,25.652405,26.36226
2022-03-12 22:00:00,25.5,24.982841,25.958992
2022-03-12 23:00:00,24.7,24.846405,25.506413
2022-03-13 00:00:00,24.5,24.134436,25.172132
2022-03-13 01:00:00,23.4,24.167267,24.663174
2022-03-13 02:00:00,22.7,23.497688,25.087282
2022-03-13 03:00:00,22.2,22.418133,24.398739
2022-03-13 04:00:00,22.2,22.037403,25.125881
2022-03-13 05:00:00,22.4,21.945364,25.474941
2022-03-13 06:00:00,22.7,22.544933,25.963959
2022-03-13 07:00:00,23.9,24.312376,26.361763
2022-03-13 08:00:00,27.2,26.60651,27.280584
2022-03-13 09:00:00,29.7,28.702738,29.21613
2022-03-13 10:00:00,31.7,30.155355,30.712404
2022-03-13 11:00:00,32.6,31.39133,32.08179
2022-03-13 12:00:00,32.5,31.81138,32.46258
2022-03-13 13:00:00,32.0,31.68416,32.48567
2022-03-13 14:00:00,31.6,31.433084,32.25319
2022-03-13 15:00:00,30.9,30.435188,31.28244
2022-03-13 16:00:00,29.8,29.675892,30.42596
2022-03-13 17:00:00,28.5,28.71991,29.553982
2022-03-13 18:00:00,27.2,27.4008,28.765615
2022-03-13 19:00:00,26.7,26.685043,27.646358
2022-03-13 20:00:00,26.3,26.40179,27.229347
2022-03-13 21:00:00,25.8,26.174316,26.954718
2022-03-13 22:00:00,25.1,25.64936,26.605253
2022-03-13 23:00:00,25.2,25.134867,26.01025
2022-03-14 00:00:00,24.5,24.503275,25.520473
2022-03-14 01:00:00,25.2,24.060799,25.238049
2022-03-14 02:00:00,23.1,23.4583,25.156755
2022-03-14 03:00:00,22.7,22.594696,25.036133
2022-03-14 04:00:00,23.0,21.921486,25.20527
2022-03-14 05:00:00,23.0,22.604507,25.534496
2022-03-14 06:00:00,23.0,23.215132,25.942108
2022-03-14 07:00:00,23.4,24.69283,26.494057
2022-03-14 08:00:00,25.9,27.829506,27.652512
2022-03-14 09:00:00,29.2,29.598133,30.445389
2022-03-14 10:00:00,31.4,31.257208,31.11122
2022-03-14 11:00:00,32.4,32.27113,32.88034
2022-03-14 12:00:00,32.9,32.390915,33.165524
2022-03-14 13:00:00,32.2,32.09128,32.896896
2022-03-14 14:00:00,31.7,31.593517,32.221123
2022-03-14 15:00:00,30.6,30.712843,31.499577
2022-03-14 16:00:00,29.4,29.940258,30.588455
2022-03-14 17:00:00,28.5,28.773981,29.653154
2022-03-14 18:00:00,26.9,27.514275,28.692379
2022-03-14 19:00:00,26.4,26.926468,27.63767
2022-03-14 20:00:00,26.2,26.572754,27.209679
2022-03-14 21:00:00,26.2,26.12442,26.894108
2022-03-14 22:00:00,25.9,25.738194,26.43304
2022-03-14 23:00:00,24.3,25.50048,26.223505
2022-03-15 00:00:00,23.7,25.245829,26.466555
2022-03-15 01:00:00,23.4,25.170485,25.64392
2022-03-15 02:00:00,23.1,24.472448,26.243847
2022-03-15 03:00:00,22.9,23.61937,25.167923
2022-03-15 04:00:00,22.8,23.426329,25.506216
2022-03-15 05:00:00,22.9,23.900322,25.706678
2022-03-15 06:00:00,23.0,24.078182,26.003323
2022-03-15 07:00:00,24.5,24.744293,26.737385
2022-03-15 08:00:00,27.2,27.16089,27.689205
2022-03-15 09:00:00,30.2,30.159771,30.235758
2022-03-15 10:00:00,32.4,31.792416,32.632236
2022-03-15 11:00:00,32.6,32.348,33.008343
2022-03-15 12:00:00,31.7,32.784695,33.2096
2022-03-15 13:00:00,32.2,32.47109,33.305458
2022-03-15 14:00:00,32.1,32.1055,32.483944
2022-03-15 15:00:00,30.8,30.828823,31.958817
2022-03-15 16:00:00,29.9,29.685621,30.642605
2022-03-15 17:00:00,28.6,28.683964,29.617668
2022-03-15 18:00:00,27.0,27.52805,28.913147
2022-03-15 19:00:00,26.4,26.741127,27.681835
2022-03-15 20:00:00,26.1,26.47537,27.318317
2022-03-15 21:00:00,25.4,26.409206,27.159134
2022-03-15 22:00:00,24.7,26.141321,27.069088
2022-03-15 23:00:00,24.5,25.44313,26.910116
2022-03-16 00:00:00,24.2,25.131687,26.45549
2022-03-16 01:00:00,23.7,24.666412,25.437597
2022-03-16 02:00:00,23.0,24.059292,25.67015
2022-03-16 03:00:00,22.7,24.046778,25.410831
2022-03-16 04:00:00,22.7,24.073545,25.534782
2022-03-16 05:00:00,22.9,24.060137,25.906143
2022-03-16 06:00:00,23.3,24.340208,26.329441
2022-03-16 07:00:00,24.8,25.27185,26.725866
2022-03-16 08:00:00,27.2,28.066404,28.337093
2022-03-16 09:00:00,29.8,30.60637,31.084698
2022-03-16 10:00:00,32.0,32.60708,33.136246
2022-03-16 11:00:00,32.6,32.34794,34.477776
2022-03-16 12:00:00,32.4,32.318413,33.271957
2022-03-16 13:00:00,32.5,32.154152,32.420784
2022-03-16 14:00:00,32.4,31.974936,33.043785
2022-03-16 15:00:00,31.9,30.63483,32.51529
2022-03-16 16:00:00,30.4,30.058744,30.806467
2022-03-16 17:00:00,28.9,29.089333,30.181793
2022-03-16 18:00:00,27.1,27.75486,29.322113
2022-03-16 19:00:00,26.7,27.056942,27.951202
2022-03-16 20:00:00,26.5,26.591719,27.62513
2022-03-16 21:00:00,26.2,26.125082,27.372833
2022-03-16 22:00:00,25.9,25.528233,26.970444
2022-03-16 23:00:00,25.8,25.25118,26.665468
2022-03-17 00:00:00,25.7,25.123959,26.45966
2022-03-17 01:00:00,25.5,24.89657,25.701649
2022-03-17 02:00:00,25.1,24.473642,25.582
2022-03-17 03:00:00,24.4,23.673418,25.385653
2022-03-17 04:00:00,23.7,23.443953,25.828548
2022-03-17 05:00:00,24.9,23.922426,26.025627
2022-03-17 06:00:00,24.6,24.577677,26.540442
2022-03-17 07:00:00,25.3,25.467682,27.086681
2022-03-17 08:00:00,27.3,27.941458,28.698832
2022-03-17 09:00:00,29.6,30.407238,30.66021
2022-03-17 10:00:00,31.4,32.265278,32.710857
2022-03-17 11:00:00,32.2,32.514587,33.921394
2022-03-17 12:00:00,31.9,32.4582,33.223717
2022-03-17 13:00:00,31.2,32.500664,32.684353
2022-03-17 14:00:00,31.1,32.22535,33.05578
2022-03-17 15:00:00,30.5,31.556355,32.803032
2022-03-17 16:00:00,29.8,30.56912,31.774378
2022-03-17 17:00:00,29.1,29.273611,30.258049
2022-03-17 18:00:00,27.4,27.913115,29.340433
2022-03-17 19:00:00,26.8,27.294846,28.012775
2022-03-17 20:00:00,26.7,26.946287,27.727955
2022-03-17 21:00:00,26.6,26.561434,27.371452
2022-03-17 22:00:00,26.4,26.342384,26.995434
2022-03-17 23:00:00,26.1,26.273787,26.812828
2022-03-18 00:00:00,26.0,26.09456,26.726458
2022-03-18 01:00:00,25.9,25.838287,26.229437
2022-03-18 02:00:00,25.9,25.549347,26.209732
2022-03-18 03:00:00,25.9,25.159689,26.064802
2022-03-18 04:00:00,25.6,24.78475,26.012775
2022-03-18 05:00:00,25.5,25.143757,26.074095
2022-03-18 06:00:00,25.8,25.195847,27.180454
2022-03-18 07:00:00,27.1,25.687294,27.144424
2022-03-18 08:00:00,28.7,27.443344,28.478355
2022-03-18 09:00:00,30.4,29.652372,30.817562
2022-03-18 10:00:00,32.0,31.594402,32.372032
2022-03-18 11:00:00,33.0,32.276886,33.350777
2022-03-18 12:00:00,32.2,32.31569,33.134083
2022-03-18 13:00:00,31.1,32.037537,32.598995
2022-03-18 14:00:00,31.1,31.74064,32.343136
2022-03-18 15:00:00,30.6,31.062407,32.035816
2022-03-18 16:00:00,29.7,30.22055,30.989185
2022-03-18 17:00:00,28.9,29.196531,30.22535
2022-03-18 18:00:00,27.8,28.183516,29.560959
2022-03-18 19:00:00,27.7,27.42351,28.087154
2022-03-18 20:00:00,27.5,27.303852,27.733837
2022-03-18 21:00:00,27.3,26.882647,27.38024
2022-03-18 22:00:00,27.1,26.602692,27.0885
2022-03-18 23:00:00,26.8,26.177507,26.82957
2022-03-19 00:00:00,26.5,26.125134,26.701233
2022-03-19 01:00:00,26.4,26.036901,26.272388
2022-03-19 02:00:00,26.3,25.933895,26.333042
2022-03-19 03:00:00,26.1,25.856611,26.5635
2022-03-19 04:00:00,26.1,25.720192,26.72116
2022-03-19 05:00:00,26.4,25.343216,26.840887
2022-03-19 06:00:00,26.5,25.678062,27.453817
2022-03-19 07:00:00,27.7,27.264507,27.928566
2022-03-19 08:00:00,29.4,28.605392,29.503822
2022-03-19 09:00:00,31.2,30.319511,31.016256
2022-03-19 10:00:00,32.6,31.946669,32.43335
2022-03-19 11:00:00,33.7,32.54479,33.553917
2022-03-19 12:00:00,31.7,32.407406,33.672447
2022-03-19 13:00:00,29.6,31.90013,32.298046
2022-03-19 14:00:00,30.4,31.404995,31.638134
2022-03-19 15:00:00,30.2,30.732439,31.697577
2022-03-19 16:00:00,30.4,29.975166,30.757015
2022-03-19 17:00:00,29.8,29.309416,29.949759
2022-03-19 18:00:00,28.4,28.252123,29.327217
2022-03-19 19:00:00,27.9,27.921919,28.133144
2022-03-19 20:00:00,27.7,27.72451,28.092052
2022-03-19 21:00:00,27.6,27.518362,27.659996
2022-03-19 22:00:00,28.0,27.276913,27.312845
2022-03-19 23:00:00,28.0,26.856236,27.266947
2022-03-20 00:00:00,27.8,26.390072,27.12874
2022-03-20 01:00:00,27.3,26.13954,26.51565
2022-03-20 02:00:00,26.9,25.964499,26.714514
2022-03-20 03:00:00,26.3,26.003214,26.834135
2022-03-20 04:00:00,27.3,26.052092,26.908535
2022-03-20 05:00:00,26.5,26.046349,27.118301
2022-03-20 06:00:00,26.6,26.082245,27.71503
2022-03-20 07:00:00,28.5,27.34459,27.995163
2022-03-20 08:00:00,30.2,29.084917,29.751045
2022-03-20 09:00:00,31.9,30.903683,30.96933
2022-03-20 10:00:00,33.3,32.22812,32.341293
2022-03-20 11:00:00,33.3,33.293266,33.321095
2022-03-20 12:00:00,32.8,32.60355,33.593086
2022-03-20 13:00:00,32.6,32.322544,31.752682
2022-03-20 14:00:00,32.5,30.751833,31.258848
2022-03-20 15:00:00,31.9,30.412935,31.482986
2022-03-20 16:00:00,31.0,30.284033,30.714062
2022-03-20 17:00:00,29.9,29.551958,30.21592
2022-03-20 18:00:00,29.0,28.525436,29.394753
2022-03-20 19:00:00,28.5,27.97595,28.310247
2022-03-20 20:00:00,28.6,27.646952,28.177921
2022-03-20 21:00:00,28.4,27.541355,27.68983
2022-03-20 22:00:00,28.4,27.63482,27.563046
2022-03-20 23:00:00,27.9,27.55706,27.73766
2022-03-21 00:00:00,27.9,27.313725,27.57471
2022-03-21 01:00:00,27.8,26.967701,26.98433
2022-03-21 02:00:00,27.6,26.583538,26.860142
2022-03-21 03:00:00,27.5,26.146017,26.996407
2022-03-21 04:00:00,27.2,26.682964,26.986856
2022-03-21 05:00:00,27.3,26.455675,27.937548
2022-03-21 06:00:00,27.3,26.549505,27.506538
2022-03-21 07:00:00,28.4,28.299068,27.855856
2022-03-21 08:00:00,30.2,29.971458,30.30952
2022-03-21 09:00:00,31.9,31.238653,31.388681
2022-03-21 10:00:00,32.9,32.284016,32.858986
2022-03-21 11:00:00,33.2,32.925896,33.325397
2022-03-21 12:00:00,33.2,32.75808,32.791042
2022-03-21 13:00:00,32.6,32.401627,32.299313
2022-03-21 14:00:00,32.1,32.290607,32.191307
2022-03-21 15:00:00,31.3,31.36175,31.969418
2022-03-21 16:00:00,30.9,30.888056,31.065071
2022-03-21 17:00:00,30.5,29.959314,30.470984
2022-03-21 18:00:00,29.1,28.991837,29.654541
2022-03-21 19:00:00,28.9,28.558735,28.812227
2022-03-21 20:00:00,28.5,28.63292,28.437254
2022-03-21 21:00:00,28.1,28.413513,28.084179
2022-03-21 22:00:00,28.0,28.32218,27.716143
2022-03-21 23:00:00,27.9,28.010027,27.80331
2022-03-22 00:00:00,27.6,27.72605,27.522615
2022-03-22 01:00:00,27.5,27.447802,27.083729
2022-03-22 02:00:00,27.3,27.201954,27.202084
2022-03-22 03:00:00,27.1,27.102558,27.25335
2022-03-22 04:00:00,27.0,27.10434,27.37037
2022-03-22 05:00:00,27.1,26.626467,27.636051
2022-03-22 06:00:00,27.5,26.781904,27.439108
2022-03-22 07:00:00,28.5,28.333256,28.770695
2022-03-22 08:00:00,30.1,29.966864,30.118538
2022-03-22 09:00:00,31.4,31.533323,31.942211
2022-03-22 10:00:00,32.2,32.654915,32.138268
2022-03-22 11:00:00,32.6,32.729225,32.935566
2022-03-22 12:00:00,32.2,32.86431,32.92382
2022-03-22 13:00:00,32.3,32.683186,32.53694
2022-03-22 14:00:00,31.9,31.87201,32.160866
2022-03-22 15:00:00,31.2,31.311394,31.78575
2022-03-22 16:00:00,30.2,30.856188,31.000408
2022-03-22 17:00:00,29.4,30.20247,30.327545
2022-03-22 18:00:00,28.6,29.150974,29.23088
2022-03-22 19:00:00,28.4,28.747889,28.303122
2022-03-22 20:00:00,28.2,28.529322,28.193176
2022-03-22 21:00:00,27.9,28.099457,27.776325
2022-03-22 22:00:00,27.7,27.859205,27.48608
2022-03-22 23:00:00,27.4,27.698895,27.489305
2022-03-23 00:00:00,27.3,27.355944,27.50558
2022-03-23 01:00:00,27.4,27.057392,27.04628
2022-03-23 02:00:00,27.1,26.98237,27.085701
2022-03-23 03:00:00,26.7,26.855062,27.174555
2022-03-23 04:00:00,26.6,26.512127,27.269814
2022-03-23 05:00:00,26.5,26.701977,27.59312
2022-03-23 06:00:00,26.6,26.793499,27.96608
2022-03-23 07:00:00,28.0,28.14391,28.607752
2022-03-23 08:00:00,29.5,29.927761,29.941021
2022-03-23 09:00:00,31.0,31.261648,31.521204
2022-03-23 10:00:00,32.0,32.239994,32.43172
2022-03-23 11:00:00,32.0,32.935455,33.109177
2022-03-23 12:00:00,31.8,32.612606,33.083626
2022-03-23 13:00:00,31.6,32.68061,32.688698
2022-03-23 14:00:00,31.0,31.850733,32.568573
2022-03-23 15:00:00,30.3,31.292717,31.937206
2022-03-23 16:00:00,29.6,30.591568,31.076855
2022-03-23 17:00:00,29.0,29.715872,30.166653
2022-03-23 18:00:00,28.3,28.850348,29.715431
2022-03-23 19:00:00,28.0,28.723995,28.684435
2022-03-23 20:00:00,27.8,28.203144,28.527357
2022-03-23 21:00:00,27.8,27.701426,28.115177
2022-03-23 22:00:00,27.5,27.492193,27.769562
2022-03-23 23:00:00,27.3,27.195724,27.649681
2022-03-24 00:00:00,27.3,27.011404,27.502068
2022-03-24 01:00:00,27.0,27.133575,26.95078
2022-03-24 02:00:00,26.8,26.805687,27.122196
2022-03-24 03:00:00,26.6,26.468754,27.116478
2022-03-24 04:00:00,26.4,26.355446,27.261227
2022-03-24 05:00:00,26.2,26.194216,27.505219
2022-03-24 06:00:00,26.7,26.616137,27.796057
2022-03-24 07:00:00,28.3,27.81784,28.466433
2022-03-24 08:00:00,29.6,29.503878,30.027155
2022-03-24 09:00:00,30.7,30.939058,31.342384
2022-03-24 10:00:00,31.2,31.809837,32.431927
2022-03-24 11:00:00,31.6,31.949268,32.997017
2022-03-24 12:00:00,31.7,31.912186,32.748627
2022-03-24 13:00:00,31.6,31.713398,32.601494
2022-03-24 14:00:00,31.1,31.16836,32.287037
2022-03-24 15:00:00,30.7,30.71661,31.564186
2022-03-24 16:00:00,29.9,29.767702,30.74125
2022-03-24 17:00:00,29.4,29.16583,30.07899
2022-03-24 18:00:00,28.5,28.461782,29.35508
2022-03-24 19:00:00,28.2,28.043678,28.64376
2022-03-24 20:00:00,28.1,27.660799,28.397343
2022-03-24 21:00:00,27.9,27.564713,28.01072
2022-03-24 22:00:00,27.7,27.325302,27.89234
2022-03-24 23:00:00,27.3,27.166496,27.68356
2022-03-25 00:00:00,27.0,27.036001,27.574387
2022-03-25 01:00:00,26.8,26.861992,27.167683
2022-03-25 02:00:00,26.6,26.510342,27.108707
2022-03-25 03:00:00,26.3,26.338871,27.134018
2022-03-25 04:00:00,26.2,26.08444,27.233097
2022-03-25 05:00:00,26.5,25.903967,27.509615
2022-03-25 06:00:00,26.7,26.32191,27.67479
2022-03-25 07:00:00,28.1,28.057795,28.468191
2022-03-25 08:00:00,29.7,29.486532,30.107485
2022-03-25 09:00:00,31.2,30.595472,31.281992
2022-03-25 10:00:00,32.0,31.35836,32.115654
2022-03-25 11:00:00,31.6,31.754847,32.67743
2022-03-25 12:00:00,31.7,31.86761,32.67888
2022-03-25 13:00:00,31.6,31.696768,32.712242
2022-03-25 14:00:00,30.6,31.331306,32.267532
2022-03-25 15:00:00,30.6,30.619083,31.667437
2022-03-25 16:00:00,29.8,29.859398,31.048458
2022-03-25 17:00:00,29.5,29.18034,30.144941
2022-03-25 18:00:00,28.7,28.381714,29.626017
2022-03-25 19:00:00,28.5,28.106153,28.749666
2022-03-25 20:00:00,28.3,27.94453,28.564121
2022-03-25 21:00:00,28.1,27.774734,28.311447
2022-03-25 22:00:00,27.9,27.552206,27.961704
2022-03-25 23:00:00,27.6,27.100603,27.777756
2022-03-26 00:00:00,27.4,26.793684,27.597588
2022-03-26 01:00:00,27.1,26.461231,27.019634
2022-03-26 02:00:00,26.8,26.364353,27.018139
2022-03-26 03:00:00,26.5,26.042719,27.073257
2022-03-26 04:00:00,26.2,25.922613,27.083702
2022-03-26 05:00:00,26.1,26.051414,27.351562
2022-03-26 06:00:00,26.4,26.487137,28.085587
2022-03-26 07:00:00,27.8,27.897596,28.474312
2022-03-26 08:00:00,29.5,29.514511,30.186016
2022-03-26 09:00:00,31.2,30.871601,31.437996
2022-03-26 10:00:00,32.0,31.6514,32.57932
2022-03-26 11:00:00,32.3,31.729067,32.98929
2022-03-26 12:00:00,32.4,31.803635,32.421204
2022-03-26 13:00:00,32.2,31.650335,32.59901
2022-03-26 14:00:00,31.9,31.092165,32.319687
2022-03-26 15:00:00,31.4,30.52278,31.298435
2022-03-26 16:00:00,30.5,29.875378,31.109852
2022-03-26 17:00:00,29.6,29.36164,30.149342
2022-03-26 18:00:00,28.4,28.588108,29.811457
2022-03-26 19:00:00,28.3,28.259504,28.938576
2022-03-26 20:00:00,28.0,28.08305,28.663254
2022-03-26 21:00:00,27.7,27.873861,28.399239
2022-03-26 22:00:00,27.5,27.679943,28.114965
2022-03-26 23:00:00,27.3,27.284912,27.953722
2022-03-27 00:00:00,26.9,27.077196,27.79925
2022-03-27 01:00:00,26.6,26.79565,27.258364
2022-03-27 02:00:00,26.3,26.460169,27.13773
2022-03-27 03:00:00,26.1,26.130974,27.149445
2022-03-27 04:00:00,25.9,25.922934,27.260334
2022-03-27 05:00:00,26.5,25.886467,27.363678
2022-03-27 06:00:00,27.1,26.199118,27.785477
2022-03-27 07:00:00,28.3,27.683504,28.297848
2022-03-27 08:00:00,29.9,29.609095,30.118025
2022-03-27 09:00:00,31.5,31.00228,31.53559
2022-03-27 10:00:00,32.8,31.79457,32.79412
2022-03-27 11:00:00,33.3,32.142822,33.103645
2022-03-27 12:00:00,32.6,32.206657,33.050148
2022-03-27 13:00:00,32.1,32.06493,33.087975
2022-03-27 14:00:00,31.9,31.675013,32.631363
2022-03-27 15:00:00,31.5,31.048372,32.083897
2022-03-27 16:00:00,30.5,30.437494,31.47487
2022-03-27 17:00:00,29.6,29.526487,30.505835
2022-03-27 18:00:00,28.6,28.6575,29.7989
2022-03-27 19:00:00,28.4,28.347492,28.80107
2022-03-27 20:00:00,28.1,27.915255,28.668148
2022-03-27 21:00:00,27.8,27.704601,28.199154
2022-03-27 22:00:00,27.6,27.365456,27.9426
2022-03-27 23:00:00,27.4,27.280346,27.76228
2022-03-28 00:00:00,27.2,26.845684,27.710262
2022-03-28 01:00:00,27.0,26.555523,27.03584
2022-03-28 02:00:00,26.7,26.119867,26.973545
2022-03-28 03:00:00,26.5,25.876957,26.991713
2022-03-28 04:00:00,26.5,25.761269,27.022501
2022-03-28 05:00:00,26.4,26.136583,27.295464
2022-03-28 06:00:00,27.0,26.83387,28.03164
2022-03-28 07:00:00,28.1,28.025599,28.638815
2022-03-28 08:00:00,29.7,29.755905,30.17157
2022-03-28 09:00:00,31.6,31.225203,31.55754
2022-03-28 10:00:00,33.1,32.79688,32.889297
2022-03-28 11:00:00,33.9,33.21079,33.728188
2022-03-28 12:00:00,33.7,32.710487,33.551228
2022-03-28 13:00:00,33.0,32.180767,32.74265
2022-03-28 14:00:00,32.1,31.820541,32.53645
2022-03-28 15:00:00,31.4,31.440945,32.228977
2022-03-28 16:00:00,30.7,30.614391,31.422224
2022-03-28 17:00:00,29.4,29.640789,30.454193
2022-03-28 18:00:00,28.5,28.787066,29.718307
2022-03-28 19:00:00,28.3,28.493181,28.944756
2022-03-28 20:00:00,28.1,28.23678,28.685474
2022-03-28 21:00:00,28.0,28.01212,28.296434
2022-03-28 22:00:00,27.8,27.776066,27.977955
2022-03-28 23:00:00,27.6,27.53702,27.906057
2022-03-29 00:00:00,27.4,27.20333,27.683159
2022-03-29 01:00:00,27.2,26.960602,27.124474
2022-03-29 02:00:00,27.1,26.682697,27.110115
2022-03-29 03:00:00,27.2,26.346237,27.019947
2022-03-29 04:00:00,27.3,26.156038,27.260994
2022-03-29 05:00:00,27.6,26.166882,27.5542
2022-03-29 06:00:00,27.9,26.955553,27.867153
2022-03-29 07:00:00,28.7,28.1375,28.803963
2022-03-29 08:00:00,30.2,29.96626,30.080585
2022-03-29 09:00:00,31.8,31.818874,31.592825
2022-03-29 10:00:00,33.3,33.001713,33.086647
2022-03-29 11:00:00,34.2,33.533333,33.992935
2022-03-29 12:00:00,34.1,33.38761,34.02999
2022-03-29 13:00:00,33.3,33.1417,33.448048
2022-03-29 14:00:00,32.3,32.170654,32.763638
2022-03-29 15:00:00,31.7,31.525436,32.134693
2022-03-29 16:00:00,31.0,30.64879,31.422752
2022-03-29 17:00:00,30.2,29.60487,30.59321
2022-03-29 18:00:00,28.9,28.769917,29.480679
2022-03-29 19:00:00,28.6,28.498438,28.95446
2022-03-29 20:00:00,28.3,28.16455,28.601402
2022-03-29 21:00:00,28.0,28.077414,28.294706
2022-03-29 22:00:00,27.8,27.84025,28.083508
2022-03-29 23:00:00,27.8,27.671011,27.82728
2022-03-30 00:00:00,27.8,27.36243,27.73889
2022-03-30 01:00:00,27.6,27.311188,27.187834
2022-03-30 02:00:00,27.4,27.089306,27.052946
2022-03-30 03:00:00,27.1,27.125391,27.183334
2022-03-30 04:00:00,26.8,27.2611,27.506908
2022-03-30 05:00:00,27.3,27.459158,27.796432
2022-03-30 06:00:00,27.3,27.748749,28.364779
2022-03-30 07:00:00,28.5,28.675344,28.952343
2022-03-30 08:00:00,30.1,30.399261,30.107002
2022-03-30 09:00:00,31.9,32.13633,31.745949
2022-03-30 10:00:00,33.5,33.420204,32.99345
2022-03-30 11:00:00,34.3,33.733112,34.097355
2022-03-30 12:00:00,34.0,33.698627,34.15331
2022-03-30 13:00:00,33.8,33.33246,33.671467
2022-03-30 14:00:00,33.0,32.431324,32.653534
2022-03-30 15:00:00,32.0,31.818052,32.14967
2022-03-30 16:00:00,31.1,30.891012,31.51258
2022-03-30 17:00:00,30.2,30.10648,30.593294
2022-03-30 18:00:00,28.9,29.105541,29.866451
2022-03-30 19:00:00,28.6,28.709553,28.885118
2022-03-30 20:00:00,28.3,28.39563,28.735683
2022-03-30 21:00:00,28.2,28.143274,28.369158
2022-03-30 22:00:00,28.0,27.91307,28.046764
2022-03-30 23:00:00,27.7,27.83331,27.78633
2022-03-31 00:00:00,27.5,27.593277,27.825085
2022-03-31 01:00:00,27.1,27.365538,27.347538
2022-03-31 02:00:00,26.9,27.319029,27.279049
2022-03-31 03:00:00,26.8,27.144705,27.431787
2022-03-31 04:00:00,26.8,26.954641,27.546967
2022-03-31 05:00:00,27.6,27.424438,27.881706
2022-03-31 06:00:00,27.8,27.596935,28.52129
2022-03-31 07:00:00,28.7,28.678968,28.867527
2022-03-31 08:00:00,29.6,30.318163,30.473782
2022-03-31 09:00:00,31.2,32.05321,32.015377
2022-03-31 10:00:00,32.3,33.462296,33.4721
2022-03-31 11:00:00,32.3,33.77191,34.429955
2022-03-31 12:00:00,32.2,33.729324,34.578762
2022-03-31 13:00:00,31.5,33.55334,33.69936
2022-03-31 14:00:00,31.4,33.1913,33.23369
2022-03-31 15:00:00,30.9,31.937477,32.4942
2022-03-31 16:00:00,30.2,31.14163,31.647375
2022-03-31 17:00:00,29.6,30.28394,30.849611
2022-03-31 18:00:00,28.7,29.258215,29.910902
2022-03-31 19:00:00,28.2,28.78986,28.814772
2022-03-31 20:00:00,28.1,28.378687,28.634626
2022-03-31 21:00:00,27.9,28.250605,28.247536
2022-03-31 22:00:00,27.8,28.105583,28.090622
2022-03-31 23:00:00,27.5,27.86021,27.925995
2022-04-01 00:00:00,27.4,27.599092,27.800323
2022-04-01 01:00:00,27.2,27.404573,27.355816
2022-04-01 02:00:00,27.0,26.829044,27.230331
2022-04-01 03:00:00,26.9,26.824436,27.336128
2022-04-01 04:00:00,26.7,26.776155,27.438726
2022-04-01 05:00:00,26.9,27.546074,27.791458
2022-04-01 06:00:00,27.1,27.799,28.743347
2022-04-01 07:00:00,28.3,28.731655,29.065472
2022-04-01 08:00:00,29.6,29.938704,30.362967
2022-04-01 09:00:00,30.9,31.623724,31.43041
2022-04-01 10:00:00,31.8,32.617012,33.01869
2022-04-01 11:00:00,32.6,32.824543,33.518646
2022-04-01 12:00:00,32.5,32.401886,33.269302
2022-04-01 13:00:00,32.1,31.936823,33.099472
2022-04-01 14:00:00,31.6,31.524834,32.40952
2022-04-01 15:00:00,31.1,31.181967,32.095894
2022-04-01 16:00:00,30.0,30.699497,31.27895
2022-04-01 17:00:00,29.1,29.727112,30.620323
2022-04-01 18:00:00,28.2,28.869951,29.927599
2022-04-01 19:00:00,27.8,28.436651,28.985584
2022-04-01 20:00:00,27.6,28.072895,28.625807
2022-04-01 21:00:00,27.3,27.880682,28.328934
2022-04-01 22:00:00,27.1,27.720987,28.094728
2022-04-01 23:00:00,27.1,27.455095,27.885328
2022-04-02 00:00:00,26.9,27.286108,27.725693
2022-04-02 01:00:00,26.7,27.057308,27.209995
2022-04-02 02:00:00,26.4,26.803814,27.245388
2022-04-02 03:00:00,26.3,26.59032,27.295212
2022-04-02 04:00:00,26.2,26.55176,27.5264
2022-04-02 05:00:00,25.7,26.8499,27.732723
2022-04-02 06:00:00,26.1,27.295574,28.381878
2022-04-02 07:00:00,27.7,28.440983,28.85014
2022-04-02 08:00:00,29.5,29.672749,30.315283
2022-04-02 09:00:00,31.1,31.0215,31.395285
2022-04-02 10:00:00,32.1,31.956856,32.610092
2022-04-02 11:00:00,32.3,32.461796,33.231785
2022-04-02 12:00:00,31.8,32.52423,33.437737
2022-04-02 13:00:00,31.5,32.05145,32.995872
2022-04-02 14:00:00,31.3,31.711624,32.441463
2022-04-02 15:00:00,30.9,31.155018,32.020737
2022-04-02 16:00:00,30.1,30.145588,31.366268
2022-04-02 17:00:00,29.4,29.311975,30.38881
2022-04-02 18:00:00,28.4,28.43902,29.601555
2022-04-02 19:00:00,28.1,27.844482,28.819984
2022-04-02 20:00:00,27.9,27.63416,28.39188
2022-04-02 21:00:00,27.8,27.477684,28.09805
2022-04-02 22:00:00,27.7,27.311832,27.822208
2022-04-02 23:00:00,27.5,27.281925,27.668522
2022-04-03 00:00:00,27.3,26.941475,27.672121
2022-04-03 01:00:00,27.2,26.746023,27.155224
2022-04-03 02:00:00,27.1,26.54862,27.115456
2022-04-03 03:00:00,27.1,26.509863,27.159742
2022-04-03 04:00:00,26.8,26.396046,27.369287
2022-04-03 05:00:00,26.4,26.356712,27.559628
2022-04-03 06:00:00,26.6,26.628397,27.281776
2022-04-03 07:00:00,28.0,27.976881,28.357872
2022-04-03 08:00:00,29.7,29.419369,30.208656
2022-04-03 09:00:00,30.9,30.956303,31.524778
2022-04-03 10:00:00,31.4,31.97475,32.66656
2022-04-03 11:00:00,31.6,32.38238,33.178528
2022-04-03 12:00:00,31.8,32.029533,33.12199
2022-04-03 13:00:00,31.8,31.487673,32.468853
2022-04-03 14:00:00,31.5,31.364458,32.317867
2022-04-03 15:00:00,30.9,31.024385,31.780722
2022-04-03 16:00:00,30.2,30.015203,31.12254
2022-04-03 17:00:00,29.3,29.373322,30.267681
2022-04-03 18:00:00,28.3,28.447048,29.697002
2022-04-03 19:00:00,28.1,28.102102,28.74915
2022-04-03 20:00:00,27.8,27.889666,28.579685
2022-04-03 21:00:00,27.7,27.6362,28.24665
2022-04-03 22:00:00,27.6,27.50596,28.043661
2022-04-03 23:00:00,27.4,27.314196,27.903
2022-04-04 00:00:00,27.2,27.113724,27.774559
2022-04-04 01:00:00,26.9,26.946428,27.20245
2022-04-04 02:00:00,26.6,26.921665,27.253662
2022-04-04 03:00:00,26.3,26.793848,27.37233
2022-04-04 04:00:00,25.7,26.68929,27.64961
2022-04-04 05:00:00,26.0,26.544136,27.78978
2022-04-04 06:00:00,26.4,26.654774,27.885714
2022-04-04 07:00:00,27.9,27.89894,28.548056
2022-04-04 08:00:00,29.5,29.594809,30.120724
2022-04-04 09:00:00,30.8,30.901413,31.549292
2022-04-04 10:00:00,31.6,31.347847,32.254627
2022-04-04 11:00:00,31.9,31.826174,32.599785
2022-04-04 12:00:00,31.8,31.917477,32.639633
2022-04-04 13:00:00,31.7,31.908333,32.632393
2022-04-04 14:00:00,31.3,31.481558,32.415756
2022-04-04 15:00:00,30.7,30.910358,31.72366
2022-04-04 16:00:00,30.0,30.228867,31.050613
2022-04-04 17:00:00,29.2,29.481346,30.23758
2022-04-04 18:00:00,28.4,28.446682,29.502777
2022-04-04 19:00:00,28.0,28.007618,28.755653
2022-04-04 20:00:00,27.8,27.74929,28.551744
2022-04-04 21:00:00,27.6,27.594196,28.154305
2022-04-04 22:00:00,27.4,27.512762,28.0369
2022-04-04 23:00:00,27.2,27.314173,27.82271
2022-04-05 00:00:00,26.8,26.865473,27.739033
2022-04-05 01:00:00,26.3,26.757374,27.24914
2022-04-05 02:00:00,26.1,26.530138,27.212585
2022-04-05 03:00:00,25.8,26.474207,27.272213
2022-04-05 04:00:00,25.4,26.077015,27.402967
2022-04-05 05:00:00,25.4,26.229507,27.334919
2022-04-05 06:00:00,25.6,26.52176,27.983746
2022-04-05 07:00:00,27.3,27.823236,28.5214
2022-04-05 08:00:00,29.1,29.508944,30.208626
2022-04-05 09:00:00,30.5,30.577194,31.479202
2022-04-05 10:00:00,31.7,31.584864,32.365913
2022-04-05 11:00:00,31.9,31.802887,32.76556
2022-04-05 12:00:00,31.6,31.747126,32.765804
2022-04-05 13:00:00,31.8,31.712484,32.73804
2022-04-05 14:00:00,31.7,31.321129,32.427525
2022-04-05 15:00:00,31.0,30.626945,31.78129
2022-04-05 16:00:00,29.9,30.040955,31.09294
2022-04-05 17:00:00,29.2,29.281443,30.368273
2022-04-05 18:00:00,28.5,28.398815,29.586933
2022-04-05 19:00:00,28.2,27.94192,28.8265
2022-04-05 20:00:00,28.1,27.662891,28.52975
2022-04-05 21:00:00,28.0,27.493814,28.252048
2022-04-05 22:00:00,27.8,27.360584,27.976734
2022-04-05 23:00:00,27.5,27.085114,27.828243
2022-04-06 00:00:00,27.3,26.533155,27.647243
2022-04-06 01:00:00,27.0,26.481478,26.97715
2022-04-06 02:00:00,26.7,26.125444,26.90905
2022-04-06 03:00:00,26.1,25.930887,26.991346
2022-04-06 04:00:00,25.8,25.669542,26.994658
2022-04-06 05:00:00,25.9,25.844784,27.165087
2022-04-06 06:00:00,26.2,26.051153,27.218407
2022-04-06 07:00:00,27.9,27.233961,28.075747
2022-04-06 08:00:00,29.6,29.090225,29.799583
2022-04-06 09:00:00,31.2,30.50517,31.746395
2022-04-06 10:00:00,32.3,31.654417,32.167885
2022-04-06 11:00:00,32.2,31.953533,32.914154
2022-04-06 12:00:00,31.4,31.637686,32.50186
2022-04-06 13:00:00,31.5,31.789846,32.518944
2022-04-06 14:00:00,31.2,31.49142,32.585453
2022-04-06 15:00:00,30.7,30.945074,32.03841
2022-04-06 16:00:00,30.0,29.990824,31.028114
2022-04-06 17:00:00,29.6,29.351316,30.184034
2022-04-06 18:00:00,28.7,28.853014,29.56948
2022-04-06 19:00:00,28.5,28.421831,28.83128
2022-04-06 20:00:00,28.3,28.007944,28.525646
2022-04-06 21:00:00,28.2,27.87062,28.17926
2022-04-06 22:00:00,28.0,27.613056,27.884272
2022-04-06 23:00:00,27.7,27.155685,27.758102
2022-04-07 00:00:00,27.5,27.000088,27.654999
2022-04-07 01:00:00,27.4,26.828943,27.223742
2022-04-07 02:00:00,26.7,26.55605,27.06064
2022-04-07 03:00:00,26.5,26.305569,27.18592
2022-04-07 04:00:00,26.7,26.07477,27.10265
2022-04-07 05:00:00,26.9,26.161304,27.177044
2022-04-07 06:00:00,27.3,26.540943,27.473824
2022-04-07 07:00:00,28.6,27.839495,28.174826
2022-04-07 08:00:00,29.9,29.29669,30.079762
2022-04-07 09:00:00,30.8,30.7543,31.66639
2022-04-07 10:00:00,31.4,31.774046,32.748215
2022-04-07 11:00:00,31.8,32.072365,32.880207
2022-04-07 12:00:00,32.1,31.628904,32.433353
2022-04-07 13:00:00,31.8,31.430561,32.078053
2022-04-07 14:00:00,31.5,31.219776,32.200287
2022-04-07 15:00:00,31.1,30.654474,31.441507
2022-04-07 16:00:00,30.4,29.915388,30.829187
2022-04-07 17:00:00,29.9,29.335588,29.883408
2022-04-07 18:00:00,29.1,28.596756,29.557022
2022-04-07 19:00:00,28.9,28.244568,28.660072
2022-04-07 20:00:00,28.8,28.057154,28.516048
2022-04-07 21:00:00,28.7,27.896444,28.214724
2022-04-07 22:00:00,28.6,27.758026,27.96533
2022-04-07 23:00:00,28.2,27.540733,27.799902
2022-04-08 00:00:00,27.9,27.183064,27.648815
2022-04-08 01:00:00,27.6,27.080952,27.072632
2022-04-08 02:00:00,27.2,26.562319,27.19098
2022-04-08 03:00:00,26.7,26.322218,27.080921
2022-04-08 04:00:00,26.4,26.289173,27.29556
2022-04-08 05:00:00,26.6,26.522985,27.661055
2022-04-08 06:00:00,26.6,26.924576,28.218964
2022-04-08 07:00:00,27.3,28.4247,28.776869
2022-04-08 08:00:00,28.9,29.756247,30.296528
2022-04-08 09:00:00,30.3,30.84402,31.021397
2022-04-08 10:00:00,31.0,31.595266,31.912624
2022-04-08 11:00:00,31.0,31.924458,32.44521
2022-04-08 12:00:00,31.1,32.02413,32.60405
2022-04-08 13:00:00,31.4,31.992718,32.45255
2022-04-08 14:00:00,31.2,31.593494,32.033382
2022-04-08 15:00:00,30.7,31.091078,31.556828
2022-04-08 16:00:00,30.0,30.467428,30.9926
2022-04-08 17:00:00,29.7,29.885103,30.166008
2022-04-08 18:00:00,28.9,29.192091,29.597094
2022-04-08 19:00:00,28.7,28.987024,28.954048
2022-04-08 20:00:00,28.5,28.462954,28.830883
2022-04-08 21:00:00,28.3,28.392038,28.493446
2022-04-08 22:00:00,28.1,28.34955,28.298046
2022-04-08 23:00:00,27.9,27.974594,28.145672
2022-04-09 00:00:00,27.7,27.682922,27.9276
2022-04-09 01:00:00,27.0,27.473848,27.491142
2022-04-09 02:00:00,26.3,27.155397,27.430708
2022-04-09 03:00:00,27.0,26.567944,27.313972
2022-04-09 04:00:00,26.0,26.440218,27.378391
2022-04-09 05:00:00,25.7,26.656223,27.737999
2022-04-09 06:00:00,26.1,26.974651,28.234503
2022-04-09 07:00:00,27.2,27.99952,28.751709
2022-04-09 08:00:00,28.8,29.79364,29.76616
2022-04-09 09:00:00,30.6,30.90178,31.160625
2022-04-09 10:00:00,31.6,31.659935,31.07484
2022-04-09 11:00:00,31.8,31.561789,32.025066
2022-04-09 12:00:00,31.8,31.60547,31.944166
2022-04-09 13:00:00,31.9,31.642353,31.918081
2022-04-09 14:00:00,31.5,31.547499,31.866411
2022-04-09 15:00:00,31.2,30.932837,31.208092
2022-04-09 16:00:00,30.4,30.138597,30.545424
2022-04-09 17:00:00,29.8,29.684374,29.866056
2022-04-09 18:00:00,29.0,28.86515,29.480915
2022-04-09 19:00:00,28.8,28.63612,28.552664
2022-04-09 20:00:00,28.7,28.5745,28.381924
2022-04-09 21:00:00,28.6,28.312866,28.118042
2022-04-09 22:00:00,28.5,28.271362,27.873375
2022-04-09 23:00:00,28.3,27.718418,27.526493
2022-04-10 00:00:00,28.0,27.438526,27.55955
2022-04-10 01:00:00,27.9,26.931833,26.991232
2022-04-10 02:00:00,27.6,26.43358,26.498474
2022-04-10 03:00:00,27.3,26.472582,25.912098
2022-04-10 04:00:00,26.8,26.166643,27.556442
2022-04-10 05:00:00,26.9,26.1446,27.142372
2022-04-10 06:00:00,28.0,26.638948,27.160973
2022-04-10 07:00:00,29.3,27.67817,28.580202
2022-04-10 08:00:00,29.8,28.745222,29.31557
2022-04-10 09:00:00,30.2,30.882708,31.15355
2022-04-10 10:00:00,29.4,31.903488,31.414232
2022-04-10 11:00:00,30.4,32.22417,31.84182
2022-04-10 12:00:00,30.6,32.036533,31.937307
2022-04-10 13:00:00,30.6,32.019157,32.062912
2022-04-10 14:00:00,30.6,31.489761,31.843653
2022-04-10 15:00:00,30.2,30.993319,31.144188
2022-04-10 16:00:00,29.6,30.337263,30.687603
2022-04-10 17:00:00,28.9,29.797443,29.77729
2022-04-10 18:00:00,28.2,29.144285,29.251858
2022-04-10 19:00:00,28.2,28.819187,28.565872
2022-04-10 20:00:00,28.2,28.541399,28.326721
2022-04-10 21:00:00,28.2,28.407091,28.105558
2022-04-10 22:00:00,28.2,28.29984,27.883629
2022-04-10 23:00:00,28.0,28.05584,27.690645
2022-04-11 00:00:00,27.7,27.614122,27.610641
2022-04-11 01:00:00,27.1,27.474794,26.834042
2022-04-11 02:00:00,26.7,27.016462,26.780466
2022-04-11 03:00:00,26.5,26.870533,26.710743
2022-04-11 04:00:00,26.6,26.507067,26.963894
2022-04-11 05:00:00,26.5,26.450788,26.813139
2022-04-11 06:00:00,27.5,27.484793,27.40773
2022-04-11 07:00:00,28.2,28.920918,28.079287
2022-04-11 08:00:00,29.1,29.70779,29.402119
2022-04-11 09:00:00,30.2,30.893831,30.007788
2022-04-11 10:00:00,31.0,31.51101,31.121866
2022-04-11 11:00:00,31.4,31.483469,31.085815
2022-04-11 12:00:00,31.6,31.483091,31.937138
2022-04-11 13:00:00,31.5,31.437122,31.586906
2022-04-11 14:00:00,31.0,31.48707,31.401672
2022-04-11 15:00:00,30.8,31.261883,31.030579
2022-04-11 16:00:00,30.3,30.240696,30.397713
2022-04-11 17:00:00,30.0,29.510347,29.650452
2022-04-11 18:00:00,29.3,28.637953,28.9932
2022-04-11 19:00:00,28.9,28.720509,28.472244
2022-04-11 20:00:00,28.7,28.591496,28.326557
2022-04-11 21:00:00,28.4,28.547352,28.10322
2022-04-11 22:00:00,28.0,28.333794,27.832031
2022-04-11 23:00:00,27.9,27.945936,27.66695
2022-04-12 00:00:00,27.7,27.451342,27.675875
2022-04-12 01:00:00,27.5,27.029228,27.010757
2022-04-12 02:00:00,27.0,26.883396,26.755398
2022-04-12 03:00:00,26.4,26.36352,26.893822
2022-04-12 04:00:00,26.4,26.190283,26.997524
2022-04-12 05:00:00,26.4,26.345554,27.270512
2022-04-12 06:00:00,27.1,27.276766,27.445168
2022-04-12 07:00:00,28.3,28.59068,28.961435
2022-04-12 08:00:00,28.9,29.566158,29.646477
2022-04-12 09:00:00,30.0,30.470346,29.981995
2022-04-12 10:00:00,30.1,31.218073,30.952515
2022-04-12 11:00:00,31.4,31.68183,31.314425
2022-04-12 12:00:00,30.8,31.894213,31.683323
2022-04-12 13:00:00,30.5,31.663507,31.751957
2022-04-12 14:00:00,30.7,31.170853,31.462507
2022-04-12 15:00:00,30.0,30.694357,30.905739
2022-04-12 16:00:00,29.8,30.158413,30.492226
2022-04-12 17:00:00,29.1,29.805685,29.879898
2022-04-12 18:00:00,28.5,28.88995,29.311008
2022-04-12 19:00:00,28.4,28.943624,28.754883
2022-04-12 20:00:00,28.3,28.633074,28.439266
2022-04-12 21:00:00,28.2,28.496641,28.226078
2022-04-12 22:00:00,28.2,28.08161,28.05032
2022-04-12 23:00:00,28.0,27.911396,27.811768
2022-04-13 00:00:00,27.6,27.668266,27.994152
2022-04-13 01:00:00,27.3,27.193092,27.237354
2022-04-13 02:00:00,27.2,26.891098,27.13003
2022-04-13 03:00:00,26.9,26.499292,27.126432
2022-04-13 04:00:00,26.5,26.283363,27.201656
2022-04-13 05:00:00,26.5,26.517542,27.451233
2022-04-13 06:00:00,27.2,27.515583,27.374912
2022-04-13 07:00:00,28.4,28.08949,28.035267
2022-04-13 08:00:00,30.1,29.356033,29.689953
2022-04-13 09:00:00,31.8,30.211786,29.856512
2022-04-13 10:00:00,32.9,30.767374,31.221708
2022-04-13 11:00:00,33.1,31.45865,31.242638
2022-04-13 12:00:00,32.1,31.249435,32.46203
2022-04-13 13:00:00,31.7,31.040058,31.752178
2022-04-13 14:00:00,32.1,30.854574,31.641163
2022-04-13 15:00:00,30.6,30.284529,31.561737
2022-04-13 16:00:00,30.4,29.965267,30.451963
2022-04-13 17:00:00,30.2,29.343262,30.195988
2022-04-13 18:00:00,29.4,29.004059,29.3918
2022-04-13 19:00:00,29.3,28.840233,28.93085
2022-04-13 20:00:00,29.1,28.294891,28.55703
2022-04-13 21:00:00,29.0,28.301542,28.33125
2022-04-13 22:00:00,28.8,28.00012,28.110424
2022-04-13 23:00:00,28.8,27.833488,28.074322
2022-04-14 00:00:00,28.6,27.51789,27.858208
2022-04-14 01:00:00,28.4,27.446262,27.265133
2022-04-14 02:00:00,28.1,27.056973,27.308363
2022-04-14 03:00:00,27.6,26.76457,27.448858
2022-04-14 04:00:00,27.2,26.470053,27.295246
2022-04-14 05:00:00,27.4,26.39266,27.477476
2022-04-14 06:00:00,27.8,27.277779,27.573837
2022-04-14 07:00:00,28.9,28.534382,28.90767
2022-04-14 08:00:00,30.3,29.693502,30.089737
2022-04-14 09:00:00,32.2,31.710794,31.537283
2022-04-14 10:00:00,33.5,32.78176,32.824863
2022-04-14 11:00:00,33.6,33.000443,33.13092
2022-04-14 12:00:00,33.2,32.390087,33.062904
2022-04-14 13:00:00,33.2,31.951874,32.23556
2022-04-14 14:00:00,32.8,31.833792,32.227913
2022-04-14 15:00:00,31.7,30.789963,32.253452
2022-04-14 16:00:00,31.2,30.404064,30.69482
2022-04-14 17:00:00,30.7,29.923717,30.638058
2022-04-14 18:00:00,29.7,29.017258,29.931557
2022-04-14 19:00:00,29.5,28.981356,29.2152
2022-04-14 20:00:00,29.4,28.78867,29.041962
2022-04-14 21:00:00,29.3,28.684483,28.665781
2022-04-14 22:00:00,29.3,28.502928,28.54224
2022-04-14 23:00:00,29.1,28.434088,28.359741
2022-04-15 00:00:00,28.9,28.353008,28.291346
2022-04-15 01:00:00,28.7,28.079899,27.705687
2022-04-15 02:00:00,28.4,27.754576,27.753014
2022-04-15 03:00:00,28.1,27.48385,27.788734
2022-04-15 04:00:00,27.8,27.179686,27.809929
2022-04-15 05:00:00,28.0,27.231672,28.005157
2022-04-15 06:00:00,28.4,27.797983,28.745852
2022-04-15 07:00:00,29.6,29.144629,29.265898
2022-04-15 08:00:00,31.3,30.428368,30.505108
2022-04-15 09:00:00,33.2,32.12655,31.769522
2022-04-15 10:00:00,34.7,33.339417,33.222504
2022-04-15 11:00:00,35.0,33.51242,33.603477
2022-04-15 12:00:00,34.1,33.207344,33.358486
2022-04-15 13:00:00,33.9,32.893436,32.932743
2022-04-15 14:00:00,33.1,32.691906,33.04949
2022-04-15 15:00:00,32.7,31.78557,32.407757
2022-04-15 16:00:00,31.4,30.857552,31.258114
2022-04-15 17:00:00,30.8,30.171385,30.976395
2022-04-15 18:00:00,29.6,29.426752,30.191053
2022-04-15 19:00:00,29.4,29.346416,29.261509
2022-04-15 20:00:00,29.3,29.188217,29.113554
2022-04-15 21:00:00,29.2,29.102331,28.746586
2022-04-15 22:00:00,29.1,29.135555,28.582134
2022-04-15 23:00:00,29.0,28.934336,28.43462
2022-04-16 00:00:00,28.8,28.774992,28.36507
2022-04-16 01:00:00,28.8,28.536041,27.804253
2022-04-16 02:00:00,28.5,28.292162,27.825535
2022-04-16 03:00:00,28.2,28.025225,27.91764
2022-04-16 04:00:00,28.1,27.63262,27.997692
2022-04-16 05:00:00,28.0,27.746225,28.180752
2022-04-16 06:00:00,28.4,28.251713,28.709396
2022-04-16 07:00:00,29.7,29.48229,29.49862
2022-04-16 08:00:00,31.1,31.21577,30.733513
2022-04-16 09:00:00,32.5,32.887756,32.272003
2022-04-16 10:00:00,33.3,34.28334,33.735256
2022-04-16 11:00:00,33.3,34.4449,34.456326
2022-04-16 12:00:00,33.0,34.01846,34.141792
2022-04-16 13:00:00,33.2,33.603058,33.167797
2022-04-16 14:00:00,32.9,33.181187,33.32038
2022-04-16 15:00:00,32.0,32.548294,32.38379
2022-04-16 16:00:00,31.0,31.5167,31.758217
2022-04-16 17:00:00,30.6,30.647135,30.678219
2022-04-16 18:00:00,29.6,29.761446,30.22549
2022-04-16 19:00:00,29.4,29.42779,29.132595
2022-04-16 20:00:00,29.3,29.379438,28.948826
2022-04-16 21:00:00,29.2,29.283016,28.75433
2022-04-16 22:00:00,29.1,29.11394,28.478304
2022-04-16 23:00:00,29.0,28.986464,28.386932
2022-04-17 00:00:00,28.8,28.71408,28.34592
2022-04-17 01:00:00,28.5,28.568966,27.768192
2022-04-17 02:00:00,28.0,28.78996,27.996365
2022-04-17 03:00:00,27.4,28.239498,27.96532
2022-04-17 04:00:00,26.9,27.902285,27.976488
2022-04-17 05:00:00,27.0,27.976042,28.265682
2022-04-17 06:00:00,27.4,28.496122,28.687654
2022-04-17 07:00:00,29.0,29.690784,29.49627
2022-04-17 08:00:00,30.3,31.116047,30.85291
2022-04-17 09:00:00,31.5,32.248024,32.034664
2022-04-17 10:00:00,32.6,33.02709,33.187233
2022-04-17 11:00:00,32.8,33.278656,33.491043
2022-04-17 12:00:00,32.5,33.25806,33.35623
2022-04-17 13:00:00,32.4,33.283237,33.14456
2022-04-17 14:00:00,31.9,33.02498,33.09674
2022-04-17 15:00:00,31.5,32.082264,32.211372
2022-04-17 16:00:00,30.8,31.182947,31.545227
2022-04-17 17:00:00,30.6,30.499207,30.476273
2022-04-17 18:00:00,29.5,29.609665,30.266285
2022-04-17 19:00:00,29.3,29.422558,29.18041
2022-04-17 20:00:00,29.0,29.327673,29.12886
2022-04-17 21:00:00,28.8,29.23141,28.820148
2022-04-17 22:00:00,28.6,29.330563,28.586489
2022-04-17 23:00:00,28.4,29.020105,28.370335
2022-04-18 00:00:00,28.2,28.698484,28.39096
2022-04-18 01:00:00,28.1,28.6004,27.802359
2022-04-18 02:00:00,28.0,28.010447,27.842915
2022-04-18 03:00:00,27.8,27.442556,27.769234
2022-04-18 04:00:00,27.6,26.85465,27.763813
2022-04-18 05:00:00,27.3,26.986675,27.7164
2022-04-18 06:00:00,28.0,27.51339,28.18066
2022-04-18 07:00:00,29.6,29.031435,28.549217
2022-04-18 08:00:00,31.2,30.574114,30.902905
2022-04-18 09:00:00,32.7,31.495626,31.65869
2022-04-18 10:00:00,33.3,32.470596,32.52967
2022-04-18 11:00:00,33.4,32.848866,33.174126
2022-04-18 12:00:00,33.6,32.70978,32.778564
2022-04-18 13:00:00,33.6,32.75222,32.64324
2022-04-18 14:00:00,32.9,32.128662,32.540394
2022-04-18 15:00:00,32.3,31.443636,31.80629
2022-04-18 16:00:00,31.6,30.8229,31.26186
2022-04-18 17:00:00,30.5,30.39606,30.444126
2022-04-18 18:00:00,29.4,29.456594,30.218498
2022-04-18 19:00:00,29.2,29.266562,29.21212
2022-04-18 20:00:00,28.9,29.020582,29.064148
2022-04-18 21:00:00,28.7,28.723082,28.648205
2022-04-18 22:00:00,28.5,28.644142,28.384441
2022-04-18 23:00:00,28.3,28.59176,28.215714
2022-04-19 00:00:00,28.0,28.273981,28.110472
2022-04-19 01:00:00,27.9,27.981968,27.636433
2022-04-19 02:00:00,27.6,27.70439,27.663063
2022-04-19 03:00:00,27.4,27.405659,27.720472
2022-04-19 04:00:00,27.1,27.251019,27.80405
2022-04-19 05:00:00,27.8,27.185692,28.03418
2022-04-19 06:00:00,28.3,27.792238,28.134705
2022-04-19 07:00:00,29.3,29.267683,29.376642
2022-04-19 08:00:00,30.8,30.785103,30.736465
2022-04-19 09:00:00,32.0,32.207752,31.907135
2022-04-19 10:00:00,32.8,32.966866,33.05074
2022-04-19 11:00:00,33.0,33.074203,33.147568
2022-04-19 12:00:00,33.0,33.472088,33.078945
2022-04-19 13:00:00,33.0,33.23438,33.355087
2022-04-19 14:00:00,32.6,32.875813,33.17928
2022-04-19 15:00:00,31.9,32.127583,32.248665
2022-04-19 16:00:00,31.0,31.445665,31.709406
2022-04-19 17:00:00,30.1,30.54178,30.82957
2022-04-19 18:00:00,29.2,29.62133,30.12005
2022-04-19 19:00:00,29.1,29.331196,29.152565
2022-04-19 20:00:00,28.8,29.023575,29.051964
2022-04-19 21:00:00,28.6,28.720016,28.578068
2022-04-19 22:00:00,28.4,28.538067,28.350258
2022-04-19 23:00:00,28.1,28.340574,28.13609
2022-04-20 00:00:00,27.9,27.924273,28.00502
2022-04-20 01:00:00,27.9,27.711119,27.464926
2022-04-20 02:00:00,27.8,27.512808,27.504108
2022-04-20 03:00:00,27.8,27.243252,27.54808
2022-04-20 04:00:00,27.8,27.21852,27.72542
2022-04-20 05:00:00,27.6,27.55469,27.898914
2022-04-20 06:00:00,28.1,28.028624,28.432953
2022-04-20 07:00:00,29.4,29.256142,29.426506
2022-04-20 08:00:00,30.8,30.700014,30.616528
2022-04-20 09:00:00,32.0,31.834496,31.8721
2022-04-20 10:00:00,32.7,32.869,32.792995
2022-04-20 11:00:00,32.8,33.045933,33.142483
2022-04-20 12:00:00,32.8,33.084965,33.14435
2022-04-20 13:00:00,32.7,33.008865,33.219482
2022-04-20 14:00:00,32.2,32.609035,33.12167
2022-04-20 15:00:00,31.7,31.877724,32.34597
2022-04-20 16:00:00,31.0,31.04654,31.516932
2022-04-20 17:00:00,29.9,29.984377,30.740051
2022-04-20 18:00:00,29.1,29.346418,29.90601
2022-04-20 19:00:00,29.0,29.029106,29.14993
2022-04-20 20:00:00,28.8,28.713062,28.97655
2022-04-20 21:00:00,28.7,28.55078,28.553114
2022-04-20 22:00:00,28.4,28.416819,28.36438
2022-04-20 23:00:00,28.1,28.01228,28.17686
2022-04-21 00:00:00,27.8,27.715532,27.997326
2022-04-21 01:00:00,27.5,27.589287,27.45007
2022-04-21 02:00:00,27.2,27.506132,27.593662
2022-04-21 03:00:00,27.0,27.314974,27.660389
2022-04-21 04:00:00,26.9,27.20982,27.861849
2022-04-21 05:00:00,27.4,27.30515,28.16072
2022-04-21 06:00:00,28.0,27.841208,28.555195
2022-04-21 07:00:00,29.6,29.234827,29.411491
2022-04-21 08:00:00,31.1,30.641155,30.702402
2022-04-21 09:00:00,32.2,31.843065,31.889877
2022-04-21 10:00:00,32.7,32.837124,32.779804
2022-04-21 11:00:00,33.1,33.05435,33.24203
2022-04-21 12:00:00,33.0,32.95373,33.14982
2022-04-21 13:00:00,32.8,32.805595,33.300438
2022-04-21 14:00:00,32.4,32.35567,32.947235
2022-04-21 15:00:00,31.9,31.791996,32.282997
2022-04-21 16:00:00,31.1,30.957731,31.622234
2022-04-21 17:00:00,30.3,29.900795,30.793913
2022-04-21 18:00:00,29.5,28.994343,29.950523
2022-04-21 19:00:00,29.3,28.881527,29.367565
2022-04-21 20:00:00,29.1,28.68551,29.11844
2022-04-21 21:00:00,29.0,28.554516,28.787952
2022-04-21 22:00:00,28.8,28.425976,28.514019
2022-04-21 23:00:00,28.6,27.976606,28.325459
2022-04-22 00:00:00,28.3,27.669947,28.143734
2022-04-22 01:00:00,28.0,27.295816,27.640705
2022-04-22 02:00:00,27.4,27.122179,27.601776
2022-04-22 03:00:00,27.0,26.974463,27.629099
2022-04-22 04:00:00,26.7,26.862322,27.775187
2022-04-22 05:00:00,27.3,27.22424,28.100557
2022-04-22 06:00:00,28.0,27.794323,28.711042
2022-04-22 07:00:00,29.8,29.45641,29.497648
2022-04-22 08:00:00,31.2,30.916128,31.09096
2022-04-22 09:00:00,32.5,32.075836,32.28071
2022-04-22 10:00:00,33.4,32.758007,32.96393
2022-04-22 11:00:00,33.1,32.985294,33.2608
2022-04-22 12:00:00,32.8,32.95474,33.44326
2022-04-22 13:00:00,33.1,32.83262,33.219666
2022-04-22 14:00:00,32.5,32.44924,32.82366
2022-04-22 15:00:00,32.0,31.769718,32.339157
2022-04-22 16:00:00,31.2,31.082699,31.639801
2022-04-22 17:00:00,30.5,30.243834,30.808844
2022-04-22 18:00:00,29.5,29.331396,29.914234
2022-04-22 19:00:00,29.2,29.033867,29.348486
2022-04-22 20:00:00,29.0,28.93986,28.982035
2022-04-22 21:00:00,28.9,28.782965,28.669807
2022-04-22 22:00:00,28.8,28.550581,28.567558
2022-04-22 23:00:00,28.7,28.32378,28.433516
2022-04-23 00:00:00,28.4,28.051632,28.359358
2022-04-23 01:00:00,27.9,27.75218,27.829208
2022-04-23 02:00:00,27.7,27.223505,27.734869
2022-04-23 03:00:00,27.1,27.042038,27.635313
2022-04-23 04:00:00,27.1,26.83308,27.719612
2022-04-23 05:00:00,26.8,27.184294,27.837605
2022-04-23 06:00:00,27.8,27.854439,28.776865
2022-04-23 07:00:00,29.4,29.676699,29.398365
2022-04-23 08:00:00,31.1,30.934963,31.17399
2022-04-23 09:00:00,32.3,32.2932,32.23258
2022-04-23 10:00:00,33.2,33.059124,33.028336
2022-04-23 11:00:00,33.2,33.06943,33.474957
2022-04-23 12:00:00,33.3,32.830307,33.04413
2022-04-23 13:00:00,33.5,32.947495,33.065624
2022-04-23 14:00:00,33.1,32.5513,33.315407
2022-04-23 15:00:00,32.3,31.865622,32.278084
2022-04-23 16:00:00,31.3,31.177097,31.730673
2022-04-23 17:00:00,30.4,30.444233,30.834082
2022-04-23 18:00:00,29.3,29.495192,30.210001
2022-04-23 19:00:00,29.0,29.273922,29.272676
2022-04-23 20:00:00,28.8,29.271254,29.058222
2022-04-23 21:00:00,28.5,29.2058,28.752655
2022-04-23 22:00:00,28.3,28.978237,28.566175
2022-04-23 23:00:00,27.9,28.78705,28.397312
2022-04-24 00:00:00,27.4,28.3495,28.378246
2022-04-24 01:00:00,26.9,27.824356,27.749016
2022-04-24 02:00:00,26.5,27.465088,27.59491
2022-04-24 03:00:00,26.3,27.068611,27.648165
2022-04-24 04:00:00,26.3,26.796503,27.575092
2022-04-24 05:00:00,26.5,27.036432,27.888643
2022-04-24 06:00:00,27.1,27.86094,27.87582
2022-04-24 07:00:00,28.8,29.880806,28.986397
2022-04-24 08:00:00,30.9,31.219423,31.381805
2022-04-24 09:00:00,32.6,32.361557,32.149303
2022-04-24 10:00:00,34.0,33.334152,32.99995
2022-04-24 11:00:00,34.4,33.29665,33.25258
2022-04-24 12:00:00,33.7,33.245285,32.933815
2022-04-24 13:00:00,33.4,33.2767,33.11801
2022-04-24 14:00:00,33.0,32.97021,33.043537
2022-04-24 15:00:00,32.5,32.06681,32.214928
2022-04-24 16:00:00,31.7,31.164213,31.586792
2022-04-24 17:00:00,30.8,30.302788,30.698582
2022-04-24 18:00:00,29.7,29.334913,29.913784
2022-04-24 19:00:00,29.4,29.034292,29.120285
2022-04-24 20:00:00,29.2,28.800344,28.787567
2022-04-24 21:00:00,28.9,28.632734,28.580517
2022-04-24 22:00:00,28.7,28.480852,28.355621
2022-04-24 23:00:00,28.2,28.157995,28.174618
2022-04-25 00:00:00,27.8,27.811832,27.996872
2022-04-25 01:00:00,27.4,27.283527,27.389313
2022-04-25 02:00:00,27.0,27.015696,27.156424
2022-04-25 03:00:00,26.7,26.756247,27.261185
2022-04-25 04:00:00,26.5,26.67192,27.35534
2022-04-25 05:00:00,26.9,26.594982,27.615505
2022-04-25 06:00:00,27.6,27.391872,27.959394
2022-04-25 07:00:00,29.3,29.001888,28.889862
2022-04-25 08:00:00,31.0,31.211613,30.727568
2022-04-25 09:00:00,32.6,32.773106,32.460533
2022-04-25 10:00:00,33.9,33.722935,33.441414
2022-04-25 11:00:00,34.0,34.043823,34.291756
2022-04-25 12:00:00,33.5,33.846737,33.943474
2022-04-25 13:00:00,33.4,33.438885,33.23713
2022-04-25 14:00:00,33.2,33.01699,33.254883
2022-04-25 15:00:00,32.4,32.49702,32.71038
2022-04-25 16:00:00,31.5,31.70366,31.879982
2022-04-25 17:00:00,30.4,30.755116,31.139366
2022-04-25 18:00:00,29.3,29.494984,30.343132
2022-04-25 19:00:00,29.1,29.264374,29.361488
2022-04-25 20:00:00,28.8,29.195795,29.15828
2022-04-25 21:00:00,28.7,28.879147,28.83534
2022-04-25 22:00:00,28.6,28.576874,28.480984
2022-04-25 23:00:00,28.4,28.227085,28.331146
2022-04-26 00:00:00,28.1,27.929573,28.100262
2022-04-26 01:00:00,27.8,27.502623,27.431261
2022-04-26 02:00:00,27.4,27.131235,27.277582
2022-04-26 03:00:00,26.9,26.787695,27.23827
2022-04-26 04:00:00,26.7,26.653755,27.33463
2022-04-26 05:00:00,26.6,26.966658,27.618292
2022-04-26 06:00:00,27.3,27.58819,28.163895
2022-04-26 07:00:00,28.8,29.21001,29.184998
2022-04-26 08:00:00,30.8,30.902998,30.786852
2022-04-26 09:00:00,32.4,32.502415,32.352016
2022-04-26 10:00:00,33.4,33.56415,33.518513
2022-04-26 11:00:00,33.7,33.852276,34.124847
2022-04-26 12:00:00,33.5,33.68879,33.762203
2022-04-26 13:00:00,33.2,33.429077,33.41613
2022-04-26 14:00:00,32.7,33.139065,33.356926
2022-04-26 15:00:00,32.0,32.505276,32.778553
2022-04-26 16:00:00,31.2,31.49934,31.821327
2022-04-26 17:00:00,30.3,30.538969,31.114452
2022-04-26 18:00:00,29.4,29.574091,30.112099
2022-04-26 19:00:00,29.1,29.298838,29.305119
2022-04-26 20:00:00,28.8,28.99325,29.040512
2022-04-26 21:00:00,28.7,28.834148,28.672722
2022-04-26 22:00:00,28.4,28.668665,28.388962
2022-04-26 23:00:00,28.0,28.466675,28.307375
2022-04-27 00:00:00,27.7,28.19368,28.119598
2022-04-27 01:00:00,27.3,27.950006,27.561287
2022-04-27 02:00:00,27.1,27.516674,27.48224
2022-04-27 03:00:00,27.1,26.992002,27.425278
2022-04-27 04:00:00,27.0,26.908833,27.348064
2022-04-27 05:00:00,27.0,26.920082,27.684013
2022-04-27 06:00:00,27.9,27.632084,27.946491
2022-04-27 07:00:00,29.2,28.812492,28.955427
2022-04-27 08:00:00,31.0,30.711235,30.663519
2022-04-27 09:00:00,32.7,32.528435,32.199654
2022-04-27 10:00:00,33.9,33.41271,33.266335
2022-04-27 11:00:00,34.1,33.660416,33.800392
2022-04-27 12:00:00,33.5,33.662964,33.585888
2022-04-27 13:00:00,33.1,33.34314,33.47792
2022-04-27 14:00:00,32.9,32.916153,33.287315
2022-04-27 15:00:00,32.4,32.11348,32.40975
2022-04-27 16:00:00,31.6,31.430525,31.627718
2022-04-27 17:00:00,30.5,30.440369,30.904625
2022-04-27 18:00:00,29.6,29.42765,29.975296
2022-04-27 19:00:00,29.2,29.158388,29.260374
2022-04-27 20:00:00,28.8,28.854916,28.954891
2022-04-27 21:00:00,28.6,28.71562,28.56653
2022-04-27 22:00:00,28.3,28.635773,28.435207
2022-04-27 23:00:00,28.0,28.246101,28.28019
2022-04-28 00:00:00,27.7,27.867506,28.073263
2022-04-28 01:00:00,27.6,27.517118,27.457022
2022-04-28 02:00:00,27.5,27.32252,27.411165
2022-04-28 03:00:00,27.5,27.182222,27.466309
2022-04-28 04:00:00,27.4,27.078268,27.620165
2022-04-28 05:00:00,27.7,27.100262,27.819698
2022-04-28 06:00:00,28.0,27.799028,28.088318
2022-04-28 07:00:00,29.5,29.225483,29.468433
2022-04-28 08:00:00,31.4,31.04406,30.704407
2022-04-28 09:00:00,33.3,32.624584,32.351227
2022-04-28 10:00:00,34.0,33.563488,33.644897
2022-04-28 11:00:00,33.7,33.62874,34.113373
2022-04-28 12:00:00,33.8,33.59138,33.81015
2022-04-28 13:00:00,33.6,33.20279,33.252483
2022-04-28 14:00:00,33.2,32.91125,33.05283
2022-04-28 15:00:00,32.5,32.379963,32.60376
2022-04-28 16:00:00,31.8,31.55254,31.781878
2022-04-28 17:00:00,30.6,30.561731,31.038765
2022-04-28 18:00:00,29.6,29.602089,30.016174
2022-04-28 19:00:00,29.2,29.286173,29.49059
2022-04-28 20:00:00,29.1,28.932318,28.97314
2022-04-28 21:00:00,28.8,28.73666,28.65593
2022-04-28 22:00:00,28.7,28.496689,28.424294
2022-04-28 23:00:00,28.4,28.121351,28.234783
2022-04-29 00:00:00,28.2,27.87375,28.04017
2022-04-29 01:00:00,28.0,27.632063,27.395248
2022-04-29 02:00:00,27.7,27.495247,27.387365
2022-04-29 03:00:00,27.6,27.404333,27.49084
2022-04-29 04:00:00,27.3,27.357473,27.76267
2022-04-29 05:00:00,27.3,27.579403,28.041126
2022-04-29 06:00:00,27.9,27.854172,28.53664
2022-04-29 07:00:00,29.2,29.469017,29.214802
2022-04-29 08:00:00,31.1,31.195343,30.921198
2022-04-29 09:00:00,32.9,32.842133,32.555428
2022-04-29 10:00:00,34.3,33.529778,33.583054
2022-04-29 11:00:00,34.9,33.739864,33.54873
2022-04-29 12:00:00,34.6,33.645138,33.228413
2022-04-29 13:00:00,34.3,33.521244,33.47369
2022-04-29 14:00:00,33.9,33.20186,33.051147
2022-04-29 15:00:00,33.3,32.60658,32.4709
2022-04-29 16:00:00,32.3,31.87629,31.818136
2022-04-29 17:00:00,31.1,30.68353,31.041145
2022-04-29 18:00:00,29.8,29.707666,30.028221
2022-04-29 19:00:00,29.5,29.388044,29.27462
2022-04-29 20:00:00,29.3,29.238405,28.902905
2022-04-29 21:00:00,29.3,28.913385,28.699549
2022-04-29 22:00:00,29.0,28.668978,28.381855
2022-04-29 23:00:00,28.8,28.553122,28.193998
2022-04-30 00:00:00,28.4,28.283384,28.03818
2022-04-30 01:00:00,28.2,28.060265,27.525105
2022-04-30 02:00:00,28.1,27.799917,27.555618
2022-04-30 03:00:00,28.0,27.637314,27.533813
2022-04-30 04:00:00,28.0,27.476665,27.75008
2022-04-30 05:00:00,28.0,27.498333,28.050024
2022-04-30 06:00:00,29.0,28.053003,28.642075
2022-04-30 07:00:00,30.5,29.472963,29.474926
2022-04-30 08:00:00,31.8,31.349262,30.701424
2022-04-30 09:00:00,33.5,32.946056,32.40556
2022-04-30 10:00:00,34.9,33.86588,33.62915
2022-04-30 11:00:00,35.2,34.50408,34.37403
2022-04-30 12:00:00,34.7,34.236538,34.009552
2022-04-30 13:00:00,34.3,33.546978,33.61212
2022-04-30 14:00:00,33.7,33.4615,33.41077
2022-04-30 15:00:00,32.9,33.05312,32.83687
2022-04-30 16:00:00,31.8,32.350433,32.04601
2022-04-30 17:00:00,30.9,31.178507,30.982052
2022-04-30 18:00:00,30.0,29.91344,30.024584
2022-04-30 19:00:00,29.6,29.446827,29.140865
2022-04-30 20:00:00,29.5,29.337502,28.83474
2022-04-30 21:00:00,29.4,29.194529,28.54076
2022-04-30 22:00:00,29.2,28.900988,28.371403
2022-04-30 23:00:00,29.0,28.650143,28.187202
2022-05-01 00:00:00,28.9,28.432545,28.105358
2022-05-01 01:00:00,28.8,28.239136,27.415728
2022-05-01 02:00:00,28.9,27.893143,27.48521
2022-05-01 03:00:00,29.1,28.02187,27.584976
2022-05-01 04:00:00,28.6,28.032703,27.758472
2022-05-01 05:00:00,28.3,28.006538,27.97537
2022-05-01 06:00:00,28.7,28.887749,28.415869
2022-05-01 07:00:00,30.4,30.189322,29.618702
2022-05-01 08:00:00,32.2,31.93874,30.876299
2022-05-01 09:00:00,33.7,33.51773,32.214558
2022-05-01 10:00:00,34.5,34.836777,33.632294
2022-05-01 11:00:00,33.8,35.33379,34.360085
2022-05-01 12:00:00,33.7,35.019802,34.11791
2022-05-01 13:00:00,33.9,34.51824,33.542633
2022-05-01 14:00:00,33.4,33.947723,33.239746
2022-05-01 15:00:00,32.9,33.131035,32.453472
2022-05-01 16:00:00,32.1,32.166004,31.649197
2022-05-01 17:00:00,31.0,31.042624,30.794865
2022-05-01 18:00:00,30.0,30.12523,30.100468
2022-05-01 19:00:00,29.5,29.696774,29.075195
2022-05-01 20:00:00,29.4,29.538912,28.869497
2022-05-01 21:00:00,29.3,29.455233,28.643509
2022-05-01 22:00:00,29.2,29.292515,28.553085
2022-05-01 23:00:00,29.0,29.09257,28.252186
2022-05-02 00:00:00,28.9,28.876482,28.247002
2022-05-02 01:00:00,28.8,28.67411,27.679504
2022-05-02 02:00:00,28.7,28.758568,27.714363
2022-05-02 03:00:00,28.6,28.818832,28.056408
2022-05-02 04:00:00,28.6,28.624424,28.348034
2022-05-02 05:00:00,28.7,28.313639,28.34737
2022-05-02 06:00:00,29.1,28.827742,28.481335
2022-05-02 07:00:00,30.4,30.565014,29.435251
2022-05-02 08:00:00,32.0,32.062756,31.07005
2022-05-02 09:00:00,33.6,33.63919,32.43914
2022-05-02 10:00:00,34.3,34.626945,33.58892
2022-05-02 11:00:00,34.0,34.127735,33.3335
2022-05-02 12:00:00,33.6,34.01546,32.875546
2022-05-02 13:00:00,33.6,33.98513,32.94304
2022-05-02 14:00:00,33.3,33.303165,32.839382
2022-05-02 15:00:00,32.7,32.735405,32.068726
2022-05-02 16:00:00,31.7,31.909723,31.498215
2022-05-02 17:00:00,30.7,30.846684,30.747639
2022-05-02 18:00:00,30.0,29.937971,29.935413
2022-05-02 19:00:00,29.7,29.497267,29.145844
2022-05-02 20:00:00,29.7,29.316257,28.778725
2022-05-02 21:00:00,29.6,29.329739,28.512348
2022-05-02 22:00:00,29.3,29.143251,28.359655
2022-05-02 23:00:00,29.1,28.947903,28.199585
2022-05-03 00:00:00,28.8,28.876226,28.186283
2022-05-03 01:00:00,28.6,28.697214,27.7314
2022-05-03 02:00:00,28.3,28.723606,27.754665
2022-05-03 03:00:00,28.1,28.786978,27.892548
2022-05-03 04:00:00,27.9,28.564713,28.084461
2022-05-03 05:00:00,28.2,28.495607,28.329464
2022-05-03 06:00:00,28.9,29.292118,28.763039
2022-05-03 07:00:00,30.1,30.435333,29.50689
2022-05-03 08:00:00,31.6,31.926014,30.98796
2022-05-03 09:00:00,33.1,33.63665,32.389515
2022-05-03 10:00:00,33.4,34.40915,33.41342
2022-05-03 11:00:00,33.1,33.89946,33.45296
2022-05-03 12:00:00,33.0,33.737534,32.894722
2022-05-03 13:00:00,33.4,33.82265,33.082043
2022-05-03 14:00:00,32.6,33.402855,32.92339
2022-05-03 15:00:00,32.2,32.735596,32.22536
2022-05-03 16:00:00,31.4,31.819155,31.698029
2022-05-03 17:00:00,30.9,30.668121,30.646873
2022-05-03 18:00:00,30.2,29.941727,29.798958
2022-05-03 19:00:00,29.9,29.57677,29.370201
2022-05-03 20:00:00,29.6,29.545689,29.025438
2022-05-03 21:00:00,29.3,29.382578,28.844439
2022-05-03 22:00:00,29.0,29.160751,28.647736
2022-05-03 23:00:00,28.7,28.995691,28.38163
2022-05-04 00:00:00,28.3,28.708378,28.339882
2022-05-04 01:00:00,28.1,28.60769,27.681057
2022-05-04 02:00:00,27.9,28.288624,27.795135
2022-05-04 03:00:00,27.7,28.122272,27.753685
2022-05-04 04:00:00,27.5,28.017467,27.880634
2022-05-04 05:00:00,27.3,28.102987,28.158566
2022-05-04 06:00:00,27.9,28.97393,28.723358
2022-05-04 07:00:00,29.4,30.091673,29.562614
2022-05-04 08:00:00,31.1,31.57993,30.849056
2022-05-04 09:00:00,32.5,33.160656,32.218307
2022-05-04 10:00:00,33.3,33.446728,33.234863
2022-05-04 11:00:00,33.3,33.436024,33.13922
2022-05-04 12:00:00,33.4,33.183033,32.826824
2022-05-04 13:00:00,33.2,33.25792,32.922432
2022-05-04 14:00:00,33.2,32.81598,32.86702
2022-05-04 15:00:00,32.4,32.1654,31.940582
2022-05-04 16:00:00,31.7,31.480536,31.431643
2022-05-04 17:00:00,30.8,30.617212,30.672316
2022-05-04 18:00:00,29.6,30.019264,29.885748
2022-05-04 19:00:00,29.4,29.86338,29.439774
2022-05-04 20:00:00,29.3,29.593063,29.188824
2022-05-04 21:00:00,29.1,29.432116,28.839327
2022-05-04 22:00:00,28.9,29.122576,28.5839
2022-05-04 23:00:00,28.7,28.74761,28.328876
2022-05-05 00:00:00,28.6,28.450521,28.157402
2022-05-05 01:00:00,28.4,28.174969,27.574837
2022-05-05 02:00:00,28.3,27.720104,27.564001
2022-05-05 03:00:00,28.2,27.505968,27.617092
2022-05-05 04:00:00,27.9,27.29799,27.712418
2022-05-05 05:00:00,28.2,27.285004,27.852251
2022-05-05 06:00:00,28.9,27.910328,28.301205
2022-05-05 07:00:00,30.0,29.462914,29.08113
2022-05-05 08:00:00,31.7,31.020582,30.392702
2022-05-05 09:00:00,33.6,32.28309,32.10146
2022-05-05 10:00:00,34.9,32.91897,32.965424
2022-05-05 11:00:00,34.3,33.40677,33.06282
2022-05-05 12:00:00,34.0,33.29204,32.870815
2022-05-05 13:00:00,34.0,33.168312,32.935295
2022-05-05 14:00:00,33.8,33.036274,32.789936
2022-05-05 15:00:00,32.7,32.43115,32.387672
2022-05-05 16:00:00,32.0,31.669096,31.415094
2022-05-05 17:00:00,31.0,30.825983,30.702934
2022-05-05 18:00:00,30.2,29.830784,29.950047
2022-05-05 19:00:00,30.0,29.487736,29.071796
2022-05-05 20:00:00,29.8,29.323164,28.91597
2022-05-05 21:00:00,29.6,29.085594,28.530193
2022-05-05 22:00:00,29.3,28.928173,28.330963
2022-05-05 23:00:00,29.2,28.638409,28.107464
2022-05-06 00:00:00,28.9,28.487543,27.916403
2022-05-06 01:00:00,28.6,28.375088,27.502098
2022-05-06 02:00:00,28.3,28.146412,27.440216
2022-05-06 03:00:00,28.2,27.915035,27.712755
2022-05-06 04:00:00,28.0,27.733412,27.8209
2022-05-06 05:00:00,27.3,27.748144,27.92905
2022-05-06 06:00:00,27.7,28.656143,28.590233
2022-05-06 07:00:00,29.3,29.827665,29.498707
2022-05-06 08:00:00,31.1,31.347795,30.675034
2022-05-06 09:00:00,32.8,32.745068,32.314785
2022-05-06 10:00:00,34.4,33.897484,33.58717
2022-05-06 11:00:00,34.7,34.202896,34.15137
2022-05-06 12:00:00,33.9,34.043728,33.04499
2022-05-06 13:00:00,33.5,34.243847,33.256355
2022-05-06 14:00:00,33.0,33.84912,33.09628
2022-05-06 15:00:00,32.5,33.03398,32.619625
2022-05-06 16:00:00,31.9,32.022434,31.354248
2022-05-06 17:00:00,31.3,31.002449,30.851295
2022-05-06 18:00:00,30.4,30.118563,30.032543
2022-05-06 19:00:00,30.0,29.946121,29.120586
2022-05-06 20:00:00,29.8,29.66575,28.968891
2022-05-06 21:00:00,29.6,29.435833,28.667892
2022-05-06 22:00:00,29.3,29.22384,28.431007
2022-05-06 23:00:00,29.0,28.993702,28.188778
2022-05-07 00:00:00,28.7,28.88543,28.140955
2022-05-07 01:00:00,28.4,28.47121,27.554821
2022-05-07 02:00:00,28.4,28.14823,27.556524
2022-05-07 03:00:00,28.2,28.0929,27.666082
2022-05-07 04:00:00,27.8,27.957973,27.840029
2022-05-07 05:00:00,27.8,27.404125,28.01136
2022-05-07 06:00:00,28.6,28.19508,28.029032
2022-05-07 07:00:00,29.9,29.69226,29.248379
2022-05-07 08:00:00,31.6,31.231886,30.569769
2022-05-07 09:00:00,33.4,32.913807,32.20813
2022-05-07 10:00:00,34.9,34.584614,33.471413
2022-05-07 11:00:00,35.1,35.15459,34.22239
2022-05-07 12:00:00,34.7,34.30234,33.233322
2022-05-07 13:00:00,33.1,33.8761,32.8839
2022-05-07 14:00:00,33.2,33.244457,32.370686
2022-05-07 15:00:00,32.9,32.219234,31.78638
2022-05-07 16:00:00,32.1,31.539015,31.305273
2022-05-07 17:00:00,31.0,31.033033,30.515034
2022-05-07 18:00:00,30.0,30.344227,29.958477
2022-05-07 19:00:00,29.8,30.034163,29.209484
2022-05-07 20:00:00,29.6,30.0062,28.978844
2022-05-07 21:00:00,29.4,29.524147,28.634552
2022-05-07 22:00:00,29.0,29.561535,28.40092
2022-05-07 23:00:00,28.5,29.424725,28.159115
2022-05-08 00:00:00,28.1,28.99288,28.026028
2022-05-08 01:00:00,28.0,28.847872,27.55693
2022-05-08 02:00:00,27.9,28.717115,27.46336
2022-05-08 03:00:00,27.9,28.468607,27.625185
2022-05-08 04:00:00,28.0,28.289906,27.814499
2022-05-08 05:00:00,28.3,28.014338,27.838776
2022-05-08 06:00:00,28.8,28.729828,28.072548
2022-05-08 07:00:00,29.6,30.173159,29.307907
2022-05-08 08:00:00,30.9,31.808304,30.529343
2022-05-08 09:00:00,32.4,33.8529,32.122486
2022-05-08 10:00:00,33.3,34.286434,33.339966
2022-05-08 11:00:00,33.9,35.838978,34.363747
2022-05-08 12:00:00,35.1,35.665062,33.100784
2022-05-08 13:00:00,35.8,34.838417,32.86719
2022-05-08 14:00:00,35.7,33.974617,31.307497
2022-05-08 15:00:00,34.8,33.420803,31.645329
2022-05-08 16:00:00,32.6,32.356136,30.907581
2022-05-08 17:00:00,31.2,31.61201,30.145243
2022-05-08 18:00:00,29.9,30.575718,29.364555
2022-05-08 19:00:00,29.5,30.08878,28.78209
2022-05-08 20:00:00,29.6,29.892937,28.622711
2022-05-08 21:00:00,29.8,29.692364,28.14806
2022-05-08 22:00:00,29.8,29.449097,27.995296
2022-05-08 23:00:00,29.3,29.161884,27.675919
2022-05-09 00:00:00,28.5,28.927895,27.671875
2022-05-09 01:00:00,27.9,28.747719,27.388273
2022-05-09 02:00:00,28.1,28.714975,27.192896
2022-05-09 03:00:00,28.5,28.58739,27.271746
2022-05-09 04:00:00,28.5,28.774904,27.871292
2022-05-09 05:00:00,27.1,28.85657,27.640362
2022-05-09 06:00:00,27.2,29.357391,27.808928
2022-05-09 07:00:00,27.2,30.273504,29.051502
2022-05-09 08:00:00,26.6,31.392601,30.06186
2022-05-09 09:00:00,26.4,33.46138,31.544529
2022-05-09 10:00:00,26.4,34.356186,32.192818
2022-05-09 11:00:00,27.0,34.771187,33.175644
2022-05-09 12:00:00,27.5,35.899185,33.650066
2022-05-09 13:00:00,27.1,36.627285,34.08456
2022-05-09 14:00:00,27.1,36.475826,33.72658
2022-05-09 15:00:00,27.3,35.989803,32.599106
2022-05-09 16:00:00,27.5,34.68574,31.990742
2022-05-09 17:00:00,29.6,32.765327,30.510992
2022-05-09 18:00:00,29.9,31.373873,29.467442
2022-05-09 19:00:00,30.6,30.51848,29.329865
2022-05-09 20:00:00,30.9,30.315395,28.907118
2022-05-09 21:00:00,30.7,30.345404,28.766636
2022-05-09 22:00:00,30.1,30.170023,28.489838
2022-05-09 23:00:00,29.7,29.996433,28.436308
2022-05-10 00:00:00,30.0,30.674881,28.203674
2022-05-10 01:00:00,29.8,29.852869,27.688736
2022-05-10 02:00:00,29.9,29.745687,27.603237
2022-05-10 03:00:00,29.7,29.940365,27.68573
2022-05-10 04:00:00,29.7,29.492487,28.36747
2022-05-10 05:00:00,27.7,28.93082,28.62908
2022-05-10 06:00:00,28.3,28.82223,27.080791
2022-05-10 07:00:00,30.1,29.364403,29.031916
2022-05-10 08:00:00,30.3,29.54673,29.10845
2022-05-10 09:00:00,29.8,29.429882,29.538534
2022-05-10 10:00:00,28.3,30.580101,30.133251
2022-05-10 11:00:00,29.8,31.376818,31.133455
2022-05-10 12:00:00,31.7,31.621489,30.866032
2022-05-10 13:00:00,32.7,30.955667,31.40314
2022-05-10 14:00:00,32.9,30.817598,30.935162
2022-05-10 15:00:00,33.6,30.598051,30.707695
2022-05-10 16:00:00,34.1,30.765495,30.042805
2022-05-10 17:00:00,32.1,32.134975,29.29818
2022-05-10 18:00:00,31.8,31.147276,29.927666
2022-05-10 19:00:00,30.5,31.355734,29.01501
2022-05-10 20:00:00,30.7,30.589941,29.138641
2022-05-10 21:00:00,30.4,30.286469,29.106764
2022-05-10 22:00:00,28.7,30.129189,28.767672
2022-05-10 23:00:00,25.4,29.843145,28.496708
2022-05-11 00:00:00,25.1,30.241928,28.550564
2022-05-11 01:00:00,25.0,30.12325,28.155056
2022-05-11 02:00:00,25.7,29.916988,27.950577
2022-05-11 03:00:00,25.7,30.196522,28.45022
2022-05-11 04:00:00,25.4,30.216806,28.574001
2022-05-11 05:00:00,27.7,28.7093,28.973392
2022-05-11 06:00:00,28.1,29.154526,27.956444
2022-05-11 07:00:00,29.5,30.327509,29.741493
2022-05-11 08:00:00,30.7,30.46077,30.819427
2022-05-11 09:00:00,31.5,30.199793,31.056652
2022-05-11 10:00:00,32.1,30.469864,30.971952
2022-05-11 11:00:00,32.2,31.22528,30.631105
2022-05-11 12:00:00,31.9,32.655334,31.896687
2022-05-11 13:00:00,31.1,33.383354,32.735855
2022-05-11 14:00:00,30.3,32.68683,32.224403
2022-05-11 15:00:00,30.7,33.214115,32.230965
2022-05-11 16:00:00,30.5,33.03811,32.489586
2022-05-11 17:00:00,27.8,31.786531,32.249123
2022-05-11 18:00:00,27.1,30.520554,30.489029
2022-05-11 19:00:00,25.9,30.871193,30.7099
2022-05-11 20:00:00,26.0,30.507437,29.555769
2022-05-11 21:00:00,25.9,30.498693,29.74624
2022-05-11 22:00:00,26.0,29.99087,29.11331
2022-05-11 23:00:00,25.9,28.084599,28.20425
2022-05-12 00:00:00,25.8,27.599617,27.281916
2022-05-12 01:00:00,25.6,27.225883,27.238235
2022-05-12 02:00:00,25.1,28.247234,26.539654
2022-05-12 03:00:00,25.2,28.230295,27.14034
2022-05-12 04:00:00,25.2,27.93609,27.155022
2022-05-12 05:00:00,24.9,27.437273,27.572552
2022-05-12 06:00:00,25.2,28.168886,29.291986
2022-05-12 07:00:00,26.1,29.644415,29.909254
2022-05-12 08:00:00,28.2,30.50259,31.411325
2022-05-12 09:00:00,29.8,31.429354,32.422127
2022-05-12 10:00:00,31.8,33.14117,32.805824
2022-05-12 11:00:00,32.7,33.114185,32.83467
2022-05-12 12:00:00,33.5,33.068893,33.271015
2022-05-12 13:00:00,33.6,32.908276,33.259605
2022-05-12 14:00:00,32.7,32.499043,32.673206
2022-05-12 15:00:00,30.6,32.36342,32.07692
2022-05-12 16:00:00,30.1,31.787237,32.1109
2022-05-12 17:00:00,30.5,30.573847,31.21847
2022-05-12 18:00:00,29.6,29.820005,29.211802
2022-05-12 19:00:00,29.1,29.445879,29.195349
2022-05-12 20:00:00,29.0,29.483393,28.182796
2022-05-12 21:00:00,28.9,29.350395,28.022358
2022-05-12 22:00:00,28.1,28.09699,27.76288
2022-05-12 23:00:00,27.6,27.54021,27.44138
2022-05-13 00:00:00,27.1,27.014769,27.100868
2022-05-13 01:00:00,26.5,26.853247,26.616314
2022-05-13 02:00:00,26.2,26.496939,26.572517
2022-05-13 03:00:00,26.1,26.349411,26.606293
2022-05-13 04:00:00,26.1,26.264475,26.828554
2022-05-13 05:00:00,26.6,26.37618,27.070976
2022-05-13 06:00:00,27.3,26.525053,27.555645
2022-05-13 07:00:00,28.7,28.42885,28.125675
2022-05-13 08:00:00,30.4,29.620323,29.2128
2022-05-13 09:00:00,31.9,31.03582,30.891499
2022-05-13 10:00:00,33.3,32.794792,32.004814
2022-05-13 11:00:00,34.3,33.050503,32.71123
2022-05-13 12:00:00,34.6,32.964455,33.206905
2022-05-13 13:00:00,33.0,33.652264,32.736416
2022-05-13 14:00:00,31.7,32.662197,31.485083
2022-05-13 15:00:00,32.4,32.028793,31.110088
2022-05-13 16:00:00,31.4,30.748407,29.969507
2022-05-13 17:00:00,30.3,29.947906,29.657501
2022-05-13 18:00:00,27.9,29.50051,29.150585
2022-05-13 19:00:00,27.5,29.26791,28.58791
2022-05-13 20:00:00,26.6,28.89371,28.274574
2022-05-13 21:00:00,26.2,28.912636,28.196678
2022-05-13 22:00:00,26.1,28.639774,27.978472
2022-05-13 23:00:00,26.0,28.31834,27.572388
2022-05-14 00:00:00,26.1,28.301472,27.497421
2022-05-14 01:00:00,26.0,27.677082,26.894459
2022-05-14 02:00:00,25.9,27.173183,26.825375
2022-05-14 03:00:00,25.7,26.955624,26.774479
2022-05-14 04:00:00,25.7,27.013466,27.047176
2022-05-14 05:00:00,26.1,27.092676,27.311882
2022-05-14 06:00:00,26.8,27.650257,27.996052
2022-05-14 07:00:00,28.1,28.531605,28.655937
2022-05-14 08:00:00,29.8,30.168623,30.004545
2022-05-14 09:00:00,31.3,31.023632,31.47332
2022-05-14 10:00:00,32.8,32.870716,32.12656
2022-05-14 11:00:00,33.8,33.451576,33.253155
2022-05-14 12:00:00,34.0,33.517574,33.54702
2022-05-14 13:00:00,33.6,33.81271,33.543945
2022-05-14 14:00:00,32.9,32.12076,31.718967
2022-05-14 15:00:00,32.3,32.093548,31.264671
2022-05-14 16:00:00,29.7,31.46053,31.193417
2022-05-14 17:00:00,28.3,30.754698,30.327412
2022-05-14 18:00:00,28.0,29.747776,29.527145
2022-05-14 19:00:00,27.0,28.39323,28.553999
2022-05-14 20:00:00,27.2,28.130482,28.481354
2022-05-14 21:00:00,27.2,27.57071,27.858162
2022-05-14 22:00:00,27.4,27.300325,27.648443
2022-05-14 23:00:00,27.4,27.640684,27.159676
2022-05-15 00:00:00,27.2,27.290947,27.064365
2022-05-15 01:00:00,27.1,27.13247,26.836267
2022-05-15 02:00:00,26.9,26.961832,26.752445
2022-05-15 03:00:00,26.5,26.77494,26.70501
2022-05-15 04:00:00,26.3,26.677694,26.955076
2022-05-15 05:00:00,26.3,26.839888,27.253422
2022-05-15 06:00:00,26.8,27.456936,27.82384
2022-05-15 07:00:00,27.9,28.618877,28.565992
2022-05-15 08:00:00,29.3,30.146255,29.87946
2022-05-15 09:00:00,30.9,31.542953,31.335543
2022-05-15 10:00:00,32.2,32.230423,32.47444
2022-05-15 11:00:00,32.9,32.92422,33.422226
2022-05-15 12:00:00,31.9,32.885494,33.98674
2022-05-15 13:00:00,30.9,33.240585,33.660683
2022-05-15 14:00:00,31.2,32.712364,32.537376
2022-05-15 15:00:00,30.2,32.349045,31.501364
2022-05-15 16:00:00,30.0,31.24044,31.08525
2022-05-15 17:00:00,29.1,30.79063,29.777021
2022-05-15 18:00:00,28.5,28.960205,28.80907
2022-05-15 19:00:00,28.4,28.391909,28.382862
2022-05-15 20:00:00,28.2,28.036085,27.851522
2022-05-15 21:00:00,28.0,27.89489,27.938694
2022-05-15 22:00:00,27.6,27.824183,27.47361
2022-05-15 23:00:00,27.0,27.757372,27.754126
2022-05-16 00:00:00,26.7,27.78162,27.504303
2022-05-16 01:00:00,26.6,27.721777,27.07555
2022-05-16 02:00:00,26.4,27.457253,26.897657
2022-05-16 03:00:00,26.3,26.94867,26.96973
2022-05-16 04:00:00,26.4,26.55317,26.87412
2022-05-16 05:00:00,26.4,26.601652,27.12553
2022-05-16 06:00:00,27.0,27.280516,27.688587
2022-05-16 07:00:00,28.0,28.644335,28.427498
2022-05-16 08:00:00,29.6,30.06851,29.61696
2022-05-16 09:00:00,30.7,31.249565,30.966179
2022-05-16 10:00:00,31.9,32.46736,32.146797
2022-05-16 11:00:00,32.1,33.59797,32.786346
2022-05-16 12:00:00,31.9,32.672577,33.167618
2022-05-16 13:00:00,31.6,32.25817,31.63345
2022-05-16 14:00:00,31.1,31.900366,31.219385
2022-05-16 15:00:00,30.9,30.733675,31.003437
2022-05-16 16:00:00,29.8,30.185204,30.343842
2022-05-16 17:00:00,29.7,29.269503,30.015657
2022-05-16 18:00:00,29.0,28.774317,29.128223
2022-05-16 19:00:00,29.0,28.903675,28.754093
2022-05-16 20:00:00,28.9,28.615328,28.231972
2022-05-16 21:00:00,28.8,28.118792,28.09746
2022-05-16 22:00:00,28.3,28.010382,27.71366
2022-05-16 23:00:00,26.6,27.680904,27.514555
2022-05-17 00:00:00,27.1,27.452192,27.401066
2022-05-17 01:00:00,26.4,27.362415,26.578712
2022-05-17 02:00:00,26.5,27.109804,26.973454
2022-05-17 03:00:00,26.3,26.74491,27.086693
2022-05-17 04:00:00,26.2,26.757166,27.031322
2022-05-17 05:00:00,27.2,26.709063,27.465952
2022-05-17 06:00:00,27.8,27.393175,27.444569
2022-05-17 07:00:00,28.8,28.458986,28.602474
2022-05-17 08:00:00,29.7,29.300976,29.682198
2022-05-17 09:00:00,30.9,30.554237,31.290455
2022-05-17 10:00:00,32.1,31.525248,31.803867
2022-05-17 11:00:00,32.3,31.828995,32.75698
2022-05-17 12:00:00,31.5,32.17115,32.356033
2022-05-17 13:00:00,31.1,32.286087,32.129875
2022-05-17 14:00:00,31.0,31.799606,31.631268
2022-05-17 15:00:00,30.2,30.92244,31.106209
2022-05-17 16:00:00,30.3,30.340353,30.677397
2022-05-17 17:00:00,29.9,29.920912,29.742931
2022-05-17 18:00:00,29.0,29.09964,29.525793
2022-05-17 19:00:00,28.7,28.822866,28.748198
2022-05-17 20:00:00,28.8,28.807768,28.548594
2022-05-17 21:00:00,28.8,28.609915,28.306688
2022-05-17 22:00:00,29.0,28.189632,28.185646
2022-05-17 23:00:00,28.9,27.712337,27.823437
2022-05-18 00:00:00,28.4,27.594437,27.13343
2022-05-18 01:00:00,28.1,26.966942,27.092537
2022-05-18 02:00:00,27.8,26.57663,26.670296
2022-05-18 03:00:00,27.7,26.920929,27.068876
2022-05-18 04:00:00,27.4,26.607735,26.71713
2022-05-18 05:00:00,27.5,27.182322,27.285212
2022-05-18 06:00:00,27.8,28.088247,28.269512
2022-05-18 07:00:00,28.6,29.078962,28.716888
2022-05-18 08:00:00,29.6,29.884476,29.908947
2022-05-18 09:00:00,30.7,30.944036,30.996693
2022-05-18 10:00:00,31.9,32.265694,32.10419
2022-05-18 11:00:00,32.9,32.390247,32.828285
2022-05-18 12:00:00,32.8,32.10348,32.567287
2022-05-18 13:00:00,33.6,31.731798,31.914444
2022-05-18 14:00:00,33.9,31.550337,31.718079
2022-05-18 15:00:00,33.4,30.8323,31.354446
2022-05-18 16:00:00,32.1,30.735195,30.500437
2022-05-18 17:00:00,31.6,30.211939,30.182882
2022-05-18 18:00:00,29.9,29.160017,29.779797
2022-05-18 19:00:00,29.3,28.909264,28.909424
2022-05-18 20:00:00,29.2,29.15753,28.734741
2022-05-18 21:00:00,29.1,29.094278,28.357836
2022-05-18 22:00:00,29.0,28.799637,28.248173
2022-05-18 23:00:00,28.5,28.82592,28.190674
2022-05-19 00:00:00,28.0,28.55627,27.948391
2022-05-19 01:00:00,27.5,28.370329,27.451681
2022-05-19 02:00:00,26.9,28.165272,27.31954
2022-05-19 03:00:00,26.5,27.98999,27.539474
2022-05-19 04:00:00,26.2,27.680582,27.609137
2022-05-19 05:00:00,26.6,27.47238,27.744452
2022-05-19 06:00:00,26.8,27.91723,28.471727
2022-05-19 07:00:00,27.9,28.863314,29.151207
2022-05-19 08:00:00,29.4,29.958855,30.22142
2022-05-19 09:00:00,31.0,31.09634,31.206944
2022-05-19 10:00:00,32.3,32.89802,32.09406
2022-05-19 11:00:00,33.5,33.56594,33.08383
2022-05-19 12:00:00,34.6,33.31992,33.633144
2022-05-19 13:00:00,34.7,33.70405,32.98749
2022-05-19 14:00:00,34.6,33.25804,33.568848
2022-05-19 15:00:00,32.8,32.630936,33.07871
2022-05-19 16:00:00,31.3,31.583698,32.240345
2022-05-19 17:00:00,32.2,31.15182,30.989212
2022-05-19 18:00:00,30.5,29.720072,30.271915
2022-05-19 19:00:00,29.6,28.924425,29.323406
2022-05-19 20:00:00,29.1,29.085163,28.922419
2022-05-19 21:00:00,29.0,29.019989,28.630135
2022-05-19 22:00:00,28.6,28.949144,28.571253
2022-05-19 23:00:00,28.4,28.511536,28.498713
2022-05-20 00:00:00,28.2,27.992416,28.394579
2022-05-20 01:00:00,27.8,27.446974,27.767607
2022-05-20 02:00:00,27.5,27.241575,27.845387
2022-05-20 03:00:00,27.4,27.116886,27.659029
2022-05-20 04:00:00,27.4,26.838549,27.894693
2022-05-20 05:00:00,27.2,27.010103,28.015362
2022-05-20 06:00:00,27.6,27.430317,29.056484
2022-05-20 07:00:00,28.8,28.983385,29.407354
2022-05-20 08:00:00,30.2,29.739176,30.564484
2022-05-20 09:00:00,31.5,31.194233,31.878004
2022-05-20 10:00:00,32.9,32.62783,33.0645
2022-05-20 11:00:00,34.0,33.800987,33.900524
2022-05-20 12:00:00,34.7,34.261852,34.364002
2022-05-20 13:00:00,35.9,35.050858,34.561035
2022-05-20 14:00:00,35.0,34.27859,34.256763
2022-05-20 15:00:00,35.6,33.07422,33.82486
2022-05-20 16:00:00,34.9,31.790483,31.724773
2022-05-20 17:00:00,33.6,31.445425,30.47687
2022-05-20 18:00:00,32.6,30.642023,31.52538
2022-05-20 19:00:00,32.2,29.605783,29.09744
2022-05-20 20:00:00,31.3,29.329012,28.984556
2022-05-20 21:00:00,30.2,29.151209,28.702684
2022-05-20 22:00:00,29.5,28.759792,28.542488
2022-05-20 23:00:00,29.3,28.593393,28.168655
2022-05-21 00:00:00,28.9,28.323835,28.029001
2022-05-21 01:00:00,28.9,28.213144,27.769001
2022-05-21 02:00:00,28.8,28.037888,27.634323
2022-05-21 03:00:00,28.7,27.749638,27.702724
2022-05-21 04:00:00,28.7,27.56026,27.889809
2022-05-21 05:00:00,28.2,27.696472,28.208351
2022-05-21 06:00:00,28.5,27.972383,28.661366
2022-05-21 07:00:00,29.7,29.25117,29.404413
2022-05-21 08:00:00,31.0,30.572138,30.535362
2022-05-21 09:00:00,32.4,31.663923,32.021748
2022-05-21 10:00:00,33.9,33.202576,33.133087
2022-05-21 11:00:00,34.6,34.42888,34.231926
2022-05-21 12:00:00,35.6,35.093735,34.809788
2022-05-21 13:00:00,36.7,35.69284,34.78351
2022-05-21 14:00:00,37.5,35.06123,35.17284
2022-05-21 15:00:00,35.9,34.390263,33.760162
2022-05-21 16:00:00,34.3,33.658333,33.669296
2022-05-21 17:00:00,34.0,32.749294,32.69094
2022-05-21 18:00:00,32.9,30.859951,30.783463
2022-05-21 19:00:00,32.2,30.562584,30.705992
2022-05-21 20:00:00,31.8,30.182161,30.17007
2022-05-21 21:00:00,31.2,29.942167,29.536983
2022-05-21 22:00:00,30.7,29.843178,29.198147
2022-05-21 23:00:00,30.5,29.270277,28.861208
2022-05-22 00:00:00,30.3,28.96986,29.055496
2022-05-22 01:00:00,29.8,28.984222,28.331142
2022-05-22 02:00:00,29.3,28.787222,28.505644
2022-05-22 03:00:00,28.8,28.797028,28.589931
2022-05-22 04:00:00,28.4,28.764915,28.82435
2022-05-22 05:00:00,28.3,28.354712,29.253296
2022-05-22 06:00:00,28.6,28.300207,29.26396
2022-05-22 07:00:00,29.9,30.09634,30.19078
2022-05-22 08:00:00,31.4,31.024876,31.30899
2022-05-22 09:00:00,32.8,32.31261,32.26686
2022-05-22 10:00:00,34.2,34.17925,33.452614
2022-05-22 11:00:00,35.6,36.018032,34.450623
2022-05-22 12:00:00,36.5,36.889122,34.639908
2022-05-22 13:00:00,36.5,37.801525,35.08242
2022-05-22 14:00:00,33.9,37.767868,35.21476
2022-05-22 15:00:00,32.2,35.55539,34.86898
2022-05-22 16:00:00,31.7,34.04503,33.30912
2022-05-22 17:00:00,30.7,32.430103,32.724766
2022-05-22 18:00:00,30.0,31.565342,31.94859
2022-05-22 19:00:00,29.9,31.182299,30.912043
2022-05-22 20:00:00,29.6,30.688206,30.4931
2022-05-22 21:00:00,29.3,30.788729,30.074581
2022-05-22 22:00:00,29.1,30.4506,29.616013
2022-05-22 23:00:00,28.8,30.264463,29.283476
2022-05-23 00:00:00,28.6,29.693117,29.24476
2022-05-23 01:00:00,28.4,29.318682,28.702814
2022-05-23 02:00:00,28.1,29.296846,28.642546
2022-05-23 03:00:00,28.0,29.628645,28.701946
2022-05-23 04:00:00,27.8,29.34146,28.763664
2022-05-23 05:00:00,27.8,28.777443,28.903625
2022-05-23 06:00:00,28.4,28.576405,29.325106
2022-05-23 07:00:00,30.2,29.746824,30.074139
2022-05-23 08:00:00,32.3,31.00076,31.293854
2022-05-23 09:00:00,34.1,32.54019,32.40948
2022-05-23 10:00:00,35.7,34.23081,33.436066
2022-05-23 11:00:00,36.3,35.41347,34.393047
2022-05-23 12:00:00,36.2,36.276814,35.12005
2022-05-23 13:00:00,34.3,35.8977,35.380672
2022-05-23 14:00:00,33.9,33.97787,34.364166
2022-05-23 15:00:00,33.3,32.756477,31.999203
2022-05-23 16:00:00,32.2,32.011173,31.275276
2022-05-23 17:00:00,30.7,31.29913,30.933853
2022-05-23 18:00:00,29.7,30.57564,30.053963
2022-05-23 19:00:00,29.7,30.40323,29.392506
2022-05-23 20:00:00,29.6,30.044281,29.26056
2022-05-23 21:00:00,29.4,29.706657,28.97591
2022-05-23 22:00:00,29.2,29.650154,28.706198
2022-05-23 23:00:00,28.9,29.489145,28.54953
2022-05-24 00:00:00,28.7,29.375927,28.35594
2022-05-24 01:00:00,28.4,29.116653,27.924824
2022-05-24 02:00:00,28.2,28.829967,27.81792
2022-05-24 03:00:00,28.0,28.482115,27.770561
2022-05-24 04:00:00,27.8,28.211014,28.071907
2022-05-24 05:00:00,28.0,28.157722,28.257023
2022-05-24 06:00:00,28.5,28.865797,28.799765
2022-05-24 07:00:00,29.7,30.39567,29.697762
2022-05-24 08:00:00,31.5,32.19641,31.282421
2022-05-24 09:00:00,33.3,33.765793,32.82827
2022-05-24 10:00:00,34.7,35.214455,33.90706
2022-05-24 11:00:00,35.7,35.84844,34.905407
2022-05-24 12:00:00,35.8,34.951775,34.832134
2022-05-24 13:00:00,34.3,34.37853,34.817715
2022-05-24 14:00:00,33.6,33.94682,32.60168
2022-05-24 15:00:00,32.7,33.14993,32.2616
2022-05-24 16:00:00,32.9,32.220173,31.577557
2022-05-24 17:00:00,31.7,30.772606,30.738674
2022-05-24 18:00:00,30.3,29.798027,29.655704
2022-05-24 19:00:00,29.7,29.608238,29.28746
2022-05-24 20:00:00,29.5,29.498962,29.085384
2022-05-24 21:00:00,29.4,29.502655,28.858124
2022-05-24 22:00:00,29.2,29.271542,28.683826
2022-05-24 23:00:00,29.1,29.006317,28.639261
2022-05-25 00:00:00,28.9,28.774982,28.42449
2022-05-25 01:00:00,28.7,28.472641,27.983768
2022-05-25 02:00:00,28.6,28.219858,27.737976
2022-05-25 03:00:00,28.5,28.114578,27.982885
2022-05-25 04:00:00,28.3,28.172157,28.342686
2022-05-25 05:00:00,28.3,28.248945,28.439903
2022-05-25 06:00:00,28.1,28.820751,28.880886
2022-05-25 07:00:00,28.0,30.365055,29.56219
2022-05-25 08:00:00,29.9,31.630365,31.103172
2022-05-25 09:00:00,32.1,33.267235,32.687267
2022-05-25 10:00:00,33.8,35.179535,33.842106
2022-05-25 11:00:00,34.4,35.19859,34.688976
2022-05-25 12:00:00,35.2,35.083847,35.000587
2022-05-25 13:00:00,35.6,34.52632,34.002563
2022-05-25 14:00:00,35.7,33.7383,32.28121
2022-05-25 15:00:00,34.6,32.62347,32.786556
2022-05-25 16:00:00,34.7,32.03692,31.055147
2022-05-25 17:00:00,32.3,31.259563,31.284239
2022-05-25 18:00:00,31.6,30.443342,29.988424
2022-05-25 19:00:00,31.0,29.809587,29.238787
2022-05-25 20:00:00,30.4,29.570562,28.916264
2022-05-25 21:00:00,29.8,29.46109,28.77909
2022-05-25 22:00:00,29.4,29.377293,28.694468
2022-05-25 23:00:00,29.2,29.13984,28.5401
2022-05-26 00:00:00,28.6,28.974966,28.441336
2022-05-26 01:00:00,27.9,28.670942,27.965322
2022-05-26 02:00:00,27.2,28.422058,27.842915
2022-05-26 03:00:00,27.0,28.425331,28.050013
2022-05-26 04:00:00,27.1,28.255722,28.27353
2022-05-26 05:00:00,27.1,28.20857,28.61425
2022-05-26 06:00:00,27.9,28.506931,29.153439
2022-05-26 07:00:00,29.5,29.149982,29.145126
2022-05-26 08:00:00,31.6,30.839298,30.699497
2022-05-26 09:00:00,33.9,32.694695,31.56819
2022-05-26 10:00:00,35.7,34.39938,33.547176
2022-05-26 11:00:00,37.0,35.302525,34.341675
2022-05-26 12:00:00,36.8,35.64069,34.565804
2022-05-26 13:00:00,33.8,35.59047,34.82121
2022-05-26 14:00:00,32.5,35.311584,34.674294
2022-05-26 15:00:00,33.0,33.969368,34.00925
2022-05-26 16:00:00,31.9,33.060074,32.857723
2022-05-26 17:00:00,31.1,31.794146,32.81776
2022-05-26 18:00:00,30.0,30.769926,30.42258
2022-05-26 19:00:00,30.0,30.443218,30.466146
2022-05-26 20:00:00,29.4,30.019705,29.88089
2022-05-26 21:00:00,29.5,29.770674,29.275152
2022-05-26 22:00:00,29.9,29.385372,28.828823
2022-05-26 23:00:00,29.5,29.347353,28.568483
2022-05-27 00:00:00,29.2,28.988327,28.433132
2022-05-27 01:00:00,28.9,28.43914,28.106289
2022-05-27 02:00:00,28.6,28.483324,28.006289
2022-05-27 03:00:00,28.4,28.175991,27.763714
2022-05-27 04:00:00,28.0,27.782179,28.011196
2022-05-27 05:00:00,28.0,27.701542,28.527473
2022-05-27 06:00:00,28.4,28.025991,28.906431
2022-05-27 07:00:00,29.9,29.254555,29.782417
2022-05-27 08:00:00,32.0,31.215511,31.033901
2022-05-27 09:00:00,33.9,33.219513,32.68884
2022-05-27 10:00:00,35.6,35.34366,34.240105
2022-05-27 11:00:00,36.9,36.327866,35.24872
2022-05-27 12:00:00,37.3,36.358303,35.587925
2022-05-27 13:00:00,36.1,34.304,34.252098
2022-05-27 14:00:00,34.7,33.517403,32.135826
2022-05-27 15:00:00,35.1,32.66093,32.84199
2022-05-27 16:00:00,34.6,32.385715,32.244556
2022-05-27 17:00:00,32.2,31.233795,30.943436
2022-05-27 18:00:00,31.6,30.156305,30.06871
2022-05-27 19:00:00,31.1,30.091646,29.564219
2022-05-27 20:00:00,30.6,29.818323,29.484507
2022-05-27 21:00:00,30.2,29.694952,28.88471
2022-05-27 22:00:00,30.0,29.770254,28.848772
2022-05-27 23:00:00,29.9,29.244556,29.086601
2022-05-28 00:00:00,29.7,28.993608,28.83238
2022-05-28 01:00:00,29.3,28.738377,28.367496
2022-05-28 02:00:00,28.9,28.61165,28.243607
2022-05-28 03:00:00,28.7,28.393671,28.290697
2022-05-28 04:00:00,28.5,28.128643,28.505716
2022-05-28 05:00:00,28.6,27.904993,28.657335
2022-05-28 06:00:00,29.0,28.135403,29.097195
2022-05-28 07:00:00,30.6,29.933857,29.831442
2022-05-28 08:00:00,32.6,31.795277,31.329473
2022-05-28 09:00:00,34.3,33.81843,33.063133
2022-05-28 10:00:00,35.9,35.952896,34.382797
2022-05-28 11:00:00,37.1,36.3144,35.53582
2022-05-28 12:00:00,37.6,36.386242,36.01605
2022-05-28 13:00:00,36.0,35.41175,36.2162
2022-05-28 14:00:00,34.3,34.169827,33.691307
2022-05-28 15:00:00,33.0,33.74903,32.71882
2022-05-28 16:00:00,32.7,33.142853,32.999264
2022-05-28 17:00:00,32.7,31.926178,31.871683
2022-05-28 18:00:00,31.9,30.6145,29.824999
2022-05-28 19:00:00,31.3,30.496199,30.453468
2022-05-28 20:00:00,30.7,30.302605,30.000698
2022-05-28 21:00:00,30.2,29.959513,29.607666
2022-05-28 22:00:00,29.9,29.786932,29.310865
2022-05-28 23:00:00,29.5,29.633406,29.167881
2022-05-29 00:00:00,29.3,29.066816,29.184452
2022-05-29 01:00:00,29.1,28.997236,28.5999
2022-05-29 02:00:00,28.8,28.731009,28.558842
2022-05-29 03:00:00,28.4,28.63358,28.518362
2022-05-29 04:00:00,28.1,28.383724,28.692205
2022-05-29 05:00:00,28.0,28.486183,28.90107
2022-05-29 06:00:00,28.5,28.68052,29.378952
2022-05-29 07:00:00,29.9,30.253656,30.140314
2022-05-29 08:00:00,32.0,32.017265,31.881157
2022-05-29 09:00:00,34.1,34.225082,33.388588
2022-05-29 10:00:00,35.7,35.878056,34.511147
2022-05-29 11:00:00,36.7,36.63601,35.59156
2022-05-29 12:00:00,36.6,36.13608,36.333282
2022-05-29 13:00:00,34.9,35.285862,36.211674
2022-05-29 14:00:00,34.3,34.072567,33.679184
2022-05-29 15:00:00,32.9,33.32146,32.430298
2022-05-29 16:00:00,32.2,32.368797,31.719791
2022-05-29 17:00:00,32.1,31.425867,31.556414
2022-05-29 18:00:00,31.2,30.737553,30.790607
2022-05-29 19:00:00,30.6,30.707794,30.312214
2022-05-29 20:00:00,30.4,30.311695,30.053179
2022-05-29 21:00:00,30.1,30.079615,29.641155
2022-05-29 22:00:00,29.7,29.71736,29.361286
2022-05-29 23:00:00,29.6,29.309336,29.208195
2022-05-30 00:00:00,30.0,29.120647,29.043104
2022-05-30 01:00:00,29.8,29.169994,28.661171
2022-05-30 02:00:00,29.3,28.91272,28.554977
2022-05-30 03:00:00,28.9,28.877035,28.560055
2022-05-30 04:00:00,28.4,28.540983,28.64974
2022-05-30 05:00:00,28.3,28.710608,28.891205
2022-05-30 06:00:00,28.7,28.675379,29.045223
2022-05-30 07:00:00,30.3,29.984957,29.778069
2022-05-30 08:00:00,32.5,31.937925,31.277304
2022-05-30 09:00:00,34.3,33.852325,32.974716
2022-05-30 10:00:00,35.7,35.334675,34.531227
2022-05-30 11:00:00,36.4,35.622486,35.430607
2022-05-30 12:00:00,35.2,35.381115,36.19314
2022-05-30 13:00:00,33.7,35.36841,34.903313
2022-05-30 14:00:00,33.9,34.315147,32.999294
2022-05-30 15:00:00,32.6,33.25719,32.60416
2022-05-30 16:00:00,31.8,32.359653,31.518873
2022-05-30 17:00:00,32.1,31.850958,31.08937
2022-05-30 18:00:00,31.0,30.998398,30.787752
2022-05-30 19:00:00,30.5,30.354647,30.04706
2022-05-30 20:00:00,30.8,30.321554,29.80402
2022-05-30 21:00:00,30.3,30.06663,29.381485
2022-05-30 22:00:00,29.9,29.96266,29.130981
2022-05-30 23:00:00,29.6,29.768572,28.829638
2022-05-31 00:00:00,29.2,29.860737,28.790411
2022-05-31 01:00:00,28.8,29.80009,28.593948
2022-05-31 02:00:00,28.4,29.610662,28.669727
2022-05-31 03:00:00,28.1,29.182127,28.588467
2022-05-31 04:00:00,28.0,28.623726,28.687477
2022-05-31 05:00:00,28.6,28.33883,28.737583
2022-05-31 06:00:00,29.1,28.7417,29.12819
2022-05-31 07:00:00,30.6,30.396294,30.101784
2022-05-31 08:00:00,32.3,31.772383,31.10626
2022-05-31 09:00:00,34.2,33.752903,33.24344
2022-05-31 10:00:00,36.0,35.260094,34.02488
2022-05-31 11:00:00,37.3,35.885414,34.73144
2022-05-31 12:00:00,37.2,36.232986,34.680832
2022-05-31 13:00:00,34.8,34.867584,33.517693
2022-05-31 14:00:00,33.7,33.730415,32.86027
2022-05-31 15:00:00,33.6,32.948975,33.19699
2022-05-31 16:00:00,32.5,31.91289,31.369404
2022-05-31 17:00:00,31.1,31.464128,30.740063
2022-05-31 18:00:00,30.0,30.872877,31.007496
2022-05-31 19:00:00,29.7,30.659473,29.840773
2022-05-31 20:00:00,29.9,30.749668,29.463356
2022-05-31 21:00:00,30.3,30.496422,29.74358
2022-05-31 22:00:00,30.7,30.16583,29.27483
2022-05-31 23:00:00,30.6,29.797665,29.074903
2022-06-01 00:00:00,29.7,29.543377,29.17458
2022-06-01 01:00:00,29.2,29.479736,28.205181
2022-06-01 02:00:00,28.8,29.197426,28.192635
2022-06-01 03:00:00,28.5,28.730412,28.203163
2022-06-01 04:00:00,28.2,28.237368,28.218485
2022-06-01 05:00:00,28.4,28.46699,28.493866
2022-06-01 06:00:00,28.8,29.106071,29.031368
2022-06-01 07:00:00,30.2,30.872593,29.751831
2022-06-01 08:00:00,32.2,32.971817,31.221685
2022-06-01 09:00:00,34.0,34.26937,32.483265
2022-06-01 10:00:00,35.9,36.09424,33.77319
2022-06-01 11:00:00,37.3,36.54614,34.663315
2022-06-01 12:00:00,37.7,36.803806,34.88369
2022-06-01 13:00:00,37.2,35.32084,33.298225
2022-06-01 14:00:00,35.6,33.76302,32.4709
2022-06-01 15:00:00,34.2,33.2134,32.307293
2022-06-01 16:00:00,33.2,32.460823,31.799765
2022-06-01 17:00:00,31.7,31.385826,30.713585
2022-06-01 18:00:00,30.6,30.153227,29.610687
2022-06-01 19:00:00,30.3,29.96132,29.047411
2022-06-01 20:00:00,31.1,29.893589,28.782303
2022-06-01 21:00:00,31.5,30.04776,28.868023
2022-06-01 22:00:00,31.0,29.969769,28.80323
2022-06-01 23:00:00,30.5,29.778448,28.916222
2022-06-02 00:00:00,30.0,29.491444,28.9402
2022-06-02 01:00:00,29.8,29.096699,28.325718
2022-06-02 02:00:00,29.6,28.577238,28.182234
2022-06-02 03:00:00,29.2,28.419518,28.186184
2022-06-02 04:00:00,28.7,28.070759,28.44977
2022-06-02 05:00:00,29.1,28.410925,28.584684
2022-06-02 06:00:00,29.6,28.75589,29.139736
2022-06-02 07:00:00,30.9,30.41464,29.842308
2022-06-02 08:00:00,32.5,32.664433,31.065441
2022-06-02 09:00:00,34.3,34.075127,32.552727
2022-06-02 10:00:00,36.0,36.18945,33.867893
2022-06-02 11:00:00,36.9,36.46465,34.928738
2022-06-02 12:00:00,35.7,35.866985,35.643684
2022-06-02 13:00:00,33.6,36.43079,35.53692
2022-06-02 14:00:00,33.2,34.458046,33.781933
2022-06-02 15:00:00,32.5,33.660004,32.423756
2022-06-02 16:00:00,32.1,32.81882,31.296902
2022-06-02 17:00:00,31.3,31.834991,30.840899
2022-06-02 18:00:00,30.0,30.8011,29.88247
2022-06-02 19:00:00,29.7,30.424887,29.436926
2022-06-02 20:00:00,29.6,30.685001,29.178862
2022-06-02 21:00:00,29.5,30.938345,29.542809
2022-06-02 22:00:00,29.3,30.798233,29.375465
2022-06-02 23:00:00,29.3,30.480423,29.270557
2022-06-03 00:00:00,29.4,29.813992,29.15959
2022-06-03 01:00:00,29.6,29.440512,28.4016
2022-06-03 02:00:00,29.4,29.271683,28.5345
2022-06-03 03:00:00,29.3,28.821987,28.535904
2022-06-03 04:00:00,29.0,28.529675,28.513437
2022-06-03 05:00:00,28.8,28.643648,28.788288
2022-06-03 06:00:00,29.4,29.321085,29.530174
2022-06-03 07:00:00,30.8,30.246399,30.157133
2022-06-03 08:00:00,32.8,32.037086,31.389269
2022-06-03 09:00:00,34.3,33.99064,32.647278
2022-06-03 10:00:00,35.5,35.170784,33.869358
2022-06-03 11:00:00,35.6,35.575695,34.922997
2022-06-03 12:00:00,34.3,35.586346,35.4794
2022-06-03 13:00:00,34.2,34.788013,33.222263
2022-06-03 14:00:00,33.4,33.592037,32.567425
2022-06-03 15:00:00,32.8,32.761433,32.32409
2022-06-03 16:00:00,32.3,32.280922,31.269304
2022-06-03 17:00:00,31.5,31.49966,30.735268
2022-06-03 18:00:00,30.5,30.395319,30.086426
2022-06-03 19:00:00,29.9,30.016054,29.15895
2022-06-03 20:00:00,29.7,29.858372,28.847618
2022-06-03 21:00:00,29.7,29.802813,28.786516
2022-06-03 22:00:00,29.6,29.70865,28.709076
2022-06-03 23:00:00,29.4,29.638182,28.475697
2022-06-04 00:00:00,29.3,29.524012,28.44363
2022-06-04 01:00:00,29.4,29.837374,28.014648
2022-06-04 02:00:00,29.5,29.602724,28.072865
2022-06-04 03:00:00,29.4,29.233366,28.26828
2022-06-04 04:00:00,29.1,28.927301,28.542854
2022-06-04 05:00:00,28.6,28.856308,28.880125
2022-06-04 06:00:00,29.0,29.43512,29.1483
2022-06-04 07:00:00,30.2,30.90943,29.869198
2022-06-04 08:00:00,31.9,32.07804,31.448233
2022-06-04 09:00:00,33.9,34.554058,32.41723
2022-06-04 10:00:00,35.6,34.727093,33.373886
2022-06-04 11:00:00,36.4,35.103203,34.51477
2022-06-04 12:00:00,35.5,34.790367,33.600136
2022-06-04 13:00:00,34.2,34.398865,32.849407
2022-06-04 14:00:00,33.3,33.599033,32.738365
2022-06-04 15:00:00,32.6,32.931313,32.137222
2022-06-04 16:00:00,31.9,32.29884,31.423302
2022-06-04 17:00:00,31.5,31.426964,30.963148
2022-06-04 18:00:00,30.2,30.552341,30.216427
2022-06-04 19:00:00,30.2,30.162807,29.440483
2022-06-04 20:00:00,30.3,29.800823,28.948917
2022-06-04 21:00:00,30.1,29.780909,28.806332
2022-06-04 22:00:00,30.4,29.78091,28.628761
2022-06-04 23:00:00,30.4,29.781996,28.490662
2022-06-05 00:00:00,30.2,29.78003,28.319626
2022-06-05 01:00:00,29.9,29.714146,27.87904
2022-06-05 02:00:00,29.3,29.768347,28.087051
2022-06-05 03:00:00,29.1,29.61184,28.273838
2022-06-05 04:00:00,29.1,29.17819,28.579803
2022-06-05 05:00:00,24.8,28.861303,28.740189
2022-06-05 06:00:00,25.2,29.399302,28.960949
2022-06-05 07:00:00,25.6,30.720495,29.770042
2022-06-05 08:00:00,26.3,32.567245,30.964184
2022-06-05 09:00:00,29.5,33.853027,32.326633
2022-06-05 10:00:00,31.4,35.481594,33.73094
2022-06-05 11:00:00,32.9,35.87434,34.722183
2022-06-05 12:00:00,34.5,35.709873,34.87381
2022-06-05 13:00:00,35.3,34.713512,33.12745
2022-06-05 14:00:00,34.9,33.744263,32.49917
2022-06-05 15:00:00,33.8,32.62766,31.948887
2022-06-05 16:00:00,32.8,31.961811,31.3732
2022-06-05 17:00:00,29.5,31.408512,30.543114
2022-06-05 18:00:00,29.0,30.69664,29.934757
2022-06-05 19:00:00,28.7,30.383907,29.173424
2022-06-05 20:00:00,28.3,30.389751,29.100346
2022-06-05 21:00:00,28.4,30.08615,28.994843
2022-06-05 22:00:00,28.0,30.281635,28.66412
2022-06-05 23:00:00,27.8,30.072954,28.862953
2022-06-06 00:00:00,27.4,29.85694,28.794233
2022-06-06 01:00:00,27.1,29.835665,28.402094
2022-06-06 02:00:00,26.9,29.511072,28.540358
2022-06-06 03:00:00,26.5,29.53834,28.263176
2022-06-06 04:00:00,26.5,29.147276,28.477024
2022-06-06 05:00:00,26.4,27.330212,28.661451
2022-06-06 06:00:00,26.8,27.028233,26.635214
2022-06-06 07:00:00,28.3,27.676132,28.531857
2022-06-06 08:00:00,30.1,29.625364,28.997429
2022-06-06 09:00:00,32.2,31.615065,29.709558
2022-06-06 10:00:00,34.2,32.173656,32.31784
2022-06-06 11:00:00,35.7,33.291058,33.04058
2022-06-06 12:00:00,36.4,34.41656,33.905155
2022-06-06 13:00:00,34.0,34.69583,34.232838
2022-06-06 14:00:00,34.9,34.33224,34.09049
2022-06-06 15:00:00,34.2,33.87617,32.957138
2022-06-06 16:00:00,33.6,32.74188,31.68955
2022-06-06 17:00:00,33.8,31.136847,30.801971
2022-06-06 18:00:00,32.5,29.759539,28.291536
2022-06-06 19:00:00,31.6,29.614574,29.352531
2022-06-06 20:00:00,30.8,29.392195,28.699694
2022-06-06 21:00:00,30.4,29.20624,28.423359
2022-06-06 22:00:00,29.9,29.22562,28.30579
2022-06-06 23:00:00,29.6,28.785357,28.029192
2022-06-07 00:00:00,29.6,28.654343,28.076199
2022-06-07 01:00:00,29.5,28.175602,27.490526
2022-06-07 02:00:00,29.2,27.793112,27.287708
2022-06-07 03:00:00,29.0,27.64982,27.246754
2022-06-07 04:00:00,28.5,27.531523,27.261423
2022-06-07 05:00:00,28.8,26.894825,27.644644
2022-06-07 06:00:00,29.2,27.041765,27.439976
2022-06-07 07:00:00,30.5,28.286194,28.316069
2022-06-07 08:00:00,32.0,29.734009,29.84859
2022-06-07 09:00:00,33.4,32.02582,31.012096
2022-06-07 10:00:00,35.0,33.74952,32.741783
2022-06-07 11:00:00,36.3,33.92911,33.87378
2022-06-07 12:00:00,37.4,34.528393,34.56848
2022-06-07 13:00:00,37.5,33.675148,34.851036
2022-06-07 14:00:00,36.5,34.392666,32.801483
2022-06-07 15:00:00,36.3,33.379105,34.171364
2022-06-07 16:00:00,35.7,33.109318,32.119854
2022-06-07 17:00:00,29.2,32.207825,31.476793
2022-06-07 18:00:00,29.7,30.29808,31.07003
2022-06-07 19:00:00,29.4,30.430708,30.041126
2022-06-07 20:00:00,29.3,30.221664,29.481735
2022-06-07 21:00:00,30.1,30.111706,29.127823
2022-06-07 22:00:00,29.4,29.596357,28.846012
2022-06-07 23:00:00,28.9,29.447344,28.56124
2022-06-08 00:00:00,28.8,28.856329,28.427933
2022-06-08 01:00:00,28.8,28.813105,28.06474
2022-06-08 02:00:00,28.7,28.91599,28.018055
2022-06-08 03:00:00,28.5,28.667032,28.223488
2022-06-08 04:00:00,28.5,28.420397,28.285343
2022-06-08 05:00:00,29.2,28.377897,28.441954
2022-06-08 06:00:00,29.7,28.61025,29.148874
2022-06-08 07:00:00,30.8,29.94149,29.508366
2022-06-08 08:00:00,32.2,31.36033,31.096157
2022-06-08 09:00:00,33.5,33.10295,32.14993
2022-06-08 10:00:00,34.7,34.79498,33.27571
2022-06-08 11:00:00,35.4,36.17916,34.43065
2022-06-08 12:00:00,34.3,36.854893,35.203033
2022-06-08 13:00:00,33.7,36.41295,35.583946
2022-06-08 14:00:00,33.2,35.25463,34.735027
2022-06-08 15:00:00,32.8,35.030514,33.615875
2022-06-08 16:00:00,32.3,33.520325,33.11989
2022-06-08 17:00:00,30.6,32.400528,32.1968
2022-06-08 18:00:00,29.5,31.066404,28.632843
2022-06-08 19:00:00,29.4,29.91583,30.289629
2022-06-08 20:00:00,29.4,29.549429,29.093304
2022-06-08 21:00:00,29.4,29.911549,28.735977
2022-06-08 22:00:00,29.2,29.284328,28.89708
2022-06-08 23:00:00,29.0,28.840921,28.608055
2022-06-09 00:00:00,28.8,29.015001,28.617485
2022-06-09 01:00:00,28.8,29.018436,28.199627
2022-06-09 02:00:00,28.9,28.719301,28.33865
2022-06-09 03:00:00,28.8,28.632977,28.293606
2022-06-09 04:00:00,28.5,28.40354,28.506584
2022-06-09 05:00:00,28.4,28.64786,28.767899
2022-06-09 06:00:00,28.7,29.062708,29.485493
2022-06-09 07:00:00,29.9,30.244698,30.120707
2022-06-09 08:00:00,31.7,31.472971,31.265934
2022-06-09 09:00:00,33.4,33.241512,32.3395
2022-06-09 10:00:00,35.1,34.037807,33.490524
2022-06-09 11:00:00,36.4,34.110153,34.518726
2022-06-09 12:00:00,36.7,33.33119,34.576847
2022-06-09 13:00:00,35.8,34.23744,32.985085
2022-06-09 14:00:00,34.8,33.60592,33.00975
2022-06-09 15:00:00,34.0,33.09376,32.408077
2022-06-09 16:00:00,32.8,33.16425,31.892368
2022-06-09 17:00:00,32.4,30.946749,30.982666
2022-06-09 18:00:00,31.0,29.980267,29.006105
2022-06-09 19:00:00,30.4,29.55312,29.235594
2022-06-09 20:00:00,30.1,29.387377,28.803917
2022-06-09 21:00:00,30.0,29.556572,28.691826
2022-06-09 22:00:00,29.6,29.39484,28.651321
2022-06-09 23:00:00,29.2,29.098698,28.349127
2022-06-10 00:00:00,29.2,29.069588,28.242672
2022-06-10 01:00:00,29.4,29.05888,27.654224
2022-06-10 02:00:00,29.3,29.1199,27.732939
2022-06-10 03:00:00,29.1,28.880915,28.098675
2022-06-10 04:00:00,28.9,28.604605,28.214298
2022-06-10 05:00:00,28.7,28.886988,28.483633
2022-06-10 06:00:00,29.1,29.370993,28.928747
2022-06-10 07:00:00,30.6,30.50405,29.55737
2022-06-10 08:00:00,32.0,32.323208,30.819756
2022-06-10 09:00:00,33.4,33.3231,32.21507
2022-06-10 10:00:00,35.1,35.13145,33.494884
2022-06-10 11:00:00,36.5,35.99295,34.656956
2022-06-10 12:00:00,36.7,36.320198,35.286682
2022-06-10 13:00:00,34.6,34.761368,34.924675
2022-06-10 14:00:00,34.4,34.445133,33.371902
2022-06-10 15:00:00,33.1,33.54274,32.334576
2022-06-10 16:00:00,31.9,32.745884,31.878723
2022-06-10 17:00:00,30.6,31.983961,31.007252
2022-06-10 18:00:00,30.1,30.824732,30.233643
2022-06-10 19:00:00,29.7,30.290495,29.508793
2022-06-10 20:00:00,29.7,29.873306,29.386835
2022-06-10 21:00:00,29.7,29.810858,29.086445
2022-06-10 22:00:00,29.6,29.433208,28.853209
2022-06-10 23:00:00,29.5,29.050789,28.557775
2022-06-11 00:00:00,29.6,29.131737,28.352861
2022-06-11 01:00:00,29.7,29.112171,28.027111
2022-06-11 02:00:00,29.5,28.967512,28.280155
2022-06-11 03:00:00,29.4,28.827852,28.352617
2022-06-11 04:00:00,29.2,28.491356,28.391678
2022-06-11 05:00:00,28.8,28.429882,28.639574
2022-06-11 06:00:00,29.3,28.699823,29.025019
2022-06-11 07:00:00,30.7,30.239138,29.656746
2022-06-11 08:00:00,32.3,32.000786,31.332113
2022-06-11 09:00:00,33.7,33.582436,32.493633
2022-06-11 10:00:00,34.8,35.410263,33.648384
2022-06-11 11:00:00,35.2,35.757908,34.890305
2022-06-11 12:00:00,34.0,35.879143,35.39951
2022-06-11 13:00:00,33.7,35.19731,35.277294
2022-06-11 14:00:00,32.6,34.773174,32.61501
2022-06-11 15:00:00,32.1,33.590145,32.763477
2022-06-11 16:00:00,31.3,32.455452,31.449663
2022-06-11 17:00:00,30.2,31.265636,30.785883
2022-06-11 18:00:00,29.4,30.44229,29.860268
2022-06-11 19:00:00,29.4,30.207455,29.405529
2022-06-11 20:00:00,29.2,29.849276,29.046986
2022-06-11 21:00:00,29.2,29.763866,28.819344
2022-06-11 22:00:00,29.1,29.489094,28.724525
2022-06-11 23:00:00,29.0,29.25916,28.564981
2022-06-12 00:00:00,29.2,29.321548,28.501804
2022-06-12 01:00:00,28.7,29.491768,28.379248
2022-06-12 02:00:00,28.5,29.264378,28.416399
2022-06-12 03:00:00,28.2,29.140947,28.58699
2022-06-12 04:00:00,28.0,29.082613,28.812689
2022-06-12 05:00:00,27.4,28.727669,28.922619
2022-06-12 06:00:00,28.1,29.130745,28.966362
2022-06-12 07:00:00,29.7,30.6514,30.050058
2022-06-12 08:00:00,31.6,32.192116,31.398113
2022-06-12 09:00:00,33.5,33.610027,32.608612
2022-06-12 10:00:00,34.8,35.124004,33.65186
2022-06-12 11:00:00,34.6,35.364506,34.680023
2022-06-12 12:00:00,33.4,34.59195,34.647865
2022-06-12 13:00:00,33.1,34.038315,32.899742
2022-06-12 14:00:00,33.7,33.22599,32.58876
2022-06-12 15:00:00,32.3,32.373726,32.14103
2022-06-12 16:00:00,31.1,31.495583,31.362045
2022-06-12 17:00:00,30.6,30.497179,30.317686
2022-06-12 18:00:00,29.7,29.533836,29.273914
2022-06-12 19:00:00,29.1,29.402832,29.045044
2022-06-12 20:00:00,28.7,29.356157,28.761196
2022-06-12 21:00:00,28.6,29.361761,28.586342
2022-06-12 22:00:00,28.6,29.158722,28.441168
2022-06-12 23:00:00,28.4,28.982737,28.285543
2022-06-13 00:00:00,28.2,29.141157,28.143333
2022-06-13 01:00:00,28.1,28.993376,27.836884
2022-06-13 02:00:00,28.0,28.765211,28.075775
2022-06-13 03:00:00,27.9,28.616753,28.270245
2022-06-13 04:00:00,27.8,28.389763,28.289669
2022-06-13 05:00:00,28.0,28.255596,28.447721
2022-06-13 06:00:00,28.5,28.606771,28.226738
2022-06-13 07:00:00,29.6,29.922842,29.429197
2022-06-13 08:00:00,31.5,31.178757,30.739534
2022-06-13 09:00:00,33.6,33.355324,32.166748
2022-06-13 10:00:00,35.0,33.94294,33.094826
2022-06-13 11:00:00,35.7,34.3967,33.52006
2022-06-13 12:00:00,34.9,33.99217,33.096077
2022-06-13 13:00:00,34.2,32.962982,32.11975
2022-06-13 14:00:00,33.8,33.0283,32.118065
2022-06-13 15:00:00,33.6,32.606644,32.096287
2022-06-13 16:00:00,32.1,31.379255,30.909595
2022-06-13 17:00:00,31.4,30.549072,30.265173
2022-06-13 18:00:00,30.4,29.694782,29.755571
2022-06-13 19:00:00,29.9,29.357777,29.275948
2022-06-13 20:00:00,29.6,28.957766,28.823895
2022-06-13 21:00:00,29.1,28.811346,28.36562
2022-06-13 22:00:00,26.4,28.827435,28.18591
2022-06-13 23:00:00,26.4,28.742846,28.21713
2022-06-14 00:00:00,26.4,28.510178,27.993767
2022-06-14 01:00:00,26.0,28.292633,27.567345
2022-06-14 02:00:00,25.8,28.237427,27.482056
2022-06-14 03:00:00,25.8,27.888248,27.710978
2022-06-14 04:00:00,25.9,27.88893,27.657198
2022-06-14 05:00:00,26.6,27.999702,28.006996
2022-06-14 06:00:00,27.1,28.31328,28.29231
2022-06-14 07:00:00,28.1,29.784746,29.104675
2022-06-14 08:00:00,29.2,31.277287,30.42304
2022-06-14 09:00:00,30.4,32.650288,31.842625
2022-06-14 10:00:00,31.8,34.13333,33.004837
2022-06-14 11:00:00,32.7,34.811058,33.7129
2022-06-14 12:00:00,32.2,34.555668,33.045677
2022-06-14 13:00:00,31.2,33.95106,32.647865
2022-06-14 14:00:00,31.3,33.448566,32.28305
2022-06-14 15:00:00,31.2,33.22703,31.875175
2022-06-14 16:00:00,30.7,32.200745,31.348396
2022-06-14 17:00:00,30.6,31.249243,30.253826
2022-06-14 18:00:00,29.5,30.517267,29.960064
2022-06-14 19:00:00,29.0,29.765823,29.362015
2022-06-14 20:00:00,28.8,29.474438,28.828213
2022-06-14 21:00:00,28.6,29.35752,28.587288
2022-06-14 22:00:00,28.6,28.42372,28.297657
2022-06-14 23:00:00,26.4,27.687157,27.185741
2022-06-15 00:00:00,25.9,27.061869,27.336319
2022-06-15 01:00:00,25.8,27.119963,27.146122
2022-06-15 02:00:00,25.6,27.153503,26.326412
2022-06-15 03:00:00,25.6,27.092186,26.151237
2022-06-15 04:00:00,25.4,26.56519,27.283962
2022-06-15 05:00:00,25.7,27.289934,27.267662
2022-06-15 06:00:00,26.4,28.046339,27.745628
2022-06-15 07:00:00,27.7,28.654488,28.52776
2022-06-15 08:00:00,29.3,30.591997,29.449177
2022-06-15 09:00:00,31.0,31.985258,29.648472
2022-06-15 10:00:00,32.2,31.9507,30.884056
2022-06-15 11:00:00,32.5,32.808273,31.717855
2022-06-15 12:00:00,31.9,32.541447,32.445568
2022-06-15 13:00:00,30.9,32.340202,31.819485
2022-06-15 14:00:00,30.9,31.748884,31.11443
2022-06-15 15:00:00,30.7,31.35719,30.809593
2022-06-15 16:00:00,30.1,30.83793,30.471607
2022-06-15 17:00:00,29.8,30.43774,29.998856
2022-06-15 18:00:00,29.1,29.796442,29.475826
2022-06-15 19:00:00,28.6,29.174042,28.867424
2022-06-15 20:00:00,28.4,28.965374,28.433172
2022-06-15 21:00:00,28.2,28.711052,28.119514
2022-06-15 22:00:00,28.2,28.372248,27.966658
2022-06-15 23:00:00,26.8,27.784687,27.588161
2022-06-16 00:00:00,25.4,27.007994,26.975784
2022-06-16 01:00:00,25.3,26.786877,26.592943
2022-06-16 02:00:00,25.3,26.335567,26.299643
2022-06-16 03:00:00,25.0,26.15062,26.584763
2022-06-16 04:00:00,24.9,26.282211,26.54365
2022-06-16 05:00:00,25.7,26.294077,26.64883
2022-06-16 06:00:00,26.5,26.953068,27.29881
2022-06-16 07:00:00,27.7,28.10088,28.112488
2022-06-16 08:00:00,29.1,29.47596,29.081665
2022-06-16 09:00:00,30.3,30.807028,30.42604
2022-06-16 10:00:00,30.8,31.692755,31.62179
2022-06-16 11:00:00,30.3,32.044933,33.01771
2022-06-16 12:00:00,30.3,32.248756,31.686996
2022-06-16 13:00:00,30.3,31.538609,31.369926
2022-06-16 14:00:00,30.2,31.311142,30.750212
2022-06-16 15:00:00,29.9,30.923223,30.77878
2022-06-16 16:00:00,29.4,30.43599,30.229647
2022-06-16 17:00:00,29.4,30.029316,29.576916
2022-06-16 18:00:00,28.7,29.399143,29.161386
2022-06-16 19:00:00,28.3,28.887842,28.444395
2022-06-16 20:00:00,28.1,28.759043,28.197556
2022-06-16 21:00:00,28.0,28.452394,27.873724
2022-06-16 22:00:00,28.0,28.522118,27.756428
2022-06-16 23:00:00,27.8,27.885777,27.74624
2022-06-17 00:00:00,27.6,26.894554,27.017902
2022-06-17 01:00:00,27.4,26.497322,26.1072
2022-06-17 02:00:00,27.2,26.333378,26.112503
2022-06-17 03:00:00,27.0,25.847448,25.99179
2022-06-17 04:00:00,26.7,25.92305,26.50492
2022-06-17 05:00:00,26.4,26.41858,26.404266
2022-06-17 06:00:00,27.0,27.041004,27.448715
2022-06-17 07:00:00,27.7,28.104576,27.69793
2022-06-17 08:00:00,28.9,29.603436,28.975067
2022-06-17 09:00:00,30.2,30.678532,30.319874
2022-06-17 10:00:00,30.9,31.072851,30.876278
2022-06-17 11:00:00,31.2,31.110434,30.991652
2022-06-17 12:00:00,29.2,31.445961,30.897444
2022-06-17 13:00:00,29.9,31.260426,31.244835
2022-06-17 14:00:00,30.4,31.158806,30.954885
2022-06-17 15:00:00,29.7,30.943506,30.7668
2022-06-17 16:00:00,29.6,30.361092,30.29427
2022-06-17 17:00:00,30.0,29.926516,29.593067
2022-06-17 18:00:00,29.1,29.188175,29.303888
2022-06-17 19:00:00,28.7,28.747843,28.585464
2022-06-17 20:00:00,28.3,28.598923,28.210651
2022-06-17 21:00:00,28.2,28.223532,28.060614
2022-06-17 22:00:00,28.0,28.071016,27.799423
2022-06-17 23:00:00,27.9,27.796629,27.695919
2022-06-18 00:00:00,27.8,27.653097,27.286901
2022-06-18 01:00:00,27.7,27.553612,26.768814
2022-06-18 02:00:00,27.6,27.38982,26.79735
2022-06-18 03:00:00,27.4,27.075232,26.846096
2022-06-18 04:00:00,27.2,26.752104,26.843254
2022-06-18 05:00:00,27.2,26.573826,27.183079
2022-06-18 06:00:00,27.6,27.151058,27.487278
2022-06-18 07:00:00,28.3,28.020693,28.27412
2022-06-18 08:00:00,29.3,29.219233,29.22283
2022-06-18 09:00:00,30.6,30.81609,30.316996
2022-06-18 10:00:00,31.7,31.509584,31.27948
2022-06-18 11:00:00,32.7,31.738247,31.761463
2022-06-18 12:00:00,32.8,31.433323,31.50108
2022-06-18 13:00:00,30.9,31.15457,30.53074
2022-06-18 14:00:00,29.8,30.95063,30.991941
2022-06-18 15:00:00,30.5,30.58488,30.89936
2022-06-18 16:00:00,30.0,30.199991,29.923487
2022-06-18 17:00:00,30.0,30.136497,29.83963
2022-06-18 18:00:00,29.2,29.238394,29.5377
2022-06-18 19:00:00,28.9,28.674946,28.669981
2022-06-18 20:00:00,27.2,28.3815,28.331692
2022-06-18 21:00:00,27.3,28.22239,27.96734
2022-06-18 22:00:00,26.6,27.974688,27.833115
2022-06-18 23:00:00,25.8,27.847065,27.60014
2022-06-19 00:00:00,25.8,27.672314,27.507252
2022-06-19 01:00:00,25.7,27.494606,26.878954
2022-06-19 02:00:00,25.6,27.40281,26.976345
2022-06-19 03:00:00,25.7,27.328827,27.086622
2022-06-19 04:00:00,25.7,27.14679,27.154648
2022-06-19 05:00:00,25.9,27.228914,27.5242
2022-06-19 06:00:00,26.3,27.538748,27.927542
2022-06-19 07:00:00,27.6,28.335686,28.57053
2022-06-19 08:00:00,29.4,29.50472,29.359905
2022-06-19 09:00:00,31.3,30.763079,30.58525
2022-06-19 10:00:00,32.5,32.019737,31.563465
2022-06-19 11:00:00,33.2,32.432312,32.256905
2022-06-19 12:00:00,33.0,32.810326,32.72162
2022-06-19 13:00:00,32.3,31.745327,31.901577
2022-06-19 14:00:00,31.6,31.035645,30.697998
2022-06-19 15:00:00,31.0,30.807314,30.345499
2022-06-19 16:00:00,30.8,30.22215,30.57885
2022-06-19 17:00:00,30.2,29.979492,29.55865
2022-06-19 18:00:00,29.3,29.309576,29.512224
2022-06-19 19:00:00,28.7,28.885849,28.67572
2022-06-19 20:00:00,28.5,28.123297,28.370617
2022-06-19 21:00:00,28.5,27.904747,27.600424
2022-06-19 22:00:00,28.3,27.601368,27.700596
2022-06-19 23:00:00,27.9,27.27304,26.847836
2022-06-20 00:00:00,27.7,26.824217,26.89652
2022-06-20 01:00:00,27.6,26.937447,26.664913
2022-06-20 02:00:00,27.4,26.588629,26.296743
2022-06-20 03:00:00,26.8,26.52799,26.49068
2022-06-20 04:00:00,26.2,26.716969,26.619041
2022-06-20 05:00:00,26.1,26.87415,26.952147
2022-06-20 06:00:00,26.4,27.29197,27.024143
2022-06-20 07:00:00,27.2,28.324514,28.457489
2022-06-20 08:00:00,28.3,29.754978,29.250654
2022-06-20 09:00:00,30.3,30.64903,30.709965
2022-06-20 10:00:00,31.8,32.042362,31.879528
2022-06-20 11:00:00,32.7,32.966038,32.616337
2022-06-20 12:00:00,32.9,32.96615,33.229248
2022-06-20 13:00:00,33.2,32.072926,32.817444
2022-06-20 14:00:00,32.6,31.740887,31.21887
2022-06-20 15:00:00,31.6,31.251728,30.73532
2022-06-20 16:00:00,29.9,30.905493,30.484356
2022-06-20 17:00:00,29.0,30.468874,30.170425
2022-06-20 18:00:00,28.4,29.53692,29.285141
2022-06-20 19:00:00,27.4,28.983757,28.690502
2022-06-20 20:00:00,27.0,28.678331,28.269987
2022-06-20 21:00:00,27.4,28.55045,27.88898
2022-06-20 22:00:00,27.8,28.321531,27.896002
2022-06-20 23:00:00,27.6,28.073938,27.55768
2022-06-21 00:00:00,27.4,27.96812,27.316544
2022-06-21 01:00:00,27.2,27.719845,26.790024
2022-06-21 02:00:00,27.1,27.598911,26.877888
2022-06-21 03:00:00,27.0,26.98606,26.940422
2022-06-21 04:00:00,26.8,26.66351,26.793226
2022-06-21 05:00:00,26.4,26.707857,27.452745
2022-06-21 06:00:00,27.1,26.834578,27.278614
2022-06-21 07:00:00,27.5,27.72121,28.25811
2022-06-21 08:00:00,28.7,29.097359,28.944384
2022-06-21 09:00:00,29.9,30.944403,30.309616
2022-06-21 10:00:00,31.4,31.416653,31.787436
2022-06-21 11:00:00,32.3,32.35788,32.503754
2022-06-21 12:00:00,33.1,32.260105,32.956707
2022-06-21 13:00:00,33.0,32.475822,32.5546
2022-06-21 14:00:00,32.8,32.17237,32.70415
2022-06-21 15:00:00,31.6,31.403906,32.10179
2022-06-21 16:00:00,31.3,30.660122,30.723019
2022-06-21 17:00:00,30.3,30.349495,29.541885
2022-06-21 18:00:00,29.5,29.43254,27.952602
2022-06-21 19:00:00,29.3,28.481113,29.34293
2022-06-21 20:00:00,29.3,28.039988,27.733444
2022-06-21 21:00:00,28.5,28.233791,27.69038
2022-06-21 22:00:00,27.4,28.1574,27.841988
2022-06-21 23:00:00,27.0,27.8395,27.90422
2022-06-22 00:00:00,26.9,27.824604,27.562819
2022-06-22 01:00:00,26.8,27.826675,27.113487
2022-06-22 02:00:00,26.7,27.614914,26.9426
2022-06-22 03:00:00,26.9,27.361198,27.1322
2022-06-22 04:00:00,26.4,27.091658,27.095226
2022-06-22 05:00:00,27.4,26.841204,27.234955
2022-06-22 06:00:00,27.5,27.263592,27.228573
2022-06-22 07:00:00,27.9,27.790115,28.320877
2022-06-22 08:00:00,28.8,28.887037,28.586952
2022-06-22 09:00:00,29.9,30.626469,30.356575
2022-06-22 10:00:00,31.1,31.279186,31.349197
2022-06-22 11:00:00,32.1,32.167427,32.39485
2022-06-22 12:00:00,32.5,32.776947,32.810646
2022-06-22 13:00:00,32.3,32.20841,33.349586
2022-06-22 14:00:00,31.5,32.259506,32.83373
2022-06-22 15:00:00,30.9,31.667723,31.91283
2022-06-22 16:00:00,30.5,31.10878,30.611958
2022-06-22 17:00:00,29.6,30.419064,30.00363
2022-06-22 18:00:00,29.1,29.330793,29.308832
2022-06-22 19:00:00,29.1,29.123238,28.978004
2022-06-22 20:00:00,28.9,28.966925,28.4636
2022-06-22 21:00:00,28.9,28.616667,28.267397
2022-06-22 22:00:00,28.8,28.159601,27.36806
2022-06-22 23:00:00,28.6,27.805283,27.31448
2022-06-23 00:00:00,28.4,27.39255,27.029655
2022-06-23 01:00:00,28.3,27.161623,26.827152
2022-06-23 02:00:00,28.2,26.83777,26.253891
2022-06-23 03:00:00,28.0,26.645813,26.182587
2022-06-23 04:00:00,27.8,26.492197,27.802694
2022-06-23 05:00:00,27.7,27.11144,27.178955
2022-06-23 06:00:00,27.9,27.41685,28.370672
2022-06-23 07:00:00,28.8,28.044563,28.925549
2022-06-23 08:00:00,30.2,29.169096,29.321232
2022-06-23 09:00:00,31.4,30.349583,30.624481
2022-06-23 10:00:00,32.6,31.455742,31.202843
2022-06-23 11:00:00,33.5,32.23088,32.40404
2022-06-23 12:00:00,32.7,32.142864,32.896927
2022-06-23 13:00:00,33.4,31.952293,32.789223
2022-06-23 14:00:00,33.1,31.758356,31.746233
2022-06-23 15:00:00,30.7,31.051388,31.20623
2022-06-23 16:00:00,29.2,30.766954,30.323044
2022-06-23 17:00:00,30.6,29.962193,30.109596
2022-06-23 18:00:00,30.1,29.219982,29.001415
2022-06-23 19:00:00,30.0,29.061573,28.758217
2022-06-23 20:00:00,29.8,28.947367,28.660688
2022-06-23 21:00:00,29.4,28.81161,28.267246
2022-06-23 22:00:00,29.1,28.518744,28.070574
2022-06-23 23:00:00,28.4,28.209747,27.870007
2022-06-24 00:00:00,27.2,28.168428,27.77007
2022-06-24 01:00:00,27.0,28.02079,27.18369
2022-06-24 02:00:00,27.0,27.912405,27.14585
2022-06-24 03:00:00,26.7,27.73891,27.22918
2022-06-24 04:00:00,26.4,27.487936,27.441113
2022-06-24 05:00:00,26.2,27.293125,27.73146
2022-06-24 06:00:00,27.1,27.670374,28.289728
2022-06-24 07:00:00,28.5,28.429535,28.783834
2022-06-24 08:00:00,29.8,29.927387,29.840431
2022-06-24 09:00:00,30.6,31.0516,30.835665
2022-06-24 10:00:00,31.6,32.71973,31.94619
2022-06-24 11:00:00,32.7,33.51104,32.87565
2022-06-24 12:00:00,33.7,32.799576,33.51864
2022-06-24 13:00:00,34.6,33.328262,32.367844
2022-06-24 14:00:00,33.6,32.58887,33.296352
2022-06-24 15:00:00,33.9,31.116278,32.130558
2022-06-24 16:00:00,34.1,30.382084,30.219904
2022-06-24 17:00:00,31.7,30.371662,29.617218
2022-06-24 18:00:00,30.3,29.632893,29.75467
2022-06-24 19:00:00,29.8,29.583061,28.823044
2022-06-24 20:00:00,29.1,29.362637,28.775501
2022-06-24 21:00:00,28.6,29.05774,28.523724
2022-06-24 22:00:00,28.5,28.85513,28.262787
2022-06-24 23:00:00,28.5,28.279253,28.105415
2022-06-25 00:00:00,28.6,27.846092,27.754889
2022-06-25 01:00:00,28.5,27.635603,27.150316
2022-06-25 02:00:00,28.4,27.433569,27.236546
2022-06-25 03:00:00,27.8,27.195099,27.430275
2022-06-25 04:00:00,27.6,26.97167,27.285875
2022-06-25 05:00:00,27.5,26.928246,27.52551
2022-06-25 06:00:00,27.8,27.49698,27.571493
2022-06-25 07:00:00,28.9,28.685865,28.703691
2022-06-25 08:00:00,30.4,30.217144,30.044098
2022-06-25 09:00:00,31.6,31.352732,31.207937
2022-06-25 10:00:00,32.7,32.59486,31.962667
2022-06-25 11:00:00,33.9,33.492702,32.850918
2022-06-25 12:00:00,34.5,33.927235,33.265068
2022-06-25 13:00:00,35.0,34.79318,33.236694
2022-06-25 14:00:00,34.4,34.1844,33.6933
2022-06-25 15:00:00,31.5,33.45264,32.24552
2022-06-25 16:00:00,30.5,32.90715,32.25804
2022-06-25 17:00:00,31.0,31.690613,31.490757
2022-06-25 18:00:00,29.9,30.4783,29.969185
2022-06-25 19:00:00,30.0,30.195742,29.524601
2022-06-25 20:00:00,29.5,29.69002,28.695917
2022-06-25 21:00:00,29.3,29.310047,28.722187
2022-06-25 22:00:00,29.1,29.13469,28.184864
2022-06-25 23:00:00,28.9,28.749237,28.065777
2022-06-26 00:00:00,28.7,28.731989,27.992119
2022-06-26 01:00:00,28.3,28.552574,27.464323
2022-06-26 02:00:00,28.0,28.655443,27.7206
2022-06-26 03:00:00,28.1,28.336615,27.829735
2022-06-26 04:00:00,28.2,27.95882,27.745068
2022-06-26 05:00:00,28.3,27.514727,28.077099
2022-06-26 06:00:00,28.5,27.933352,28.432953
2022-06-26 07:00:00,29.1,29.023985,29.071957
2022-06-26 08:00:00,30.1,30.47213,30.220478
2022-06-26 09:00:00,31.0,31.549742,31.377712
2022-06-26 10:00:00,31.6,32.911186,32.25543
2022-06-26 11:00:00,32.4,33.812664,33.21595
2022-06-26 12:00:00,32.8,34.60966,33.77415
2022-06-26 13:00:00,33.5,35.001263,33.789703
2022-06-26 14:00:00,33.5,33.513634,33.820873
2022-06-26 15:00:00,32.2,32.878895,33.078724
2022-06-26 16:00:00,30.6,31.727785,30.589218
2022-06-26 17:00:00,30.2,31.069885,30.563358
2022-06-26 18:00:00,28.4,30.257412,29.866982
2022-06-26 19:00:00,28.6,30.118774,29.131256
2022-06-26 20:00:00,28.5,29.564655,29.188065
2022-06-26 21:00:00,28.5,29.196701,28.558756
2022-06-26 22:00:00,28.3,28.955313,28.293499
2022-06-26 23:00:00,28.3,28.748266,28.42767
2022-06-27 00:00:00,28.2,28.651842,28.234632
2022-06-27 01:00:00,27.9,28.558918,27.631418
2022-06-27 02:00:00,27.6,28.434404,27.547989
2022-06-27 03:00:00,27.2,28.018362,27.497938
2022-06-27 04:00:00,26.9,28.035028,27.803482
2022-06-27 05:00:00,27.0,27.974407,28.433327
2022-06-27 06:00:00,27.4,28.255066,28.88837
2022-06-27 07:00:00,28.4,29.136791,29.407948
2022-06-27 08:00:00,29.7,30.382736,30.324377
2022-06-27 09:00:00,31.1,31.346,31.429634
2022-06-27 10:00:00,32.3,31.32469,32.041695
2022-06-27 11:00:00,33.1,31.96908,32.573956
2022-06-27 12:00:00,33.2,32.475754,32.92884
2022-06-27 13:00:00,31.8,32.888077,32.968353
2022-06-27 14:00:00,31.2,33.161533,33.216408
2022-06-27 15:00:00,31.4,32.13778,33.1306
2022-06-27 16:00:00,30.8,31.000328,30.433067
2022-06-27 17:00:00,30.2,30.340973,29.747288
2022-06-27 18:00:00,29.1,28.906187,29.701706
2022-06-27 19:00:00,28.8,29.200842,28.65634
2022-06-27 20:00:00,28.6,28.721348,28.693779
2022-06-27 21:00:00,28.5,28.502712,28.156704
2022-06-27 22:00:00,28.3,28.289806,28.039127
2022-06-27 23:00:00,28.2,28.18203,27.81509
2022-06-28 00:00:00,28.2,27.985733,27.864346
2022-06-28 01:00:00,28.1,27.674046,27.413208
2022-06-28 02:00:00,27.8,27.451656,27.257076
2022-06-28 03:00:00,27.5,27.132217,27.198072
2022-06-28 04:00:00,27.2,26.85677,27.266232
2022-06-28 05:00:00,27.4,27.089384,27.60956
2022-06-28 06:00:00,27.8,27.542446,27.307274
2022-06-28 07:00:00,29.1,28.669645,28.189299
2022-06-28 08:00:00,30.6,29.531296,29.29533
2022-06-28 09:00:00,32.1,30.600727,30.846647
2022-06-28 10:00:00,33.3,31.72847,31.991573
2022-06-28 11:00:00,34.2,32.742046,32.511234
2022-06-28 12:00:00,34.7,33.425484,33.01597
2022-06-28 13:00:00,34.8,32.48944,31.554943
2022-06-28 14:00:00,32.7,31.66075,30.945597
2022-06-28 15:00:00,30.8,31.4555,30.723766
2022-06-28 16:00:00,29.2,30.723167,30.351334
2022-06-28 17:00:00,29.5,30.156532,29.681444
2022-06-28 18:00:00,28.3,28.82334,28.802288
2022-06-28 19:00:00,28.1,28.531023,28.3284
2022-06-28 20:00:00,28.3,28.292225,28.202648
2022-06-28 21:00:00,28.0,28.283962,28.054623
2022-06-28 22:00:00,28.1,27.98656,27.892445
2022-06-28 23:00:00,28.3,27.922222,27.7658
2022-06-29 00:00:00,28.1,27.80337,27.695435
2022-06-29 01:00:00,27.7,27.6519,27.356052
2022-06-29 02:00:00,27.5,27.526266,27.285313
2022-06-29 03:00:00,27.2,27.10566,27.284245
2022-06-29 04:00:00,27.5,27.043472,27.309767
2022-06-29 05:00:00,27.3,27.227276,27.57589
2022-06-29 06:00:00,27.4,27.563053,28.15354
2022-06-29 07:00:00,28.3,28.693916,28.680246
2022-06-29 08:00:00,30.0,30.319141,29.897175
2022-06-29 09:00:00,31.5,31.28056,31.286186
2022-06-29 10:00:00,32.5,31.77963,32.23538
2022-06-29 11:00:00,33.5,32.682453,32.897648
2022-06-29 12:00:00,34.5,32.755054,33.400764
2022-06-29 13:00:00,35.1,33.250744,33.44428
2022-06-29 14:00:00,34.5,32.741158,32.191616
2022-06-29 15:00:00,32.7,31.710306,30.759361
2022-06-29 16:00:00,31.0,31.113535,30.382545
2022-06-29 17:00:00,31.7,30.332354,29.836884
2022-06-29 18:00:00,30.5,29.043104,29.83348
2022-06-29 19:00:00,29.7,28.852259,28.258408
2022-06-29 20:00:00,30.1,28.57147,28.360683
2022-06-29 21:00:00,29.6,28.306377,28.063189
2022-06-29 22:00:00,29.0,28.219635,28.036144
2022-06-29 23:00:00,28.7,28.261581,27.87138
2022-06-30 00:00:00,28.5,28.147184,27.724392
2022-06-30 01:00:00,28.5,27.964787,27.10997
2022-06-30 02:00:00,28.5,27.589163,26.919754
2022-06-30 03:00:00,28.2,27.462347,27.092512
2022-06-30 04:00:00,28.1,27.57203,27.13882
2022-06-30 05:00:00,26.3,26.543785,27.734257
2022-06-30 06:00:00,26.9,27.609264,27.139992
2022-06-30 07:00:00,28.6,28.646318,28.805061
2022-06-30 08:00:00,30.5,29.912888,29.326382
2022-06-30 09:00:00,32.0,31.218832,31.02465
2022-06-30 10:00:00,33.2,31.902998,32.210403
2022-06-30 11:00:00,34.4,33.05592,32.743553
2022-06-30 12:00:00,35.1,33.80782,33.24889
2022-06-30 13:00:00,34.5,34.23684,33.810303
2022-06-30 14:00:00,33.3,33.589302,33.44353
2022-06-30 15:00:00,29.5,32.38411,31.371517
2022-06-30 16:00:00,29.8,31.383062,30.804623
2022-06-30 17:00:00,30.8,31.131607,29.754059
2022-06-30 18:00:00,29.7,30.273031,30.368881
2022-06-30 19:00:00,29.4,29.155037,29.117079
2022-06-30 20:00:00,29.5,29.692387,28.684818
2022-06-30 21:00:00,28.4,29.346926,28.754307
2022-06-30 22:00:00,27.8,28.941845,28.521664
2022-06-30 23:00:00,27.4,28.687197,28.128876
2022-07-01 00:00:00,27.1,28.413916,28.13401
2022-07-01 01:00:00,27.2,28.351934,26.97967
2022-07-01 02:00:00,27.0,28.43185,27.211447
2022-07-01 03:00:00,26.9,28.208933,27.331205
2022-07-01 04:00:00,26.9,28.137852,27.287193
2022-07-01 05:00:00,26.3,27.388487,27.66962
2022-07-01 06:00:00,26.9,27.487705,27.12119
2022-07-01 07:00:00,28.2,28.329945,27.909569
2022-07-01 08:00:00,29.8,30.02253,29.308228
2022-07-01 09:00:00,31.3,31.598019,30.649612
2022-07-01 10:00:00,32.5,32.32163,31.574053
2022-07-01 11:00:00,33.4,33.121704,32.304935
2022-07-01 12:00:00,34.2,34.458694,33.128532
2022-07-01 13:00:00,34.7,34.715958,32.95404
2022-07-01 14:00:00,34.9,33.07336,31.252867
2022-07-01 15:00:00,34.4,31.514833,31.345955
2022-07-01 16:00:00,32.4,30.33899,29.497398
2022-07-01 17:00:00,31.3,30.58839,29.73412
2022-07-01 18:00:00,29.8,29.83141,29.636698
2022-07-01 19:00:00,29.8,29.524958,28.472248
2022-07-01 20:00:00,29.4,29.642012,28.460907
2022-07-01 21:00:00,29.0,28.663546,28.342766
2022-07-01 22:00:00,28.7,28.33201,27.355618
2022-07-01 23:00:00,27.7,28.378252,27.381176
2022-07-02 00:00:00,27.0,28.02742,27.213984
2022-07-02 01:00:00,25.8,28.047325,26.59306
2022-07-02 02:00:00,25.3,27.776573,26.850603
2022-07-02 03:00:00,25.2,27.529045,26.811975
2022-07-02 04:00:00,25.8,27.532026,26.78551
2022-07-02 05:00:00,26.4,27.087307,27.269041
2022-07-02 06:00:00,26.8,27.286873,27.094687
2022-07-02 07:00:00,27.6,28.489225,28.152828
2022-07-02 08:00:00,29.2,29.98106,29.170176
2022-07-02 09:00:00,31.1,31.596182,30.54093
2022-07-02 10:00:00,32.3,32.350174,31.529766
2022-07-02 11:00:00,33.0,32.809784,32.23865
2022-07-02 12:00:00,33.7,33.378716,32.646072
2022-07-02 13:00:00,34.2,34.096653,32.83084
2022-07-02 14:00:00,34.4,33.79451,32.514652
2022-07-02 15:00:00,34.0,32.654655,31.770424
2022-07-02 16:00:00,32.2,31.246649,30.258465
2022-07-02 17:00:00,30.9,31.35042,29.942638
2022-07-02 18:00:00,30.3,30.369953,29.276178
2022-07-02 19:00:00,29.8,29.585102,28.59458
2022-07-02 20:00:00,29.5,29.419338,28.462145
2022-07-02 21:00:00,29.4,28.699198,28.141459
2022-07-02 22:00:00,29.2,28.539341,27.761162
2022-07-02 23:00:00,27.9,28.294044,27.643286
2022-07-03 00:00:00,27.5,28.154036,27.19911
2022-07-03 01:00:00,28.0,27.261507,26.65205
2022-07-03 02:00:00,28.5,26.706034,26.025238
2022-07-03 03:00:00,28.2,26.363853,26.888908
2022-07-03 04:00:00,28.1,26.35784,26.429686
2022-07-03 05:00:00,28.3,26.872849,26.805134
2022-07-03 06:00:00,28.5,27.550594,27.364239
2022-07-03 07:00:00,28.9,27.916697,27.856672
2022-07-03 08:00:00,30.2,29.449493,28.833498
2022-07-03 09:00:00,31.3,30.51896,30.128809
2022-07-03 10:00:00,32.4,31.689276,31.37881
2022-07-03 11:00:00,33.8,32.231644,32.13132
2022-07-03 12:00:00,34.3,32.44438,32.466717
2022-07-03 13:00:00,34.3,33.003624,32.692677
2022-07-03 14:00:00,32.9,33.242115,32.69456
2022-07-03 15:00:00,33.0,32.705753,32.25485
2022-07-03 16:00:00,33.0,31.097847,32.21982
2022-07-03 17:00:00,31.9,30.462652,29.837624
2022-07-03 18:00:00,30.8,30.016617,29.782997
2022-07-03 19:00:00,30.6,29.597414,28.915829
2022-07-03 20:00:00,30.4,29.414946,28.542034
2022-07-03 21:00:00,28.9,29.013988,28.147675
2022-07-03 22:00:00,27.0,28.764776,27.983067
2022-07-03 23:00:00,27.4,28.242176,27.952984
2022-07-04 00:00:00,28.1,27.927532,27.337482
2022-07-04 01:00:00,27.8,28.341316,26.732307
2022-07-04 02:00:00,27.6,28.396261,26.878752
2022-07-04 03:00:00,27.9,28.01803,27.320108
2022-07-04 04:00:00,28.0,27.739765,27.272417
2022-07-04 05:00:00,27.6,27.861021,27.67495
2022-07-04 06:00:00,27.7,28.053473,28.253845
2022-07-04 07:00:00,28.3,28.54513,28.925808
2022-07-04 08:00:00,28.9,29.818724,29.311445
2022-07-04 09:00:00,30.8,31.25235,30.754845
2022-07-04 10:00:00,31.3,31.715324,31.525871
2022-07-04 11:00:00,31.8,32.711746,32.091778
2022-07-04 12:00:00,31.4,33.580635,33.024857
2022-07-04 13:00:00,32.2,34.088737,32.957226
2022-07-04 14:00:00,32.1,33.668743,32.79525
2022-07-04 15:00:00,30.8,32.410778,31.492558
2022-07-04 16:00:00,30.2,31.57276,31.576336
2022-07-04 17:00:00,30.6,30.460487,30.458435
2022-07-04 18:00:00,27.8,30.115343,29.76408
2022-07-04 19:00:00,27.1,30.02129,29.22739
2022-07-04 20:00:00,26.4,29.61565,28.874088
2022-07-04 21:00:00,26.4,29.334007,28.575745
2022-07-04 22:00:00,26.5,28.750916,27.70735
2022-07-04 23:00:00,26.6,28.361965,27.147081
2022-07-05 00:00:00,26.1,28.645012,27.315561
2022-07-05 01:00:00,25.8,28.168163,27.062168
2022-07-05 02:00:00,25.7,27.981426,27.003672
2022-07-05 03:00:00,26.1,27.928534,27.164867
2022-07-05 04:00:00,26.3,27.813139,27.702362
2022-07-05 05:00:00,26.7,27.70025,27.89159
2022-07-05 06:00:00,26.8,27.997135,28.314497
2022-07-05 07:00:00,27.0,28.7691,28.67508
2022-07-05 08:00:00,27.7,29.715357,29.413963
2022-07-05 09:00:00,28.8,31.312462,30.32056
2022-07-05 10:00:00,29.6,32.24333,31.504852
2022-07-05 11:00:00,30.6,32.481407,31.834728
2022-07-05 12:00:00,30.8,32.18247,32.3379
2022-07-05 13:00:00,30.7,32.405655,32.13379
2022-07-05 14:00:00,30.3,32.22571,32.323303
2022-07-05 15:00:00,29.6,31.976635,31.556011
2022-07-05 16:00:00,29.1,31.086918,30.719137
2022-07-05 17:00:00,27.3,30.29518,30.210941
2022-07-05 18:00:00,26.4,29.664053,29.928707
2022-07-05 19:00:00,26.6,29.197235,27.865692
2022-07-05 20:00:00,26.6,29.063362,27.73491
2022-07-05 21:00:00,26.5,27.92315,26.729002
2022-07-05 22:00:00,26.2,27.57609,26.887806
2022-07-05 23:00:00,26.0,27.90451,26.696178
2022-07-06 00:00:00,25.8,27.090528,26.828655
2022-07-06 01:00:00,25.7,27.148676,26.220232
2022-07-06 02:00:00,25.5,26.684761,26.234941
2022-07-06 03:00:00,25.4,26.843803,26.32977
2022-07-06 04:00:00,25.3,26.935452,26.744434
2022-07-06 05:00:00,25.8,27.04365,27.034752
2022-07-06 06:00:00,26.2,27.214018,27.565842
2022-07-06 07:00:00,27.2,27.703197,28.132027
2022-07-06 08:00:00,28.3,28.622992,28.673409
2022-07-06 09:00:00,30.0,29.723465,29.47268
2022-07-06 10:00:00,31.1,30.483427,30.554382
2022-07-06 11:00:00,32.3,31.128784,30.895233
2022-07-06 12:00:00,33.0,31.108633,31.593914
2022-07-06 13:00:00,33.0,31.460928,30.937126
2022-07-06 14:00:00,31.2,31.55208,31.299442
2022-07-06 15:00:00,30.0,30.833982,30.447613
2022-07-06 16:00:00,29.4,29.989689,29.582428
2022-07-06 17:00:00,30.1,29.52238,29.141914
2022-07-06 18:00:00,29.4,28.241793,27.921179
2022-07-06 19:00:00,28.9,27.872318,27.324497
2022-07-06 20:00:00,28.2,27.386982,27.344059
2022-07-06 21:00:00,27.7,27.074678,26.831673
2022-07-06 22:00:00,27.2,26.87151,26.719189
2022-07-06 23:00:00,27.1,26.71262,26.517796
2022-07-07 00:00:00,26.9,26.485191,26.502012
2022-07-07 01:00:00,26.7,26.35427,25.874859
2022-07-07 02:00:00,26.7,26.11985,25.87563
2022-07-07 03:00:00,26.8,26.033276,25.859547
2022-07-07 04:00:00,26.8,26.018675,26.0807
2022-07-07 05:00:00,27.2,26.388279,26.41946
2022-07-07 06:00:00,27.3,26.778965,27.058132
2022-07-07 07:00:00,27.6,27.772684,27.467
2022-07-07 08:00:00,28.0,28.66811,28.391796
2022-07-07 09:00:00,28.8,29.959126,29.415863
2022-07-07 10:00:00,29.8,31.413118,30.680096
2022-07-07 11:00:00,31.0,32.379807,31.360933
2022-07-07 12:00:00,32.2,33.054752,31.924484
2022-07-07 13:00:00,32.9,32.81542,32.201347
2022-07-07 14:00:00,32.8,32.255444,31.6385
2022-07-07 15:00:00,33.1,30.934572,30.64223
2022-07-07 16:00:00,31.9,29.503609,29.915401
2022-07-07 17:00:00,29.1,29.740398,29.210032
2022-07-07 18:00:00,28.4,28.89501,29.366714
2022-07-07 19:00:00,28.1,28.545708,28.156744
2022-07-07 20:00:00,28.1,28.232233,28.060108
2022-07-07 21:00:00,28.0,28.001196,27.500435
2022-07-07 22:00:00,28.2,27.580442,27.3684
2022-07-07 23:00:00,27.8,27.648237,26.937588
2022-07-08 00:00:00,27.2,27.155088,26.901588
2022-07-08 01:00:00,27.1,27.151762,26.344685
2022-07-08 02:00:00,27.3,26.894632,26.395973
2022-07-08 03:00:00,27.1,26.62094,26.465824
2022-07-08 04:00:00,26.8,26.57845,26.641949
2022-07-08 05:00:00,25.9,26.682318,26.972584
2022-07-08 06:00:00,26.5,26.716509,27.64803
2022-07-08 07:00:00,27.3,27.340546,27.936699
2022-07-08 08:00:00,28.5,27.735409,28.69507
2022-07-08 09:00:00,28.6,29.049574,29.521482
2022-07-08 10:00:00,29.0,30.457298,30.18705
2022-07-08 11:00:00,30.3,31.007385,31.16923
2022-07-08 12:00:00,30.6,31.760077,31.763264
2022-07-08 13:00:00,30.5,32.80766,32.17019
2022-07-08 14:00:00,30.0,32.72102,32.311623
2022-07-08 15:00:00,30.2,31.7648,31.514725
2022-07-08 16:00:00,28.9,31.144894,31.05035
2022-07-08 17:00:00,30.9,29.82942,29.363358
2022-07-08 18:00:00,29.6,28.89493,28.56702
2022-07-08 19:00:00,28.1,28.603968,28.257305
2022-07-08 20:00:00,26.5,28.10758,27.945477
2022-07-08 21:00:00,26.0,28.091738,27.371893
2022-07-08 22:00:00,26.0,27.928635,27.403368
2022-07-08 23:00:00,26.0,27.539398,27.213158
2022-07-09 00:00:00,26.2,27.182228,26.980412
2022-07-09 01:00:00,26.2,26.999224,26.58042
2022-07-09 02:00:00,26.1,26.980816,26.644583
2022-07-09 03:00:00,25.7,26.95866,27.053268
2022-07-09 04:00:00,25.7,26.648544,26.979723
2022-07-09 05:00:00,26.4,26.784859,27.220055
2022-07-09 06:00:00,26.5,26.98757,27.190662
2022-07-09 07:00:00,27.2,27.56114,28.0494
2022-07-09 08:00:00,28.4,28.517458,28.786419
2022-07-09 09:00:00,30.2,29.248701,29.766474
2022-07-09 10:00:00,31.1,30.531246,30.045023
2022-07-09 11:00:00,32.0,31.691065,30.863873
2022-07-09 12:00:00,33.5,31.808022,31.712044
2022-07-09 13:00:00,34.3,32.313606,31.374279
2022-07-09 14:00:00,34.9,31.818068,31.549686
2022-07-09 15:00:00,32.8,31.61628,30.686268
2022-07-09 16:00:00,32.9,31.296738,30.568863
2022-07-09 17:00:00,29.5,30.128149,29.168062
2022-07-09 18:00:00,28.5,29.101915,29.738941
2022-07-09 19:00:00,28.5,28.208225,28.562077
2022-07-09 20:00:00,28.4,28.480343,27.633837
2022-07-09 21:00:00,27.7,28.249126,26.99769
2022-07-09 22:00:00,27.4,27.715723,26.850636
2022-07-09 23:00:00,27.2,27.831337,26.786215
2022-07-10 00:00:00,27.4,27.333076,26.690235
2022-07-10 01:00:00,27.4,27.055487,26.235823
2022-07-10 02:00:00,27.2,26.983019,26.33308
2022-07-10 03:00:00,27.4,26.688784,26.415186
2022-07-10 04:00:00,27.5,26.586998,26.397522
2022-07-10 05:00:00,28.1,26.666737,26.783335
2022-07-10 06:00:00,28.2,26.716948,27.389034
2022-07-10 07:00:00,28.8,27.611685,27.756989
2022-07-10 08:00:00,29.8,28.78557,28.64859
2022-07-10 09:00:00,30.8,30.35252,29.704464
2022-07-10 10:00:00,31.2,31.703455,30.814512
2022-07-10 11:00:00,32.8,32.30186,31.353168
2022-07-10 12:00:00,32.5,33.990498,31.918365
2022-07-10 13:00:00,33.0,34.2003,32.69424
2022-07-10 14:00:00,32.7,34.005642,32.34941
2022-07-10 15:00:00,32.0,32.83762,32.196335
2022-07-10 16:00:00,31.3,31.422245,30.790257
2022-07-10 17:00:00,28.4,30.888153,30.535902
2022-07-10 18:00:00,28.1,29.412643,29.116737
2022-07-10 19:00:00,28.4,28.548018,28.432491
2022-07-10 20:00:00,28.4,28.698357,28.06601
2022-07-10 21:00:00,28.4,28.314524,27.483818
2022-07-10 22:00:00,28.2,27.947578,27.204489
2022-07-10 23:00:00,27.8,27.788504,27.000324
2022-07-11 00:00:00,27.7,27.869791,27.040493
2022-07-11 01:00:00,27.7,27.646616,26.734034
2022-07-11 02:00:00,27.6,27.670095,26.833881
2022-07-11 03:00:00,27.4,27.750502,26.870796
2022-07-11 04:00:00,26.7,27.613213,27.15805
2022-07-11 05:00:00,26.9,27.60361,27.533024
2022-07-11 06:00:00,26.9,27.785393,28.227589
2022-07-11 07:00:00,27.6,28.241165,28.72767
2022-07-11 08:00:00,28.2,29.312872,29.65746
2022-07-11 09:00:00,30.3,30.62655,30.582548
2022-07-11 10:00:00,32.0,31.604332,31.517572
2022-07-11 11:00:00,33.0,32.668194,31.851646
2022-07-11 12:00:00,33.9,33.12713,32.82758
2022-07-11 13:00:00,34.5,33.226234,32.449135
2022-07-11 14:00:00,35.1,32.824734,32.80493
2022-07-11 15:00:00,35.1,31.62612,32.11985
2022-07-11 16:00:00,31.0,30.812138,30.799776
2022-07-11 17:00:00,32.9,29.529463,30.417713
2022-07-11 18:00:00,31.9,28.197279,28.283548
2022-07-11 19:00:00,30.9,28.36626,28.618557
2022-07-11 20:00:00,29.9,28.037928,28.324608
2022-07-11 21:00:00,30.6,27.797358,27.98627
2022-07-11 22:00:00,30.8,27.396227,27.831879
2022-07-11 23:00:00,30.2,27.099747,27.61309
2022-07-12 00:00:00,29.5,26.54438,27.531431
2022-07-12 01:00:00,29.0,26.723518,27.035336
2022-07-12 02:00:00,28.7,26.812159,27.16637
2022-07-12 03:00:00,28.4,26.587997,27.27353
2022-07-12 04:00:00,28.1,26.397583,27.334442
2022-07-12 05:00:00,28.0,26.882715,27.357056
2022-07-12 06:00:00,28.0,26.98697,27.993717
2022-07-12 07:00:00,28.2,28.069408,28.292892
2022-07-12 08:00:00,29.4,28.966267,29.226803
2022-07-12 09:00:00,30.9,30.719944,29.995281
2022-07-12 10:00:00,32.4,31.88564,31.551754
2022-07-12 11:00:00,33.5,32.93026,32.359035
2022-07-12 12:00:00,34.6,34.189396,32.922962
2022-07-12 13:00:00,34.0,34.46242,32.97389
2022-07-12 14:00:00,35.7,34.665897,33.234352
2022-07-12 15:00:00,33.9,33.779488,32.789692
2022-07-12 16:00:00,34.2,32.731503,32.268696
2022-07-12 17:00:00,32.7,31.446453,28.697922
2022-07-12 18:00:00,32.3,30.33582,30.96121
2022-07-12 19:00:00,31.4,30.092594,29.108517
2022-07-12 20:00:00,31.0,29.634872,29.307835
2022-07-12 21:00:00,29.9,29.888834,28.31356
2022-07-12 22:00:00,29.7,28.971111,28.924078
2022-07-12 23:00:00,29.7,28.861145,28.6485
2022-07-13 00:00:00,29.3,28.439556,28.29833
2022-07-13 01:00:00,28.7,28.6255,27.760155
2022-07-13 02:00:00,28.5,28.414803,27.756777
2022-07-13 03:00:00,28.2,28.401264,27.86155
2022-07-13 04:00:00,28.2,28.09645,27.902466
2022-07-13 05:00:00,27.9,28.07034,28.00502
2022-07-13 06:00:00,28.0,27.875006,28.48295
2022-07-13 07:00:00,28.8,28.224728,28.88469
2022-07-13 08:00:00,30.1,29.431551,29.541979
2022-07-13 09:00:00,31.3,31.585222,30.630718
2022-07-13 10:00:00,32.8,33.10348,31.926311
2022-07-13 11:00:00,33.3,33.96779,32.853287
2022-07-13 12:00:00,34.4,34.81158,33.074764
2022-07-13 13:00:00,35.8,34.70373,33.88361
2022-07-13 14:00:00,35.9,34.694626,32.506893
2022-07-13 15:00:00,34.5,33.95867,33.94318
2022-07-13 16:00:00,34.2,32.583126,31.695354
2022-07-13 17:00:00,33.5,30.93102,31.4836
2022-07-13 18:00:00,32.6,29.655577,30.42609
2022-07-13 19:00:00,32.4,30.06799,30.076233
2022-07-13 20:00:00,31.8,30.088686,29.339754
2022-07-13 21:00:00,31.1,29.762825,28.823717
2022-07-13 22:00:00,30.6,30.00355,28.558002
2022-07-13 23:00:00,30.0,29.80336,28.556725
2022-07-14 00:00:00,29.6,29.46884,28.504011
2022-07-14 01:00:00,29.0,28.66183,27.826527
2022-07-14 02:00:00,28.5,28.732365,27.722137
2022-07-14 03:00:00,28.2,28.987999,27.952658
2022-07-14 04:00:00,27.9,28.813257,27.826973
2022-07-14 05:00:00,28.1,28.103376,28.34327
2022-07-14 06:00:00,27.6,28.064045,28.42474
2022-07-14 07:00:00,28.7,28.800854,29.131744
2022-07-14 08:00:00,30.2,30.521843,30.002106
2022-07-14 09:00:00,31.8,31.858852,31.19126
2022-07-14 10:00:00,33.2,33.07654,32.09166
2022-07-14 11:00:00,33.7,34.366657,32.8741
2022-07-14 12:00:00,34.2,34.580643,33.29711
2022-07-14 13:00:00,35.8,35.463955,33.692886
2022-07-14 14:00:00,36.6,35.743095,33.994835
2022-07-14 15:00:00,36.2,33.750767,33.43497
2022-07-14 16:00:00,33.6,33.0382,31.70364
2022-07-14 17:00:00,33.1,31.50648,31.994629
2022-07-14 18:00:00,31.2,29.996353,30.787947
2022-07-14 19:00:00,30.5,30.038273,30.025414
2022-07-14 20:00:00,30.6,30.184944,30.060587
2022-07-14 21:00:00,30.3,30.117325,29.223759
2022-07-14 22:00:00,30.2,29.809834,28.920055
2022-07-14 23:00:00,30.0,29.588493,28.720764
2022-07-15 00:00:00,29.7,29.138903,28.546173
2022-07-15 01:00:00,29.3,29.016563,28.009417
2022-07-15 02:00:00,29.0,28.783281,27.85691
2022-07-15 03:00:00,28.7,28.44044,27.9208
2022-07-15 04:00:00,28.4,28.012215,28.012238
2022-07-15 05:00:00,28.3,28.184725,28.257723
2022-07-15 06:00:00,28.3,27.96619,28.784584
2022-07-15 07:00:00,29.3,28.65482,28.96421
2022-07-15 08:00:00,30.8,30.643223,30.067059
2022-07-15 09:00:00,32.2,32.216484,31.353266
2022-07-15 10:00:00,33.6,33.598553,32.25899
2022-07-15 11:00:00,34.8,34.4153,33.22939
2022-07-15 12:00:00,35.5,35.189384,33.247833
2022-07-15 13:00:00,36.7,35.62905,34.02799
2022-07-15 14:00:00,32.3,36.18973,34.31227
2022-07-15 15:00:00,32.8,34.469906,33.71076
2022-07-15 16:00:00,32.2,33.007328,33.14048
2022-07-15 17:00:00,32.2,31.190681,30.9915
2022-07-15 18:00:00,30.3,30.776375,30.941856
2022-07-15 19:00:00,28.5,30.161663,29.424255
2022-07-15 20:00:00,28.1,30.187122,29.218082
2022-07-15 21:00:00,27.6,30.081223,29.253174
2022-07-15 22:00:00,27.2,30.001778,28.759888
2022-07-15 23:00:00,27.1,29.53607,28.593838
2022-07-16 00:00:00,27.2,29.048824,28.437326
2022-07-16 01:00:00,26.9,28.875832,27.933117
2022-07-16 02:00:00,26.4,28.766771,27.954674
2022-07-16 03:00:00,26.4,28.368418,27.991747
2022-07-16 04:00:00,26.4,28.23776,28.127531
2022-07-16 05:00:00,26.3,28.104084,28.189117
2022-07-16 06:00:00,26.4,28.022516,28.863941
2022-07-16 07:00:00,27.1,29.133204,29.066801
2022-07-16 08:00:00,28.4,30.770782,30.264761
2022-07-16 09:00:00,29.9,32.099464,31.440865
2022-07-16 10:00:00,31.2,33.595528,32.345222
2022-07-16 11:00:00,32.1,35.11771,33.099724
2022-07-16 12:00:00,33.7,35.588413,33.870224
2022-07-16 13:00:00,34.3,36.296066,33.766266
2022-07-16 14:00:00,33.4,34.23549,34.18689
2022-07-16 15:00:00,32.6,32.60618,31.17956
2022-07-16 16:00:00,31.1,31.683365,32.578228
2022-07-16 17:00:00,30.3,31.434109,30.556726
2022-07-16 18:00:00,29.8,30.334333,30.451584
2022-07-16 19:00:00,29.4,29.98675,28.901209
2022-07-16 20:00:00,28.5,29.701593,28.13647
2022-07-16 21:00:00,27.5,29.260607,28.333818
2022-07-16 22:00:00,27.0,28.91052,27.65649
2022-07-16 23:00:00,26.8,28.410984,27.45697
2022-07-17 00:00:00,26.8,28.670597,27.553867
2022-07-17 01:00:00,26.9,27.905773,27.03037
2022-07-17 02:00:00,26.7,27.208069,26.993238
2022-07-17 03:00:00,26.6,27.33158,26.830439
2022-07-17 04:00:00,26.5,26.984905,26.970276
2022-07-17 05:00:00,25.8,26.971422,27.201925
2022-07-17 06:00:00,26.1,27.058716,27.740553
2022-07-17 07:00:00,26.2,28.20074,28.128534
2022-07-17 08:00:00,27.0,29.632597,29.03363
2022-07-17 09:00:00,28.2,31.053757,30.345623
2022-07-17 10:00:00,29.7,31.808111,31.321453
2022-07-17 11:00:00,30.5,31.800554,32.373734
2022-07-17 12:00:00,31.5,33.549854,32.4002
2022-07-17 13:00:00,31.8,33.215557,33.63932
2022-07-17 14:00:00,31.4,32.43757,32.95996
2022-07-17 15:00:00,30.7,31.603712,31.835081
2022-07-17 16:00:00,29.2,31.022436,30.971466
2022-07-17 17:00:00,28.0,30.563154,29.816525
2022-07-17 18:00:00,28.0,29.855515,29.337141
2022-07-17 19:00:00,27.5,28.954578,28.850014
2022-07-17 20:00:00,27.2,28.465813,28.137142
2022-07-17 21:00:00,27.1,28.01386,27.844887
2022-07-17 22:00:00,27.0,27.635094,27.312492
2022-07-17 23:00:00,26.8,27.486172,27.09847
2022-07-18 00:00:00,26.6,27.303923,27.065128
2022-07-18 01:00:00,26.5,27.392872,26.63945
2022-07-18 02:00:00,26.5,27.220572,26.749992
2022-07-18 03:00:00,26.6,26.931349,26.668247
2022-07-18 04:00:00,26.4,26.72441,26.985794
2022-07-18 05:00:00,26.2,26.40341,27.082005
2022-07-18 06:00:00,26.7,26.49106,27.028854
2022-07-18 07:00:00,27.6,27.225365,27.811321
2022-07-18 08:00:00,29.0,28.0565,27.945698
2022-07-18 09:00:00,30.5,29.100449,29.124252
2022-07-18 10:00:00,31.8,30.246717,30.124348
2022-07-18 11:00:00,32.8,31.036812,31.119888
2022-07-18 12:00:00,33.4,31.413212,31.703674
2022-07-18 13:00:00,32.8,31.431923,32.11254
2022-07-18 14:00:00,31.9,31.244665,32.03709
2022-07-18 15:00:00,31.0,30.681627,31.396343
2022-07-18 16:00:00,30.3,30.460945,30.175936
2022-07-18 17:00:00,30.0,29.834837,29.269136
2022-07-18 18:00:00,29.2,28.947779,28.071833
2022-07-18 19:00:00,28.6,28.745361,28.198418
2022-07-18 20:00:00,28.3,28.088783,27.321497
2022-07-18 21:00:00,28.2,27.703321,27.12588
2022-07-18 22:00:00,28.2,27.267715,26.81546
2022-07-18 23:00:00,28.0,26.964802,26.714193
2022-07-19 00:00:00,27.6,26.654497,26.60342
2022-07-19 01:00:00,27.2,26.694887,25.984959
2022-07-19 02:00:00,27.2,26.45078,26.16443
2022-07-19 03:00:00,27.1,26.519928,26.269972
2022-07-19 04:00:00,26.6,26.530613,26.53695
2022-07-19 05:00:00,25.9,26.392187,26.766273
2022-07-19 06:00:00,26.3,26.80586,26.972382
2022-07-19 07:00:00,27.4,27.47861,27.742893
2022-07-19 08:00:00,28.9,28.55746,28.4516
2022-07-19 09:00:00,30.5,30.26592,29.658623
2022-07-19 10:00:00,31.8,31.170485,30.663486
2022-07-19 11:00:00,32.2,31.723637,31.37043
2022-07-19 12:00:00,32.1,32.724724,31.67462
2022-07-19 13:00:00,31.0,32.503654,32.02711
2022-07-19 14:00:00,30.4,31.510649,31.256485
2022-07-19 15:00:00,31.0,31.013414,30.335472
2022-07-19 16:00:00,30.0,30.218834,29.778452
2022-07-19 17:00:00,29.5,29.506607,29.206884
2022-07-19 18:00:00,28.9,28.92713,28.752348
2022-07-19 19:00:00,28.4,28.522408,28.042763
2022-07-19 20:00:00,28.4,28.221014,27.800587
2022-07-19 21:00:00,28.2,28.126312,27.504606
2022-07-19 22:00:00,27.7,28.00554,27.31179
2022-07-19 23:00:00,25.9,27.953491,27.336662
2022-07-20 00:00:00,25.4,27.606466,27.126574
2022-07-20 01:00:00,25.3,27.195967,26.519573
2022-07-20 02:00:00,25.1,26.941374,26.38657
2022-07-20 03:00:00,24.7,26.88472,26.835155
2022-07-20 04:00:00,24.7,26.635513,26.988962
2022-07-20 05:00:00,26.3,26.472294,26.896305
2022-07-20 06:00:00,26.7,26.597519,27.181963
2022-07-20 07:00:00,27.9,27.467098,27.413296
2022-07-20 08:00:00,29.5,28.846306,28.74516
2022-07-20 09:00:00,31.2,30.436367,29.930841
2022-07-20 10:00:00,32.1,31.336771,31.116936
2022-07-20 11:00:00,32.6,31.63083,32.204575
2022-07-20 12:00:00,32.5,31.5141,32.071236
2022-07-20 13:00:00,32.2,31.429895,31.567787
2022-07-20 14:00:00,31.4,30.626366,30.68624
2022-07-20 15:00:00,31.4,30.934217,30.270773
2022-07-20 16:00:00,30.6,30.268944,30.263786
2022-07-20 17:00:00,30.7,29.561283,29.204264
2022-07-20 18:00:00,29.8,28.892853,28.726725
2022-07-20 19:00:00,29.0,28.412992,28.382784
2022-07-20 20:00:00,28.7,28.141546,27.817966
2022-07-20 21:00:00,28.3,27.986607,27.723598
2022-07-20 22:00:00,27.3,27.650057,27.158924
2022-07-20 23:00:00,25.8,27.446728,26.886734
2022-07-21 00:00:00,25.1,26.298615,26.64933
2022-07-21 01:00:00,25.2,25.983162,26.452793
2022-07-21 02:00:00,25.3,25.926115,25.609371
2022-07-21 03:00:00,25.4,25.822264,26.206095
2022-07-21 04:00:00,25.5,25.733797,25.640278
2022-07-21 05:00:00,25.2,25.579676,26.393852
2022-07-21 06:00:00,25.5,26.975515,27.28368
2022-07-21 07:00:00,26.3,28.001238,27.464104
2022-07-21 08:00:00,27.3,28.99255,28.879377
2022-07-21 09:00:00,28.3,30.212538,30.199411
2022-07-21 10:00:00,29.2,31.293444,31.233814
2022-07-21 11:00:00,29.8,31.919308,31.57101
2022-07-21 12:00:00,30.1,32.187294,32.06036
2022-07-21 13:00:00,30.5,31.838379,30.935436
2022-07-21 14:00:00,30.8,31.010775,30.312775
2022-07-21 15:00:00,30.6,30.898489,30.140076
2022-07-21 16:00:00,29.8,30.338354,29.939655
2022-07-21 17:00:00,30.3,29.985706,29.116467
2022-07-21 18:00:00,29.2,29.348104,29.198406
2022-07-21 19:00:00,28.1,28.72374,28.362038
2022-07-21 20:00:00,28.1,28.46095,27.877567
2022-07-21 21:00:00,27.8,28.14235,27.735893
2022-07-21 22:00:00,27.7,27.818789,27.398495
2022-07-21 23:00:00,27.6,27.006516,27.040972
2022-07-22 00:00:00,27.1,26.323065,26.3499
2022-07-22 01:00:00,26.0,26.013168,26.161299
2022-07-22 02:00:00,25.0,25.831163,25.491478
2022-07-22 03:00:00,24.9,25.765701,25.827381
2022-07-22 04:00:00,24.8,25.908396,25.973297
2022-07-22 05:00:00,25.5,26.05105,26.318165
2022-07-22 06:00:00,25.6,26.086224,26.717922
2022-07-22 07:00:00,26.3,27.145897,27.248783
2022-07-22 08:00:00,27.6,28.407948,28.257336
2022-07-22 09:00:00,29.2,29.17972,28.943985
2022-07-22 10:00:00,30.7,30.17268,29.970764
2022-07-22 11:00:00,31.7,31.559587,30.45321
2022-07-22 12:00:00,32.2,32.106583,30.51457
2022-07-22 13:00:00,32.0,31.365778,30.281929
2022-07-22 14:00:00,30.7,31.33312,29.779058
2022-07-22 15:00:00,28.7,30.966145,29.612148
2022-07-22 16:00:00,28.6,30.393467,29.773296
2022-07-22 17:00:00,28.1,30.257336,28.433867
2022-07-22 18:00:00,27.2,29.0914,29.47831
2022-07-22 19:00:00,27.0,28.287104,27.396442
2022-07-22 20:00:00,26.9,28.264112,27.508747
2022-07-22 21:00:00,26.5,27.796436,27.432858
2022-07-22 22:00:00,26.4,27.434431,27.122185
2022-07-22 23:00:00,26.1,27.325733,26.932434
2022-07-23 00:00:00,25.6,27.00986,26.81269
2022-07-23 01:00:00,26.3,26.573957,26.001068
2022-07-23 02:00:00,25.6,25.96411,25.963184
2022-07-23 03:00:00,25.8,25.811844,25.552073
2022-07-23 04:00:00,25.6,25.644989,25.792019
2022-07-23 05:00:00,25.0,25.967602,26.207903
2022-07-23 06:00:00,25.5,26.066616,26.645826
2022-07-23 07:00:00,26.5,27.049412,27.005238
2022-07-23 08:00:00,27.7,27.9595,27.97315
2022-07-23 09:00:00,28.9,29.156427,29.044312
2022-07-23 10:00:00,30.1,29.974194,30.154516
2022-07-23 11:00:00,30.9,31.17016,31.041218
2022-07-23 12:00:00,31.4,31.722927,31.610847
2022-07-23 13:00:00,31.4,31.751108,31.559788
2022-07-23 14:00:00,31.3,31.336573,31.294357
2022-07-23 15:00:00,29.9,30.046452,29.848484
2022-07-23 16:00:00,29.2,29.744844,28.403713
2022-07-23 17:00:00,28.6,29.72567,28.572996
2022-07-23 18:00:00,28.1,28.314426,28.388554
2022-07-23 19:00:00,27.3,27.783844,27.684135
2022-07-23 20:00:00,26.9,27.641586,27.293407
2022-07-23 21:00:00,26.3,27.308983,27.205128
2022-07-23 22:00:00,26.7,27.134281,26.731804
2022-07-23 23:00:00,26.3,27.137083,26.728975
2022-07-24 00:00:00,26.2,26.634344,26.553865
2022-07-24 01:00:00,26.1,25.86214,25.400705
2022-07-24 02:00:00,26.0,25.683529,25.897652
2022-07-24 03:00:00,25.8,26.029068,25.830915
2022-07-24 04:00:00,25.7,26.073753,26.010971
2022-07-24 05:00:00,25.6,25.727028,25.984383
2022-07-24 06:00:00,26.4,25.984474,26.283506
2022-07-24 07:00:00,27.6,26.959486,26.996841
2022-07-24 08:00:00,29.2,28.099728,27.682669
2022-07-24 09:00:00,30.6,29.185825,29.09428
2022-07-24 10:00:00,31.7,29.8674,30.039612
2022-07-24 11:00:00,32.4,30.6439,30.942665
2022-07-24 12:00:00,32.3,31.350267,31.223295
2022-07-24 13:00:00,31.0,31.72928,31.48534
2022-07-24 14:00:00,30.2,31.540945,30.926826
2022-07-24 15:00:00,29.7,30.633701,30.978111
2022-07-24 16:00:00,29.9,29.429462,29.153679
2022-07-24 17:00:00,30.1,29.182533,28.895687
2022-07-24 18:00:00,29.1,28.461884,28.532621
2022-07-24 19:00:00,28.1,28.117462,27.664331
2022-07-24 20:00:00,28.1,27.72541,26.847542
2022-07-24 21:00:00,27.6,27.389353,26.645115
2022-07-24 22:00:00,27.4,27.056599,26.733706
2022-07-24 23:00:00,26.8,26.999853,26.735638
2022-07-25 00:00:00,26.3,26.521875,26.375349
2022-07-25 01:00:00,26.1,26.513048,25.799158
2022-07-25 02:00:00,26.1,26.383465,26.126825
2022-07-25 03:00:00,26.0,26.155783,25.911179
2022-07-25 04:00:00,25.1,26.168352,26.075886
2022-07-25 05:00:00,25.2,26.015564,26.331211
2022-07-25 06:00:00,25.3,26.328814,26.03576
2022-07-25 07:00:00,25.7,27.348349,27.127659
2022-07-25 08:00:00,26.6,28.760447,28.317467
2022-07-25 09:00:00,27.9,30.235449,29.597488
2022-07-25 10:00:00,29.4,31.452248,30.415209
2022-07-25 11:00:00,30.1,31.881193,31.018246
2022-07-25 12:00:00,30.6,32.255417,31.433456
2022-07-25 13:00:00,30.9,31.788986,30.768429
2022-07-25 14:00:00,30.4,31.240786,30.169079
2022-07-25 15:00:00,28.6,30.133436,29.415443
2022-07-25 16:00:00,28.9,29.64553,29.433487
2022-07-25 17:00:00,29.8,29.462221,29.2337
2022-07-25 18:00:00,28.8,28.686544,28.661396
2022-07-25 19:00:00,28.0,28.329918,27.98428
2022-07-25 20:00:00,27.4,27.90826,27.494286
2022-07-25 21:00:00,27.0,27.662851,27.471659
2022-07-25 22:00:00,26.2,27.546507,27.055426
2022-07-25 23:00:00,26.2,27.200504,26.983467
2022-07-26 00:00:00,25.9,26.764814,26.759079
2022-07-26 01:00:00,25.6,26.448156,25.967545
2022-07-26 02:00:00,25.8,26.409527,26.076483
2022-07-26 03:00:00,25.3,26.228735,26.202915
2022-07-26 04:00:00,25.7,25.866875,26.186504
2022-07-26 05:00:00,25.2,25.807312,26.256939
2022-07-26 06:00:00,25.4,26.050074,26.89571
2022-07-26 07:00:00,26.4,26.940363,27.152714
2022-07-26 08:00:00,27.6,27.76925,27.738647
2022-07-26 09:00:00,28.6,29.235632,29.01049
2022-07-26 10:00:00,29.5,29.98181,29.73922
2022-07-26 11:00:00,29.9,31.020636,30.743996
2022-07-26 12:00:00,30.2,31.01359,30.580132
2022-07-26 13:00:00,30.1,31.479788,30.704666
2022-07-26 14:00:00,29.6,30.882854,29.736542
2022-07-26 15:00:00,29.2,30.540857,29.343895
2022-07-26 16:00:00,28.9,30.079813,28.60912
2022-07-26 17:00:00,28.9,29.68635,28.271706
2022-07-26 18:00:00,28.2,28.622272,28.249794
2022-07-26 19:00:00,27.7,27.867228,27.62109
2022-07-26 20:00:00,27.6,27.83668,26.981478
2022-07-26 21:00:00,27.5,27.504868,26.574953
2022-07-26 22:00:00,27.2,27.26349,26.262976
2022-07-26 23:00:00,26.9,27.01786,25.790022
2022-07-27 00:00:00,26.5,26.812668,25.858143
2022-07-27 01:00:00,26.2,26.501575,25.510782
2022-07-27 02:00:00,25.8,26.141575,25.488918
2022-07-27 03:00:00,25.6,25.892231,25.44785
2022-07-27 04:00:00,25.4,25.759481,24.938807
2022-07-27 05:00:00,25.9,25.844013,25.663445
2022-07-27 06:00:00,26.5,26.148836,26.369074
2022-07-27 07:00:00,27.7,26.780802,26.873508
2022-07-27 08:00:00,28.8,27.80213,28.156418
2022-07-27 09:00:00,29.6,28.699615,28.10254
2022-07-27 10:00:00,30.4,29.860071,28.770372
2022-07-27 11:00:00,31.1,30.43676,29.439247
2022-07-27 12:00:00,31.0,30.790676,29.728798
2022-07-27 13:00:00,30.5,30.716846,29.822472
2022-07-27 14:00:00,30.4,30.203074,29.746983
2022-07-27 15:00:00,30.1,29.517035,29.217913
2022-07-27 16:00:00,29.6,29.319782,28.692545
2022-07-27 17:00:00,29.7,29.184616,28.443556
2022-07-27 18:00:00,29.1,28.377516,27.971958
2022-07-27 19:00:00,28.7,27.846014,27.700514
2022-07-27 20:00:00,28.4,27.58688,27.273924
2022-07-27 21:00:00,27.7,27.357275,27.09338
2022-07-27 22:00:00,27.3,27.12215,26.946995
2022-07-27 23:00:00,27.7,26.99082,26.6469
2022-07-28 00:00:00,27.7,26.658125,26.6233
2022-07-28 01:00:00,27.2,26.37196,25.986689
2022-07-28 02:00:00,26.4,26.314417,25.833826
2022-07-28 03:00:00,26.1,26.01751,25.77575
2022-07-28 04:00:00,24.9,25.82272,25.751404
2022-07-28 05:00:00,26.1,26.34502,25.925573
2022-07-28 06:00:00,26.8,26.451612,26.112865
2022-07-28 07:00:00,27.3,27.4329,27.007624
2022-07-28 08:00:00,28.3,28.534378,28.201832
2022-07-28 09:00:00,29.1,29.343548,29.691128
2022-07-28 10:00:00,29.6,30.550455,30.23113
2022-07-28 11:00:00,29.5,31.50537,29.9364
2022-07-28 12:00:00,29.4,31.573753,30.366383
2022-07-28 13:00:00,29.5,30.879196,30.218616
2022-07-28 14:00:00,29.3,30.564571,30.082613
2022-07-28 15:00:00,29.1,30.121841,29.40044
2022-07-28 16:00:00,28.7,29.454641,29.311356
2022-07-28 17:00:00,28.9,29.262657,28.651981
2022-07-28 18:00:00,28.3,28.609241,28.586483
2022-07-28 19:00:00,27.9,28.250883,27.934628
2022-07-28 20:00:00,27.8,28.189499,27.742687
2022-07-28 21:00:00,27.7,27.879179,27.468697
2022-07-28 22:00:00,27.6,27.358444,26.829193
2022-07-28 23:00:00,27.5,27.419603,26.81112
2022-07-29 00:00:00,27.2,27.217546,27.07763
2022-07-29 01:00:00,27.0,27.122261,26.561905
2022-07-29 02:00:00,26.8,26.527735,26.16172
2022-07-29 03:00:00,26.7,26.214855,25.987692
2022-07-29 04:00:00,26.5,25.72825,25.766338
2022-07-29 05:00:00,26.4,26.043037,25.863924
2022-07-29 06:00:00,26.3,26.613913,27.106985
2022-07-29 07:00:00,27.2,27.504671,27.012909
2022-07-29 08:00:00,28.3,28.538223,28.109436
2022-07-29 09:00:00,29.3,29.356468,29.909061
2022-07-29 10:00:00,30.5,30.158016,29.80155
2022-07-29 11:00:00,31.5,30.92893,30.310873
2022-07-29 12:00:00,31.8,30.36645,30.31307
2022-07-29 13:00:00,31.2,30.341734,30.25816
2022-07-29 14:00:00,30.2,29.973892,29.928102
2022-07-29 15:00:00,30.0,29.672817,29.6497
2022-07-29 16:00:00,29.6,29.350313,29.259663
2022-07-29 17:00:00,29.3,29.29723,28.773972
2022-07-29 18:00:00,28.6,28.543936,28.644068
2022-07-29 19:00:00,28.3,28.131216,27.94522
2022-07-29 20:00:00,28.1,27.911272,27.573963
2022-07-29 21:00:00,28.0,27.689741,27.389309
2022-07-29 22:00:00,28.0,27.50445,27.11619
2022-07-29 23:00:00,27.8,27.520615,26.927542
2022-07-30 00:00:00,27.5,27.247622,26.89335
2022-07-30 01:00:00,27.2,26.876146,26.320988
2022-07-30 02:00:00,26.5,26.577763,26.290726
2022-07-30 03:00:00,26.1,26.486734,26.247906
2022-07-30 04:00:00,25.6,26.203848,26.457027
2022-07-30 05:00:00,26.4,26.333231,26.353882
2022-07-30 06:00:00,26.7,26.414606,26.672176
2022-07-30 07:00:00,27.6,27.465332,27.429556
2022-07-30 08:00:00,28.9,28.531603,28.612787
2022-07-30 09:00:00,30.1,29.375853,29.273695
2022-07-30 10:00:00,30.9,30.83778,30.460672
2022-07-30 11:00:00,31.2,31.41766,31.164017
2022-07-30 12:00:00,31.0,31.945873,31.59679
2022-07-30 13:00:00,30.8,31.773462,30.93792
2022-07-30 14:00:00,30.8,30.838493,30.357933
2022-07-30 15:00:00,30.5,30.158117,29.625134
2022-07-30 16:00:00,30.1,29.704842,29.5159
2022-07-30 17:00:00,29.9,29.268852,29.085545
2022-07-30 18:00:00,29.1,28.407476,28.592213
2022-07-30 19:00:00,28.8,28.076431,27.968838
2022-07-30 20:00:00,28.6,27.975836,27.727518
2022-07-30 21:00:00,28.3,27.808855,27.474266
2022-07-30 22:00:00,28.1,27.569433,27.264984
2022-07-30 23:00:00,27.9,27.402298,27.179913
2022-07-31 00:00:00,27.3,27.010416,27.074944
2022-07-31 01:00:00,26.2,26.957874,26.449509
2022-07-31 02:00:00,25.9,26.524553,26.347607
2022-07-31 03:00:00,25.3,26.374126,26.383398
2022-07-31 04:00:00,25.1,26.202457,26.37085
2022-07-31 05:00:00,27.1,26.162886,26.164446
2022-07-31 06:00:00,27.2,26.603552,27.077461
2022-07-31 07:00:00,28.2,27.57468,27.391148
2022-07-31 08:00:00,29.5,28.738928,28.59405
2022-07-31 09:00:00,30.7,29.81683,29.786585
2022-07-31 10:00:00,31.8,30.902328,30.371153
2022-07-31 11:00:00,32.4,31.683912,30.40276
2022-07-31 12:00:00,32.4,31.477106,30.874722
2022-07-31 13:00:00,31.5,31.451265,30.596977
2022-07-31 14:00:00,31.0,30.8718,30.308407
2022-07-31 15:00:00,30.7,30.570227,30.144266
2022-07-31 16:00:00,30.1,29.959476,29.70298
2022-07-31 17:00:00,30.2,29.612968,29.255104
2022-07-31 18:00:00,29.4,28.816149,28.790146
2022-07-31 19:00:00,29.1,28.456196,28.126637
2022-07-31 20:00:00,29.1,28.3086,27.866356
2022-07-31 21:00:00,28.8,28.040394,27.650127
2022-07-31 22:00:00,25.6,27.842848,27.364231
2022-07-31 23:00:00,25.8,27.664206,27.159418
2022-08-01 00:00:00,25.6,27.259153,27.154263
2022-08-01 01:00:00,25.7,26.705362,25.670193
2022-08-01 02:00:00,25.6,26.44451,25.739296
2022-08-01 03:00:00,25.3,26.040356,25.740301
2022-08-01 04:00:00,25.1,25.811596,25.274012
2022-08-01 05:00:00,26.0,26.166307,25.764938
2022-08-01 06:00:00,26.5,26.904211,27.21579
2022-08-01 07:00:00,27.9,27.823502,26.99529
2022-08-01 08:00:00,29.2,28.857395,28.081085
2022-08-01 09:00:00,30.1,29.85631,29.561192
2022-08-01 10:00:00,31.4,31.205023,29.92825
2022-08-01 11:00:00,31.9,31.731535,31.50583
2022-08-01 12:00:00,31.9,31.727541,30.149708
2022-08-01 13:00:00,31.6,31.537718,30.32347
2022-08-01 14:00:00,30.3,30.744848,29.63771
2022-08-01 15:00:00,30.2,30.391771,29.26301
2022-08-01 16:00:00,29.4,29.75498,29.071198
2022-08-01 17:00:00,29.9,29.911772,28.730556
2022-08-01 18:00:00,29.3,29.11909,28.521229
2022-08-01 19:00:00,28.7,28.758633,27.792059
2022-08-01 20:00:00,26.7,28.612312,27.584251
2022-08-01 21:00:00,26.7,28.355667,27.50647
2022-08-01 22:00:00,26.4,27.377356,27.152401
2022-08-01 23:00:00,25.1,27.261866,25.85628
2022-08-02 00:00:00,25.2,26.512484,26.122417
2022-08-02 01:00:00,24.8,26.378511,25.277977
2022-08-02 02:00:00,25.1,26.325548,25.009045
2022-08-02 03:00:00,24.5,25.983576,25.00481
2022-08-02 04:00:00,24.6,25.704966,25.16603
2022-08-02 05:00:00,25.5,26.180588,25.153599
2022-08-02 06:00:00,25.8,26.737335,26.267557
2022-08-02 07:00:00,25.8,27.57112,26.352531
2022-08-02 08:00:00,26.1,29.166979,27.731218
2022-08-02 09:00:00,26.1,29.91742,28.50711
2022-08-02 10:00:00,25.8,31.320757,28.702915
2022-08-02 11:00:00,26.1,31.441105,29.750896
2022-08-02 12:00:00,26.7,31.288824,30.062891
2022-08-02 13:00:00,27.6,31.250948,30.117733
2022-08-02 14:00:00,28.0,30.826012,29.74628
2022-08-02 15:00:00,28.0,30.368906,29.160894
2022-08-02 16:00:00,28.2,29.908537,28.90759
2022-08-02 17:00:00,27.9,29.555216,28.270811
2022-08-02 18:00:00,27.1,29.14548,28.475176
2022-08-02 19:00:00,26.8,29.053663,27.800377
2022-08-02 20:00:00,26.6,28.631805,27.29054
2022-08-02 21:00:00,26.3,28.809685,26.155582
2022-08-02 22:00:00,26.4,27.234835,26.097643
2022-08-02 23:00:00,26.4,26.835464,25.523296
2022-08-03 00:00:00,26.3,26.217873,25.713661
2022-08-03 01:00:00,25.1,25.65313,24.564404
2022-08-03 02:00:00,24.6,25.356209,24.51899
2022-08-03 03:00:00,24.4,25.51107,25.7735
2022-08-03 04:00:00,24.4,24.742561,24.350527
2022-08-03 05:00:00,25.8,25.063942,26.282806
2022-08-03 06:00:00,26.0,25.960001,25.91098
2022-08-03 07:00:00,26.7,26.481075,25.696081
2022-08-03 08:00:00,27.5,27.852877,26.789562
2022-08-03 09:00:00,28.5,28.704386,27.403511
2022-08-03 10:00:00,28.8,29.182297,27.789078
2022-08-03 11:00:00,29.6,28.919235,27.898884
2022-08-03 12:00:00,30.4,29.572353,28.345486
2022-08-03 13:00:00,30.1,29.926685,28.534218
2022-08-03 14:00:00,26.7,29.830822,28.647161
2022-08-03 15:00:00,25.9,30.056562,27.874355
2022-08-03 16:00:00,25.6,29.626425,27.47924
2022-08-03 17:00:00,27.9,29.609163,27.496065
2022-08-03 18:00:00,27.3,27.999718,28.17054
2022-08-03 19:00:00,26.0,27.419254,27.057781
2022-08-03 20:00:00,25.7,27.01436,26.814499
2022-08-03 21:00:00,25.6,26.97871,26.300644
2022-08-03 22:00:00,25.5,27.002827,25.877031
2022-08-03 23:00:00,25.3,26.77349,25.905977
2022-08-04 00:00:00,25.1,26.512205,25.727428
2022-08-04 01:00:00,25.0,26.08623,25.36333
2022-08-04 02:00:00,25.0,25.597013,25.069323
2022-08-04 03:00:00,25.3,25.279736,25.116646
2022-08-04 04:00:00,25.4,25.201717,25.242477
2022-08-04 05:00:00,25.9,25.561935,25.12189
2022-08-04 06:00:00,26.3,26.124256,26.188793
2022-08-04 07:00:00,27.1,26.849884,26.400349
2022-08-04 08:00:00,28.2,28.023056,27.240868
2022-08-04 09:00:00,28.7,28.696907,27.934309
2022-08-04 10:00:00,28.5,29.71064,28.802898
2022-08-04 11:00:00,29.1,31.012167,29.05052
2022-08-04 12:00:00,30.7,31.634819,29.268356
2022-08-04 13:00:00,29.6,30.297169,29.56801
2022-08-04 14:00:00,29.1,30.104738,29.331985
2022-08-04 15:00:00,29.7,29.253618,27.97709
2022-08-04 16:00:00,29.4,28.294405,27.768578
2022-08-04 17:00:00,29.6,28.1344,27.563805
2022-08-04 18:00:00,28.8,27.853456,27.708874
2022-08-04 19:00:00,28.2,27.381998,26.855295
2022-08-04 20:00:00,27.9,27.431213,26.32858
2022-08-04 21:00:00,27.5,27.013155,25.942616
2022-08-04 22:00:00,27.4,26.722065,25.95869
2022-08-04 23:00:00,27.1,26.583784,25.63359
2022-08-05 00:00:00,26.9,26.350811,25.510029
2022-08-05 01:00:00,26.7,26.07013,25.001577
2022-08-05 02:00:00,27.0,25.880665,24.950657
2022-08-05 03:00:00,27.1,25.864107,24.990404
2022-08-05 04:00:00,26.8,25.930185,25.21938
2022-08-05 05:00:00,26.5,26.227264,25.600048
2022-08-05 06:00:00,26.8,26.892189,26.45008
2022-08-05 07:00:00,26.8,27.550875,27.011093
2022-08-05 08:00:00,27.0,28.502808,27.698652
2022-08-05 09:00:00,27.4,29.36465,28.845373
2022-08-05 10:00:00,27.5,29.692564,29.336155
2022-08-05 11:00:00,27.9,30.883781,29.520237
2022-08-05 12:00:00,27.6,32.142757,30.063255
2022-08-05 13:00:00,28.9,31.447256,30.67823
2022-08-05 14:00:00,29.4,30.247732,29.698055
2022-08-05 15:00:00,29.1,29.986382,29.070463
2022-08-05 16:00:00,29.6,29.222939,29.15838
2022-08-05 17:00:00,29.8,29.253231,28.459745
2022-08-05 18:00:00,29.1,28.82622,28.575577
2022-08-05 19:00:00,28.9,28.303114,27.665787
2022-08-05 20:00:00,28.7,27.918503,27.292263
2022-08-05 21:00:00,28.7,27.647865,26.964594
2022-08-05 22:00:00,28.3,27.444609,26.626835
2022-08-05 23:00:00,27.9,27.424162,26.524132
2022-08-06 00:00:00,27.6,27.138079,26.384985
2022-08-06 01:00:00,27.2,27.052097,25.87221
2022-08-06 02:00:00,26.7,27.083735,25.80737
2022-08-06 03:00:00,26.4,26.83314,26.130041
2022-08-06 04:00:00,26.7,26.45012,26.429333
2022-08-06 05:00:00,26.6,26.173994,26.544289
2022-08-06 06:00:00,26.7,26.462677,27.026888
2022-08-06 07:00:00,27.3,27.123087,27.625721
2022-08-06 08:00:00,28.3,28.028082,27.962162
2022-08-06 09:00:00,29.6,28.730667,28.58254
2022-08-06 10:00:00,29.5,28.957516,29.035538
2022-08-06 11:00:00,31.3,29.97425,29.244476
2022-08-06 12:00:00,31.8,31.587076,29.75903
2022-08-06 13:00:00,31.2,31.339119,29.580679
2022-08-06 14:00:00,31.3,30.525805,29.925667
2022-08-06 15:00:00,30.5,31.147427,29.559292
2022-08-06 16:00:00,29.0,29.905804,29.094456
2022-08-06 17:00:00,29.9,30.03444,28.783173
2022-08-06 18:00:00,29.5,28.974365,28.631508
2022-08-06 19:00:00,29.0,28.62896,27.999403
2022-08-06 20:00:00,28.7,28.515112,27.723808
2022-08-06 21:00:00,28.9,28.442814,27.430653
2022-08-06 22:00:00,28.8,28.34634,27.294369
2022-08-06 23:00:00,28.5,28.285082,26.858671
2022-08-07 00:00:00,28.1,27.461838,26.7877
2022-08-07 01:00:00,27.8,27.098297,26.185135
2022-08-07 02:00:00,27.7,26.650696,26.078285
2022-08-07 03:00:00,27.7,26.29037,26.164036
2022-08-07 04:00:00,27.3,26.301739,26.188892
2022-08-07 05:00:00,27.1,26.290937,26.691578
2022-08-07 06:00:00,27.1,26.545244,27.004665
2022-08-07 07:00:00,27.4,27.4941,27.441542
2022-08-07 08:00:00,28.3,28.586996,28.087236
2022-08-07 09:00:00,28.6,29.777565,28.901308
2022-08-07 10:00:00,29.3,30.125534,29.869493
2022-08-07 11:00:00,31.1,31.926859,29.785667
2022-08-07 12:00:00,31.7,32.646194,31.114048
2022-08-07 13:00:00,32.8,32.265285,30.722347
2022-08-07 14:00:00,33.1,31.474665,30.499191
2022-08-07 15:00:00,33.1,30.69992,30.498962
2022-08-07 16:00:00,32.2,30.890076,29.323532
2022-08-07 17:00:00,31.6,29.767847,28.704918
2022-08-07 18:00:00,30.7,29.071531,28.792645
2022-08-07 19:00:00,29.6,28.872944,28.21002
2022-08-07 20:00:00,29.9,28.66875,27.802765
2022-08-07 21:00:00,29.7,28.658934,27.607864
2022-08-07 22:00:00,29.4,28.565355,27.568504
2022-08-07 23:00:00,29.0,28.247288,27.247961
2022-08-08 00:00:00,28.6,27.8033,27.134342
2022-08-08 01:00:00,28.2,27.318943,26.575562
2022-08-08 02:00:00,27.9,27.350395,26.473099
2022-08-08 03:00:00,27.7,27.232655,26.717985
2022-08-08 04:00:00,27.5,26.832762,26.727324
2022-08-08 05:00:00,27.4,26.790627,26.93026
2022-08-08 06:00:00,27.2,26.872019,27.26599
2022-08-08 07:00:00,27.6,27.404257,27.730587
2022-08-08 08:00:00,28.7,28.4358,28.390343
2022-08-08 09:00:00,30.0,29.741007,29.352127
2022-08-08 10:00:00,31.3,30.733782,29.75005
2022-08-08 11:00:00,32.3,32.305565,30.36367
2022-08-08 12:00:00,33.4,32.482296,31.373278
2022-08-08 13:00:00,33.8,33.113304,31.356817
2022-08-08 14:00:00,34.5,32.29684,31.616676
2022-08-08 15:00:00,34.4,32.310997,31.275461
2022-08-08 16:00:00,33.5,31.454195,30.683697
2022-08-08 17:00:00,32.2,30.22849,29.689354
2022-08-08 18:00:00,31.4,29.63516,29.334635
2022-08-08 19:00:00,30.7,28.69203,28.236786
2022-08-08 20:00:00,29.5,28.9871,27.894823
2022-08-08 21:00:00,29.2,28.933472,28.113895
2022-08-08 22:00:00,29.1,28.827517,27.751232
2022-08-08 23:00:00,28.5,28.29332,27.568684
2022-08-09 00:00:00,28.1,27.94479,27.47274
2022-08-09 01:00:00,27.7,27.69084,26.825909
2022-08-09 02:00:00,27.4,27.44061,26.87253
2022-08-09 03:00:00,27.3,27.269243,26.918411
2022-08-09 04:00:00,27.0,27.02528,27.096134
2022-08-09 05:00:00,26.9,26.948824,27.2055
2022-08-09 06:00:00,26.7,26.958958,27.705753
2022-08-09 07:00:00,27.3,27.48297,27.978645
2022-08-09 08:00:00,28.7,28.74573,28.531733
2022-08-09 09:00:00,30.0,29.982327,29.769558
2022-08-09 10:00:00,31.4,31.342243,30.452122
2022-08-09 11:00:00,31.9,32.56544,31.329376
2022-08-09 12:00:00,33.2,33.223038,31.866285
2022-08-09 13:00:00,33.1,33.13644,32.433773
2022-08-09 14:00:00,33.6,33.59044,32.346855
2022-08-09 15:00:00,34.2,33.7541,32.22188
2022-08-09 16:00:00,34.0,31.758223,31.547268
2022-08-09 17:00:00,32.5,31.006632,30.502419
2022-08-09 18:00:00,31.2,30.56343,29.768307
2022-08-09 19:00:00,30.4,30.252048,29.333153
2022-08-09 20:00:00,30.0,29.73585,28.750925
2022-08-09 21:00:00,29.6,29.593782,27.98781
2022-08-09 22:00:00,29.4,29.466116,27.75589
2022-08-09 23:00:00,28.9,28.703796,27.74208
2022-08-10 00:00:00,28.6,28.39812,27.43333
2022-08-10 01:00:00,28.5,27.948668,26.895447
2022-08-10 02:00:00,28.0,27.494436,26.79575
2022-08-10 03:00:00,27.6,27.283478,26.972633
2022-08-10 04:00:00,27.1,27.138714,27.004047
2022-08-10 05:00:00,26.2,26.957037,27.202793
2022-08-10 06:00:00,26.6,26.83653,27.634485
2022-08-10 07:00:00,27.7,27.691422,28.004955
2022-08-10 08:00:00,29.1,28.706425,28.733782
2022-08-10 09:00:00,30.4,30.152824,29.82979
2022-08-10 10:00:00,31.3,31.810347,30.80493
2022-08-10 11:00:00,32.9,32.545284,31.85497
2022-08-10 12:00:00,33.8,33.835384,31.846638
2022-08-10 13:00:00,34.2,33.28581,32.855366
2022-08-10 14:00:00,35.6,32.62025,31.979805
2022-08-10 15:00:00,35.7,32.720333,32.163277
2022-08-10 16:00:00,33.5,31.54482,31.720646
2022-08-10 17:00:00,31.1,30.618788,31.028769
2022-08-10 18:00:00,29.8,30.142769,29.606363
2022-08-10 19:00:00,29.1,29.879887,29.394722
2022-08-10 20:00:00,28.8,29.646624,28.62059
2022-08-10 21:00:00,28.6,29.335062,28.25364
2022-08-10 22:00:00,28.4,29.025219,27.959166
2022-08-10 23:00:00,28.2,28.471476,27.831654
2022-08-11 00:00:00,27.9,28.140057,27.551765
2022-08-11 01:00:00,28.5,28.03715,27.098133
2022-08-11 02:00:00,28.4,27.843662,27.124071
2022-08-11 03:00:00,28.0,27.506163,27.01824
2022-08-11 04:00:00,27.6,27.458622,27.164978
2022-08-11 05:00:00,27.9,26.66016,27.261051
2022-08-11 06:00:00,27.9,26.669952,27.137527
2022-08-11 07:00:00,28.7,27.825844,28.02399
2022-08-11 08:00:00,30.0,29.189888,28.883211
2022-08-11 09:00:00,31.3,30.636896,30.050636
2022-08-11 10:00:00,32.6,31.853203,30.916641
2022-08-11 11:00:00,33.5,32.637745,31.813068
2022-08-11 12:00:00,34.3,34.162636,32.410145
2022-08-11 13:00:00,33.8,34.209545,32.7282
2022-08-11 14:00:00,35.4,34.60743,32.699223
2022-08-11 15:00:00,35.1,33.559032,32.946873
2022-08-11 16:00:00,35.2,32.478203,32.247112
2022-08-11 17:00:00,33.0,31.21428,30.621735
2022-08-11 18:00:00,32.0,29.896208,28.88139
2022-08-11 19:00:00,30.1,29.621828,28.757977
2022-08-11 20:00:00,29.1,29.447756,28.169308
2022-08-11 21:00:00,28.8,29.279016,27.791996
2022-08-11 22:00:00,28.8,28.820784,27.435429
2022-08-11 23:00:00,28.4,28.25416,27.209106
2022-08-12 00:00:00,28.1,28.041267,27.274069
2022-08-12 01:00:00,27.9,28.099821,26.677662
2022-08-12 02:00:00,27.7,27.956938,27.13552
2022-08-12 03:00:00,27.6,27.753809,27.247454
2022-08-12 04:00:00,27.4,27.575006,27.20715
2022-08-12 05:00:00,27.7,27.465527,27.363968
2022-08-12 06:00:00,27.8,27.325317,27.780678
2022-08-12 07:00:00,28.7,28.241835,28.319904
2022-08-12 08:00:00,30.1,29.125578,29.052416
2022-08-12 09:00:00,31.3,30.625654,30.21026
2022-08-12 10:00:00,32.4,32.33791,31.142416
2022-08-12 11:00:00,33.3,33.37175,31.962326
2022-08-12 12:00:00,34.3,34.22777,32.476562
2022-08-12 13:00:00,35.0,34.003685,32.99457
2022-08-12 14:00:00,35.2,34.74905,32.10489
2022-08-12 15:00:00,34.6,34.194347,33.09019
2022-08-12 16:00:00,32.6,33.069023,31.868523
2022-08-12 17:00:00,31.4,31.464449,31.217735
2022-08-12 18:00:00,29.4,30.371462,29.252235
2022-08-12 19:00:00,29.1,29.990967,29.510427
2022-08-12 20:00:00,28.9,29.355474,28.280582
2022-08-12 21:00:00,28.7,28.931293,27.74274
2022-08-12 22:00:00,28.5,28.742165,27.542372
2022-08-12 23:00:00,28.6,28.376478,27.547878
2022-08-13 00:00:00,29.5,28.02108,27.193003
2022-08-13 01:00:00,28.8,28.073332,26.618786
2022-08-13 02:00:00,28.3,27.959116,26.79395
2022-08-13 03:00:00,28.0,27.63564,26.884893
2022-08-13 04:00:00,27.7,27.452093,27.118557
2022-08-13 05:00:00,27.6,27.597805,27.279491
2022-08-13 06:00:00,27.6,27.675032,28.134075
2022-08-13 07:00:00,28.4,28.617487,28.27917
2022-08-13 08:00:00,29.4,29.688894,29.268085
2022-08-13 09:00:00,30.3,30.95669,30.305058
2022-08-13 10:00:00,31.1,32.524063,31.29476
2022-08-13 11:00:00,32.0,33.08949,32.028244
2022-08-13 12:00:00,32.9,33.42235,32.17904
2022-08-13 13:00:00,33.9,34.506035,32.88717
2022-08-13 14:00:00,33.7,34.399986,32.642483
2022-08-13 15:00:00,31.6,33.289486,32.4118
2022-08-13 16:00:00,30.5,31.324106,31.90493
2022-08-13 17:00:00,29.9,30.977457,30.341124
2022-08-13 18:00:00,28.8,29.811089,29.151924
2022-08-13 19:00:00,28.0,29.402548,28.409515
2022-08-13 20:00:00,27.4,29.072365,27.998764
2022-08-13 21:00:00,27.4,28.749638,27.730185
2022-08-13 22:00:00,27.1,28.585331,27.509413
2022-08-13 23:00:00,27.1,28.223557,27.240414
2022-08-14 00:00:00,27.2,28.495724,27.3569
2022-08-14 01:00:00,26.9,28.158028,26.961826
2022-08-14 02:00:00,26.7,27.746977,26.781134
2022-08-14 03:00:00,26.6,27.67903,27.104633
2022-08-14 04:00:00,26.6,27.413057,27.184368
2022-08-14 05:00:00,26.5,27.26729,27.318073
2022-08-14 06:00:00,26.8,27.316162,27.824823
2022-08-14 07:00:00,27.6,28.287249,27.982145
2022-08-14 08:00:00,29.0,29.24871,28.933266
2022-08-14 09:00:00,30.6,30.387993,29.881554
2022-08-14 10:00:00,32.1,30.84018,30.826506
2022-08-14 11:00:00,33.2,31.486164,31.409477
2022-08-14 12:00:00,33.3,32.207325,31.851957
2022-08-14 13:00:00,32.2,32.284985,32.301773
2022-08-14 14:00:00,31.6,32.321293,32.293865
2022-08-14 15:00:00,30.9,31.711178,30.49499
2022-08-14 16:00:00,30.4,30.78908,30.015303
2022-08-14 17:00:00,29.9,30.024323,29.271784
2022-08-14 18:00:00,29.1,28.729958,28.506224
2022-08-14 19:00:00,28.8,28.285456,28.225641
2022-08-14 20:00:00,28.7,28.25602,27.18092
2022-08-14 21:00:00,28.6,27.47478,27.10548
2022-08-14 22:00:00,28.3,27.268715,27.226406
2022-08-14 23:00:00,28.1,27.422028,26.88723
2022-08-15 00:00:00,27.6,27.678265,26.908556
2022-08-15 01:00:00,27.4,27.35402,26.542397
2022-08-15 02:00:00,27.2,27.017855,26.256258
2022-08-15 03:00:00,27.1,26.853617,26.388962
2022-08-15 04:00:00,27.0,26.897842,26.291546
2022-08-15 05:00:00,27.1,26.878584,26.593987
2022-08-15 06:00:00,27.6,27.095556,26.828453
2022-08-15 07:00:00,28.7,27.919302,27.526253
2022-08-15 08:00:00,29.9,29.057245,28.334274
2022-08-15 09:00:00,31.2,30.380383,29.594662
2022-08-15 10:00:00,31.9,31.562782,30.82394
2022-08-15 11:00:00,32.2,32.403168,31.71916
2022-08-15 12:00:00,31.7,32.5113,32.503204
2022-08-15 13:00:00,31.0,32.2331,32.238525
2022-08-15 14:00:00,31.5,31.709433,30.87138
2022-08-15 15:00:00,30.2,30.83626,30.409649
2022-08-15 16:00:00,30.3,30.162418,29.827389
2022-08-15 17:00:00,29.6,29.64039,29.260933
2022-08-15 18:00:00,28.8,28.83185,28.496426
2022-08-15 19:00:00,28.5,28.316116,27.942783
2022-08-15 20:00:00,28.4,28.200012,27.611267
2022-08-15 21:00:00,28.3,28.211922,27.402035
2022-08-15 22:00:00,28.3,27.898188,27.13652
2022-08-15 23:00:00,27.5,27.685377,26.98934
2022-08-16 00:00:00,27.6,27.339146,26.87116
2022-08-16 01:00:00,25.6,27.091364,26.101488
2022-08-16 02:00:00,25.9,26.892157,26.24356
2022-08-16 03:00:00,26.3,26.808556,26.31214
2022-08-16 04:00:00,26.2,26.703741,26.438128
2022-08-16 05:00:00,27.0,26.797148,26.637825
2022-08-16 06:00:00,26.3,27.23704,26.956177
2022-08-16 07:00:00,27.0,28.350874,27.723167
2022-08-16 08:00:00,28.1,29.25524,28.69625
2022-08-16 09:00:00,29.8,30.832376,29.893812
2022-08-16 10:00:00,31.5,31.750599,30.918892
2022-08-16 11:00:00,32.6,32.347904,31.521915
2022-08-16 12:00:00,32.8,32.303364,31.567442
2022-08-16 13:00:00,31.0,31.800093,30.908411
2022-08-16 14:00:00,30.4,31.728394,30.592403
2022-08-16 15:00:00,30.5,30.852345,30.51248
2022-08-16 16:00:00,30.0,30.521555,29.242485
2022-08-16 17:00:00,29.9,29.604355,29.337322
2022-08-16 18:00:00,28.9,28.74902,28.475615
2022-08-16 19:00:00,28.5,28.525885,27.883514
2022-08-16 20:00:00,28.4,28.354254,27.655806
2022-08-16 21:00:00,28.3,28.23272,27.332935
2022-08-16 22:00:00,28.1,28.006327,27.19767
2022-08-16 23:00:00,28.0,27.500488,27.109789
2022-08-17 00:00:00,27.9,27.318375,26.683872
2022-08-17 01:00:00,27.2,26.320332,26.347622
2022-08-17 02:00:00,27.0,26.183878,25.89859
2022-08-17 03:00:00,27.0,26.41708,26.062977
2022-08-17 04:00:00,27.1,26.21639,26.267963
2022-08-17 05:00:00,26.7,26.513197,26.343866
2022-08-17 06:00:00,27.0,26.907627,27.334732
2022-08-17 07:00:00,28.0,27.790705,27.382586
2022-08-17 08:00:00,29.5,28.742994,28.421383
2022-08-17 09:00:00,31.3,30.131186,29.695818
2022-08-17 10:00:00,32.7,31.254694,30.832232
2022-08-17 11:00:00,33.7,31.69509,31.727427
2022-08-17 12:00:00,33.7,31.99422,32.02581
2022-08-17 13:00:00,32.1,31.551542,31.631218
2022-08-17 14:00:00,30.8,30.602146,30.168612
2022-08-17 15:00:00,31.8,30.418903,29.769138
2022-08-17 16:00:00,30.9,30.028618,29.65634
2022-08-17 17:00:00,30.3,29.568077,29.074078
2022-08-17 18:00:00,29.5,28.793303,28.60189
2022-08-17 19:00:00,29.0,28.34747,27.815172
2022-08-17 20:00:00,28.9,28.247726,27.588009
2022-08-17 21:00:00,28.7,28.004349,27.284655
2022-08-17 22:00:00,28.5,27.737446,27.093483
2022-08-17 23:00:00,28.2,27.574186,26.9054
2022-08-18 00:00:00,25.2,27.349968,26.841024
2022-08-18 01:00:00,25.6,26.873795,26.400143
2022-08-18 02:00:00,25.9,26.687334,26.056114
2022-08-18 03:00:00,26.0,26.602316,26.197975
2022-08-18 04:00:00,25.9,26.67076,26.37706
2022-08-18 05:00:00,26.4,26.647932,26.58444
2022-08-18 06:00:00,26.8,26.778154,26.718723
2022-08-18 07:00:00,27.5,27.64767,27.290768
2022-08-18 08:00:00,28.9,28.94682,28.337858
2022-08-18 09:00:00,30.3,30.711529,29.431974
2022-08-18 10:00:00,31.9,31.771133,30.499043
2022-08-18 11:00:00,33.0,32.207245,30.85041
2022-08-18 12:00:00,33.5,32.369114,31.741539
2022-08-18 13:00:00,33.5,31.767359,31.048359
2022-08-18 14:00:00,32.0,31.319199,30.115704
2022-08-18 15:00:00,31.7,30.91286,29.543833
2022-08-18 16:00:00,30.8,30.476517,30.242275
2022-08-18 17:00:00,30.2,29.890764,28.94517
2022-08-18 18:00:00,28.9,29.091558,28.681728
2022-08-18 19:00:00,28.6,28.594847,28.107225
2022-08-18 20:00:00,28.5,28.421982,27.799305
2022-08-18 21:00:00,28.6,28.12415,27.687939
2022-08-18 22:00:00,28.7,27.999357,27.42559
2022-08-18 23:00:00,28.5,27.872353,27.238747
2022-08-19 00:00:00,28.8,26.805151,27.071804
2022-08-19 01:00:00,28.2,26.107048,25.520868
2022-08-19 02:00:00,27.9,26.521076,26.084557
2022-08-19 03:00:00,27.7,26.632421,26.060955
2022-08-19 04:00:00,27.5,26.62473,26.219393
2022-08-19 05:00:00,27.5,26.534359,26.235409
2022-08-19 06:00:00,27.7,26.864595,27.157177
2022-08-19 07:00:00,28.6,27.438717,27.767931
2022-08-19 08:00:00,30.2,28.789818,28.429081
2022-08-19 09:00:00,31.5,30.391968,29.65464
2022-08-19 10:00:00,32.5,31.542028,30.597376
2022-08-19 11:00:00,33.7,31.857931,31.72471
2022-08-19 12:00:00,34.6,32.370445,31.779793
2022-08-19 13:00:00,34.7,32.414055,31.279022
2022-08-19 14:00:00,33.4,31.537657,31.087772
2022-08-19 15:00:00,31.8,31.152515,29.767246
2022-08-19 16:00:00,31.1,30.551367,29.391891
2022-08-19 17:00:00,30.0,30.08851,28.958155
2022-08-19 18:00:00,28.9,29.173449,28.295578
2022-08-19 19:00:00,29.5,28.729794,27.873096
2022-08-19 20:00:00,29.3,28.52695,27.558268
2022-08-19 21:00:00,29.1,28.44526,27.508877
2022-08-19 22:00:00,28.8,28.349327,27.382921
2022-08-19 23:00:00,28.7,28.087225,27.318047
2022-08-20 00:00:00,28.2,28.119299,27.1451
2022-08-20 01:00:00,28.3,27.802382,26.666958
2022-08-20 02:00:00,28.5,27.30928,26.513153
2022-08-20 03:00:00,28.3,27.081434,26.551926
2022-08-20 04:00:00,28.0,26.889736,26.77966
2022-08-20 05:00:00,25.6,26.839695,26.949936
2022-08-20 06:00:00,26.5,27.106462,27.439358
2022-08-20 07:00:00,28.0,28.118555,27.907024
2022-08-20 08:00:00,29.6,29.478874,28.763094
2022-08-20 09:00:00,30.9,30.665499,30.097141
2022-08-20 10:00:00,31.8,31.888882,30.990107
2022-08-20 11:00:00,32.7,32.534782,31.811983
2022-08-20 12:00:00,33.3,33.05428,32.464138
2022-08-20 13:00:00,32.5,33.09734,32.937828
2022-08-20 14:00:00,31.7,32.400993,32.660934
2022-08-20 15:00:00,31.2,31.468555,30.818218
2022-08-20 16:00:00,30.1,30.92033,29.7227
2022-08-20 17:00:00,29.8,30.204573,29.331295
2022-08-20 18:00:00,29.2,29.053509,28.3261
2022-08-20 19:00:00,28.9,28.962755,27.733149
2022-08-20 20:00:00,28.6,28.575153,28.09643
2022-08-20 21:00:00,28.2,28.582626,27.75243
2022-08-20 22:00:00,27.7,28.32044,27.61865
2022-08-20 23:00:00,27.3,28.052856,27.34193
2022-08-21 00:00:00,27.0,28.07554,27.237041
2022-08-21 01:00:00,26.6,27.6474,26.249554
2022-08-21 02:00:00,26.5,27.858896,27.019634
2022-08-21 03:00:00,26.3,27.699232,26.885265
2022-08-21 04:00:00,26.2,27.380745,27.128895
2022-08-21 05:00:00,25.7,26.582207,27.448809
2022-08-21 06:00:00,26.1,26.354958,26.325336
2022-08-21 07:00:00,27.4,28.128706,28.01404
2022-08-21 08:00:00,29.2,29.37026,28.693848
2022-08-21 09:00:00,30.6,30.552647,29.864143
2022-08-21 10:00:00,31.8,31.558819,30.79183
2022-08-21 11:00:00,33.0,32.298347,31.65392
2022-08-21 12:00:00,33.8,32.441666,32.440273
2022-08-21 13:00:00,34.4,31.88432,32.636436
2022-08-21 14:00:00,34.5,31.857893,31.178137
2022-08-21 15:00:00,31.0,31.234035,30.24862
2022-08-21 16:00:00,29.4,30.371483,29.72638
2022-08-21 17:00:00,29.7,29.702238,28.987648
2022-08-21 18:00:00,28.8,28.905325,28.540054
2022-08-21 19:00:00,28.1,28.903225,27.958397
2022-08-21 20:00:00,28.1,28.55981,27.888245
2022-08-21 21:00:00,27.7,28.194088,27.488281
2022-08-21 22:00:00,27.4,27.984627,27.32933
2022-08-21 23:00:00,27.1,27.642778,26.810911
2022-08-22 00:00:00,26.7,27.117367,27.000704
2022-08-22 01:00:00,26.4,27.041729,26.264378
2022-08-22 02:00:00,26.2,27.193604,26.268337
2022-08-22 03:00:00,26.2,27.010254,26.37492
2022-08-22 04:00:00,26.2,26.868898,26.395666
2022-08-22 05:00:00,25.9,26.266901,26.518616
2022-08-22 06:00:00,26.3,26.580011,26.49948
2022-08-22 07:00:00,27.5,27.589373,27.215235
2022-08-22 08:00:00,29.1,29.003763,28.370232
2022-08-22 09:00:00,30.7,30.17135,29.728535
2022-08-22 10:00:00,32.0,31.099154,30.61073
2022-08-22 11:00:00,33.3,32.09023,31.404823
2022-08-22 12:00:00,34.0,33.191925,32.01385
2022-08-22 13:00:00,33.8,33.453873,32.37983
2022-08-22 14:00:00,31.0,32.910595,32.122208
2022-08-22 15:00:00,29.9,31.41816,31.988096
2022-08-22 16:00:00,29.8,30.240026,28.85133
2022-08-22 17:00:00,29.7,29.766743,29.097734
2022-08-22 18:00:00,28.9,28.941391,28.561108
2022-08-22 19:00:00,28.9,28.520245,27.893927
2022-08-22 20:00:00,28.6,28.315674,27.520515
2022-08-22 21:00:00,28.5,27.839756,27.303797
2022-08-22 22:00:00,28.1,27.556107,26.770357
2022-08-22 23:00:00,27.7,27.460245,26.727247
2022-08-23 00:00:00,27.7,27.178366,26.624878
2022-08-23 01:00:00,27.1,27.008429,25.849707
2022-08-23 02:00:00,26.7,26.982956,26.001963
2022-08-23 03:00:00,26.8,26.673574,25.831861
2022-08-23 04:00:00,26.7,26.692757,26.154964
2022-08-23 05:00:00,25.0,26.54063,26.339333
2022-08-23 06:00:00,24.7,26.696371,26.606663
2022-08-23 07:00:00,25.0,27.535137,27.312994
2022-08-23 08:00:00,26.4,28.781092,28.291164
2022-08-23 09:00:00,28.4,30.241104,29.631144
2022-08-23 10:00:00,30.1,30.95561,30.59914
2022-08-23 11:00:00,31.5,31.818077,31.22722
2022-08-23 12:00:00,31.8,32.49764,31.868616
2022-08-23 13:00:00,31.2,32.026253,31.903145
2022-08-23 14:00:00,31.0,31.61946,31.167633
2022-08-23 15:00:00,30.8,30.553457,29.590937
2022-08-23 16:00:00,30.4,29.846771,29.091406
2022-08-23 17:00:00,31.1,29.66174,28.997976
2022-08-23 18:00:00,29.5,28.978691,28.502092
2022-08-23 19:00:00,28.5,28.69523,27.85265
2022-08-23 20:00:00,28.2,28.483255,27.673208
2022-08-23 21:00:00,28.3,28.365747,27.294313
2022-08-23 22:00:00,28.0,28.022772,27.178959
2022-08-23 23:00:00,25.2,27.712444,26.850275
2022-08-24 00:00:00,25.5,27.490248,26.833632
2022-08-24 01:00:00,25.5,27.279232,26.52946
2022-08-24 02:00:00,25.4,26.834177,26.152843
2022-08-24 03:00:00,25.2,26.82071,26.073524
2022-08-24 04:00:00,25.0,26.811321,26.411459
2022-08-24 05:00:00,26.2,26.114256,26.479084
2022-08-24 06:00:00,26.4,26.152073,26.161644
2022-08-24 07:00:00,27.5,26.343273,26.712334
2022-08-24 08:00:00,29.1,27.640581,26.932491
2022-08-24 09:00:00,30.6,29.176638,28.269913
2022-08-24 10:00:00,31.9,30.28952,29.757872
2022-08-24 11:00:00,32.8,30.659388,30.283024
2022-08-24 12:00:00,33.1,30.888075,31.168705
2022-08-24 13:00:00,32.1,31.465841,30.680027
2022-08-24 14:00:00,30.0,31.022161,30.087591
2022-08-24 15:00:00,30.8,30.370897,28.89423
2022-08-24 16:00:00,29.9,30.043184,30.014286
2022-08-24 17:00:00,29.0,30.00912,28.77272
2022-08-24 18:00:00,28.3,28.888233,29.059368
2022-08-24 19:00:00,27.8,28.514923,27.68698
2022-08-24 20:00:00,27.6,28.200258,27.439268
2022-08-24 21:00:00,26.5,27.969254,27.237123
2022-08-24 22:00:00,25.9,27.738634,27.132133
2022-08-24 23:00:00,25.1,26.886436,26.84468
2022-08-25 00:00:00,24.3,26.308764,25.512424
2022-08-25 01:00:00,24.7,26.294178,25.44514
2022-08-25 02:00:00,24.7,26.071203,25.369358
2022-08-25 03:00:00,24.6,25.948208,25.179548
2022-08-25 04:00:00,24.6,25.809082,25.405575
2022-08-25 05:00:00,25.4,26.030876,25.455404
2022-08-25 06:00:00,25.9,26.496597,26.54832
2022-08-25 07:00:00,27.0,27.345966,26.442581
2022-08-25 08:00:00,28.5,28.468243,27.396103
2022-08-25 09:00:00,30.1,29.827343,28.830093
2022-08-25 10:00:00,31.5,30.76522,29.876987
2022-08-25 11:00:00,32.2,32.492123,30.611042
2022-08-25 12:00:00,32.5,32.383183,30.414875
2022-08-25 13:00:00,32.2,31.626102,30.6508
2022-08-25 14:00:00,30.6,31.032406,30.030207
2022-08-25 15:00:00,30.2,30.586157,28.874249
2022-08-25 16:00:00,30.0,29.955116,29.386518
2022-08-25 17:00:00,29.5,29.66364,28.479261
2022-08-25 18:00:00,28.5,28.907663,28.335669
2022-08-25 19:00:00,27.8,28.118174,27.718924
2022-08-25 20:00:00,27.2,27.847557,27.363976
2022-08-25 21:00:00,26.3,27.75113,26.87904
2022-08-25 22:00:00,25.5,27.343828,26.122953
2022-08-25 23:00:00,25.3,26.225573,26.28611
2022-08-26 00:00:00,24.6,25.674221,25.51746
2022-08-26 01:00:00,24.9,25.347853,25.560867
2022-08-26 02:00:00,24.7,25.464857,25.000511
2022-08-26 03:00:00,24.7,25.113846,25.126472
2022-08-26 04:00:00,24.5,25.055933,25.192135
2022-08-26 05:00:00,25.5,25.641943,25.395613
2022-08-26 06:00:00,25.7,26.367416,26.343477
2022-08-26 07:00:00,26.9,27.554445,26.671232
2022-08-26 08:00:00,28.4,28.557014,27.649292
2022-08-26 09:00:00,29.8,29.734627,28.577122
2022-08-26 10:00:00,31.0,30.749043,29.843473
2022-08-26 11:00:00,31.5,31.839548,30.612915
2022-08-26 12:00:00,30.3,31.91574,30.181116
2022-08-26 13:00:00,30.0,31.563742,30.71434
2022-08-26 14:00:00,30.2,30.837011,30.077965
2022-08-26 15:00:00,30.1,30.455084,29.176357
2022-08-26 16:00:00,29.7,29.735737,28.83511
2022-08-26 17:00:00,29.3,29.165129,28.34488
2022-08-26 18:00:00,28.5,28.440985,28.086945
2022-08-26 19:00:00,28.3,28.28438,27.53151
2022-08-26 20:00:00,26.8,27.957115,26.666294
2022-08-26 21:00:00,25.6,27.359138,26.688576
2022-08-26 22:00:00,25.2,26.542183,26.059534
2022-08-26 23:00:00,25.1,25.980925,25.82029
2022-08-27 00:00:00,24.9,25.642746,25.907555
2022-08-27 01:00:00,24.9,25.58441,25.146278
2022-08-27 02:00:00,24.9,25.583054,25.38404
2022-08-27 03:00:00,24.9,25.26117,25.08999
2022-08-27 04:00:00,24.8,25.079523,25.317883
2022-08-27 05:00:00,24.9,25.50067,25.522512
2022-08-27 06:00:00,25.4,26.28449,26.491932
2022-08-27 07:00:00,26.7,27.34364,26.819067
2022-08-27 08:00:00,28.4,28.487381,27.83591
2022-08-27 09:00:00,30.1,29.645987,28.966446
2022-08-27 10:00:00,31.2,30.760834,29.849812
2022-08-27 11:00:00,31.8,31.483139,30.502274
2022-08-27 12:00:00,31.6,31.27583,30.02433
2022-08-27 13:00:00,29.5,30.90778,29.393654
2022-08-27 14:00:00,29.9,30.553873,29.18212
2022-08-27 15:00:00,30.1,30.248522,29.263865
2022-08-27 16:00:00,29.3,29.881971,29.121788
2022-08-27 17:00:00,28.1,29.456476,28.547462
2022-08-27 18:00:00,27.1,28.675562,28.2604
2022-08-27 19:00:00,27.0,28.259798,27.531923
2022-08-27 20:00:00,26.9,27.890162,27.332676
2022-08-27 21:00:00,26.6,27.14331,26.473383
2022-08-27 22:00:00,26.5,26.10188,25.969702
2022-08-27 23:00:00,26.4,26.009272,25.21107
2022-08-28 00:00:00,26.1,25.952639,26.009554
2022-08-28 01:00:00,25.9,25.934395,24.971472
2022-08-28 02:00:00,25.7,25.746801,24.803585
2022-08-28 03:00:00,25.5,25.570482,25.164787
2022-08-28 04:00:00,25.5,25.370705,25.367928
2022-08-28 05:00:00,25.2,25.576311,25.207191
2022-08-28 06:00:00,25.4,25.878284,26.317535
2022-08-28 07:00:00,25.4,27.126064,26.534355
2022-08-28 08:00:00,26.6,28.658146,27.81502
2022-08-28 09:00:00,28.3,30.03954,28.797104
2022-08-28 10:00:00,29.6,30.941046,29.501669
2022-08-28 11:00:00,30.3,31.799826,29.45412
2022-08-28 12:00:00,31.2,31.615541,29.95791
2022-08-28 13:00:00,30.4,31.66604,29.891827
2022-08-28 14:00:00,29.1,30.464167,29.45029
2022-08-28 15:00:00,29.8,30.016947,28.843967
2022-08-28 16:00:00,28.7,29.730692,28.989563
2022-08-28 17:00:00,29.4,29.216654,28.391384
2022-08-28 18:00:00,28.4,28.117727,27.281298
2022-08-28 19:00:00,28.0,28.083212,27.53926
2022-08-28 20:00:00,27.8,27.842518,26.621777
2022-08-28 21:00:00,27.6,27.36318,26.35138
2022-08-28 22:00:00,27.3,27.008467,26.104958
2022-08-28 23:00:00,26.7,26.976763,25.936562
2022-08-29 00:00:00,26.5,26.50944,25.874184
2022-08-29 01:00:00,25.1,26.487488,25.318356
2022-08-29 02:00:00,24.6,26.219685,25.211405
2022-08-29 03:00:00,24.6,25.91468,25.273746
2022-08-29 04:00:00,24.3,25.759872,25.385395
2022-08-29 05:00:00,25.9,25.400785,25.90575
2022-08-29 06:00:00,25.7,25.759312,26.139175
2022-08-29 07:00:00,26.9,26.321527,26.542824
2022-08-29 08:00:00,28.5,27.419544,27.357033
2022-08-29 09:00:00,29.5,29.064632,28.371393
2022-08-29 10:00:00,30.0,30.572063,29.220274
2022-08-29 11:00:00,30.3,30.82087,29.52195
2022-08-29 12:00:00,30.1,31.419773,30.052412
2022-08-29 13:00:00,30.1,30.84034,29.625473
2022-08-29 14:00:00,30.1,30.3056,29.25419
2022-08-29 15:00:00,29.7,29.963087,28.46437
2022-08-29 16:00:00,29.5,29.169748,28.65078
2022-08-29 17:00:00,28.7,29.048042,27.667538
2022-08-29 18:00:00,28.1,28.324892,27.860378
2022-08-29 19:00:00,27.9,27.856283,26.82584
2022-08-29 20:00:00,27.8,27.595905,26.68512
2022-08-29 21:00:00,27.8,27.591986,26.438179
2022-08-29 22:00:00,27.6,27.254402,26.438137
2022-08-29 23:00:00,27.4,26.978374,26.372295
2022-08-30 00:00:00,27.3,26.329891,26.080694
2022-08-30 01:00:00,26.9,25.98826,25.727425
2022-08-30 02:00:00,26.5,25.229322,25.201826
2022-08-30 03:00:00,26.3,24.864408,24.242413
2022-08-30 04:00:00,25.9,24.760864,25.411446
2022-08-30 05:00:00,25.3,25.359697,24.955421
2022-08-30 06:00:00,25.7,26.08306,26.343628
2022-08-30 07:00:00,26.4,26.906763,26.31325
2022-08-30 08:00:00,27.5,28.020006,27.071077
2022-08-30 09:00:00,28.0,29.034666,28.104744
2022-08-30 10:00:00,27.7,29.998959,28.671268
2022-08-30 11:00:00,28.8,30.586817,29.785269
2022-08-30 12:00:00,28.8,30.767172,29.719122
2022-08-30 13:00:00,28.3,30.530474,29.88032
2022-08-30 14:00:00,28.4,29.97126,29.483107
2022-08-30 15:00:00,28.3,29.702797,29.109787
2022-08-30 16:00:00,28.0,29.040379,28.76231
2022-08-30 17:00:00,27.5,28.790216,28.098207
2022-08-30 18:00:00,27.1,28.00607,27.690363
2022-08-30 19:00:00,26.8,27.73152,27.23056
2022-08-30 20:00:00,26.5,27.601454,27.145798
2022-08-30 21:00:00,26.4,27.46748,26.811256
2022-08-30 22:00:00,26.0,27.245665,26.749454
2022-08-30 23:00:00,25.8,27.015121,26.390814
2022-08-31 00:00:00,25.7,26.805271,26.148178
2022-08-31 01:00:00,25.3,26.403078,25.704895
2022-08-31 02:00:00,25.0,26.30336,25.458195
2022-08-31 03:00:00,25.0,26.221128,25.498383
2022-08-31 04:00:00,24.5,26.063393,25.730099
2022-08-31 05:00:00,25.3,25.94147,25.807327
2022-08-31 06:00:00,24.8,25.988785,25.98459
2022-08-31 07:00:00,25.2,27.155437,26.976501
2022-08-31 08:00:00,25.7,28.055782,27.644547
2022-08-31 09:00:00,26.7,28.582628,28.777496
2022-08-31 10:00:00,27.7,28.599863,28.142426
2022-08-31 11:00:00,27.8,30.222157,28.716602
2022-08-31 12:00:00,26.5,29.816925,29.395473
2022-08-31 13:00:00,27.2,29.747683,29.292381
2022-08-31 14:00:00,28.2,29.963224,28.633854
2022-08-31 15:00:00,27.5,29.873646,28.89473
2022-08-31 16:00:00,27.3,29.238327,28.310148
2022-08-31 17:00:00,26.2,28.09683,27.978558
2022-08-31 18:00:00,26.1,27.514332,27.514084
2022-08-31 19:00:00,26.1,27.286337,27.321083
2022-08-31 20:00:00,26.1,27.165903,26.849758
2022-08-31 21:00:00,26.8,27.21524,26.59205
2022-08-31 22:00:00,25.7,27.005709,26.319416
2022-08-31 23:00:00,25.8,26.703417,26.056265
2022-09-01 00:00:00,25.6,26.125687,26.06966
2022-09-01 01:00:00,25.4,25.75986,25.176853
2022-09-01 02:00:00,24.9,25.406837,25.0536
2022-09-01 03:00:00,24.8,25.479727,24.625988
2022-09-01 04:00:00,24.5,25.113962,24.786116
2022-09-01 05:00:00,24.7,25.368584,25.002808
2022-09-01 06:00:00,24.9,25.224888,25.189533
2022-09-01 07:00:00,25.9,26.002382,26.184814
2022-09-01 08:00:00,27.1,26.775497,25.781393
2022-09-01 09:00:00,28.4,27.500128,27.549498
2022-09-01 10:00:00,29.5,27.745255,27.607132
2022-09-01 11:00:00,30.0,28.18894,27.919031
2022-09-01 12:00:00,30.0,28.736546,28.625778
2022-09-01 13:00:00,29.5,28.889656,28.038061
2022-09-01 14:00:00,29.2,28.568575,27.987122
2022-09-01 15:00:00,29.2,28.1186,28.253277
2022-09-01 16:00:00,28.8,27.950708,27.639221
2022-09-01 17:00:00,28.5,26.95906,27.511374
2022-09-01 18:00:00,27.9,26.46641,25.595148
2022-09-01 19:00:00,27.9,26.194683,25.762363
2022-09-01 20:00:00,27.8,25.996288,25.334509
2022-09-01 21:00:00,27.6,26.064043,24.961964
2022-09-01 22:00:00,27.4,25.80192,25.045229
2022-09-01 23:00:00,27.2,25.912643,24.609016
2022-09-02 00:00:00,27.2,25.575623,25.138792
2022-09-02 01:00:00,27.0,25.499073,24.382582
2022-09-02 02:00:00,26.6,25.392574,25.012417
2022-09-02 03:00:00,26.2,25.199526,24.737413
2022-09-02 04:00:00,25.9,25.066631,24.98203
2022-09-02 05:00:00,25.6,24.91425,24.556889
2022-09-02 06:00:00,26.1,25.513456,25.350143
2022-09-02 07:00:00,27.1,26.41326,25.593117
2022-09-02 08:00:00,28.4,27.669392,26.581303
2022-09-02 09:00:00,29.6,28.297298,27.799072
2022-09-02 10:00:00,30.8,29.391354,28.994423
2022-09-02 11:00:00,31.2,29.422804,29.268862
2022-09-02 12:00:00,30.6,29.434298,29.47074
2022-09-02 13:00:00,30.3,29.450878,29.10013
2022-09-02 14:00:00,29.9,29.251146,28.909475
2022-09-02 15:00:00,29.8,28.990345,28.717468
2022-09-02 16:00:00,29.3,28.604963,28.52474
2022-09-02 17:00:00,28.9,28.170052,27.90888
2022-09-02 18:00:00,28.4,27.760612,27.242577
2022-09-02 19:00:00,28.3,27.549839,27.118279
2022-09-02 20:00:00,28.3,27.50083,26.88041
2022-09-02 21:00:00,28.1,27.379942,26.690445
2022-09-02 22:00:00,27.9,27.269773,26.511068
2022-09-02 23:00:00,27.6,26.966393,26.226265
2022-09-03 00:00:00,27.4,26.978483,26.091106
2022-09-03 01:00:00,27.1,26.74841,25.661324
2022-09-03 02:00:00,26.7,26.466883,25.577248
2022-09-03 03:00:00,26.1,26.10806,25.432312
2022-09-03 04:00:00,25.8,25.94937,25.409794
2022-09-03 05:00:00,26.3,25.964613,25.633606
2022-09-03 06:00:00,26.7,26.165594,25.482143
2022-09-03 07:00:00,27.3,26.951412,26.282597
2022-09-03 08:00:00,28.7,28.01303,27.423107
2022-09-03 09:00:00,30.1,29.209429,28.493576
2022-09-03 10:00:00,30.8,30.439577,29.428425
2022-09-03 11:00:00,31.4,30.915361,30.384338
2022-09-03 12:00:00,31.4,30.825392,30.034187
2022-09-03 13:00:00,31.1,30.211922,29.368313
2022-09-03 14:00:00,30.9,29.74821,29.326014
2022-09-03 15:00:00,29.6,29.413042,28.866974
2022-09-03 16:00:00,29.7,29.036062,28.64769
2022-09-03 17:00:00,29.6,28.654404,28.098427
2022-09-03 18:00:00,28.9,28.151575,27.70345
2022-09-03 19:00:00,28.6,27.966318,27.20084
2022-09-03 20:00:00,28.4,27.881292,27.089888
2022-09-03 21:00:00,28.2,27.870262,26.874868
2022-09-03 22:00:00,27.1,27.60161,26.659777
2022-09-03 23:00:00,26.7,27.201424,26.589832
2022-09-04 00:00:00,26.4,26.90355,26.268805
2022-09-04 01:00:00,26.0,26.787653,25.77194
2022-09-04 02:00:00,25.4,26.351664,25.74326
2022-09-04 03:00:00,25.3,26.02969,25.454649
2022-09-04 04:00:00,25.4,25.768507,25.389185
2022-09-04 05:00:00,25.5,25.973797,25.55637
2022-09-04 06:00:00,25.9,26.494892,26.189684
2022-09-04 07:00:00,26.8,27.353954,26.667877
2022-09-04 08:00:00,28.0,28.411201,27.620955
2022-09-04 09:00:00,29.4,29.677162,28.841185
2022-09-04 10:00:00,30.6,30.64957,29.91693
2022-09-04 11:00:00,31.4,31.247833,30.236189
2022-09-04 12:00:00,31.7,31.104204,30.872538
2022-09-04 13:00:00,30.4,30.979671,30.101406
2022-09-04 14:00:00,30.4,30.5842,29.773363
2022-09-04 15:00:00,30.1,30.016262,29.343712
2022-09-04 16:00:00,29.7,29.378757,28.588856
2022-09-04 17:00:00,29.3,29.138206,28.439295
2022-09-04 18:00:00,28.7,28.607841,27.875973
2022-09-04 19:00:00,28.6,28.258842,27.299059
2022-09-04 20:00:00,28.5,28.135765,27.085915
2022-09-04 21:00:00,28.6,27.93296,26.80393
2022-09-04 22:00:00,28.5,27.352203,26.68902
2022-09-04 23:00:00,28.1,27.146778,26.336864
2022-09-05 00:00:00,27.1,26.51116,26.097336
2022-09-05 01:00:00,26.6,26.205622,25.497822
2022-09-05 02:00:00,25.4,25.717024,25.325497
2022-09-05 03:00:00,25.4,25.563782,25.37081
2022-09-05 04:00:00,25.2,25.52815,25.240421
2022-09-05 05:00:00,25.3,25.758408,25.674435
2022-09-05 06:00:00,25.6,26.033072,25.947323
2022-09-05 07:00:00,26.4,26.974869,26.671913
2022-09-05 08:00:00,28.1,27.884815,27.213121
2022-09-05 09:00:00,29.7,29.203573,28.449673
2022-09-05 10:00:00,30.9,30.151026,29.710247
2022-09-05 11:00:00,31.2,30.94207,30.29809
2022-09-05 12:00:00,30.5,31.234285,30.70242
2022-09-05 13:00:00,30.2,30.792332,29.96886
2022-09-05 14:00:00,30.3,30.237074,29.078945
2022-09-05 15:00:00,29.5,29.803814,29.070763
2022-09-05 16:00:00,29.4,29.593624,28.508747
2022-09-05 17:00:00,29.6,29.350702,28.216852
2022-09-05 18:00:00,28.8,28.719711,28.02318
2022-09-05 19:00:00,28.6,28.396353,27.474085
2022-09-05 20:00:00,28.4,28.277746,27.192957
2022-09-05 21:00:00,27.0,28.11399,26.98715
2022-09-05 22:00:00,26.9,28.071928,26.897387
2022-09-05 23:00:00,26.7,27.684088,26.674713
2022-09-06 00:00:00,26.5,27.17034,26.45231
2022-09-06 01:00:00,26.1,26.638498,25.611763
2022-09-06 02:00:00,25.9,25.801731,25.546642
2022-09-06 03:00:00,26.2,25.648619,25.057442
2022-09-06 04:00:00,26.2,25.656452,25.493998
2022-09-06 05:00:00,26.1,25.616516,25.083633
2022-09-06 06:00:00,26.3,25.744837,25.918224
2022-09-06 07:00:00,26.6,26.473888,25.743359
2022-09-06 08:00:00,27.3,27.858662,27.301952
2022-09-06 09:00:00,28.0,29.159397,28.708939
2022-09-06 10:00:00,29.3,29.919292,29.3986
2022-09-06 11:00:00,29.9,30.743727,30.544727
2022-09-06 12:00:00,30.9,30.787544,29.677008
2022-09-06 13:00:00,31.1,30.208433,29.657486
2022-09-06 14:00:00,30.4,30.304613,29.176502
2022-09-06 15:00:00,28.8,29.688236,28.901825
2022-09-06 16:00:00,28.6,29.437273,28.311329
2022-09-06 17:00:00,26.5,29.239307,28.223385
2022-09-06 18:00:00,26.6,28.596838,27.961397
2022-09-06 19:00:00,26.5,28.383398,27.307774
2022-09-06 20:00:00,26.3,28.200455,27.236643
2022-09-06 21:00:00,26.3,27.574797,26.99228
2022-09-06 22:00:00,26.0,27.276953,26.193869
2022-09-06 23:00:00,25.8,27.095001,26.436687
2022-09-07 00:00:00,25.6,26.493105,25.96279
2022-09-07 01:00:00,25.4,25.441101,25.189573
2022-09-07 02:00:00,25.3,25.705181,24.370823
2022-09-07 03:00:00,25.3,25.83051,24.427149
2022-09-07 04:00:00,25.2,25.76203,25.749863
2022-09-07 05:00:00,25.0,25.85449,25.646404
2022-09-07 06:00:00,25.6,26.036942,24.800812
2022-09-07 07:00:00,26.0,26.517698,25.905493
2022-09-07 08:00:00,26.7,27.715994,27.362328
2022-09-07 09:00:00,27.5,28.02604,27.482563
2022-09-07 10:00:00,27.7,29.230614,27.374357
2022-09-07 11:00:00,27.9,30.855352,28.5263
2022-09-07 12:00:00,28.7,30.842548,29.3
2022-09-07 13:00:00,28.7,30.879108,30.411488
2022-09-07 14:00:00,29.1,30.818577,29.00602
2022-09-07 15:00:00,29.1,29.36195,28.847908
2022-09-07 16:00:00,29.1,28.936003,27.63551
2022-09-07 17:00:00,27.3,28.340893,27.773354
2022-09-07 18:00:00,26.7,27.797142,26.840866
2022-09-07 19:00:00,26.5,27.430079,26.989992
2022-09-07 20:00:00,26.4,27.181772,26.51968
2022-09-07 21:00:00,26.4,26.842964,25.342903
2022-09-07 22:00:00,26.2,26.61869,25.841578
2022-09-07 23:00:00,25.9,26.372814,25.297047
2022-09-08 00:00:00,25.9,25.856855,25.206783
2022-09-08 01:00:00,25.8,25.755665,24.694027
2022-09-08 02:00:00,25.8,25.676119,24.482315
2022-09-08 03:00:00,25.7,25.714394,24.533188
2022-09-08 04:00:00,25.5,25.684927,25.064743
2022-09-08 05:00:00,25.6,25.559258,25.318428
2022-09-08 06:00:00,26.1,25.91727,25.667225
2022-09-08 07:00:00,26.6,26.347715,26.308949
2022-09-08 08:00:00,27.6,27.44945,26.755087
2022-09-08 09:00:00,29.2,28.067316,27.62293
2022-09-08 10:00:00,30.2,28.83429,28.222183
2022-09-08 11:00:00,30.6,29.282974,28.70907
2022-09-08 12:00:00,31.0,30.233767,28.9832
2022-09-08 13:00:00,31.5,30.656399,29.632927
2022-09-08 14:00:00,32.0,30.412142,28.90313
2022-09-08 15:00:00,32.0,29.38496,28.744404
2022-09-08 16:00:00,31.1,29.057234,28.439724
2022-09-08 17:00:00,30.2,28.191948,28.130697
2022-09-08 18:00:00,28.2,27.513607,26.447357
2022-09-08 19:00:00,27.1,26.958029,26.206478
2022-09-08 20:00:00,26.9,26.64034,26.195019
2022-09-08 21:00:00,27.0,26.42815,26.069084
2022-09-08 22:00:00,26.9,26.440155,25.826475
2022-09-08 23:00:00,25.3,26.357063,25.578995
2022-09-09 00:00:00,25.5,26.105518,25.3559
2022-09-09 01:00:00,25.7,26.027805,25.103966
2022-09-09 02:00:00,25.3,26.01446,25.119593
2022-09-09 03:00:00,25.1,25.879152,25.137487
2022-09-09 04:00:00,25.6,25.82627,25.147068
2022-09-09 05:00:00,26.6,25.677237,25.347492
2022-09-09 06:00:00,26.8,26.0114,25.55379
2022-09-09 07:00:00,27.4,26.712555,26.239498
2022-09-09 08:00:00,28.0,27.438984,26.763426
2022-09-09 09:00:00,29.1,29.108536,27.834805
2022-09-09 10:00:00,29.8,30.197647,29.131851
2022-09-09 11:00:00,30.7,30.30223,29.492687
2022-09-09 12:00:00,30.9,30.443659,29.842072
2022-09-09 13:00:00,31.4,30.43014,29.872444
2022-09-09 14:00:00,31.4,30.939259,30.098465
2022-09-09 15:00:00,31.3,30.664146,30.05112
2022-09-09 16:00:00,30.5,30.40416,29.50373
2022-09-09 17:00:00,30.0,29.44002,28.985458
2022-09-09 18:00:00,29.4,28.778912,28.104053
2022-09-09 19:00:00,29.1,28.003162,25.96275
2022-09-09 20:00:00,28.8,27.520355,26.564947
2022-09-09 21:00:00,28.5,27.339304,26.338242
2022-09-09 22:00:00,28.3,27.319386,26.21486
2022-09-09 23:00:00,28.2,26.6307,25.360073
2022-09-10 00:00:00,28.1,26.089767,25.270298
2022-09-10 01:00:00,27.7,25.9741,24.388489
2022-09-10 02:00:00,27.3,25.84947,24.764175
2022-09-10 03:00:00,26.9,25.59445,24.889313
2022-09-10 04:00:00,26.8,25.794237,25.24976
2022-09-10 05:00:00,27.3,26.273853,25.606716
2022-09-10 06:00:00,27.3,26.589943,26.38805
2022-09-10 07:00:00,27.7,27.402565,26.653826
2022-09-10 08:00:00,28.7,28.317856,27.503468
2022-09-10 09:00:00,29.7,29.001978,28.384619
2022-09-10 10:00:00,30.8,29.793917,29.51332
2022-09-10 11:00:00,31.7,30.87911,29.958906
2022-09-10 12:00:00,32.1,31.32103,30.390057
2022-09-10 13:00:00,32.3,31.94398,30.467348
2022-09-10 14:00:00,32.0,31.316391,30.621346
2022-09-10 15:00:00,32.3,31.227665,30.297796
2022-09-10 16:00:00,31.6,30.438284,29.710274
2022-09-10 17:00:00,30.8,29.65599,28.883121
2022-09-10 18:00:00,30.1,28.728045,28.356796
2022-09-10 19:00:00,29.9,28.547894,27.716036
2022-09-10 20:00:00,29.2,28.296043,27.326519
2022-09-10 21:00:00,28.5,27.999073,27.052773
2022-09-10 22:00:00,28.1,27.772331,26.749973
2022-09-10 23:00:00,27.9,27.512308,26.690872
2022-09-11 00:00:00,27.7,27.421398,26.454582
2022-09-11 01:00:00,27.4,27.254663,26.039896
2022-09-11 02:00:00,26.9,27.035572,25.984098
2022-09-11 03:00:00,26.4,26.727962,25.987537
2022-09-11 04:00:00,26.0,26.692944,26.0493
2022-09-11 05:00:00,26.1,26.925774,26.406662
2022-09-11 06:00:00,26.1,26.940386,27.06971
2022-09-11 07:00:00,26.9,27.59329,27.435352
2022-09-11 08:00:00,28.5,28.551105,28.00733
2022-09-11 09:00:00,29.9,29.344547,28.864199
2022-09-11 10:00:00,31.1,30.833794,29.815708
2022-09-11 11:00:00,31.8,32.156937,30.528656
2022-09-11 12:00:00,32.6,32.633568,31.074757
2022-09-11 13:00:00,32.7,32.942554,31.020678
2022-09-11 14:00:00,32.7,32.240925,30.976446
2022-09-11 15:00:00,31.8,31.958822,30.3325
2022-09-11 16:00:00,30.1,30.70659,30.388275
2022-09-11 17:00:00,28.9,30.195366,29.432785
2022-09-11 18:00:00,28.7,29.378683,28.495644
2022-09-11 19:00:00,28.6,29.288872,28.321104
2022-09-11 20:00:00,28.5,28.776667,27.865582
2022-09-11 21:00:00,28.6,28.298119,27.448149
2022-09-11 22:00:00,28.4,27.922577,26.885506
2022-09-11 23:00:00,28.0,27.685259,26.625093
2022-09-12 00:00:00,27.9,27.61682,26.536102
2022-09-12 01:00:00,27.5,27.534842,26.137323
2022-09-12 02:00:00,27.0,26.980795,26.137676
2022-09-12 03:00:00,26.6,26.68282,26.14163
2022-09-12 04:00:00,26.3,26.313358,26.09424
2022-09-12 05:00:00,26.2,26.511513,26.19965
2022-09-12 06:00:00,26.2,26.499588,26.817665
2022-09-12 07:00:00,27.3,27.13487,27.087269
2022-09-12 08:00:00,28.9,28.30751,27.874964
2022-09-12 09:00:00,30.4,29.885147,29.084332
2022-09-12 10:00:00,31.5,31.273067,29.98737
2022-09-12 11:00:00,32.4,32.201847,30.86839
2022-09-12 12:00:00,33.0,32.801754,31.201347
2022-09-12 13:00:00,32.3,32.83718,31.487696
2022-09-12 14:00:00,31.0,32.499687,31.120789
2022-09-12 15:00:00,30.8,31.442963,31.002161
2022-09-12 16:00:00,30.1,30.393219,29.738926
2022-09-12 17:00:00,29.2,29.609665,28.62503
2022-09-12 18:00:00,28.9,29.00785,27.935986
2022-09-12 19:00:00,28.5,29.162748,27.687325
2022-09-12 20:00:00,28.3,28.582897,27.364712
2022-09-12 21:00:00,28.3,28.354832,27.119328
2022-09-12 22:00:00,28.1,28.134317,26.986668
2022-09-12 23:00:00,28.1,27.672644,26.806072
2022-09-13 00:00:00,27.8,27.428492,26.531557
2022-09-13 01:00:00,27.5,27.211039,26.17012
2022-09-13 02:00:00,27.3,26.775888,26.09123
2022-09-13 03:00:00,27.0,26.44492,26.118952
2022-09-13 04:00:00,26.7,26.15184,26.05085
2022-09-13 05:00:00,26.6,26.103592,26.157246
2022-09-13 06:00:00,26.7,26.238535,26.542809
2022-09-13 07:00:00,27.5,27.1013,26.79816
2022-09-13 08:00:00,28.8,28.577856,27.86074
2022-09-13 09:00:00,30.4,29.923399,29.12505
2022-09-13 10:00:00,31.7,30.992466,30.240604
2022-09-13 11:00:00,32.6,31.84545,31.032158
2022-09-13 12:00:00,32.7,32.3793,31.626625
2022-09-13 13:00:00,30.8,31.983356,31.788013
2022-09-13 14:00:00,30.2,31.232576,30.739496
2022-09-13 15:00:00,30.7,30.709597,29.676733
2022-09-13 16:00:00,29.9,29.95791,29.516228
2022-09-13 17:00:00,29.6,29.129946,28.708006
2022-09-13 18:00:00,28.8,28.788069,27.922499
2022-09-13 19:00:00,28.6,28.451164,27.84602
2022-09-13 20:00:00,28.3,28.218021,27.326523
2022-09-13 21:00:00,28.1,28.162956,26.995726
2022-09-13 22:00:00,28.0,27.85749,26.858343
2022-09-13 23:00:00,27.9,27.642454,26.671959
2022-09-14 00:00:00,27.7,27.443882,26.550112
2022-09-14 01:00:00,25.3,27.102274,25.99841
2022-09-14 02:00:00,25.4,26.884718,25.982512
2022-09-14 03:00:00,25.5,26.66022,26.083359
2022-09-14 04:00:00,25.6,26.432526,26.201828
2022-09-14 05:00:00,26.0,26.36462,26.347462
2022-09-14 06:00:00,26.4,26.550417,26.705486
2022-09-14 07:00:00,27.2,27.366606,27.149208
2022-09-14 08:00:00,28.5,28.775524,28.022837
2022-09-14 09:00:00,29.9,30.261219,29.003206
2022-09-14 10:00:00,30.9,31.187351,30.149393
2022-09-14 11:00:00,31.8,31.939547,30.948704
2022-09-14 12:00:00,32.6,32.261906,31.56084
2022-09-14 13:00:00,32.8,31.484163,31.28764
2022-09-14 14:00:00,32.7,30.710672,29.93998
2022-09-14 15:00:00,31.6,30.519989,29.538218
2022-09-14 16:00:00,30.8,29.96696,29.56583
2022-09-14 17:00:00,29.6,29.373497,28.535835
2022-09-14 18:00:00,28.4,28.812078,28.09275
2022-09-14 19:00:00,28.3,28.374746,27.675358
2022-09-14 20:00:00,28.3,28.089737,27.346964
2022-09-14 21:00:00,28.0,27.850834,26.998611
2022-09-14 22:00:00,27.7,27.75677,26.793028
2022-09-14 23:00:00,27.5,27.61025,26.71238
2022-09-15 00:00:00,27.0,27.298231,26.657574
2022-09-15 01:00:00,26.7,26.195522,26.022127
2022-09-15 02:00:00,26.5,25.691853,24.99469
2022-09-15 03:00:00,26.5,25.660215,25.516891
2022-09-15 04:00:00,26.3,25.636766,25.812506
2022-09-15 05:00:00,26.5,25.890821,25.83987
2022-09-15 06:00:00,26.8,26.282654,26.459496
2022-09-15 07:00:00,27.6,27.195984,27.058193
2022-09-15 08:00:00,29.1,28.32248,27.953173
2022-09-15 09:00:00,30.8,29.845968,28.87907
2022-09-15 10:00:00,32.0,30.601751,30.070087
2022-09-15 11:00:00,33.0,31.60765,30.762245
2022-09-15 12:00:00,33.5,32.01518,31.354763
2022-09-15 13:00:00,33.4,31.798748,31.524456
2022-09-15 14:00:00,32.1,31.543228,31.188044
2022-09-15 15:00:00,31.2,30.972246,30.602716
2022-09-15 16:00:00,30.5,30.29711,29.502108
2022-09-15 17:00:00,29.4,29.449493,28.848942
2022-09-15 18:00:00,28.7,28.688305,27.893154
2022-09-15 19:00:00,28.8,28.4273,27.5276
2022-09-15 20:00:00,28.6,28.171078,27.286705
2022-09-15 21:00:00,28.4,27.944983,27.048267
2022-09-15 22:00:00,28.0,27.733437,26.748463
2022-09-15 23:00:00,27.8,27.509459,26.585918
2022-09-16 00:00:00,27.6,27.165003,26.340818
2022-09-16 01:00:00,27.3,26.732664,25.549599
2022-09-16 02:00:00,27.0,26.362093,25.362288
2022-09-16 03:00:00,26.8,26.191051,25.634197
2022-09-16 04:00:00,26.7,26.147177,25.666777
2022-09-16 05:00:00,26.9,26.178493,25.798382
2022-09-16 06:00:00,27.1,26.456333,26.181532
2022-09-16 07:00:00,28.0,27.244396,26.833145
2022-09-16 08:00:00,29.7,28.640461,27.710888
2022-09-16 09:00:00,31.1,29.942762,29.019468
2022-09-16 10:00:00,32.3,31.21902,30.272783
2022-09-16 11:00:00,33.1,32.116905,31.037182
2022-09-16 12:00:00,33.5,32.392845,31.779423
2022-09-16 13:00:00,33.9,32.19193,32.091087
2022-09-16 14:00:00,33.1,31.46146,31.543533
2022-09-16 15:00:00,32.1,31.00059,30.039036
2022-09-16 16:00:00,30.9,30.595276,29.338335
2022-09-16 17:00:00,30.2,29.496586,28.876114
2022-09-16 18:00:00,29.7,28.699656,27.973293
2022-09-16 19:00:00,29.4,28.500357,27.613028
2022-09-16 20:00:00,29.1,28.34378,27.366291
2022-09-16 21:00:00,28.7,28.245255,27.055614
2022-09-16 22:00:00,28.5,27.85232,26.83998
2022-09-16 23:00:00,28.2,27.606009,26.481613
2022-09-17 00:00:00,27.9,27.421017,26.41664
2022-09-17 01:00:00,27.6,27.229715,25.91184
2022-09-17 02:00:00,27.6,26.77813,25.820507
2022-09-17 03:00:00,27.1,26.530584,25.836746
2022-09-17 04:00:00,27.1,26.422377,26.07168
2022-09-17 05:00:00,27.2,26.582047,26.230324
2022-09-17 06:00:00,27.4,26.821987,26.794357
2022-09-17 07:00:00,28.4,27.751049,27.316113
2022-09-17 08:00:00,29.5,29.032488,28.210672
2022-09-17 09:00:00,30.9,30.455349,29.470224
2022-09-17 10:00:00,32.3,31.694166,30.497074
2022-09-17 11:00:00,33.4,32.615185,31.21787
2022-09-17 12:00:00,33.8,32.48671,31.695053
2022-09-17 13:00:00,33.7,32.537495,31.961151
2022-09-17 14:00:00,33.2,32.157818,31.881199
2022-09-17 15:00:00,31.4,31.156473,30.747349
2022-09-17 16:00:00,30.1,30.36459,29.588776
2022-09-17 17:00:00,29.8,29.726257,28.723091
2022-09-17 18:00:00,29.3,28.99648,28.429878
2022-09-17 19:00:00,28.9,28.900747,28.028795
2022-09-17 20:00:00,28.7,28.780392,27.669163
2022-09-17 21:00:00,28.5,28.392122,27.379776
2022-09-17 22:00:00,28.1,28.093225,27.001038
2022-09-17 23:00:00,27.8,27.984402,26.930185
2022-09-18 00:00:00,27.5,27.76293,26.746534
2022-09-18 01:00:00,27.7,27.415096,26.187832
2022-09-18 02:00:00,27.6,27.228815,26.060513
2022-09-18 03:00:00,27.3,26.916515,26.057106
2022-09-18 04:00:00,27.1,26.675121,25.876495
2022-09-18 05:00:00,26.6,26.751465,26.341297
2022-09-18 06:00:00,26.8,27.104223,26.995777
2022-09-18 07:00:00,27.9,28.047949,27.280396
2022-09-18 08:00:00,29.7,29.313396,28.349344
2022-09-18 09:00:00,30.9,30.627201,29.438889
2022-09-18 10:00:00,32.0,31.723251,30.615826
2022-09-18 11:00:00,32.9,32.092556,31.396027
2022-09-18 12:00:00,33.4,32.263355,31.709347
2022-09-18 13:00:00,33.8,32.66927,31.505934
2022-09-18 14:00:00,34.0,32.381813,30.863207
2022-09-18 15:00:00,33.5,31.17874,31.125694
2022-09-18 16:00:00,30.2,30.099485,29.01532
2022-09-18 17:00:00,29.0,29.570581,28.571896
2022-09-18 18:00:00,28.6,29.102509,28.41468
2022-09-18 19:00:00,28.7,28.919304,27.95819
2022-09-18 20:00:00,28.8,28.542227,27.460026
2022-09-18 21:00:00,28.7,28.18588,27.232838
2022-09-18 22:00:00,28.4,27.947577,26.93742
2022-09-18 23:00:00,28.2,27.525513,26.748953
2022-09-19 00:00:00,27.9,27.177128,26.5058
2022-09-19 01:00:00,27.7,27.335758,25.920538
2022-09-19 02:00:00,27.4,27.193983,26.156214
2022-09-19 03:00:00,27.0,26.887865,26.276796
2022-09-19 04:00:00,26.8,26.801716,26.348095
2022-09-19 05:00:00,27.1,26.656109,26.541683
2022-09-19 06:00:00,27.3,26.9281,26.703732
2022-09-19 07:00:00,28.2,27.917095,27.392546
2022-09-19 08:00:00,29.5,29.245712,28.303852
2022-09-19 09:00:00,30.9,30.53702,29.505772
2022-09-19 10:00:00,32.2,31.712667,30.397568
2022-09-19 11:00:00,33.4,32.50466,31.357693
2022-09-19 12:00:00,34.3,32.594856,31.680883
2022-09-19 13:00:00,34.7,32.771812,31.807394
2022-09-19 14:00:00,34.8,32.78784,31.855251
2022-09-19 15:00:00,33.8,31.719774,31.32471
2022-09-19 16:00:00,31.3,30.175917,30.510208
2022-09-19 17:00:00,31.2,29.520273,27.830395
2022-09-19 18:00:00,29.2,28.75956,28.341835
2022-09-19 19:00:00,28.7,28.626282,27.719841
2022-09-19 20:00:00,28.4,28.552536,27.399746
2022-09-19 21:00:00,27.9,28.461418,27.16479
2022-09-19 22:00:00,27.6,28.14439,26.972301
2022-09-19 23:00:00,27.3,27.849224,26.862938
2022-09-20 00:00:00,26.7,27.659386,26.617819
2022-09-20 01:00:00,26.3,27.411718,26.089874
2022-09-20 02:00:00,25.9,27.222837,26.26601
2022-09-20 03:00:00,25.8,27.035624,26.217226
2022-09-20 04:00:00,25.8,26.877768,26.023027
2022-09-20 05:00:00,26.3,26.975645,26.189793
2022-09-20 06:00:00,26.7,27.174112,26.875664
2022-09-20 07:00:00,28.1,28.07808,27.452589
2022-09-20 08:00:00,29.9,29.63527,28.44486
2022-09-20 09:00:00,31.3,31.02766,29.710192
2022-09-20 10:00:00,32.6,31.929504,30.800648
2022-09-20 11:00:00,33.9,32.968445,31.49046
2022-09-20 12:00:00,34.7,33.74003,32.13351
2022-09-20 13:00:00,34.8,34.123463,32.678238
2022-09-20 14:00:00,34.2,33.964527,32.461945
2022-09-20 15:00:00,32.5,31.576744,31.99724
2022-09-20 16:00:00,30.7,30.654736,31.1999
2022-09-20 17:00:00,30.0,30.260244,28.684006
2022-09-20 18:00:00,29.5,29.112663,28.768951
2022-09-20 19:00:00,29.2,28.52105,27.643147
2022-09-20 20:00:00,28.9,28.489851,27.548643
2022-09-20 21:00:00,28.8,28.151995,27.363186
2022-09-20 22:00:00,28.6,27.803684,27.039068
2022-09-20 23:00:00,28.5,27.447784,26.75024
2022-09-21 00:00:00,28.2,27.095482,26.576763
2022-09-21 01:00:00,27.8,26.758394,25.719406
2022-09-21 02:00:00,27.5,26.542583,25.812475
2022-09-21 03:00:00,27.1,26.345491,25.708145
2022-09-21 04:00:00,27.1,25.981712,25.93079
2022-09-21 05:00:00,27.2,26.345829,26.166294
2022-09-21 06:00:00,27.5,26.821688,27.053364
2022-09-21 07:00:00,28.4,27.714666,27.49959
2022-09-21 08:00:00,30.3,29.674688,28.727303
2022-09-21 09:00:00,31.7,30.606441,29.909939
2022-09-21 10:00:00,33.3,31.371164,30.77106
2022-09-21 11:00:00,34.4,33.119263,31.67551
2022-09-21 12:00:00,35.3,34.13147,32.463734
2022-09-21 13:00:00,35.5,33.916748,32.871777
2022-09-21 14:00:00,34.9,32.506737,32.457886
2022-09-21 15:00:00,32.9,31.585714,31.238407
2022-09-21 16:00:00,31.1,30.58268,29.660852
2022-09-21 17:00:00,30.3,29.899343,28.771137
2022-09-21 18:00:00,30.1,28.972534,28.25208
2022-09-21 19:00:00,29.6,28.745716,27.709965
2022-09-21 20:00:00,29.3,28.696276,27.534409
2022-09-21 21:00:00,29.1,28.420992,27.124514
2022-09-21 22:00:00,28.9,28.284012,27.053936
2022-09-21 23:00:00,29.0,28.133457,26.927776
2022-09-22 00:00:00,28.7,27.918295,26.864712
2022-09-22 01:00:00,28.0,27.582405,26.202015
2022-09-22 02:00:00,27.5,27.25792,26.069843
2022-09-22 03:00:00,27.0,26.857658,26.0231
2022-09-22 04:00:00,26.4,26.895899,26.029
2022-09-22 05:00:00,26.7,27.011515,26.519493
2022-09-22 06:00:00,26.8,27.25504,27.140999
2022-09-22 07:00:00,28.0,28.125284,27.63006
2022-09-22 08:00:00,30.1,30.105488,28.613272
2022-09-22 09:00:00,31.8,31.654327,30.126453
2022-09-22 10:00:00,33.0,32.0991,30.898447
2022-09-22 11:00:00,34.0,33.807213,31.916758
2022-09-22 12:00:00,34.3,34.65921,32.792366
2022-09-22 13:00:00,34.2,34.05787,33.04264
2022-09-22 14:00:00,33.2,33.349228,32.452705
2022-09-22 15:00:00,31.9,32.21382,31.118176
2022-09-22 16:00:00,31.0,31.172167,29.843891
2022-09-22 17:00:00,29.9,30.556427,28.838549
2022-09-22 18:00:00,29.6,29.680141,28.553268
2022-09-22 19:00:00,29.4,29.242884,28.199404
2022-09-22 20:00:00,29.1,29.002777,27.640963
2022-09-22 21:00:00,28.4,28.88916,27.449291
2022-09-22 22:00:00,28.2,28.661306,27.112537
2022-09-22 23:00:00,27.9,28.574577,27.133146
2022-09-23 00:00:00,27.6,28.192368,27.173267
2022-09-23 01:00:00,27.4,27.740936,26.624931
2022-09-23 02:00:00,27.4,27.358253,26.334883
2022-09-23 03:00:00,27.1,26.99969,26.211172
2022-09-23 04:00:00,27.0,26.530277,26.035961
2022-09-23 05:00:00,27.2,26.694061,26.009914
2022-09-23 06:00:00,27.6,26.98023,26.495304
2022-09-23 07:00:00,29.0,28.094608,26.908257
2022-09-23 08:00:00,30.8,29.834753,28.170198
2022-09-23 09:00:00,32.4,31.19196,29.811747
2022-09-23 10:00:00,33.5,31.896786,30.627794
2022-09-23 11:00:00,34.2,32.545406,31.822742
2022-09-23 12:00:00,34.3,33.51717,32.58243
2022-09-23 13:00:00,34.0,32.575764,32.638584
2022-09-23 14:00:00,32.6,32.302677,32.448334
2022-09-23 15:00:00,31.1,31.618324,30.712631
2022-09-23 16:00:00,31.0,31.02196,29.853622
2022-09-23 17:00:00,30.9,29.928392,29.16763
2022-09-23 18:00:00,29.7,29.194986,28.361542
2022-09-23 19:00:00,29.3,28.945078,28.285313
2022-09-23 20:00:00,28.9,28.83312,27.708115
2022-09-23 21:00:00,28.5,28.393732,27.569489
2022-09-23 22:00:00,27.8,28.313139,27.02999
2022-09-23 23:00:00,27.9,28.148947,26.96768
2022-09-24 00:00:00,27.5,27.86512,26.794197
2022-09-24 01:00:00,27.3,27.435648,26.305027
2022-09-24 02:00:00,26.9,27.284575,26.359627
2022-09-24 03:00:00,26.5,27.010643,26.32127
2022-09-24 04:00:00,26.3,26.674305,26.255556
2022-09-24 05:00:00,26.4,26.896646,26.517902
2022-09-24 06:00:00,26.9,27.222754,26.921448
2022-09-24 07:00:00,28.4,28.467524,27.595284
2022-09-24 08:00:00,30.4,29.942825,28.904482
2022-09-24 09:00:00,32.5,31.683758,30.054108
2022-09-24 10:00:00,33.7,32.282177,30.931507
2022-09-24 11:00:00,34.1,32.7147,31.664873
2022-09-24 12:00:00,32.9,33.735367,31.895855
2022-09-24 13:00:00,31.2,32.869324,31.122044
2022-09-24 14:00:00,31.4,32.071815,31.015083
2022-09-24 15:00:00,31.5,31.59661,30.101639
2022-09-24 16:00:00,30.8,30.853045,29.05296
2022-09-24 17:00:00,30.6,30.270601,28.900948
2022-09-24 18:00:00,29.6,29.20957,28.307625
2022-09-24 19:00:00,28.8,29.02862,27.803844
2022-09-24 20:00:00,28.6,28.759565,27.49496
2022-09-24 21:00:00,28.2,28.314775,27.203003
2022-09-24 22:00:00,27.9,27.752495,26.957191
2022-09-24 23:00:00,27.8,27.748392,26.631031
2022-09-25 00:00:00,27.2,27.489511,26.66446
2022-09-25 01:00:00,26.9,27.31443,25.972618
2022-09-25 02:00:00,26.8,26.92349,26.020893
2022-09-25 03:00:00,26.7,26.591164,25.977646
2022-09-25 04:00:00,26.7,26.468933,25.99672
2022-09-25 05:00:00,26.7,26.42359,26.232702
2022-09-25 06:00:00,26.3,27.098495,26.595894
2022-09-25 07:00:00,26.7,28.327785,27.137568
2022-09-25 08:00:00,28.6,29.904158,28.45633
2022-09-25 09:00:00,30.2,31.556187,29.84031
2022-09-25 10:00:00,31.1,32.529427,31.111206
2022-09-25 11:00:00,32.1,33.328316,31.541025
2022-09-25 12:00:00,32.9,32.790226,31.312685
2022-09-25 13:00:00,33.1,31.7925,30.79168
2022-09-25 14:00:00,33.5,31.427189,29.791937
2022-09-25 15:00:00,32.5,31.307535,29.12542
2022-09-25 16:00:00,30.7,30.523401,29.331741
2022-09-25 17:00:00,26.8,30.14839,28.370193
2022-09-25 18:00:00,27.3,29.295172,28.265852
2022-09-25 19:00:00,27.2,28.665833,27.547518
2022-09-25 20:00:00,27.1,28.34416,27.048506
2022-09-25 21:00:00,27.1,27.907152,27.240744
2022-09-25 22:00:00,27.2,27.769709,26.756344
2022-09-25 23:00:00,26.6,27.578308,26.57224
2022-09-26 00:00:00,26.3,27.177698,26.523111
2022-09-26 01:00:00,25.8,26.800322,25.838175
2022-09-26 02:00:00,25.5,26.756836,25.486202
2022-09-26 03:00:00,25.4,26.56148,25.334738
2022-09-26 04:00:00,25.3,26.640446,25.781109
2022-09-26 05:00:00,27.0,26.71813,26.053982
2022-09-26 06:00:00,27.3,26.436077,25.901169
2022-09-26 07:00:00,27.9,27.516232,27.342617
2022-09-26 08:00:00,28.7,29.274294,27.634851
2022-09-26 09:00:00,30.4,30.709923,29.680084
2022-09-26 10:00:00,32.0,31.133059,30.530216
2022-09-26 11:00:00,32.7,31.534184,31.11394
2022-09-26 12:00:00,31.9,32.134483,31.569084
2022-09-26 13:00:00,31.0,31.886824,31.603067
2022-09-26 14:00:00,31.2,31.642338,31.366205
2022-09-26 15:00:00,31.0,31.373346,31.305794
2022-09-26 16:00:00,29.9,30.44935,29.8829
2022-09-26 17:00:00,29.6,29.319973,28.237856
2022-09-26 18:00:00,28.9,28.306614,27.272963
2022-09-26 19:00:00,28.8,28.387629,27.519138
2022-09-26 20:00:00,28.6,28.085833,26.466557
2022-09-26 21:00:00,28.5,27.697393,26.397104
2022-09-26 22:00:00,28.3,27.782217,25.909327
2022-09-26 23:00:00,27.0,27.326345,26.052406
2022-09-27 00:00:00,26.5,26.483372,25.779053
2022-09-27 01:00:00,26.2,26.369045,25.00255
2022-09-27 02:00:00,26.3,25.944996,25.31376
2022-09-27 03:00:00,25.7,25.829659,24.916908
2022-09-27 04:00:00,25.0,25.712206,25.354527
2022-09-27 05:00:00,25.5,26.146736,25.657574
2022-09-27 06:00:00,25.9,26.94611,26.616987
2022-09-27 07:00:00,25.8,27.494385,27.345829
2022-09-27 08:00:00,27.1,28.545866,27.80383
2022-09-27 09:00:00,28.7,29.915247,28.767475
2022-09-27 10:00:00,30.3,31.613691,29.76098
2022-09-27 11:00:00,31.3,32.254784,29.774101
2022-09-27 12:00:00,31.5,31.621359,30.331947
2022-09-27 13:00:00,31.9,31.37947,30.013603
2022-09-27 14:00:00,32.1,31.414919,29.56227
2022-09-27 15:00:00,30.9,30.886463,29.655521
2022-09-27 16:00:00,29.4,29.951483,28.979557
2022-09-27 17:00:00,29.0,28.924593,28.193993
2022-09-27 18:00:00,28.4,28.578676,27.660597
2022-09-27 19:00:00,28.1,28.270452,27.499594
2022-09-27 20:00:00,27.6,28.067774,27.078876
2022-09-27 21:00:00,27.2,27.97481,26.826862
2022-09-27 22:00:00,26.2,27.837181,26.811155
2022-09-27 23:00:00,25.5,26.79546,26.612774
2022-09-28 00:00:00,25.3,26.328253,25.292664
2022-09-28 01:00:00,24.6,26.167833,25.553806
2022-09-28 02:00:00,24.8,25.998955,25.102646
2022-09-28 03:00:00,24.3,25.911636,25.493004
2022-09-28 04:00:00,24.1,25.776001,25.518948
2022-09-28 05:00:00,26.8,25.78621,25.364328
2022-09-28 06:00:00,26.9,26.184822,26.929062
2022-09-28 07:00:00,27.3,26.789993,26.417938
2022-09-28 08:00:00,27.4,27.923357,26.423304
2022-09-28 09:00:00,28.1,29.180096,28.393074
2022-09-28 10:00:00,28.8,30.228601,29.558231
2022-09-28 11:00:00,29.4,30.787569,29.986351
2022-09-28 12:00:00,30.6,30.890198,30.353052
2022-09-28 13:00:00,31.2,31.078844,30.38166
2022-09-28 14:00:00,31.8,31.108736,29.052666
2022-09-28 15:00:00,32.0,30.507168,29.165886
2022-09-28 16:00:00,31.9,29.604403,28.695335
2022-09-28 17:00:00,28.8,29.079842,27.941456
2022-09-28 18:00:00,28.2,28.434914,27.947363
2022-09-28 19:00:00,27.5,28.207367,27.379662
2022-09-28 20:00:00,27.7,28.161894,26.991558
2022-09-28 21:00:00,27.6,27.864424,26.428974
2022-09-28 22:00:00,26.4,27.151047,26.305008
2022-09-28 23:00:00,25.4,26.380077,25.955086
2022-09-29 00:00:00,25.5,25.967447,25.816538
2022-09-29 01:00:00,25.1,25.623772,24.926098
2022-09-29 02:00:00,25.0,25.493645,25.131351
2022-09-29 03:00:00,25.2,25.326073,25.116692
2022-09-29 04:00:00,25.2,24.828754,24.787344
2022-09-29 05:00:00,25.3,26.076418,25.287354
2022-09-29 06:00:00,25.5,27.160809,26.931763
2022-09-29 07:00:00,26.3,27.20404,26.216295
2022-09-29 08:00:00,26.7,27.631464,26.871174
2022-09-29 09:00:00,27.5,28.20511,27.296082
2022-09-29 10:00:00,28.5,28.904799,28.182281
2022-09-29 11:00:00,28.8,30.104979,28.880964
2022-09-29 12:00:00,29.3,31.042265,29.239576
2022-09-29 13:00:00,29.0,31.150307,30.0569
2022-09-29 14:00:00,29.9,30.825974,29.97532
2022-09-29 15:00:00,30.1,30.972197,29.96674
2022-09-29 16:00:00,29.4,30.71545,29.302246
2022-09-29 17:00:00,28.2,30.053772,29.013754
2022-09-29 18:00:00,27.7,28.459394,27.25959
2022-09-29 19:00:00,27.3,27.926079,27.52558
2022-09-29 20:00:00,27.1,27.878548,26.834627
2022-09-29 21:00:00,27.1,28.029188,26.644787
2022-09-29 22:00:00,26.6,27.359917,26.131508
2022-09-29 23:00:00,26.1,26.219994,25.543678
2022-09-30 00:00:00,26.4,26.07173,25.498972
2022-09-30 01:00:00,26.6,25.574183,24.943888
2022-09-30 02:00:00,26.3,25.444736,25.269592
2022-09-30 03:00:00,26.2,25.60661,25.210428
2022-09-30 04:00:00,26.2,25.598745,25.37698
2022-09-30 05:00:00,25.4,25.709887,25.489815
2022-09-30 06:00:00,25.3,25.951548,25.316826
2022-09-30 07:00:00,25.7,26.670717,26.272047
2022-09-30 08:00:00,26.0,27.523762,27.287075
2022-09-30 09:00:00,26.5,28.247,27.924788
2022-09-30 10:00:00,26.5,28.694588,28.579224
2022-09-30 11:00:00,25.8,29.568644,28.990007
2022-09-30 12:00:00,27.5,30.168432,29.063187
2022-09-30 13:00:00,28.5,30.40644,29.564762
2022-09-30 14:00:00,29.4,30.72866,29.087122
2022-09-30 15:00:00,28.1,30.714754,29.539791
2022-09-30 16:00:00,28.1,30.099997,28.99052
2022-09-30 17:00:00,28.8,28.633453,28.598135
2022-09-30 18:00:00,28.1,28.032227,27.362537
2022-09-30 19:00:00,28.0,27.764257,26.918312
2022-09-30 20:00:00,27.8,27.774158,26.277504
2022-09-30 21:00:00,27.5,27.655178,26.121723
2022-09-30 22:00:00,27.4,26.839998,26.112154
2022-09-30 23:00:00,27.5,26.32727,25.246058
2022-10-01 00:00:00,27.6,26.260204,24.963528
2022-10-01 01:00:00,27.6,26.437885,24.728806
2022-10-01 02:00:00,27.3,26.245937,25.419521
2022-10-01 03:00:00,27.1,26.124912,25.054901
2022-10-01 04:00:00,27.0,25.990297,25.43157
2022-10-01 05:00:00,26.5,25.58011,25.55095
2022-10-01 06:00:00,26.5,25.363438,25.726295
2022-10-01 07:00:00,27.3,26.163412,26.037636
2022-10-01 08:00:00,28.5,26.91285,26.098164
2022-10-01 09:00:00,29.5,27.999716,26.937803
2022-10-01 10:00:00,30.6,28.12927,27.753063
2022-10-01 11:00:00,31.3,29.37881,27.73008
2022-10-01 12:00:00,31.5,29.943596,27.886778
2022-10-01 13:00:00,31.8,29.7692,28.372274
2022-10-01 14:00:00,31.8,30.942543,28.46138
2022-10-01 15:00:00,32.1,30.662184,28.90349
2022-10-01 16:00:00,31.3,29.579163,27.600601
2022-10-01 17:00:00,30.1,28.78306,27.622059
2022-10-01 18:00:00,29.0,27.83988,27.202774
2022-10-01 19:00:00,28.7,27.527205,26.557924
2022-10-01 20:00:00,28.5,27.388006,26.417843
2022-10-01 21:00:00,28.4,27.159939,26.093533
2022-10-01 22:00:00,28.3,26.969852,25.8932
2022-10-01 23:00:00,28.3,27.015133,25.80222
2022-10-02 00:00:00,27.9,26.893124,25.67747
2022-10-02 01:00:00,27.5,26.965462,25.378561
2022-10-02 02:00:00,27.2,26.868635,25.43151
2022-10-02 03:00:00,26.9,26.651436,25.565098
2022-10-02 04:00:00,26.8,26.474966,25.551275
2022-10-02 05:00:00,27.3,26.052597,25.830309
2022-10-02 06:00:00,27.4,25.969212,25.865063
2022-10-02 07:00:00,28.0,27.070805,26.198645
2022-10-02 08:00:00,28.9,28.164053,26.936764
2022-10-02 09:00:00,30.0,29.574799,27.894533
2022-10-02 10:00:00,31.4,30.357838,28.69022
2022-10-02 11:00:00,32.7,30.248371,29.217361
2022-10-02 12:00:00,33.6,31.556753,29.37512
2022-10-02 13:00:00,33.4,32.051037,29.74462
2022-10-02 14:00:00,33.0,31.825972,29.773994
2022-10-02 15:00:00,32.2,31.591496,29.371334
2022-10-02 16:00:00,32.0,30.690813,29.08965
2022-10-02 17:00:00,30.4,29.64235,28.245762
2022-10-02 18:00:00,29.6,28.57298,27.795034
2022-10-02 19:00:00,29.3,28.032003,27.205544
2022-10-02 20:00:00,28.8,27.786507,27.053368
2022-10-02 21:00:00,28.8,27.669882,26.809193
2022-10-02 22:00:00,28.1,27.542582,26.544191
2022-10-02 23:00:00,27.2,27.428604,26.526241
2022-10-03 00:00:00,26.6,27.119713,26.452227
2022-10-03 01:00:00,26.5,27.100035,25.858776
2022-10-03 02:00:00,26.4,26.95605,25.866383
2022-10-03 03:00:00,26.3,26.72033,25.827387
2022-10-03 04:00:00,26.1,26.539177,25.956163
2022-10-03 05:00:00,26.4,26.827517,26.113132
2022-10-03 06:00:00,26.7,26.89881,26.644747
2022-10-03 07:00:00,27.7,27.874765,26.997877
2022-10-03 08:00:00,29.4,28.955446,27.679874
2022-10-03 09:00:00,30.8,29.989782,28.561306
2022-10-03 10:00:00,31.9,30.76506,29.357359
2022-10-03 11:00:00,32.6,32.785072,30.239185
2022-10-03 12:00:00,33.3,33.940514,30.693085
2022-10-03 13:00:00,33.6,32.87767,31.062704
2022-10-03 14:00:00,33.9,32.285477,30.61779
2022-10-03 15:00:00,33.8,31.605116,30.097815
2022-10-03 16:00:00,32.6,31.022957,29.455387
2022-10-03 17:00:00,30.8,29.849972,28.88417
2022-10-03 18:00:00,29.8,29.362337,27.692827
2022-10-03 19:00:00,29.1,28.708176,27.260933
2022-10-03 20:00:00,28.7,28.283133,27.29409
2022-10-03 21:00:00,28.6,27.998205,26.808645
2022-10-03 22:00:00,28.2,27.547976,26.826323
2022-10-03 23:00:00,28.0,27.407204,26.412247
2022-10-04 00:00:00,28.5,27.191746,26.107986
2022-10-04 01:00:00,27.2,27.00582,25.497198
2022-10-04 02:00:00,26.5,26.684965,25.594097
2022-10-04 03:00:00,25.5,26.393173,25.603935
2022-10-04 04:00:00,25.6,26.19688,25.764835
2022-10-04 05:00:00,27.0,26.611708,26.019535
2022-10-04 06:00:00,27.3,26.740444,26.596622
2022-10-04 07:00:00,27.4,27.68143,26.947403
2022-10-04 08:00:00,27.4,28.962452,27.912567
2022-10-04 09:00:00,27.9,30.317122,28.876896
2022-10-04 10:00:00,28.4,31.7117,29.676964
2022-10-04 11:00:00,28.3,32.77266,30.488504
2022-10-04 12:00:00,27.3,33.88064,30.749958
2022-10-04 13:00:00,27.4,34.315464,31.203852
2022-10-04 14:00:00,26.8,34.05733,30.9221
2022-10-04 15:00:00,26.7,33.25497,30.633076
2022-10-04 16:00:00,26.5,31.621517,29.877178
2022-10-04 17:00:00,27.5,30.36672,28.53431
2022-10-04 18:00:00,26.7,29.379547,27.649313
2022-10-04 19:00:00,26.9,28.86983,26.979774
2022-10-04 20:00:00,27.2,28.537449,26.347828
2022-10-04 21:00:00,27.1,28.391617,26.210121
2022-10-04 22:00:00,27.1,27.974234,26.045721
2022-10-04 23:00:00,26.2,27.43799,25.61237
2022-10-05 00:00:00,26.3,27.610458,25.85146
2022-10-05 01:00:00,25.9,26.939465,25.129248
2022-10-05 02:00:00,24.5,26.82121,25.089151
2022-10-05 03:00:00,24.3,25.983536,25.042616
2022-10-05 04:00:00,24.3,25.708221,25.61058
2022-10-05 05:00:00,24.1,26.369303,25.826447
2022-10-05 06:00:00,24.5,27.1864,26.90187
2022-10-05 07:00:00,24.8,27.3047,26.87863
2022-10-05 08:00:00,24.9,27.937033,27.655737
2022-10-05 09:00:00,25.0,29.163506,27.952438
2022-10-05 10:00:00,25.8,29.848112,28.622515
2022-10-05 11:00:00,27.1,29.92274,27.753874
2022-10-05 12:00:00,29.1,29.08895,28.286911
2022-10-05 13:00:00,30.3,28.55774,27.70649
2022-10-05 14:00:00,30.7,28.960342,27.805143
2022-10-05 15:00:00,30.1,28.933956,27.321922
2022-10-05 16:00:00,29.1,27.962263,27.020538
2022-10-05 17:00:00,29.3,29.271646,26.460232
2022-10-05 18:00:00,27.7,27.688858,27.561115
2022-10-05 19:00:00,26.2,27.3613,26.36631
2022-10-05 20:00:00,25.7,27.454527,26.477383
2022-10-05 21:00:00,25.5,27.298407,26.410976
2022-10-05 22:00:00,25.2,26.989353,26.186674
2022-10-05 23:00:00,25.1,26.231636,25.926691
2022-10-06 00:00:00,24.9,26.22952,24.547762
2022-10-06 01:00:00,24.4,25.94787,25.45889
2022-10-06 02:00:00,23.8,25.478195,24.47593
2022-10-06 03:00:00,24.0,24.989727,24.895061
2022-10-06 04:00:00,23.9,24.725283,24.759792
2022-10-06 05:00:00,24.6,24.696266,25.127869
2022-10-06 06:00:00,24.5,24.894077,25.446072
2022-10-06 07:00:00,25.4,25.76954,25.784271
2022-10-06 08:00:00,26.3,26.994867,26.391457
2022-10-06 09:00:00,27.3,28.330349,26.724205
2022-10-06 10:00:00,27.6,29.091042,27.24223
2022-10-06 11:00:00,28.2,29.207779,27.915236
2022-10-06 12:00:00,28.1,30.266087,28.384449
2022-10-06 13:00:00,27.8,30.599,29.28685
2022-10-06 14:00:00,27.5,30.014492,29.42194
2022-10-06 15:00:00,26.9,29.642395,29.245628
2022-10-06 16:00:00,26.9,29.00045,28.447227
2022-10-06 17:00:00,27.5,28.720116,27.586527
2022-10-06 18:00:00,26.7,28.05586,27.53718
2022-10-06 19:00:00,26.4,27.17574,26.525248
2022-10-06 20:00:00,26.5,26.562672,26.145817
2022-10-06 21:00:00,26.4,26.0624,25.814476
2022-10-06 22:00:00,26.0,25.725943,25.461193
2022-10-06 23:00:00,25.7,25.967838,25.311356
2022-10-07 00:00:00,26.9,25.374546,24.609709
2022-10-07 01:00:00,26.7,24.764273,23.950794
2022-10-07 02:00:00,25.7,24.605383,24.73464
2022-10-07 03:00:00,25.3,24.441706,24.042284
2022-10-07 04:00:00,25.3,24.333382,24.74502
2022-10-07 05:00:00,25.4,24.51156,24.857311
2022-10-07 06:00:00,25.6,24.81794,24.703287
2022-10-07 07:00:00,26.6,25.599031,24.9927
2022-10-07 08:00:00,27.3,26.168882,26.06505
2022-10-07 09:00:00,26.4,27.158083,26.08293
2022-10-07 10:00:00,26.8,27.680624,28.117992
2022-10-07 11:00:00,26.8,28.245054,27.801525
2022-10-07 12:00:00,28.6,28.58933,28.269766
2022-10-07 13:00:00,29.7,29.039665,28.421875
2022-10-07 14:00:00,27.9,29.108856,28.17572
2022-10-07 15:00:00,28.4,28.698353,28.00364
2022-10-07 16:00:00,28.1,27.714855,27.428877
2022-10-07 17:00:00,27.8,27.715876,26.936394
2022-10-07 18:00:00,27.4,26.846247,26.917772
2022-10-07 19:00:00,26.7,26.006628,26.037157
2022-10-07 20:00:00,26.3,25.996275,25.513111
2022-10-07 21:00:00,26.1,26.20076,25.383717
2022-10-07 22:00:00,25.4,25.973614,25.447502
2022-10-07 23:00:00,25.4,25.860744,24.957958
2022-10-08 00:00:00,25.3,25.79061,25.0853
2022-10-08 01:00:00,24.7,25.760597,24.948923
2022-10-08 02:00:00,24.5,25.396591,23.91707
2022-10-08 03:00:00,24.3,25.326162,24.287432
2022-10-08 04:00:00,24.1,25.143417,24.027348
2022-10-08 05:00:00,25.0,25.396753,24.67603
2022-10-08 06:00:00,24.3,25.455904,25.564034
2022-10-08 07:00:00,25.3,26.394722,24.890715
2022-10-08 08:00:00,26.5,27.333342,26.286953
2022-10-08 09:00:00,27.4,27.204699,27.062342
2022-10-08 10:00:00,28.5,27.885733,27.405228
2022-10-08 11:00:00,27.6,28.20104,27.497574
2022-10-08 12:00:00,26.5,28.48181,27.239437
2022-10-08 13:00:00,27.6,29.19554,27.421505
2022-10-08 14:00:00,28.2,28.799994,28.19268
2022-10-08 15:00:00,27.8,28.044151,27.04607
2022-10-08 16:00:00,27.7,27.419582,27.150652
2022-10-08 17:00:00,27.2,27.06685,26.56554
2022-10-08 18:00:00,26.9,26.59925,26.220222
2022-10-08 19:00:00,26.0,26.232115,25.764126
2022-10-08 20:00:00,25.9,25.989666,25.262247
2022-10-08 21:00:00,25.9,26.355965,25.062283
2022-10-08 22:00:00,25.8,25.726358,24.87081
2022-10-08 23:00:00,25.1,25.78684,24.50259
2022-10-09 00:00:00,25.2,25.342716,24.49797
2022-10-09 01:00:00,24.9,25.113758,24.079243
2022-10-09 02:00:00,24.6,24.772123,24.085672
2022-10-09 03:00:00,24.3,24.602669,23.58782
2022-10-09 04:00:00,23.9,24.42688,23.947014
2022-10-09 05:00:00,25.1,24.679987,23.912144
2022-10-09 06:00:00,25.5,24.897974,24.519514
2022-10-09 07:00:00,25.9,25.40301,24.846066
2022-10-09 08:00:00,26.6,26.041702,25.383839
2022-10-09 09:00:00,27.7,26.920458,26.336605
2022-10-09 10:00:00,28.5,27.88313,26.748577
2022-10-09 11:00:00,28.9,28.212574,27.699135
2022-10-09 12:00:00,28.0,28.199625,27.600666
2022-10-09 13:00:00,28.9,28.648363,26.882648
2022-10-09 14:00:00,29.0,27.96869,27.895874
2022-10-09 15:00:00,28.5,27.750683,27.6402
2022-10-09 16:00:00,28.2,27.358223,27.086456
2022-10-09 17:00:00,27.8,27.055782,26.941484
2022-10-09 18:00:00,27.3,26.63134,26.11346
2022-10-09 19:00:00,27.3,25.999495,26.058788
2022-10-09 20:00:00,27.3,25.887154,25.332268
2022-10-09 21:00:00,27.3,25.845451,25.777088
2022-10-09 22:00:00,27.2,25.596972,25.239939
2022-10-09 23:00:00,26.9,25.393488,25.152533
2022-10-10 00:00:00,26.6,25.496977,25.098675
2022-10-10 01:00:00,25.6,25.108051,24.37458
2022-10-10 02:00:00,24.8,24.85531,24.722801
2022-10-10 03:00:00,24.9,24.643978,24.460106
2022-10-10 04:00:00,25.1,24.463116,24.4789
2022-10-10 05:00:00,25.0,24.819824,24.859837
2022-10-10 06:00:00,25.2,25.256872,26.038738
2022-10-10 07:00:00,25.9,25.850714,25.091759
2022-10-10 08:00:00,27.0,26.920086,25.706486
2022-10-10 09:00:00,28.1,27.47381,26.712385
2022-10-10 10:00:00,28.6,28.157616,27.427803
2022-10-10 11:00:00,28.8,28.336899,28.118675
2022-10-10 12:00:00,29.2,28.251938,28.244576
2022-10-10 13:00:00,29.4,28.451817,27.759302
2022-10-10 14:00:00,29.0,28.479244,28.489532
2022-10-10 15:00:00,29.0,28.11287,28.31782
2022-10-10 16:00:00,28.6,27.893312,27.76285
2022-10-10 17:00:00,28.1,27.417086,27.53206
2022-10-10 18:00:00,27.7,26.866669,27.020348
2022-10-10 19:00:00,27.8,26.893785,26.601368
2022-10-10 20:00:00,27.6,26.84469,26.325298
2022-10-10 21:00:00,27.3,26.929373,26.18959
2022-10-10 22:00:00,27.3,26.913727,26.076462
2022-10-10 23:00:00,26.7,26.661194,25.948135
2022-10-11 00:00:00,26.3,26.30985,25.709219
2022-10-11 01:00:00,26.4,25.771301,25.172382
2022-10-11 02:00:00,26.1,25.109621,25.003113
2022-10-11 03:00:00,25.7,25.1611,24.586407
2022-10-11 04:00:00,25.5,25.216509,25.110905
2022-10-11 05:00:00,25.6,25.160738,25.240885
2022-10-11 06:00:00,25.9,25.235674,25.564236
2022-10-11 07:00:00,26.9,26.153296,26.156021
2022-10-11 08:00:00,28.0,27.02527,26.85661
2022-10-11 09:00:00,28.9,28.103422,27.680035
2022-10-11 10:00:00,29.5,28.44406,28.497675
2022-10-11 11:00:00,30.2,28.689945,28.88537
2022-10-11 12:00:00,30.4,28.786934,29.003265
2022-10-11 13:00:00,27.5,29.135365,29.15858
2022-10-11 14:00:00,28.6,28.829973,29.012178
2022-10-11 15:00:00,29.2,28.767927,28.706142
2022-10-11 16:00:00,28.7,28.245617,28.276995
2022-10-11 17:00:00,28.4,27.89353,27.91222
2022-10-11 18:00:00,27.7,27.525274,27.177834
2022-10-11 19:00:00,27.4,27.485046,26.9354
2022-10-11 20:00:00,27.4,27.280857,26.782473
2022-10-11 21:00:00,27.4,27.18635,26.459911
2022-10-11 22:00:00,27.1,27.047941,26.187105
2022-10-11 23:00:00,26.9,26.61494,26.128986
2022-10-12 00:00:00,26.6,26.094177,25.765182
2022-10-12 01:00:00,27.2,25.94248,25.177237
2022-10-12 02:00:00,25.3,25.936773,25.248495
2022-10-12 03:00:00,24.6,25.71005,25.110497
2022-10-12 04:00:00,24.2,25.596148,25.161642
2022-10-12 05:00:00,24.7,25.41225,25.44968
2022-10-12 06:00:00,24.8,25.713083,25.733868
2022-10-12 07:00:00,26.4,26.656675,26.34082
2022-10-12 08:00:00,28.1,27.718012,27.217913
2022-10-12 09:00:00,29.3,28.72273,28.21347
2022-10-12 10:00:00,30.0,29.396383,28.850185
2022-10-12 11:00:00,30.0,29.919903,29.383503
2022-10-12 12:00:00,29.4,30.098652,29.645735
2022-10-12 13:00:00,28.8,29.731213,29.331907
2022-10-12 14:00:00,29.1,28.789627,28.324623
2022-10-12 15:00:00,29.1,28.88102,28.689167
2022-10-12 16:00:00,28.5,28.47034,28.372974
2022-10-12 17:00:00,28.4,27.9733,27.759323
2022-10-12 18:00:00,27.8,27.546358,27.402597
2022-10-12 19:00:00,27.8,27.218493,26.749012
2022-10-12 20:00:00,27.4,27.26415,26.574352
2022-10-12 21:00:00,27.2,27.06949,26.381691
2022-10-12 22:00:00,27.0,26.948038,26.157093
2022-10-12 23:00:00,26.6,26.519321,25.923664
2022-10-13 00:00:00,24.7,26.238424,25.739643
2022-10-13 01:00:00,24.5,26.335602,25.193844
2022-10-13 02:00:00,24.2,25.742535,25.55962
2022-10-13 03:00:00,24.0,25.129023,24.816189
2022-10-13 04:00:00,23.9,24.890608,24.692045
2022-10-13 05:00:00,24.6,24.832996,24.851046
2022-10-13 06:00:00,25.2,25.067694,25.304392
2022-10-13 07:00:00,26.0,26.502836,25.554873
2022-10-13 08:00:00,27.3,27.998827,27.196667
2022-10-13 09:00:00,28.4,28.827925,27.93406
2022-10-13 10:00:00,29.3,29.49207,28.826157
2022-10-13 11:00:00,27.0,29.876017,29.006157
2022-10-13 12:00:00,27.5,29.985971,29.040874
2022-10-13 13:00:00,28.6,29.107094,28.739414
2022-10-13 14:00:00,28.2,28.84146,28.11647
2022-10-13 15:00:00,27.8,28.7869,28.285864
2022-10-13 16:00:00,27.8,28.22468,27.874977
2022-10-13 17:00:00,27.5,28.026043,27.46884
2022-10-13 18:00:00,27.1,27.593826,27.25053
2022-10-13 19:00:00,26.9,27.165533,26.695507
2022-10-13 20:00:00,26.8,27.020962,26.586475
2022-10-13 21:00:00,26.8,26.940977,26.237406
2022-10-13 22:00:00,26.7,26.525002,26.111385
2022-10-13 23:00:00,25.8,26.240623,25.847858
2022-10-14 00:00:00,25.3,25.474277,25.555166
2022-10-14 01:00:00,24.1,25.102306,24.628326
2022-10-14 02:00:00,23.9,24.914509,24.19017
2022-10-14 03:00:00,23.9,24.54524,24.470486
2022-10-14 04:00:00,24.0,24.5042,24.122509
2022-10-14 05:00:00,24.8,24.644098,24.543266
2022-10-14 06:00:00,25.1,25.154503,25.762726
2022-10-14 07:00:00,25.9,26.395395,25.804058
2022-10-14 08:00:00,27.1,27.550207,26.645899
2022-10-14 09:00:00,28.3,28.302832,27.190166
2022-10-14 10:00:00,29.2,29.14343,27.943296
2022-10-14 11:00:00,29.7,28.85719,28.1723
2022-10-14 12:00:00,29.7,28.16399,27.444613
2022-10-14 13:00:00,29.2,28.17152,27.49801
2022-10-14 14:00:00,28.6,28.130243,28.081877
2022-10-14 15:00:00,28.5,28.00331,27.305208
2022-10-14 16:00:00,28.0,27.574081,26.975132
2022-10-14 17:00:00,28.2,27.247475,26.61019
2022-10-14 18:00:00,27.6,26.756746,26.29166
2022-10-14 19:00:00,27.5,26.577759,25.637316
2022-10-14 20:00:00,27.4,26.27893,25.391205
2022-10-14 21:00:00,27.5,26.187988,25.223736
2022-10-14 22:00:00,26.9,26.32173,25.117474
2022-10-14 23:00:00,26.4,25.914913,24.959932
2022-10-15 00:00:00,24.5,25.634476,24.791344
2022-10-15 01:00:00,24.9,25.055664,23.876362
2022-10-15 02:00:00,24.7,24.75022,23.726257
2022-10-15 03:00:00,24.2,24.743118,23.794174
2022-10-15 04:00:00,24.2,24.550549,23.971312
2022-10-15 05:00:00,25.0,24.72916,24.084995
2022-10-15 06:00:00,25.4,25.149767,24.881178
2022-10-15 07:00:00,26.3,26.103725,25.19144
2022-10-15 08:00:00,27.3,27.175993,25.94586
2022-10-15 09:00:00,28.2,27.755163,27.099272
2022-10-15 10:00:00,29.1,28.780424,27.32375
2022-10-15 11:00:00,29.6,28.787027,28.022512
2022-10-15 12:00:00,29.3,28.709196,27.916267
2022-10-15 13:00:00,29.3,28.899313,28.096748
2022-10-15 14:00:00,29.1,28.944496,27.993008
2022-10-15 15:00:00,29.0,28.13805,27.237368
2022-10-15 16:00:00,28.8,27.706774,27.066845
2022-10-15 17:00:00,29.2,27.632595,26.713657
2022-10-15 18:00:00,28.5,27.353945,26.63562
2022-10-15 19:00:00,28.2,26.978579,26.04189
2022-10-15 20:00:00,28.0,26.899014,25.945927
2022-10-15 21:00:00,27.7,26.977863,25.978859
2022-10-15 22:00:00,27.5,26.58159,26.099375
2022-10-15 23:00:00,27.0,26.442968,25.638445
2022-10-16 00:00:00,25.0,25.409264,25.717377
2022-10-16 01:00:00,24.1,25.231934,24.641207
2022-10-16 02:00:00,24.4,25.206459,24.534046
2022-10-16 03:00:00,24.0,24.846975,24.453808
2022-10-16 04:00:00,24.0,24.719967,23.981876
2022-10-16 05:00:00,24.8,25.024603,24.496178
2022-10-16 06:00:00,25.5,25.500265,25.191034
2022-10-16 07:00:00,26.1,26.33059,25.27389
2022-10-16 08:00:00,27.2,27.222147,26.290903
2022-10-16 09:00:00,28.0,28.041565,28.1912
2022-10-16 10:00:00,28.9,28.863182,28.130863
2022-10-16 11:00:00,29.1,29.312761,28.678925
2022-10-16 12:00:00,29.2,29.253145,29.026024
2022-10-16 13:00:00,28.6,29.030565,28.702116
2022-10-16 14:00:00,29.3,28.79151,28.65183
2022-10-16 15:00:00,29.0,28.605766,28.077488
2022-10-16 16:00:00,28.6,28.194582,27.954866
2022-10-16 17:00:00,28.7,28.356571,27.542488
2022-10-16 18:00:00,27.8,27.913631,27.503136
2022-10-16 19:00:00,27.7,27.755949,26.74941
2022-10-16 20:00:00,27.1,27.496843,26.503208
2022-10-16 21:00:00,27.1,27.296417,26.376144
2022-10-16 22:00:00,26.4,26.902903,26.069885
2022-10-16 23:00:00,27.1,26.428509,25.904587
2022-10-17 00:00:00,25.7,25.619095,25.442223
2022-10-17 01:00:00,25.7,25.059975,24.614096
2022-10-17 02:00:00,25.3,24.893873,24.69859
2022-10-17 03:00:00,24.9,24.68364,24.930841
2022-10-17 04:00:00,24.7,24.622797,24.69271
2022-10-17 05:00:00,24.7,24.537973,24.702606
2022-10-17 06:00:00,25.6,24.954212,24.60228
2022-10-17 07:00:00,26.7,26.139341,24.95884
2022-10-17 08:00:00,28.2,26.976595,27.024681
2022-10-17 09:00:00,29.6,27.74445,27.08414
2022-10-17 10:00:00,30.4,28.675121,27.681667
2022-10-17 11:00:00,30.7,28.951023,28.69178
2022-10-17 12:00:00,30.8,28.970322,28.566578
2022-10-17 13:00:00,29.3,28.499142,28.469662
2022-10-17 14:00:00,29.0,28.912445,27.883646
2022-10-17 15:00:00,28.9,28.70562,28.441257
2022-10-17 16:00:00,28.8,28.314726,27.882328
2022-10-17 17:00:00,28.7,28.386608,27.560047
2022-10-17 18:00:00,27.8,27.75998,27.413507
2022-10-17 19:00:00,27.2,27.283264,26.692154
2022-10-17 20:00:00,26.8,27.107666,26.664173
2022-10-17 21:00:00,26.7,27.054173,26.150246
2022-10-17 22:00:00,24.1,26.697655,26.210499
2022-10-17 23:00:00,24.0,26.625467,25.832764
2022-10-18 00:00:00,23.8,26.111052,25.946081
2022-10-18 01:00:00,23.8,25.872904,24.333466
2022-10-18 02:00:00,23.4,25.592957,24.330061
2022-10-18 03:00:00,23.6,25.256247,24.34321
2022-10-18 04:00:00,23.8,25.020384,24.388197
2022-10-18 05:00:00,24.3,24.935944,24.691082
2022-10-18 06:00:00,25.0,25.43136,24.841717
2022-10-18 07:00:00,26.0,26.521826,25.652985
2022-10-18 08:00:00,27.4,27.868042,26.584505
2022-10-18 09:00:00,28.9,29.015411,27.64883
2022-10-18 10:00:00,29.8,29.48031,28.365095
2022-10-18 11:00:00,30.4,29.94866,28.756193
2022-10-18 12:00:00,30.6,29.834082,28.86383
2022-10-18 13:00:00,30.0,29.26829,28.734192
2022-10-18 14:00:00,29.4,28.737541,27.86729
2022-10-18 15:00:00,28.8,28.447535,27.65076
2022-10-18 16:00:00,28.3,28.263624,27.424292
2022-10-18 17:00:00,28.7,28.233562,27.268314
2022-10-18 18:00:00,27.9,27.607323,27.058357
2022-10-18 19:00:00,27.6,27.062902,26.130678
2022-10-18 20:00:00,27.6,26.636768,25.917027
2022-10-18 21:00:00,27.6,26.85229,25.711515
2022-10-18 22:00:00,27.3,25.634672,26.02104
2022-10-18 23:00:00,25.8,25.46386,24.682968
2022-10-19 00:00:00,25.4,24.902802,25.232971
2022-10-19 01:00:00,25.2,24.774475,24.044016
2022-10-19 02:00:00,24.8,24.254955,23.958477
2022-10-19 03:00:00,24.3,24.142624,23.763025
2022-10-19 04:00:00,23.9,24.267048,24.066822
2022-10-19 05:00:00,25.3,24.602766,24.118568
2022-10-19 06:00:00,24.8,25.15142,24.74588
2022-10-19 07:00:00,25.2,26.376684,25.4873
2022-10-19 08:00:00,26.4,27.803265,26.106472
2022-10-19 09:00:00,27.7,28.526344,27.315187
2022-10-19 10:00:00,28.8,29.512552,27.868141
2022-10-19 11:00:00,29.7,29.809597,28.250587
2022-10-19 12:00:00,30.2,30.02305,28.686234
2022-10-19 13:00:00,29.4,29.644787,28.651613
2022-10-19 14:00:00,28.8,29.240955,28.098755
2022-10-19 15:00:00,28.1,28.899858,27.848034
2022-10-19 16:00:00,28.3,28.27789,27.108147
2022-10-19 17:00:00,28.8,28.252098,26.87679
2022-10-19 18:00:00,28.4,27.775867,26.755741
2022-10-19 19:00:00,28.2,27.485106,25.98064
2022-10-19 20:00:00,28.0,27.340439,25.66091
2022-10-19 21:00:00,27.8,27.25157,25.574305
2022-10-19 22:00:00,27.4,26.956158,25.453854
2022-10-19 23:00:00,27.1,26.148283,25.230011
2022-10-20 00:00:00,26.3,25.53431,24.735018
2022-10-20 01:00:00,25.0,25.27895,23.935144
2022-10-20 02:00:00,24.2,24.88641,24.058638
2022-10-20 03:00:00,23.6,24.925152,23.8863
2022-10-20 04:00:00,24.0,24.641521,24.087223
2022-10-20 05:00:00,24.8,25.05739,24.359035
2022-10-20 06:00:00,24.3,25.085815,25.878624
2022-10-20 07:00:00,25.2,25.751818,25.214914
2022-10-20 08:00:00,26.6,25.924444,26.105907
2022-10-20 09:00:00,28.1,27.156025,26.36044
2022-10-20 10:00:00,25.4,28.553438,27.41817
2022-10-20 11:00:00,27.6,29.004028,28.052458
2022-10-20 12:00:00,29.2,29.5953,28.466822
2022-10-20 13:00:00,29.4,29.24973,28.829437
2022-10-20 14:00:00,28.2,28.373018,28.068659
2022-10-20 15:00:00,28.1,27.91461,27.92733
2022-10-20 16:00:00,28.1,27.555279,27.022697
2022-10-20 17:00:00,28.9,28.019135,27.009773
2022-10-20 18:00:00,28.3,27.469013,27.0898
2022-10-20 19:00:00,27.9,27.385519,26.396704
2022-10-20 20:00:00,27.6,27.24348,26.144867
2022-10-20 21:00:00,27.4,27.010164,25.91499
2022-10-20 22:00:00,27.3,26.633335,25.75793
2022-10-20 23:00:00,27.0,26.386065,25.475319
2022-10-21 00:00:00,25.6,25.785799,25.110065
2022-10-21 01:00:00,23.8,25.093225,24.310095
2022-10-21 02:00:00,22.9,24.615587,24.69575
2022-10-21 03:00:00,23.1,24.236542,24.260082
2022-10-21 04:00:00,23.7,24.287434,23.963923
2022-10-21 05:00:00,24.4,24.69493,23.964802
2022-10-21 06:00:00,24.7,24.919184,24.846954
2022-10-21 07:00:00,26.1,25.386053,24.97586
2022-10-21 08:00:00,27.3,26.140682,25.897879
2022-10-21 09:00:00,28.9,27.78746,26.362183
2022-10-21 10:00:00,29.9,28.783419,27.683128
2022-10-21 11:00:00,28.0,28.521402,26.773869
2022-10-21 12:00:00,27.8,29.070967,27.959652
2022-10-21 13:00:00,28.5,28.72211,28.483513
2022-10-21 14:00:00,27.3,28.318106,28.110744
2022-10-21 15:00:00,26.7,27.593637,27.399208
2022-10-21 16:00:00,26.3,27.466639,27.183704
2022-10-21 17:00:00,26.9,28.323473,27.002068
2022-10-21 18:00:00,26.6,27.615961,27.329315
2022-10-21 19:00:00,26.5,27.186028,26.52042
2022-10-21 20:00:00,26.2,26.929377,26.075508
2022-10-21 21:00:00,26.4,26.638998,25.656273
2022-10-21 22:00:00,26.2,26.579903,25.474377
2022-10-21 23:00:00,25.8,26.524603,25.303082
2022-10-22 00:00:00,25.7,25.669971,25.28215
2022-10-22 01:00:00,25.5,25.18088,24.139088
2022-10-22 02:00:00,25.1,24.515047,23.649834
2022-10-22 03:00:00,24.7,24.140398,24.621542
2022-10-22 04:00:00,24.6,24.278069,23.808453
2022-10-22 05:00:00,25.3,24.597897,24.223492
2022-10-22 06:00:00,25.5,24.704239,24.768448
2022-10-22 07:00:00,26.3,25.926144,25.091873
2022-10-22 08:00:00,27.6,26.589973,26.13044
2022-10-22 09:00:00,29.0,27.592134,27.250145
2022-10-22 10:00:00,30.0,27.847408,27.926868
2022-10-22 11:00:00,30.8,27.253847,28.12304
2022-10-22 12:00:00,31.3,26.663969,27.594875
2022-10-22 13:00:00,31.5,27.35114,27.94007
2022-10-22 14:00:00,31.3,27.081625,27.940327
2022-10-22 15:00:00,30.6,26.658697,26.9776
2022-10-22 16:00:00,29.0,26.346794,26.585493
2022-10-22 17:00:00,28.0,26.48987,26.227053
2022-10-22 18:00:00,27.0,26.28583,26.443323
2022-10-22 19:00:00,26.3,26.235651,25.706457
2022-10-22 20:00:00,26.0,26.150753,25.51018
2022-10-22 21:00:00,25.0,26.015438,25.202805
2022-10-22 22:00:00,24.7,25.855202,25.175648
2022-10-22 23:00:00,24.2,25.970173,24.885508
2022-10-23 00:00:00,24.0,25.475773,24.693075
2022-10-23 01:00:00,23.6,25.46313,24.199383
2022-10-23 02:00:00,22.8,25.088188,23.986744
2022-10-23 03:00:00,22.1,24.84833,23.912642
2022-10-23 04:00:00,21.7,24.43313,24.18992
2022-10-23 05:00:00,21.8,24.558823,24.438892
2022-10-23 06:00:00,22.1,25.159714,25.25474
2022-10-23 07:00:00,23.5,25.815134,25.514645
2022-10-23 08:00:00,25.8,27.13439,26.55207
2022-10-23 09:00:00,28.2,28.585781,27.69772
2022-10-23 10:00:00,30.0,29.545837,28.881912
2022-10-23 11:00:00,30.9,30.031384,29.56377
2022-10-23 12:00:00,31.3,30.065552,29.813917
2022-10-23 13:00:00,31.5,31.207882,30.00641
2022-10-23 14:00:00,31.5,30.252056,29.759176
2022-10-23 15:00:00,31.2,29.786457,28.696066
2022-10-23 16:00:00,30.5,28.542679,27.952465
2022-10-23 17:00:00,30.3,27.594738,27.175188
2022-10-23 18:00:00,27.3,26.977293,26.793427
2022-10-23 19:00:00,27.0,26.298725,26.10115
2022-10-23 20:00:00,25.4,25.693653,25.898153
2022-10-23 21:00:00,24.2,25.536741,25.478771
2022-10-23 22:00:00,23.3,25.661264,25.074337
2022-10-23 23:00:00,22.9,25.106472,25.21852
2022-10-24 00:00:00,21.9,24.510979,24.797758
2022-10-24 01:00:00,21.1,24.421373,24.160103
2022-10-24 02:00:00,20.7,23.860622,24.260597
2022-10-24 03:00:00,20.5,23.13026,24.11827
2022-10-24 04:00:00,20.4,23.191288,24.248652
2022-10-24 05:00:00,21.9,23.784595,24.498703
2022-10-24 06:00:00,21.9,24.05886,25.020058
2022-10-24 07:00:00,23.2,24.466166,25.839607
2022-10-24 08:00:00,25.5,26.826494,26.91713
2022-10-24 09:00:00,27.8,28.741539,28.250473
2022-10-24 10:00:00,29.6,29.90777,29.58966
2022-10-24 11:00:00,30.7,30.763529,30.425373
2022-10-24 12:00:00,31.3,31.321945,30.958946
2022-10-24 13:00:00,31.5,31.359829,30.93557
2022-10-24 14:00:00,31.4,31.380474,30.932106
2022-10-24 15:00:00,30.8,30.760393,30.101486
2022-10-24 16:00:00,29.1,29.815607,29.417627
2022-10-24 17:00:00,27.6,28.949146,29.038393
2022-10-24 18:00:00,26.9,27.737267,28.794947
2022-10-24 19:00:00,26.6,27.26886,26.800951
2022-10-24 20:00:00,26.1,26.323195,26.896227
2022-10-24 21:00:00,25.9,25.438026,25.85127
2022-10-24 22:00:00,25.6,24.358335,25.370789
2022-10-24 23:00:00,24.8,23.667849,24.797417
2022-10-25 00:00:00,23.6,23.705376,24.432833
2022-10-25 01:00:00,23.3,24.397074,23.72976
2022-10-25 02:00:00,22.4,23.851421,23.735767
2022-10-25 03:00:00,21.9,23.08021,23.973433
2022-10-25 04:00:00,21.8,22.620655,24.05187
2022-10-25 05:00:00,22.1,23.179522,24.374748
2022-10-25 06:00:00,22.7,23.18171,25.329433
2022-10-25 07:00:00,24.8,23.650623,25.405926
2022-10-25 08:00:00,27.2,26.11205,26.538061
2022-10-25 09:00:00,28.7,28.19562,28.119804
2022-10-25 10:00:00,29.7,29.88078,29.502743
2022-10-25 11:00:00,30.3,30.863583,30.478746
2022-10-25 12:00:00,30.3,31.086428,30.875599
2022-10-25 13:00:00,30.3,31.213808,30.419044
2022-10-25 14:00:00,30.3,30.924322,29.721745
2022-10-25 15:00:00,30.2,30.246132,29.42873
2022-10-25 16:00:00,29.1,29.312498,28.765312
2022-10-25 17:00:00,26.8,28.726652,27.721485
2022-10-25 18:00:00,24.9,27.085964,27.04478
2022-10-25 19:00:00,25.6,26.740505,26.365877
2022-10-25 20:00:00,26.3,26.029964,25.985678
2022-10-25 21:00:00,26.2,25.950764,25.511349
2022-10-25 22:00:00,25.2,25.593315,25.043
2022-10-25 23:00:00,24.9,25.24447,24.857388
2022-10-26 00:00:00,24.5,24.695597,24.37457
2022-10-26 01:00:00,24.4,23.669453,23.426483
2022-10-26 02:00:00,24.7,23.56782,23.593254
2022-10-26 03:00:00,23.9,23.599215,23.431202
2022-10-26 04:00:00,23.4,23.635239,23.54467
2022-10-26 05:00:00,23.1,23.819422,24.104416
2022-10-26 06:00:00,23.9,23.798182,24.367004
2022-10-26 07:00:00,25.3,24.751371,25.049025
2022-10-26 08:00:00,26.0,27.15338,26.494476
2022-10-26 09:00:00,26.4,28.506104,27.980083
2022-10-26 10:00:00,27.6,29.429472,28.798847
2022-10-26 11:00:00,28.5,29.999529,29.447372
2022-10-26 12:00:00,28.9,30.350594,29.617874
2022-10-26 13:00:00,29.8,30.242659,29.43737
2022-10-26 14:00:00,29.2,30.250278,29.397858
2022-10-26 15:00:00,28.9,29.823057,29.13376
2022-10-26 16:00:00,28.6,28.752571,28.682442
2022-10-26 17:00:00,27.3,27.530994,27.623056
2022-10-26 18:00:00,26.9,25.74791,26.530962
2022-10-26 19:00:00,27.3,25.586449,25.604298
2022-10-26 20:00:00,27.2,25.8643,25.761532
2022-10-26 21:00:00,26.9,25.975922,25.629387
2022-10-26 22:00:00,26.5,24.945759,25.321386
2022-10-26 23:00:00,24.5,24.663183,24.665392
2022-10-27 00:00:00,23.3,24.3181,24.806713
2022-10-27 01:00:00,23.4,24.080458,24.0714
2022-10-27 02:00:00,23.9,24.357523,24.165998
2022-10-27 03:00:00,23.1,23.95479,24.338099
2022-10-27 04:00:00,23.1,23.618519,24.076366
2022-10-27 05:00:00,23.8,23.901062,24.272816
2022-10-27 06:00:00,24.4,24.164196,24.379118
2022-10-27 07:00:00,25.3,25.43446,25.263369
2022-10-27 08:00:00,26.6,26.475998,26.32968
2022-10-27 09:00:00,27.3,27.58182,26.897865
2022-10-27 10:00:00,28.5,28.409103,27.352644
2022-10-27 11:00:00,27.7,28.963203,28.58448
2022-10-27 12:00:00,27.7,29.527567,28.4598
2022-10-27 13:00:00,27.7,29.589266,28.358418
2022-10-27 14:00:00,28.3,29.024225,28.775074
2022-10-27 15:00:00,28.0,28.826706,28.12972
2022-10-27 16:00:00,27.8,28.201904,27.818577
2022-10-27 17:00:00,27.3,27.320007,27.244225
2022-10-27 18:00:00,26.8,26.445978,26.304876
2022-10-27 19:00:00,26.9,26.322289,25.71839
2022-10-27 20:00:00,27.1,26.52718,25.88892
2022-10-27 21:00:00,27.0,26.302317,25.59898
2022-10-27 22:00:00,27.0,26.086634,25.228088
2022-10-27 23:00:00,26.2,25.363491,25.040697
2022-10-28 00:00:00,26.0,24.64665,24.307331
2022-10-28 01:00:00,25.8,24.167654,23.372799
2022-10-28 02:00:00,25.5,24.28192,23.675842
2022-10-28 03:00:00,25.5,24.122728,23.82785
2022-10-28 04:00:00,25.5,24.02601,23.617956
2022-10-28 05:00:00,25.9,24.137045,23.87403
2022-10-28 06:00:00,26.6,24.62567,24.37713
2022-10-28 07:00:00,27.4,25.77522,25.105738
2022-10-28 08:00:00,28.9,26.7555,25.884472
2022-10-28 09:00:00,29.1,27.002962,26.735083
2022-10-28 10:00:00,29.9,27.930433,26.98859
2022-10-28 11:00:00,30.2,27.363956,28.120926
2022-10-28 12:00:00,30.3,27.330318,27.516317
2022-10-28 13:00:00,30.0,27.883644,27.899914
2022-10-28 14:00:00,29.9,27.594646,27.704033
2022-10-28 15:00:00,29.6,27.489223,27.688656
2022-10-28 16:00:00,28.9,27.190987,27.118034
2022-10-28 17:00:00,28.0,26.846096,26.86939
2022-10-28 18:00:00,27.7,26.529322,26.377552
2022-10-28 19:00:00,27.6,26.476984,25.89785
2022-10-28 20:00:00,27.6,26.547289,25.803308
2022-10-28 21:00:00,27.6,26.456898,25.693253
2022-10-28 22:00:00,27.5,26.28407,25.470715
2022-10-28 23:00:00,27.4,25.890333,25.37833
2022-10-29 00:00:00,27.2,25.82933,24.741436
2022-10-29 01:00:00,27.0,25.685059,24.052298
2022-10-29 02:00:00,26.8,25.361435,24.110039
2022-10-29 03:00:00,26.5,25.05181,24.143764
2022-10-29 04:00:00,26.0,24.670486,24.200994
2022-10-29 05:00:00,26.5,25.028513,24.45303
2022-10-29 06:00:00,26.5,25.474138,25.021078
2022-10-29 07:00:00,27.6,26.598223,25.733402
2022-10-29 08:00:00,28.9,27.456497,26.43156
2022-10-29 09:00:00,29.8,27.819006,27.880054
2022-10-29 10:00:00,30.1,27.979486,27.930775
2022-10-29 11:00:00,30.3,28.863077,28.86809
2022-10-29 12:00:00,30.1,28.650017,28.788977
2022-10-29 13:00:00,29.9,28.157717,28.901043
2022-10-29 14:00:00,29.5,28.183468,28.572908
2022-10-29 15:00:00,29.2,27.848606,28.440052
2022-10-29 16:00:00,28.6,27.487513,27.966097
2022-10-29 17:00:00,27.9,27.065102,27.313633
2022-10-29 18:00:00,27.8,26.803026,26.819613
2022-10-29 19:00:00,27.7,26.655226,26.510365
2022-10-29 20:00:00,27.5,26.544992,26.201115
2022-10-29 21:00:00,27.6,26.287853,26.090612
2022-10-29 22:00:00,27.1,26.180061,25.930483
2022-10-29 23:00:00,26.4,26.017818,25.6624
2022-10-30 00:00:00,26.0,26.260365,25.519966
2022-10-30 01:00:00,26.1,26.13171,25.034176
2022-10-30 02:00:00,26.2,25.946035,24.975
2022-10-30 03:00:00,26.1,25.519838,24.964237
2022-10-30 04:00:00,26.1,25.310474,24.906185
2022-10-30 05:00:00,24.8,25.526983,24.91439
2022-10-30 06:00:00,25.0,25.540007,25.588207
2022-10-30 07:00:00,25.3,26.96273,25.765759
2022-10-30 08:00:00,24.9,28.084227,26.764936
2022-10-30 09:00:00,25.0,28.356573,27.825523
2022-10-30 10:00:00,25.1,28.951496,28.485634
2022-10-30 11:00:00,25.8,29.167929,29.037762
2022-10-30 12:00:00,24.9,29.142977,29.082462
2022-10-30 13:00:00,24.9,28.67291,28.95232
2022-10-30 14:00:00,25.0,28.235111,28.69186
2022-10-30 15:00:00,24.9,27.93982,28.380783
2022-10-30 16:00:00,24.8,27.088224,27.903381
2022-10-30 17:00:00,24.7,26.475939,27.338667
2022-10-30 18:00:00,24.4,26.368254,26.704708
2022-10-30 19:00:00,24.0,26.47234,26.58825
2022-10-30 20:00:00,24.3,26.224184,26.206158
2022-10-30 21:00:00,24.4,26.386356,26.05618
2022-10-30 22:00:00,24.3,26.2658,25.932156
2022-10-30 23:00:00,24.2,25.807152,25.575409
2022-10-31 00:00:00,24.2,25.742664,25.182564
2022-10-31 01:00:00,24.0,25.663301,24.576187
2022-10-31 02:00:00,23.8,25.351772,24.576584
2022-10-31 03:00:00,23.9,25.242458,24.660408
2022-10-31 04:00:00,23.9,25.322191,24.665096
2022-10-31 05:00:00,23.9,24.996271,24.895857
2022-10-31 06:00:00,24.3,24.501726,24.630661
2022-10-31 07:00:00,24.7,25.808207,25.280617
2022-10-31 08:00:00,25.2,26.553452,26.058966
2022-10-31 09:00:00,24.9,27.533695,26.1228
2022-10-31 10:00:00,24.8,27.630724,26.488289
2022-10-31 11:00:00,24.7,27.322187,26.7945
2022-10-31 12:00:00,25.4,27.041288,27.268759
2022-10-31 13:00:00,24.7,27.482224,26.670326
2022-10-31 14:00:00,25.4,27.258041,26.754246
2022-10-31 15:00:00,25.5,26.491173,26.481894
2022-10-31 16:00:00,25.7,25.871143,26.054235
2022-10-31 17:00:00,24.4,25.740183,25.892422
2022-10-31 18:00:00,23.9,24.99918,25.386112
2022-10-31 19:00:00,23.7,24.842876,25.003883
2022-10-31 20:00:00,23.9,24.81202,24.7199
2022-10-31 21:00:00,24.1,24.986498,24.676178
2022-10-31 22:00:00,23.5,25.028728,24.401104
2022-10-31 23:00:00,23.3,25.004822,24.146824
2022-11-01 00:00:00,23.2,24.8631,24.111773
2022-11-01 01:00:00,23.3,24.330889,23.486206
2022-11-01 02:00:00,23.2,24.615734,23.431969
2022-11-01 03:00:00,23.3,24.277391,23.623316
2022-11-01 04:00:00,23.6,24.204136,23.549755
2022-11-01 05:00:00,23.0,24.282946,23.760014
2022-11-01 06:00:00,23.4,24.390205,23.853746
2022-11-01 07:00:00,23.7,25.067589,24.64302
2022-11-01 08:00:00,24.7,26.239506,25.456657
2022-11-01 09:00:00,24.8,26.847763,26.03437
2022-11-01 10:00:00,25.3,26.924644,26.080671
2022-11-01 11:00:00,24.6,27.435356,26.54438
2022-11-01 12:00:00,24.6,27.049192,26.517078
2022-11-01 13:00:00,24.7,27.163277,26.63614
2022-11-01 14:00:00,24.2,26.773642,26.11979
2022-11-01 15:00:00,24.9,26.39465,26.374886
2022-11-01 16:00:00,24.8,25.913034,25.689224
2022-11-01 17:00:00,24.5,25.796625,25.618397
2022-11-01 18:00:00,24.1,24.53041,24.854858
2022-11-01 19:00:00,23.6,24.310528,24.786268
2022-11-01 20:00:00,24.0,24.216627,24.328167
2022-11-01 21:00:00,24.0,24.619719,24.29662
2022-11-01 22:00:00,24.1,24.343788,24.23534
2022-11-01 23:00:00,23.9,24.103727,23.728909
2022-11-02 00:00:00,22.9,23.957989,23.866257
2022-11-02 01:00:00,22.9,23.82883,23.211136
2022-11-02 02:00:00,22.9,23.769865,23.184124
2022-11-02 03:00:00,22.8,23.550783,23.039742
2022-11-02 04:00:00,22.6,23.740685,23.465366
2022-11-02 05:00:00,23.4,23.958187,23.59318
2022-11-02 06:00:00,23.9,23.725672,23.77464
2022-11-02 07:00:00,24.8,24.39652,24.457855
2022-11-02 08:00:00,25.8,25.472021,24.93326
2022-11-02 09:00:00,26.8,26.337376,25.350403
2022-11-02 10:00:00,26.9,26.52322,25.785809
2022-11-02 11:00:00,26.6,27.000809,26.107279
2022-11-02 12:00:00,25.4,26.587591,26.119144
2022-11-02 13:00:00,26.1,26.812078,25.986317
2022-11-02 14:00:00,25.8,26.099382,25.928581
2022-11-02 15:00:00,26.0,25.967344,25.520596
2022-11-02 16:00:00,26.4,25.479542,25.684414
2022-11-02 17:00:00,25.9,25.0717,25.160679
2022-11-02 18:00:00,25.5,24.858229,24.857815
2022-11-02 19:00:00,24.9,24.478294,24.444443
2022-11-02 20:00:00,24.3,24.516659,24.073318
2022-11-02 21:00:00,24.3,24.66934,24.030903
2022-11-02 22:00:00,24.2,24.329847,23.828579
2022-11-02 23:00:00,23.8,24.391043,23.81865
2022-11-03 00:00:00,23.5,24.128418,23.67421
2022-11-03 01:00:00,23.3,24.149105,22.895267
2022-11-03 02:00:00,23.3,24.201973,23.063122
2022-11-03 03:00:00,23.3,24.004303,23.088127
2022-11-03 04:00:00,23.3,23.822172,23.199728
2022-11-03 05:00:00,24.0,23.659477,23.427916
2022-11-03 06:00:00,24.1,24.128004,23.83268
2022-11-03 07:00:00,24.8,25.386217,24.367432
2022-11-03 08:00:00,25.9,25.969893,25.03045
2022-11-03 09:00:00,27.3,26.523607,26.111767
2022-11-03 10:00:00,28.0,26.659218,26.384731
2022-11-03 11:00:00,26.9,26.661453,26.576595
2022-11-03 12:00:00,27.8,26.438786,26.744919
2022-11-03 13:00:00,28.1,26.362251,25.992924
2022-11-03 14:00:00,28.0,26.191605,26.601591
2022-11-03 15:00:00,27.4,26.195532,25.939882
2022-11-03 16:00:00,27.3,25.97313,25.989754
2022-11-03 17:00:00,27.7,25.919882,25.863531
2022-11-03 18:00:00,27.6,25.44198,25.25313
2022-11-03 19:00:00,27.6,25.07609,24.92854
2022-11-03 20:00:00,27.6,24.903,24.618515
2022-11-03 21:00:00,27.6,24.820179,24.32846
2022-11-03 22:00:00,27.4,24.688246,24.06504
2022-11-03 23:00:00,27.1,24.46944,23.977089
2022-11-04 00:00:00,26.8,24.280258,23.849392
2022-11-04 01:00:00,26.7,23.93694,23.274996
2022-11-04 02:00:00,26.3,23.92664,23.353855
2022-11-04 03:00:00,25.9,23.595692,22.974237
2022-11-04 04:00:00,25.0,23.944094,23.346298
2022-11-04 05:00:00,24.7,24.09478,23.607063
2022-11-04 06:00:00,24.3,24.572865,24.234596
2022-11-04 07:00:00,25.2,24.989622,24.421528
2022-11-04 08:00:00,26.8,26.257162,25.27108
2022-11-04 09:00:00,27.8,26.964535,25.824997
2022-11-04 10:00:00,29.2,27.651522,26.950172
2022-11-04 11:00:00,27.9,27.569914,27.283298
2022-11-04 12:00:00,28.4,27.442114,26.999725
2022-11-04 13:00:00,28.9,27.69788,27.16652
2022-11-04 14:00:00,28.5,27.582817,27.400528
2022-11-04 15:00:00,28.8,27.291023,27.015125
2022-11-04 16:00:00,28.4,27.106667,26.644114
2022-11-04 17:00:00,27.7,27.084206,26.461807
2022-11-04 18:00:00,27.2,26.796236,26.426939
2022-11-04 19:00:00,27.1,26.678286,26.11281
2022-11-04 20:00:00,26.7,26.716026,25.806248
2022-11-04 21:00:00,26.4,26.649096,25.698158
2022-11-04 22:00:00,25.8,26.610744,25.62146
2022-11-04 23:00:00,25.9,26.35036,25.40783
2022-11-05 00:00:00,25.6,26.061487,25.165344
2022-11-05 01:00:00,25.3,26.068373,24.704182
2022-11-05 02:00:00,25.1,25.71885,24.589743
2022-11-05 03:00:00,25.0,25.560614,24.570791
2022-11-05 04:00:00,24.8,25.283531,24.79396
2022-11-05 05:00:00,25.7,24.725906,24.572235
2022-11-05 06:00:00,26.2,24.67737,24.55339
2022-11-05 07:00:00,27.4,25.7827,24.739738
2022-11-05 08:00:00,28.4,26.746155,26.096071
2022-11-05 09:00:00,29.0,27.498611,27.039839
2022-11-05 10:00:00,29.4,28.437096,27.0554
2022-11-05 11:00:00,29.6,28.06058,28.504911
2022-11-05 12:00:00,29.6,27.980024,27.525612
2022-11-05 13:00:00,29.5,28.36125,28.536345
2022-11-05 14:00:00,29.1,28.0234,28.270649
2022-11-05 15:00:00,28.5,27.979378,27.682423
2022-11-05 16:00:00,27.9,27.72299,27.64604
2022-11-05 17:00:00,27.6,27.266178,27.022625
2022-11-05 18:00:00,27.1,26.847057,26.620722
2022-11-05 19:00:00,26.7,26.767036,26.216713
2022-11-05 20:00:00,26.6,26.631884,25.966831
2022-11-05 21:00:00,26.4,26.574495,25.848356
2022-11-05 22:00:00,26.2,26.329973,25.470785
2022-11-05 23:00:00,25.7,25.924814,25.169792
2022-11-06 00:00:00,25.5,25.47888,25.046581
2022-11-06 01:00:00,25.5,25.070395,24.30085
2022-11-06 02:00:00,25.1,25.009714,24.209919
2022-11-06 03:00:00,24.7,24.81127,24.22565
2022-11-06 04:00:00,24.0,24.737957,24.119143
2022-11-06 05:00:00,24.7,25.074661,24.158394
2022-11-06 06:00:00,25.0,25.460129,25.053316
2022-11-06 07:00:00,25.6,26.414957,25.519455
2022-11-06 08:00:00,26.9,27.389648,26.482758
2022-11-06 09:00:00,27.0,27.951218,27.456757
2022-11-06 10:00:00,27.8,28.483671,27.946766
2022-11-06 11:00:00,27.9,28.279554,28.586845
2022-11-06 12:00:00,27.7,28.446213,28.563015
2022-11-06 13:00:00,27.6,28.260317,28.682344
2022-11-06 14:00:00,27.4,27.854036,28.47178
2022-11-06 15:00:00,27.8,27.482996,28.05111
2022-11-06 16:00:00,27.3,27.04545,27.589203
2022-11-06 17:00:00,25.8,26.883942,27.119068
2022-11-06 18:00:00,26.2,26.563107,26.70479
2022-11-06 19:00:00,26.1,26.374659,26.38098
2022-11-06 20:00:00,26.0,26.191715,26.019857
2022-11-06 21:00:00,25.5,26.077488,25.829062
2022-11-06 22:00:00,25.1,25.92531,25.586697
2022-11-06 23:00:00,25.2,25.682135,25.306873
2022-11-07 00:00:00,25.2,25.238739,25.051933
2022-11-07 01:00:00,24.8,25.105707,24.316475
2022-11-07 02:00:00,24.5,24.934439,24.27396
2022-11-07 03:00:00,23.9,24.685863,24.163883
2022-11-07 04:00:00,24.2,24.650135,24.325539
2022-11-07 05:00:00,24.3,24.587177,24.129982
2022-11-07 06:00:00,24.2,24.855495,24.924303
2022-11-07 07:00:00,25.4,25.399504,25.369694
2022-11-07 08:00:00,26.5,26.661823,25.728767
2022-11-07 09:00:00,26.3,27.446054,26.973423
2022-11-07 10:00:00,27.6,28.0302,26.988005
2022-11-07 11:00:00,28.0,28.033741,27.866976
2022-11-07 12:00:00,28.0,27.69136,27.994854
2022-11-07 13:00:00,28.2,27.828827,27.849821
2022-11-07 14:00:00,28.2,26.7089,27.74992
2022-11-07 15:00:00,28.0,27.261122,27.271152
2022-11-07 16:00:00,27.3,26.878807,27.281166
2022-11-07 17:00:00,26.7,26.175535,26.55748
2022-11-07 18:00:00,26.8,26.027637,25.607437
2022-11-07 19:00:00,26.9,26.01375,25.8688
2022-11-07 20:00:00,26.8,26.000492,25.45363
2022-11-07 21:00:00,26.6,25.83457,25.15329
2022-11-07 22:00:00,26.4,25.516796,24.942698
2022-11-07 23:00:00,26.3,25.244293,24.670057
2022-11-08 00:00:00,26.1,25.079752,24.64543
2022-11-08 01:00:00,25.6,24.84255,24.143175
2022-11-08 02:00:00,25.4,24.678728,24.25875
2022-11-08 03:00:00,24.9,24.33805,23.709196
2022-11-08 04:00:00,24.5,24.43254,23.631115
2022-11-08 05:00:00,25.1,24.278883,23.84246
2022-11-08 06:00:00,25.5,24.458815,24.419285
2022-11-08 07:00:00,25.4,25.471075,24.816597
2022-11-08 08:00:00,26.8,26.181295,25.49472
2022-11-08 09:00:00,27.7,27.000694,26.316084
2022-11-08 10:00:00,28.6,27.567476,26.406696
2022-11-08 11:00:00,29.1,27.609549,27.757107
2022-11-08 12:00:00,29.3,27.738052,27.75153
2022-11-08 13:00:00,29.2,27.636171,27.590294
2022-11-08 14:00:00,29.1,27.347912,27.60341
2022-11-08 15:00:00,27.5,27.166416,27.38515
2022-11-08 16:00:00,26.6,26.878668,27.099007
2022-11-08 17:00:00,26.9,26.417088,26.481407
2022-11-08 18:00:00,25.9,25.942871,25.907639
2022-11-08 19:00:00,25.4,25.843267,25.893654
2022-11-08 20:00:00,25.5,25.884308,25.658154
2022-11-08 21:00:00,25.5,26.079042,25.432728
2022-11-08 22:00:00,25.3,25.859228,25.180159
2022-11-08 23:00:00,25.1,25.722836,25.020897
2022-11-09 00:00:00,24.5,25.57632,24.876625
2022-11-09 01:00:00,24.1,25.414856,24.350534
2022-11-09 02:00:00,23.6,25.025093,24.115751
2022-11-09 03:00:00,23.5,24.755043,24.075954
2022-11-09 04:00:00,23.7,24.393467,23.925121
2022-11-09 05:00:00,23.9,24.576475,24.05558
2022-11-09 06:00:00,24.3,24.93618,24.463968
2022-11-09 07:00:00,25.2,25.084558,25.047688
2022-11-09 08:00:00,26.3,26.330072,25.43872
2022-11-09 09:00:00,27.2,26.820078,26.971834
2022-11-09 10:00:00,28.3,27.832855,27.503986
2022-11-09 11:00:00,28.7,27.732603,28.025576
2022-11-09 12:00:00,29.0,27.988985,28.330523
2022-11-09 13:00:00,29.2,27.798054,28.424927
2022-11-09 14:00:00,29.0,27.642145,28.181234
2022-11-09 15:00:00,28.5,27.345888,28.023788
2022-11-09 16:00:00,28.1,26.586025,26.989807
2022-11-09 17:00:00,27.4,26.363485,26.43719
2022-11-09 18:00:00,26.6,25.691345,26.307243
2022-11-09 19:00:00,26.6,25.343422,25.903687
2022-11-09 20:00:00,26.6,25.268301,25.24878
2022-11-09 21:00:00,26.7,25.31608,25.184622
2022-11-09 22:00:00,26.6,25.132599,24.83035
2022-11-09 23:00:00,26.0,24.729565,24.584507
2022-11-10 00:00:00,25.5,24.702988,24.447762
2022-11-10 01:00:00,25.3,24.348011,23.868603
2022-11-10 02:00:00,25.6,23.510475,23.9504
2022-11-10 03:00:00,25.5,23.401726,23.81498
2022-11-10 04:00:00,25.5,23.795135,23.861176
2022-11-10 05:00:00,24.8,24.190039,24.08418
2022-11-10 06:00:00,24.6,24.432848,24.465223
2022-11-10 07:00:00,23.8,25.177856,25.154686
2022-11-10 08:00:00,24.5,25.890947,25.745861
2022-11-10 09:00:00,24.8,27.097588,26.460648
2022-11-10 10:00:00,24.3,27.49275,27.095226
2022-11-10 11:00:00,24.7,27.244875,27.990993
2022-11-10 12:00:00,25.4,27.264605,28.071016
2022-11-10 13:00:00,25.0,27.416138,28.36404
2022-11-10 14:00:00,25.7,27.16543,28.280706
2022-11-10 15:00:00,25.5,26.779686,27.87681
2022-11-10 16:00:00,25.5,26.582817,27.195108
2022-11-10 17:00:00,24.9,26.092983,26.824211
2022-11-10 18:00:00,24.8,25.582674,26.379257
2022-11-10 19:00:00,24.8,25.672327,25.775694
2022-11-10 20:00:00,25.1,25.922981,25.69231
2022-11-10 21:00:00,24.7,25.292852,25.486412
2022-11-10 22:00:00,25.2,25.56241,25.414982
2022-11-10 23:00:00,25.5,25.11277,25.223938
2022-11-11 00:00:00,25.7,24.798004,24.822973
2022-11-11 01:00:00,25.6,24.700443,24.292847
2022-11-11 02:00:00,25.2,24.51938,24.137028
2022-11-11 03:00:00,25.8,24.453114,24.186243
2022-11-11 04:00:00,24.8,24.369255,24.340796
2022-11-11 05:00:00,25.7,24.413488,24.515505
2022-11-11 06:00:00,25.2,24.365326,24.474884
2022-11-11 07:00:00,25.4,24.545027,24.937616
2022-11-11 08:00:00,24.7,25.294798,25.08368
2022-11-11 09:00:00,25.8,25.629913,25.778969
2022-11-11 10:00:00,25.4,25.125813,26.271084
2022-11-11 11:00:00,26.2,25.284634,26.377855
2022-11-11 12:00:00,25.7,25.472616,26.76157
2022-11-11 13:00:00,26.2,25.549223,26.848583
2022-11-11 14:00:00,26.2,25.796612,26.796347
2022-11-11 15:00:00,26.1,25.732893,26.606724
2022-11-11 16:00:00,25.3,25.824774,26.345861
2022-11-11 17:00:00,25.5,25.168621,26.006554
2022-11-11 18:00:00,25.3,24.873339,25.384546
2022-11-11 19:00:00,25.6,24.856777,25.008024
2022-11-11 20:00:00,25.5,25.093147,24.915634
2022-11-11 21:00:00,24.6,24.943949,24.991076
2022-11-11 22:00:00,24.0,25.291716,24.460302
2022-11-11 23:00:00,23.8,25.289526,24.771652
2022-11-12 00:00:00,23.9,25.087534,24.59856
2022-11-12 01:00:00,23.8,24.983137,24.321644
2022-11-12 02:00:00,23.7,24.72486,24.220465
2022-11-12 03:00:00,23.3,24.790533,24.319746
2022-11-12 04:00:00,23.0,24.501646,24.494465
2022-11-12 05:00:00,24.2,24.75865,24.3928
2022-11-12 06:00:00,24.0,24.951262,24.86377
2022-11-12 07:00:00,24.4,25.076487,25.094458
2022-11-12 08:00:00,25.6,25.183388,25.228626
2022-11-12 09:00:00,26.6,26.42406,25.410477
2022-11-12 10:00:00,26.7,27.160429,26.501698
2022-11-12 11:00:00,26.4,26.727638,26.562075
2022-11-12 12:00:00,25.9,26.646656,27.078934
2022-11-12 13:00:00,26.6,26.40212,26.815966
2022-11-12 14:00:00,26.8,26.452868,27.080448
2022-11-12 15:00:00,26.8,26.08892,26.692202
2022-11-12 16:00:00,26.7,25.824524,26.387648
2022-11-12 17:00:00,25.8,25.426779,25.695505
2022-11-12 18:00:00,25.4,25.313763,25.656298
2022-11-12 19:00:00,25.2,25.332733,25.175259
2022-11-12 20:00:00,25.0,25.455423,25.151894
2022-11-12 21:00:00,24.8,24.995687,24.830345
2022-11-12 22:00:00,24.6,24.840689,24.20763
2022-11-12 23:00:00,24.2,24.895416,24.089188
2022-11-13 00:00:00,23.5,24.541742,24.153137
2022-11-13 01:00:00,23.3,24.413338,23.457108
2022-11-13 02:00:00,23.4,24.23142,23.398926
2022-11-13 03:00:00,23.5,23.775103,23.52333
2022-11-13 04:00:00,23.9,23.59184,23.550032
2022-11-13 05:00:00,24.1,24.362143,23.439964
2022-11-13 06:00:00,24.5,24.218412,25.613682
2022-11-13 07:00:00,25.2,25.024029,24.049864
2022-11-13 08:00:00,26.4,26.037306,25.451643
2022-11-13 09:00:00,26.0,26.67526,26.0027
2022-11-13 10:00:00,25.8,26.897963,26.67902
2022-11-13 11:00:00,27.0,27.547422,26.710682
2022-11-13 12:00:00,26.7,26.965435,27.01362
2022-11-13 13:00:00,26.8,26.832464,26.596777
2022-11-13 14:00:00,27.0,27.081692,27.11222
2022-11-13 15:00:00,26.9,26.969883,26.697527
2022-11-13 16:00:00,26.9,26.819918,26.47194
2022-11-13 17:00:00,26.8,26.010437,26.154663
2022-11-13 18:00:00,26.5,25.588593,25.418549
2022-11-13 19:00:00,26.1,25.35153,25.067045
2022-11-13 20:00:00,25.5,25.200333,24.811039
2022-11-13 21:00:00,25.2,24.962278,24.621927
2022-11-13 22:00:00,24.6,25.045387,24.325775
2022-11-13 23:00:00,24.0,24.791958,24.117147
2022-11-14 00:00:00,23.8,23.799505,23.74037
2022-11-14 01:00:00,23.2,23.784122,23.21853
2022-11-14 02:00:00,22.8,23.965574,23.385698
2022-11-14 03:00:00,22.6,23.737003,23.419441
2022-11-14 04:00:00,22.6,23.844635,23.584286
2022-11-14 05:00:00,23.1,24.207514,23.852085
2022-11-14 06:00:00,23.5,24.530628,24.039522
2022-11-14 07:00:00,24.6,25.277836,24.48109
2022-11-14 08:00:00,26.5,25.993408,25.229975
2022-11-14 09:00:00,28.1,26.520237,26.26728
2022-11-14 10:00:00,28.8,26.85639,26.560505
2022-11-14 11:00:00,29.0,26.97477,26.363667
2022-11-14 12:00:00,28.5,27.19765,27.309
2022-11-14 13:00:00,28.9,27.188927,26.985786
2022-11-14 14:00:00,28.5,27.264282,27.00761
2022-11-14 15:00:00,28.2,26.854235,26.97285
2022-11-14 16:00:00,27.5,26.625021,26.57304
2022-11-14 17:00:00,27.0,26.42265,26.432129
2022-11-14 18:00:00,26.4,26.048445,25.801529
2022-11-14 19:00:00,26.0,25.659084,25.71267
2022-11-14 20:00:00,25.8,25.578844,25.254787
2022-11-14 21:00:00,25.6,25.276976,24.717686
2022-11-14 22:00:00,25.3,25.05496,24.444023
2022-11-14 23:00:00,24.6,24.952559,24.088108
2022-11-15 00:00:00,23.8,24.876123,24.632664
2022-11-15 01:00:00,23.1,24.441227,23.499584
2022-11-15 02:00:00,22.9,23.620426,23.496548
2022-11-15 03:00:00,22.6,23.370735,23.547672
2022-11-15 04:00:00,22.8,23.115576,23.666862
2022-11-15 05:00:00,23.0,23.017477,23.766556
2022-11-15 06:00:00,23.5,23.35722,24.157417
2022-11-15 07:00:00,25.1,24.467424,24.672255
2022-11-15 08:00:00,26.8,26.46034,25.580357
2022-11-15 09:00:00,27.9,27.247822,26.84138
2022-11-15 10:00:00,28.4,27.758995,27.081387
2022-11-15 11:00:00,28.6,27.919687,27.759123
2022-11-15 12:00:00,28.7,27.94999,28.149979
2022-11-15 13:00:00,28.8,28.16081,27.732552
2022-11-15 14:00:00,28.6,28.107475,28.115217
2022-11-15 15:00:00,27.9,27.751925,27.575274
2022-11-15 16:00:00,27.1,27.284107,27.230606
2022-11-15 17:00:00,26.4,26.832006,26.73968
2022-11-15 18:00:00,26.0,26.184855,26.2411
2022-11-15 19:00:00,25.7,25.918926,25.75439
2022-11-15 20:00:00,25.5,25.699633,25.42025
2022-11-15 21:00:00,25.3,25.395935,25.223782
2022-11-15 22:00:00,24.9,25.139471,24.94977
2022-11-15 23:00:00,24.4,24.85656,24.63909
2022-11-16 00:00:00,23.6,24.471228,24.230373
2022-11-16 01:00:00,22.6,24.077932,23.432148
2022-11-16 02:00:00,21.6,23.467367,23.189548
2022-11-16 03:00:00,21.3,23.349842,23.40143
2022-11-16 04:00:00,21.1,23.315851,23.461016
2022-11-16 05:00:00,21.5,23.552023,23.824337
2022-11-16 06:00:00,21.6,23.62215,24.154371
2022-11-16 07:00:00,23.2,24.93951,24.816957
2022-11-16 08:00:00,25.5,26.283375,25.910603
2022-11-16 09:00:00,27.1,27.361786,26.630066
2022-11-16 10:00:00,27.8,28.09376,27.771244
2022-11-16 11:00:00,28.2,28.316357,28.203083
2022-11-16 12:00:00,28.4,28.17691,28.298466
2022-11-16 13:00:00,28.4,28.330137,28.377892
2022-11-16 14:00:00,28.1,28.12143,28.31564
2022-11-16 15:00:00,27.6,27.73596,27.948069
2022-11-16 16:00:00,26.8,27.28696,27.308105
2022-11-16 17:00:00,25.8,26.601713,26.690193
2022-11-16 18:00:00,25.3,25.812555,26.096268
2022-11-16 19:00:00,24.9,25.573694,25.684277
2022-11-16 20:00:00,24.6,25.398237,25.353817
2022-11-16 21:00:00,24.2,25.017971,25.195671
2022-11-16 22:00:00,24.3,24.896038,25.00253
2022-11-16 23:00:00,24.0,24.583185,24.716797
2022-11-17 00:00:00,23.5,24.078606,24.411064
2022-11-17 01:00:00,22.5,23.553783,23.622757
2022-11-17 02:00:00,21.8,23.149435,23.181858
2022-11-17 03:00:00,21.5,23.38273,23.134989
2022-11-17 04:00:00,21.2,23.696264,23.268509
2022-11-17 05:00:00,21.6,23.314714,23.547777
2022-11-17 06:00:00,21.8,23.296434,23.990074
2022-11-17 07:00:00,23.5,24.0977,24.3998
2022-11-17 08:00:00,25.1,26.012217,25.694191
2022-11-17 09:00:00,26.7,27.457829,26.954891
2022-11-17 10:00:00,27.8,28.197315,27.832832
2022-11-17 11:00:00,28.4,28.415579,27.827217
2022-11-17 12:00:00,28.6,28.206926,28.129482
2022-11-17 13:00:00,28.4,28.141323,28.174683
2022-11-17 14:00:00,27.9,27.49372,28.04828
2022-11-17 15:00:00,27.7,27.339766,27.544865
2022-11-17 16:00:00,27.1,26.320267,27.034779
2022-11-17 17:00:00,26.3,25.729385,26.384281
2022-11-17 18:00:00,25.9,25.168568,25.684978
2022-11-17 19:00:00,25.5,24.934546,25.31639
2022-11-17 20:00:00,25.4,24.753479,24.923853
2022-11-17 21:00:00,25.2,24.621397,24.684477
2022-11-17 22:00:00,24.6,24.39705,24.638845
2022-11-17 23:00:00,24.0,24.203802,24.609192
2022-11-18 00:00:00,23.0,23.784489,24.318752
2022-11-18 01:00:00,22.4,23.465332,23.642902
2022-11-18 02:00:00,22.1,23.636137,23.26936
2022-11-18 03:00:00,21.8,23.867805,23.131088
2022-11-18 04:00:00,21.3,23.691757,23.284286
2022-11-18 05:00:00,21.9,23.824385,23.294342
2022-11-18 06:00:00,22.1,23.771784,23.877575
2022-11-18 07:00:00,23.5,23.89681,24.312363
2022-11-18 08:00:00,25.3,25.265608,25.585857
2022-11-18 09:00:00,27.0,27.093359,26.709564
2022-11-18 10:00:00,28.1,27.370344,27.532923
2022-11-18 11:00:00,28.7,27.461319,27.733307
2022-11-18 12:00:00,28.9,27.619003,28.058947
2022-11-18 13:00:00,28.9,27.667152,28.205557
2022-11-18 14:00:00,28.5,27.234934,27.87473
2022-11-18 15:00:00,27.6,26.885704,27.418644
2022-11-18 16:00:00,26.9,26.641018,27.091988
2022-11-18 17:00:00,25.8,25.866076,26.402733
2022-11-18 18:00:00,25.4,25.474117,25.796074
2022-11-18 19:00:00,24.8,25.222662,25.432402
2022-11-18 20:00:00,24.3,24.812933,25.120693
2022-11-18 21:00:00,24.2,24.79655,24.983677
2022-11-18 22:00:00,24.1,24.670221,24.687988
2022-11-18 23:00:00,23.5,24.307917,24.586426
2022-11-19 00:00:00,22.8,23.924446,24.324648
2022-11-19 01:00:00,22.1,23.671715,23.56498
2022-11-19 02:00:00,21.7,23.35892,23.356586
2022-11-19 03:00:00,21.4,23.400679,23.257324
2022-11-19 04:00:00,21.4,23.387014,23.311092
2022-11-19 05:00:00,22.3,23.57751,23.34593
2022-11-19 06:00:00,22.6,23.658278,23.849413
2022-11-19 07:00:00,23.3,23.771444,24.232567
2022-11-19 08:00:00,24.7,25.355692,25.495026
2022-11-19 09:00:00,25.7,26.935232,26.73827
2022-11-19 10:00:00,25.7,27.594608,27.734093
2022-11-19 11:00:00,26.3,27.404087,28.210655
2022-11-19 12:00:00,26.7,27.806814,28.490644
2022-11-19 13:00:00,26.8,27.717962,28.540367
2022-11-19 14:00:00,26.9,27.474665,28.382463
2022-11-19 15:00:00,26.0,26.838926,27.828995
2022-11-19 16:00:00,25.3,26.19462,27.169569
2022-11-19 17:00:00,24.8,25.50352,26.55637
2022-11-19 18:00:00,25.0,25.17995,25.779808
2022-11-19 19:00:00,23.1,24.797077,25.480927
2022-11-19 20:00:00,22.5,24.797132,25.263075
2022-11-19 21:00:00,22.3,24.336395,25.04639
2022-11-19 22:00:00,22.0,24.231806,24.865055
2022-11-19 23:00:00,21.2,23.560612,24.533989
2022-11-20 00:00:00,21.0,23.663881,24.23913
2022-11-20 01:00:00,20.8,23.850832,23.509716
2022-11-20 02:00:00,20.9,23.805967,23.424633
2022-11-20 03:00:00,20.0,23.868452,23.372784
2022-11-20 04:00:00,19.8,23.430769,23.42416
2022-11-20 05:00:00,20.8,23.5431,23.553326
2022-11-20 06:00:00,20.8,23.686209,24.176033
2022-11-20 07:00:00,21.0,23.83042,24.695942
2022-11-20 08:00:00,21.8,25.158873,25.563255
2022-11-20 09:00:00,23.2,26.470535,26.660673
2022-11-20 10:00:00,24.4,27.070574,27.630367
2022-11-20 11:00:00,24.3,27.52279,27.95662
2022-11-20 12:00:00,23.8,27.506138,28.489883
2022-11-20 13:00:00,24.1,27.492094,28.613426
2022-11-20 14:00:00,23.3,27.10044,28.47931
2022-11-20 15:00:00,23.2,25.821447,28.053293
2022-11-20 16:00:00,22.5,25.751038,26.650215
2022-11-20 17:00:00,21.5,24.285152,26.163584
2022-11-20 18:00:00,21.4,24.35995,25.908466
2022-11-20 19:00:00,21.3,23.81892,25.460201
2022-11-20 20:00:00,21.3,23.250637,24.366852
2022-11-20 21:00:00,21.4,23.656473,24.163986
2022-11-20 22:00:00,21.3,23.370188,24.086615
2022-11-20 23:00:00,21.4,23.643415,23.90039
2022-11-21 00:00:00,21.4,23.765486,23.466553
2022-11-21 01:00:00,21.4,23.177858,22.920223
2022-11-21 02:00:00,21.5,23.450527,22.927816
2022-11-21 03:00:00,21.6,23.172913,22.98841
2022-11-21 04:00:00,21.6,23.010588,23.10169
2022-11-21 05:00:00,21.9,22.910797,23.236465
2022-11-21 06:00:00,22.0,22.946331,23.577646
2022-11-21 07:00:00,22.5,23.441427,23.897882
2022-11-21 08:00:00,22.5,23.695599,24.67861
2022-11-21 09:00:00,22.7,24.113394,25.60356
2022-11-21 10:00:00,23.1,25.433514,26.748663
2022-11-21 11:00:00,23.4,26.228325,27.336227
2022-11-21 12:00:00,23.2,25.535137,26.97894
2022-11-21 13:00:00,24.0,25.804188,26.977795
2022-11-21 14:00:00,24.0,26.055689,26.910582
2022-11-21 15:00:00,23.5,25.174791,26.185581
2022-11-21 16:00:00,23.1,25.520096,25.644135
2022-11-21 17:00:00,24.1,24.416067,25.163177
2022-11-21 18:00:00,23.9,23.945715,24.65387
2022-11-21 19:00:00,23.7,24.629946,24.554054
2022-11-21 20:00:00,23.6,24.647171,23.931004
2022-11-21 21:00:00,23.7,24.314165,23.453897
2022-11-21 22:00:00,23.4,24.159828,23.391834
2022-11-21 23:00:00,23.1,23.759926,23.179752
2022-11-22 00:00:00,22.9,23.329935,23.051397
2022-11-22 01:00:00,23.1,23.350664,22.475206
2022-11-22 02:00:00,23.1,23.634016,22.54957
2022-11-22 03:00:00,22.7,23.598257,22.595676
2022-11-22 04:00:00,22.6,23.765566,22.737698
2022-11-22 05:00:00,23.3,23.7542,22.928791
2022-11-22 06:00:00,23.5,23.626999,23.342741
2022-11-22 07:00:00,24.0,24.233677,24.20174
2022-11-22 08:00:00,25.1,24.90506,24.227936
2022-11-22 09:00:00,25.6,25.262589,24.9579
2022-11-22 10:00:00,26.2,25.228354,25.382706
2022-11-22 11:00:00,26.8,25.472063,25.831205
2022-11-22 12:00:00,27.9,24.953089,26.082676
2022-11-22 13:00:00,28.2,26.146267,25.52934
2022-11-22 14:00:00,27.3,27.138006,26.394012
2022-11-22 15:00:00,27.1,26.831093,26.538965
2022-11-22 16:00:00,27.0,26.21006,25.798998
2022-11-22 17:00:00,26.6,25.868374,24.999544
2022-11-22 18:00:00,26.2,25.271109,24.654886
2022-11-22 19:00:00,25.8,24.593246,24.185608
2022-11-22 20:00:00,26.0,24.357405,23.96082
2022-11-22 21:00:00,24.8,24.650307,23.752708
2022-11-22 22:00:00,25.1,24.628492,23.682106
2022-11-22 23:00:00,24.3,24.247204,23.413994
2022-11-23 00:00:00,23.9,24.128168,23.390312
2022-11-23 01:00:00,23.4,23.651047,22.842163
2022-11-23 02:00:00,23.0,23.420036,22.992796
2022-11-23 03:00:00,22.9,23.53356,23.131327
2022-11-23 04:00:00,22.8,23.960371,23.403473
2022-11-23 05:00:00,24.0,24.191372,24.082483
2022-11-23 06:00:00,24.4,24.194654,24.288708
2022-11-23 07:00:00,25.4,24.590109,24.563469
2022-11-23 08:00:00,26.6,25.948368,25.248222
2022-11-23 09:00:00,27.4,26.712357,26.178514
2022-11-23 10:00:00,24.7,27.129835,26.770317
2022-11-23 11:00:00,27.1,27.463732,27.492643
2022-11-23 12:00:00,28.2,28.129326,27.90662
2022-11-23 13:00:00,27.7,28.26797,28.320784
2022-11-23 14:00:00,27.7,27.70278,28.245384
2022-11-23 15:00:00,27.3,27.445131,27.283947
2022-11-23 16:00:00,26.9,27.08474,27.180737
2022-11-23 17:00:00,26.4,26.541374,26.753645
2022-11-23 18:00:00,25.8,26.155823,26.40279
2022-11-23 19:00:00,25.4,25.978632,25.947817
2022-11-23 20:00:00,25.2,25.927134,25.633812
2022-11-23 21:00:00,24.8,25.479685,25.51461
2022-11-23 22:00:00,24.4,25.533144,24.594154
2022-11-23 23:00:00,24.2,25.179802,25.17348
2022-11-24 00:00:00,24.8,24.668589,24.240124
2022-11-24 01:00:00,24.7,24.508919,23.982607
2022-11-24 02:00:00,23.4,23.721329,23.629547
2022-11-24 03:00:00,23.3,23.348822,23.53298
2022-11-24 04:00:00,22.9,23.617243,23.658218
2022-11-24 05:00:00,23.7,24.104742,23.548988
2022-11-24 06:00:00,24.3,24.469147,25.058651
2022-11-24 07:00:00,25.2,25.642227,24.274538
2022-11-24 08:00:00,25.7,26.342747,26.187744
2022-11-24 09:00:00,26.5,27.124132,26.94255
2022-11-24 10:00:00,27.5,27.329386,26.971973
2022-11-24 11:00:00,28.3,28.352066,26.644138
2022-11-24 12:00:00,28.6,27.919422,28.18244
2022-11-24 13:00:00,28.4,27.617292,28.172659
2022-11-24 14:00:00,28.0,27.42394,27.596832
2022-11-24 15:00:00,27.5,27.153584,27.548897
2022-11-24 16:00:00,26.9,26.746054,27.07729
2022-11-24 17:00:00,26.5,26.317389,26.774075
2022-11-24 18:00:00,25.7,25.827822,26.179977
2022-11-24 19:00:00,25.2,25.563826,25.764034
2022-11-24 20:00:00,24.9,25.443516,25.352634
2022-11-24 21:00:00,25.1,25.283913,25.154377
2022-11-24 22:00:00,24.7,25.076199,24.73442
2022-11-24 23:00:00,24.0,24.79528,24.448677
2022-11-25 00:00:00,23.9,24.637547,24.477705
2022-11-25 01:00:00,25.2,24.576836,23.800957
2022-11-25 02:00:00,24.4,24.14715,23.426863
2022-11-25 03:00:00,23.3,23.789454,23.254335
2022-11-25 04:00:00,23.3,23.517136,23.585835
2022-11-25 05:00:00,23.7,24.198214,23.578938
2022-11-25 06:00:00,24.0,24.366577,24.158691
2022-11-25 07:00:00,25.0,25.24888,24.639877
2022-11-25 08:00:00,25.9,26.20115,25.501835
2022-11-25 09:00:00,27.1,27.178432,25.977894
2022-11-25 10:00:00,28.0,27.255922,26.878672
2022-11-25 11:00:00,28.3,27.951118,27.040123
2022-11-25 12:00:00,28.2,27.971394,28.104523
2022-11-25 13:00:00,27.5,27.882359,28.025879
2022-11-25 14:00:00,27.6,27.566856,27.941727
2022-11-25 15:00:00,27.2,27.01491,27.489143
2022-11-25 16:00:00,26.6,26.702477,27.031782
2022-11-25 17:00:00,26.2,26.161453,26.43337
2022-11-25 18:00:00,25.9,25.922167,26.032051
2022-11-25 19:00:00,25.9,25.654661,25.510696
2022-11-25 20:00:00,25.7,25.337551,25.220184
2022-11-25 21:00:00,24.3,25.283428,24.920204
2022-11-25 22:00:00,24.6,25.021517,24.969051
2022-11-25 23:00:00,24.2,24.654577,24.441591
2022-11-26 00:00:00,24.2,24.533173,24.007328
2022-11-26 01:00:00,23.7,24.508972,23.505238
2022-11-26 02:00:00,23.3,24.2998,23.844484
2022-11-26 03:00:00,23.2,23.68592,23.528214
2022-11-26 04:00:00,23.0,23.593878,23.425282
2022-11-26 05:00:00,23.5,24.01231,23.817537
2022-11-26 06:00:00,23.6,24.167528,24.136997
2022-11-26 07:00:00,24.6,25.000929,24.726223
2022-11-26 08:00:00,25.9,25.744019,25.51366
2022-11-26 09:00:00,27.1,26.969887,25.932652
2022-11-26 10:00:00,27.9,27.641663,26.952595
2022-11-26 11:00:00,28.4,27.908676,27.518011
2022-11-26 12:00:00,28.7,28.141142,27.948162
2022-11-26 13:00:00,28.3,27.683401,27.933006
2022-11-26 14:00:00,27.7,27.589474,27.467834
2022-11-26 15:00:00,26.7,27.407269,27.15168
2022-11-26 16:00:00,26.2,26.746239,26.69077
2022-11-26 17:00:00,26.4,26.185041,26.187342
2022-11-26 18:00:00,25.8,25.897842,25.820076
2022-11-26 19:00:00,25.5,25.862383,25.462543
2022-11-26 20:00:00,25.4,25.70064,25.311756
2022-11-26 21:00:00,24.5,25.04809,24.994709
2022-11-26 22:00:00,24.1,24.902084,24.139994
2022-11-26 23:00:00,23.9,24.643072,25.181036
2022-11-27 00:00:00,24.1,24.523167,24.236538
2022-11-27 01:00:00,25.2,24.581272,23.619453
2022-11-27 02:00:00,23.3,24.101494,23.391972
2022-11-27 03:00:00,22.7,23.76654,23.33674
2022-11-27 04:00:00,22.8,23.59438,23.467346
2022-11-27 05:00:00,23.2,23.70007,23.583801
2022-11-27 06:00:00,23.8,23.962088,24.494507
2022-11-27 07:00:00,24.7,24.989262,24.882177
2022-11-27 08:00:00,26.0,26.512783,26.194397
2022-11-27 09:00:00,27.0,27.336481,27.323547
2022-11-27 10:00:00,27.6,27.810013,28.061863
2022-11-27 11:00:00,27.9,28.061756,28.338842
2022-11-27 12:00:00,28.1,28.098042,28.323345
2022-11-27 13:00:00,28.3,27.961939,28.389488
2022-11-27 14:00:00,28.2,27.606411,27.956337
2022-11-27 15:00:00,27.8,27.061613,27.497126
2022-11-27 16:00:00,27.2,26.305634,26.813435
2022-11-27 17:00:00,26.5,26.18479,26.227583
2022-11-27 18:00:00,25.8,25.758757,26.077194
2022-11-27 19:00:00,25.6,25.687672,25.36132
2022-11-27 20:00:00,25.5,25.520464,25.311403
2022-11-27 21:00:00,25.4,25.141253,25.157673
2022-11-27 22:00:00,25.1,24.87772,24.539494
2022-11-27 23:00:00,23.7,24.615032,24.500607
2022-11-28 00:00:00,23.1,24.522598,24.360619
2022-11-28 01:00:00,22.6,24.478874,23.872791
2022-11-28 02:00:00,22.0,24.333681,23.639585
2022-11-28 03:00:00,21.8,23.458458,23.203705
2022-11-28 04:00:00,21.7,23.281105,23.45148
2022-11-28 05:00:00,21.7,23.601925,24.021948
2022-11-28 06:00:00,22.7,24.087793,23.881956
2022-11-28 07:00:00,23.9,25.069895,24.590332
2022-11-28 08:00:00,25.9,26.224508,25.419636
2022-11-28 09:00:00,27.3,27.100294,26.357729
2022-11-28 10:00:00,28.0,27.703348,27.526066
2022-11-28 11:00:00,28.3,27.84637,27.639137
2022-11-28 12:00:00,28.3,28.050968,28.011036
2022-11-28 13:00:00,28.1,27.845926,28.129992
2022-11-28 14:00:00,27.8,27.701227,28.052284
2022-11-28 15:00:00,27.3,27.398762,27.624918
2022-11-28 16:00:00,26.5,27.019552,27.151943
2022-11-28 17:00:00,25.8,26.362171,26.689371
2022-11-28 18:00:00,25.3,25.65116,26.300789
2022-11-28 19:00:00,25.1,25.342155,25.674065
2022-11-28 20:00:00,25.0,25.15891,25.45203
2022-11-28 21:00:00,24.8,24.994747,25.270035
2022-11-28 22:00:00,24.5,24.93324,25.046665
2022-11-28 23:00:00,24.1,24.570322,24.761436
2022-11-29 00:00:00,23.2,24.083004,24.060452
2022-11-29 01:00:00,22.4,23.060768,23.378517
2022-11-29 02:00:00,21.5,22.731783,23.46279
2022-11-29 03:00:00,21.5,23.370054,23.143433
2022-11-29 04:00:00,21.3,23.512,23.427338
2022-11-29 05:00:00,21.7,23.355957,23.692467
2022-11-29 06:00:00,22.2,23.811306,23.767517
2022-11-29 07:00:00,23.1,24.235113,24.816463
2022-11-29 08:00:00,24.9,26.143547,25.634663
2022-11-29 09:00:00,26.5,27.272148,26.955755
2022-11-29 10:00:00,27.6,27.912119,27.338009
2022-11-29 11:00:00,27.9,27.8428,27.930058
2022-11-29 12:00:00,28.3,27.866386,28.160791
2022-11-29 13:00:00,28.2,27.929174,28.232162
2022-11-29 14:00:00,28.1,27.675737,28.051785
2022-11-29 15:00:00,27.8,27.378227,27.597763
2022-11-29 16:00:00,27.0,26.255093,27.12054
2022-11-29 17:00:00,26.5,25.578245,26.508377
2022-11-29 18:00:00,25.9,24.993275,25.98069
2022-11-29 19:00:00,25.6,24.896502,25.521795
2022-11-29 20:00:00,25.4,24.942654,25.215305
2022-11-29 21:00:00,24.9,24.875286,25.124025
2022-11-29 22:00:00,24.8,24.643318,24.911612
2022-11-29 23:00:00,24.8,24.41197,24.666826
2022-11-30 00:00:00,24.6,23.70832,24.272526
2022-11-30 01:00:00,24.3,23.652933,23.333702
2022-11-30 02:00:00,24.2,23.466997,23.19161
2022-11-30 03:00:00,24.2,23.64815,22.99052
2022-11-30 04:00:00,24.1,23.345411,23.26319
2022-11-30 05:00:00,24.1,23.925787,23.409634
2022-11-30 06:00:00,24.1,23.892904,23.999575
2022-11-30 07:00:00,24.9,23.669483,24.510214
2022-11-30 08:00:00,25.9,25.359777,25.254152
2022-11-30 09:00:00,26.6,26.750185,26.579525
2022-11-30 10:00:00,27.4,27.65952,27.02666
2022-11-30 11:00:00,27.4,27.93053,27.8177
2022-11-30 12:00:00,27.4,28.02503,27.786165
2022-11-30 13:00:00,27.9,27.987999,28.010868
2022-11-30 14:00:00,27.8,27.84056,27.704256
2022-11-30 15:00:00,27.3,27.615374,27.361343
2022-11-30 16:00:00,26.8,27.047136,26.895874
2022-11-30 17:00:00,26.8,26.430098,26.223778
2022-11-30 18:00:00,26.3,26.078016,25.747234
2022-11-30 19:00:00,26.1,25.70983,25.218975
2022-11-30 20:00:00,25.9,25.373343,24.941074
2022-11-30 21:00:00,25.8,25.184177,24.714844
2022-11-30 22:00:00,25.6,25.044605,24.369143
2022-11-30 23:00:00,25.2,25.229166,24.34341
2022-12-01 00:00:00,24.6,25.042599,24.048534
2022-12-01 01:00:00,24.3,24.520128,23.613655
2022-12-01 02:00:00,24.2,24.500921,23.425167
2022-12-01 03:00:00,23.8,24.482948,23.498028
2022-12-01 04:00:00,23.7,24.473804,23.739464
2022-12-01 05:00:00,24.2,24.45533,23.680698
2022-12-01 06:00:00,24.4,24.463858,23.993174
2022-12-01 07:00:00,25.2,25.19319,24.52259
2022-12-01 08:00:00,26.3,26.00417,25.13161
2022-12-01 09:00:00,27.4,26.898142,26.464085
2022-12-01 10:00:00,28.3,27.72465,26.956863
2022-12-01 11:00:00,28.8,27.6207,27.749084
2022-12-01 12:00:00,29.0,27.700396,28.235653
2022-12-01 13:00:00,28.8,27.741138,27.603529
2022-12-01 14:00:00,28.5,27.638666,27.76403
2022-12-01 15:00:00,28.1,27.32783,27.439175
2022-12-01 16:00:00,27.7,26.863214,26.98565
2022-12-01 17:00:00,27.2,26.521091,26.473942
2022-12-01 18:00:00,26.8,26.215767,26.059082
2022-12-01 19:00:00,26.5,25.820473,25.547335
2022-12-01 20:00:00,26.3,25.849695,25.213041
2022-12-01 21:00:00,26.2,25.909126,25.0391
2022-12-01 22:00:00,26.1,25.682568,24.788298
2022-12-01 23:00:00,25.9,25.429201,24.669073
2022-12-02 00:00:00,25.9,25.070658,24.348324
2022-12-02 01:00:00,25.6,24.854422,23.61841
2022-12-02 02:00:00,25.3,24.69344,23.519966
2022-12-02 03:00:00,25.2,24.425638,23.802841
2022-12-02 04:00:00,25.1,24.352192,23.793962
2022-12-02 05:00:00,25.5,24.41962,24.011158
2022-12-02 06:00:00,23.8,24.5951,24.477282
2022-12-02 07:00:00,24.3,25.557625,25.029982
2022-12-02 08:00:00,25.8,26.214521,25.862625
2022-12-02 09:00:00,27.3,27.018286,26.660458
2022-12-02 10:00:00,27.9,27.949589,27.23112
2022-12-02 11:00:00,26.5,27.995657,28.057873
2022-12-02 12:00:00,27.3,28.239977,28.3511
2022-12-02 13:00:00,27.9,28.07879,28.330933
2022-12-02 14:00:00,28.1,27.830456,28.147655
2022-12-02 15:00:00,27.4,27.505018,27.790928
2022-12-02 16:00:00,27.1,27.15553,27.202587
2022-12-02 17:00:00,24.5,26.766766,26.727945
2022-12-02 18:00:00,25.4,26.542528,26.306215
2022-12-02 19:00:00,25.5,26.290962,25.873653
2022-12-02 20:00:00,24.9,26.096659,25.593204
2022-12-02 21:00:00,25.0,25.947147,25.363392
2022-12-02 22:00:00,25.1,25.938116,25.186852
2022-12-02 23:00:00,24.3,25.867838,25.042564
2022-12-03 00:00:00,24.4,25.727774,24.855644
2022-12-03 01:00:00,24.4,25.343437,24.33195
2022-12-03 02:00:00,24.7,24.955654,24.209671
2022-12-03 03:00:00,24.9,24.90015,24.134434
2022-12-03 04:00:00,24.2,24.748363,24.205814
2022-12-03 05:00:00,24.3,24.928604,24.41552
2022-12-03 06:00:00,24.3,24.745586,24.800735
2022-12-03 07:00:00,25.1,24.943697,25.098442
2022-12-03 08:00:00,26.3,26.062246,25.479422
2022-12-03 09:00:00,28.2,27.156376,26.36879
2022-12-03 10:00:00,28.7,27.718084,27.569199
2022-12-03 11:00:00,29.0,27.567793,27.915455
2022-12-03 12:00:00,28.8,27.889193,27.543941
2022-12-03 13:00:00,28.5,27.842016,28.111301
2022-12-03 14:00:00,28.6,27.985374,27.93408
2022-12-03 15:00:00,28.1,27.529522,27.599419
2022-12-03 16:00:00,27.6,27.374512,27.011126
2022-12-03 17:00:00,27.1,25.86777,26.684557
2022-12-03 18:00:00,26.8,25.416729,25.569899
2022-12-03 19:00:00,26.6,25.63786,25.70828
2022-12-03 20:00:00,26.5,25.452011,25.205774
2022-12-03 21:00:00,26.5,25.550802,25.05076
2022-12-03 22:00:00,26.0,25.535063,24.738258
2022-12-03 23:00:00,25.8,24.947695,24.744469
2022-12-04 00:00:00,25.7,24.968557,24.51415
2022-12-04 01:00:00,25.6,24.826796,24.091864
2022-12-04 02:00:00,25.4,24.572935,24.176657
2022-12-04 03:00:00,25.1,24.714828,24.168499
2022-12-04 04:00:00,24.8,24.446114,24.13438
2022-12-04 05:00:00,25.1,24.363852,23.978302
2022-12-04 06:00:00,25.3,24.54364,24.400011
2022-12-04 07:00:00,26.6,25.266066,24.548334
2022-12-04 08:00:00,27.5,26.075378,25.313087
2022-12-04 09:00:00,28.3,27.41714,26.306543
2022-12-04 10:00:00,28.6,27.57296,27.816051
2022-12-04 11:00:00,28.9,27.471458,28.017931
2022-12-04 12:00:00,29.0,27.61779,28.049076
2022-12-04 13:00:00,28.7,27.581429,28.22949
2022-12-04 14:00:00,28.4,27.630106,27.906925
2022-12-04 15:00:00,27.9,27.468485,27.83284
2022-12-04 16:00:00,27.3,26.606178,27.155209
2022-12-04 17:00:00,27.0,26.290796,26.742714
2022-12-04 18:00:00,26.5,26.208841,26.06268
2022-12-04 19:00:00,26.4,26.405443,25.910872
2022-12-04 20:00:00,26.3,26.170565,25.594648
2022-12-04 21:00:00,26.1,26.133327,25.396618
2022-12-04 22:00:00,25.9,25.958372,25.289211
2022-12-04 23:00:00,25.4,25.710714,24.898739
2022-12-05 00:00:00,25.0,25.383154,24.767006
2022-12-05 01:00:00,24.6,25.29507,24.31498
2022-12-05 02:00:00,24.4,25.05706,24.340534
2022-12-05 03:00:00,24.2,24.863857,24.336111
2022-12-05 04:00:00,23.9,24.8063,24.297722
2022-12-05 05:00:00,24.7,24.930431,24.242308
2022-12-05 06:00:00,24.8,24.922089,24.879265
2022-12-05 07:00:00,25.8,25.823431,25.299843
2022-12-05 08:00:00,27.1,26.711006,26.30542
2022-12-05 09:00:00,27.9,27.67113,27.126823
2022-12-05 10:00:00,28.3,28.028187,27.939243
2022-12-05 11:00:00,28.6,28.295958,28.256775
2022-12-05 12:00:00,28.6,28.238111,28.527819
2022-12-05 13:00:00,28.7,27.915611,28.530193
2022-12-05 14:00:00,28.4,27.657915,28.151691
2022-12-05 15:00:00,27.6,27.270996,27.953222
2022-12-05 16:00:00,26.9,26.354883,27.284508
2022-12-05 17:00:00,26.4,26.257895,26.841085
2022-12-05 18:00:00,26.2,26.104013,26.435322
2022-12-05 19:00:00,25.8,26.037304,26.0093
2022-12-05 20:00:00,25.6,26.007904,25.80924
2022-12-05 21:00:00,25.2,25.961971,25.617458
2022-12-05 22:00:00,24.8,25.910639,25.387972
2022-12-05 23:00:00,24.8,25.420753,25.103817
2022-12-06 00:00:00,24.7,24.991348,24.806334
2022-12-06 01:00:00,24.4,24.581259,24.107183
2022-12-06 02:00:00,24.0,24.220253,24.033945
2022-12-06 03:00:00,23.7,24.219467,24.028069
2022-12-06 04:00:00,23.5,24.070177,24.005682
2022-12-06 05:00:00,23.3,24.338572,24.337597
2022-12-06 06:00:00,23.3,24.330982,24.873346
2022-12-06 07:00:00,24.2,25.414948,25.179615
2022-12-06 08:00:00,25.2,26.653803,26.014404
2022-12-06 09:00:00,26.2,27.212801,27.155848
2022-12-06 10:00:00,26.5,27.743793,27.788832
2022-12-06 11:00:00,26.9,27.30049,28.21658
2022-12-06 12:00:00,27.5,27.264786,28.48591
2022-12-06 13:00:00,27.7,27.28541,28.51392
2022-12-06 14:00:00,27.4,26.93332,28.31459
2022-12-06 15:00:00,26.8,26.485922,27.910408
2022-12-06 16:00:00,26.2,25.906855,27.227612
2022-12-06 17:00:00,25.6,25.525503,26.652058
2022-12-06 18:00:00,25.3,25.356186,26.322954
2022-12-06 19:00:00,25.2,25.460947,25.812677
2022-12-06 20:00:00,25.0,25.435911,25.484661
2022-12-06 21:00:00,24.9,25.15173,25.272678
2022-12-06 22:00:00,24.4,24.948647,24.969051
2022-12-06 23:00:00,23.9,24.808304,24.640522
2022-12-07 00:00:00,23.5,24.41191,24.538507
2022-12-07 01:00:00,23.1,24.422747,23.959604
2022-12-07 02:00:00,22.7,24.167145,24.13138
2022-12-07 03:00:00,22.8,24.074577,24.110842
2022-12-07 04:00:00,23.1,23.887196,24.036379
2022-12-07 05:00:00,23.3,23.491728,24.106005
2022-12-07 06:00:00,23.5,23.61924,24.4576
2022-12-07 07:00:00,24.0,24.322622,24.96781
2022-12-07 08:00:00,24.6,25.835257,25.851488
2022-12-07 09:00:00,24.7,25.567347,26.741673
2022-12-07 10:00:00,25.0,26.562555,27.033792
2022-12-07 11:00:00,24.4,26.440405,27.826073
2022-12-07 12:00:00,24.9,26.71879,27.777561
2022-12-07 13:00:00,23.4,26.667034,28.036936
2022-12-07 14:00:00,23.3,26.506693,28.007505
2022-12-07 15:00:00,22.1,26.543415,27.511116
2022-12-07 16:00:00,21.3,25.68091,27.251938
2022-12-07 17:00:00,21.4,24.823717,26.699848
2022-12-07 18:00:00,21.7,24.581398,25.8271
2022-12-07 19:00:00,22.0,24.402857,25.757553
2022-12-07 20:00:00,22.6,24.628967,25.240463
2022-12-07 21:00:00,23.0,24.626665,25.281986
2022-12-07 22:00:00,22.9,24.494106,24.914564
2022-12-07 23:00:00,21.5,24.187717,24.672634
2022-12-08 00:00:00,21.8,23.940397,24.369833
2022-12-08 01:00:00,21.0,23.659786,23.752003
2022-12-08 02:00:00,21.7,23.248178,23.580776
2022-12-08 03:00:00,20.4,23.370241,23.63613
2022-12-08 04:00:00,21.1,23.924423,23.943726
2022-12-08 05:00:00,22.9,23.884401,24.226469
2022-12-08 06:00:00,22.5,23.744823,24.420761
2022-12-08 07:00:00,23.0,24.163803,24.940666
2022-12-08 08:00:00,23.9,25.092102,25.588385
2022-12-08 09:00:00,23.5,25.75863,26.479445
2022-12-08 10:00:00,23.4,26.39686,27.050953
2022-12-08 11:00:00,25.2,25.942406,27.392834
2022-12-08 12:00:00,24.0,26.665953,27.205086
2022-12-08 13:00:00,24.0,26.0376,27.685452
2022-12-08 14:00:00,24.1,26.393877,26.430546
2022-12-08 15:00:00,23.8,25.233164,26.540894
2022-12-08 16:00:00,23.9,24.473372,25.771988
2022-12-08 17:00:00,23.8,23.704212,25.22054
2022-12-08 18:00:00,23.8,23.154943,25.07283
2022-12-08 19:00:00,23.8,22.658066,24.825201
2022-12-08 20:00:00,23.9,23.879435,24.629173
2022-12-08 21:00:00,24.4,24.00673,24.626575
2022-12-08 22:00:00,24.4,24.04404,24.219225
2022-12-08 23:00:00,25.1,23.414913,24.095896
2022-12-09 00:00:00,25.6,23.208233,23.663195
2022-12-09 01:00:00,25.4,23.808783,23.514015
2022-12-09 02:00:00,24.3,23.63507,23.070179
2022-12-09 03:00:00,23.4,23.585005,23.474981
2022-12-09 04:00:00,23.2,23.41643,22.870522
2022-12-09 05:00:00,23.9,23.98519,23.559885
2022-12-09 06:00:00,23.8,24.42571,23.737816
2022-12-09 07:00:00,23.8,25.016542,23.687263
2022-12-09 08:00:00,23.9,25.547838,24.283482
2022-12-09 09:00:00,24.0,25.239939,25.429146
2022-12-09 10:00:00,24.5,25.51461,25.085178
2022-12-09 11:00:00,25.8,27.166275,25.355324
2022-12-09 12:00:00,26.5,26.933605,26.377605
2022-12-09 13:00:00,26.4,26.785875,25.608002
2022-12-09 14:00:00,26.7,27.044662,25.51116
2022-12-09 15:00:00,26.7,27.146383,25.669304
2022-12-09 16:00:00,26.2,27.126389,25.095284
2022-12-09 17:00:00,24.9,26.329365,24.986597
2022-12-09 18:00:00,24.1,26.180563,24.881208
2022-12-09 19:00:00,24.1,26.198475,24.681776
2022-12-09 20:00:00,24.4,26.329967,24.804008
2022-12-09 21:00:00,24.7,26.210869,24.535732
2022-12-09 22:00:00,24.8,26.3082,24.846855
2022-12-09 23:00:00,25.2,25.448841,24.59453
2022-12-10 00:00:00,25.4,25.103765,24.358059
2022-12-10 01:00:00,25.0,25.111422,24.185059
2022-12-10 02:00:00,24.6,24.784773,23.685656
2022-12-10 03:00:00,23.7,24.61147,23.88689
2022-12-10 04:00:00,23.7,24.168097,23.938633
2022-12-10 05:00:00,23.4,24.106768,24.388405
2022-12-10 06:00:00,23.3,24.35599,24.63941
2022-12-10 07:00:00,23.8,24.676558,25.20799
2022-12-10 08:00:00,24.7,25.28881,25.497898
2022-12-10 09:00:00,25.3,25.73106,26.07838
2022-12-10 10:00:00,25.3,26.092634,26.499119
2022-12-10 11:00:00,25.8,26.823566,27.215258
2022-12-10 12:00:00,26.0,27.057775,28.161375
2022-12-10 13:00:00,26.2,27.027456,27.96761
2022-12-10 14:00:00,26.4,27.392296,27.784847
2022-12-10 15:00:00,26.5,27.444614,27.852596
2022-12-10 16:00:00,26.3,26.545872,27.417969
2022-12-10 17:00:00,25.1,25.94172,26.887579
2022-12-10 18:00:00,24.8,25.185013,26.163654
2022-12-10 19:00:00,24.5,24.797926,25.66557
2022-12-10 20:00:00,24.2,24.503172,25.424809
2022-12-10 21:00:00,24.5,24.735561,25.334896
2022-12-10 22:00:00,24.7,24.821653,25.328823
2022-12-10 23:00:00,24.3,25.020773,25.251366
2022-12-11 00:00:00,23.9,24.879402,25.368223
2022-12-11 01:00:00,24.1,24.658367,25.01529
2022-12-11 02:00:00,24.1,24.376102,24.842876
2022-12-11 03:00:00,24.0,24.173672,24.697744
2022-12-11 04:00:00,24.0,24.462542,24.524555
2022-12-11 05:00:00,24.4,24.279762,24.78839
2022-12-11 06:00:00,24.6,23.963993,24.901766
2022-12-11 07:00:00,25.2,24.479254,25.287773
2022-12-11 08:00:00,25.9,25.62512,25.831903
2022-12-11 09:00:00,25.1,26.224344,26.43801
2022-12-11 10:00:00,25.5,26.364485,27.068325
2022-12-11 11:00:00,25.6,26.647762,27.1432
2022-12-11 12:00:00,25.4,26.748146,27.738852
2022-12-11 13:00:00,25.8,26.583834,27.638361
2022-12-11 14:00:00,26.0,26.930975,27.695435
2022-12-11 15:00:00,25.5,26.794268,27.52553
2022-12-11 16:00:00,25.4,26.575247,27.08031
2022-12-11 17:00:00,25.7,25.517323,26.680115
2022-12-11 18:00:00,25.2,25.32013,25.775764
2022-12-11 19:00:00,24.7,25.26607,25.484558
2022-12-11 20:00:00,24.9,24.936531,24.930042
2022-12-11 21:00:00,24.8,25.002695,24.936716
2022-12-11 22:00:00,24.5,25.064198,25.054884
2022-12-11 23:00:00,24.4,24.616055,25.02195
2022-12-12 00:00:00,24.7,24.57122,24.82648
2022-12-12 01:00:00,24.4,24.544226,24.441
2022-12-12 02:00:00,24.2,24.377224,24.397903
2022-12-12 03:00:00,23.7,24.2769,24.521751
2022-12-12 04:00:00,23.4,24.19795,24.525188
2022-12-12 05:00:00,24.9,24.260586,24.635662
2022-12-12 06:00:00,25.1,24.45526,25.210999
2022-12-12 07:00:00,25.7,25.314363,25.483967
2022-12-12 08:00:00,26.8,25.86997,26.051998
2022-12-12 09:00:00,27.7,26.116291,26.833897
2022-12-12 10:00:00,28.1,26.671394,26.752506
2022-12-12 11:00:00,28.5,26.897156,27.525787
2022-12-12 12:00:00,28.5,27.234978,27.573154
2022-12-12 13:00:00,28.4,27.135975,27.700361
2022-12-12 14:00:00,28.2,26.616953,27.772438
2022-12-12 15:00:00,27.7,26.636713,27.474792
2022-12-12 16:00:00,27.3,26.325647,27.15515
2022-12-12 17:00:00,26.5,25.744738,26.624657
2022-12-12 18:00:00,25.8,25.512714,26.580177
2022-12-12 19:00:00,25.4,25.12161,25.911871
2022-12-12 20:00:00,25.0,25.189047,25.586252
2022-12-12 21:00:00,24.5,25.026312,25.425922
2022-12-12 22:00:00,24.1,24.934444,25.21278
2022-12-12 23:00:00,23.8,24.810104,24.851994
2022-12-13 00:00:00,24.2,24.89909,24.92028
2022-12-13 01:00:00,25.2,24.66965,24.472996
2022-12-13 02:00:00,23.4,24.463827,24.532166
2022-12-13 03:00:00,22.9,24.35455,24.521015
2022-12-13 04:00:00,22.8,23.972971,24.550903
2022-12-13 05:00:00,23.5,24.064936,24.670052
2022-12-13 06:00:00,23.2,24.737848,25.292768
2022-12-13 07:00:00,24.6,25.405334,25.500338
2022-12-13 08:00:00,26.1,26.374853,26.211327
2022-12-13 09:00:00,27.4,27.201454,27.228783
2022-12-13 10:00:00,28.0,27.752924,27.708492
2022-12-13 11:00:00,28.3,28.04634,28.16274
2022-12-13 12:00:00,28.4,28.032,28.474163
2022-12-13 13:00:00,28.4,27.976162,28.350996
2022-12-13 14:00:00,28.3,27.985928,28.24252
2022-12-13 15:00:00,27.9,27.42471,27.980885
2022-12-13 16:00:00,27.4,27.122997,27.383753
2022-12-13 17:00:00,26.4,26.46272,27.028187
2022-12-13 18:00:00,26.1,25.893467,26.500862
2022-12-13 19:00:00,25.9,25.622028,25.964525
2022-12-13 20:00:00,25.5,25.310059,25.551722
2022-12-13 21:00:00,24.9,25.114162,25.298588
2022-12-13 22:00:00,24.0,24.797401,24.881653
2022-12-13 23:00:00,23.3,24.610086,24.607067
2022-12-14 00:00:00,22.8,24.708675,24.591549
2022-12-14 01:00:00,22.8,24.778316,24.34534
2022-12-14 02:00:00,22.3,24.16931,24.410866
2022-12-14 03:00:00,22.3,23.385258,23.422503
2022-12-14 04:00:00,22.7,23.383673,23.427315
2022-12-14 05:00:00,22.7,23.605392,23.872765
2022-12-14 06:00:00,23.1,23.698944,24.497406
2022-12-14 07:00:00,24.1,24.527386,24.588247
2022-12-14 08:00:00,25.5,26.125853,25.347218
2022-12-14 09:00:00,26.5,27.51893,26.458977
2022-12-14 10:00:00,27.0,27.767056,27.64295
2022-12-14 11:00:00,27.4,27.982225,27.986446
2022-12-14 12:00:00,27.6,28.05422,28.219442
2022-12-14 13:00:00,27.6,28.042414,28.22385
2022-12-14 14:00:00,27.4,27.89009,28.106134
2022-12-14 15:00:00,27.0,27.619356,27.82022
2022-12-14 16:00:00,26.3,27.139088,27.276693
2022-12-14 17:00:00,25.7,26.483196,26.797197
2022-12-14 18:00:00,24.6,25.986403,26.132807
2022-12-14 19:00:00,23.9,25.969631,25.63691
2022-12-14 20:00:00,23.5,25.639383,25.329567
2022-12-14 21:00:00,23.0,25.044035,25.107372
2022-12-14 22:00:00,22.3,24.569023,24.578163
2022-12-14 23:00:00,22.3,23.753143,24.048641
2022-12-15 00:00:00,22.2,23.412212,23.97116
2022-12-15 01:00:00,21.8,23.471462,23.406433
2022-12-15 02:00:00,21.4,23.086033,23.601244
2022-12-15 03:00:00,21.3,22.676266,23.288116
2022-12-15 04:00:00,21.3,23.05492,23.546543
2022-12-15 05:00:00,21.4,22.701998,23.954313
2022-12-15 06:00:00,21.3,23.155054,24.029446
2022-12-15 07:00:00,22.2,24.465794,24.575909
2022-12-15 08:00:00,24.3,25.429794,25.500832
2022-12-15 09:00:00,26.1,26.51254,26.271791
2022-12-15 10:00:00,27.1,27.240047,27.28802
2022-12-15 11:00:00,27.6,27.427734,27.657238
2022-12-15 12:00:00,27.9,27.799223,27.934593
2022-12-15 13:00:00,28.0,27.786303,28.188118
2022-12-15 14:00:00,27.8,27.495245,27.991219
2022-12-15 15:00:00,27.3,27.199152,27.544168
2022-12-15 16:00:00,26.6,26.672983,27.042309
2022-12-15 17:00:00,26.2,25.71197,26.460625
2022-12-15 18:00:00,25.6,25.059061,25.790453
2022-12-15 19:00:00,25.1,24.603037,25.07534
2022-12-15 20:00:00,24.8,23.771357,24.700022
2022-12-15 21:00:00,24.3,23.46263,24.385353
2022-12-15 22:00:00,23.8,23.219318,23.992231
2022-12-15 23:00:00,23.2,23.117813,23.617218
2022-12-16 00:00:00,23.0,23.077658,23.703949
2022-12-16 01:00:00,22.8,22.489859,23.119156
2022-12-16 02:00:00,22.7,22.500175,23.06785
2022-12-16 03:00:00,22.6,22.172668,23.034218
2022-12-16 04:00:00,22.6,22.412918,23.243431
2022-12-16 05:00:00,23.0,22.357576,23.429878
2022-12-16 06:00:00,23.2,22.474022,23.748348
2022-12-16 07:00:00,24.4,22.789413,24.118698
2022-12-16 08:00:00,26.1,24.63224,25.042507
2022-12-16 09:00:00,27.4,26.375414,26.312355
2022-12-16 10:00:00,28.0,27.27822,26.76792
2022-12-16 11:00:00,28.1,27.679941,27.379826
2022-12-16 12:00:00,28.3,27.832216,27.805065
2022-12-16 13:00:00,28.3,27.806425,27.953867
2022-12-16 14:00:00,28.1,27.540499,27.853714
2022-12-16 15:00:00,27.7,27.19713,27.473488
2022-12-16 16:00:00,27.0,26.675465,26.897741
2022-12-16 17:00:00,26.5,26.248194,26.200617
2022-12-16 18:00:00,25.8,25.676868,25.779442
2022-12-16 19:00:00,25.6,25.351824,25.075182
2022-12-16 20:00:00,25.6,25.13182,24.735857
2022-12-16 21:00:00,25.5,25.113848,24.431808
2022-12-16 22:00:00,25.3,24.705328,24.07518
2022-12-16 23:00:00,25.0,24.423782,23.969398
2022-12-17 00:00:00,24.8,24.142128,23.764475
2022-12-17 01:00:00,24.7,23.938156,23.21526
2022-12-17 02:00:00,24.3,23.473347,23.213772
2022-12-17 03:00:00,24.1,22.915945,23.253044
2022-12-17 04:00:00,23.9,22.783327,23.30938
2022-12-17 05:00:00,24.3,23.114204,23.514988
2022-12-17 06:00:00,24.2,23.550148,23.856853
2022-12-17 07:00:00,25.2,24.541239,24.342579
2022-12-17 08:00:00,25.0,25.844957,25.295673
2022-12-17 09:00:00,27.0,26.92088,26.220634
2022-12-17 10:00:00,27.4,27.562777,27.442238
2022-12-17 11:00:00,27.8,27.758692,27.932487
2022-12-17 12:00:00,27.8,27.858273,28.095808
2022-12-17 13:00:00,27.7,27.766787,28.164452
2022-12-17 14:00:00,27.5,27.69259,27.932705
2022-12-17 15:00:00,27.1,27.368279,27.595066
2022-12-17 16:00:00,26.6,26.935085,27.089394
2022-12-17 17:00:00,26.1,26.373196,26.477951
2022-12-17 18:00:00,25.8,25.699701,25.975315
2022-12-17 19:00:00,25.5,25.522354,25.471556
2022-12-17 20:00:00,25.2,25.379183,25.192013
2022-12-17 21:00:00,25.1,25.306932,25.02679
2022-12-17 22:00:00,25.1,25.159988,24.842915
2022-12-17 23:00:00,24.9,25.091436,24.600252
2022-12-18 00:00:00,24.9,24.84428,24.341333
2022-12-18 01:00:00,24.6,24.731695,23.827675
2022-12-18 02:00:00,24.2,24.355362,23.829573
2022-12-18 03:00:00,23.8,24.403517,23.73751
2022-12-18 04:00:00,23.5,24.263117,23.742516
2022-12-18 05:00:00,23.6,24.351368,23.876038
2022-12-18 06:00:00,23.9,24.526289,24.303501
2022-12-18 07:00:00,24.8,25.113993,24.679491
2022-12-18 08:00:00,26.4,25.415478,25.7384
2022-12-18 09:00:00,27.4,26.60636,26.031897
2022-12-18 10:00:00,28.1,27.132952,27.716228
2022-12-18 11:00:00,28.4,27.420307,27.811213
2022-12-18 12:00:00,28.0,27.328085,28.200659
2022-12-18 13:00:00,28.0,27.268007,28.156458
2022-12-18 14:00:00,27.5,27.143532,27.956877
2022-12-18 15:00:00,27.4,27.034792,27.693165
2022-12-18 16:00:00,26.7,26.4319,27.178385
2022-12-18 17:00:00,26.2,25.816025,26.70712
2022-12-18 18:00:00,26.0,25.288654,26.25333
2022-12-18 19:00:00,26.0,25.200552,25.836222
2022-12-18 20:00:00,25.9,24.933584,25.497564
2022-12-18 21:00:00,26.0,24.892271,25.33168
2022-12-18 22:00:00,25.6,24.849733,25.193977
2022-12-18 23:00:00,25.4,24.735523,25.07782
2022-12-19 00:00:00,25.0,24.601984,24.871937
2022-12-19 01:00:00,24.5,24.26351,24.367064
2022-12-19 02:00:00,23.9,23.809341,24.240253
2022-12-19 03:00:00,23.5,23.666931,24.16855
2022-12-19 04:00:00,23.2,23.42125,24.068573
2022-12-19 05:00:00,22.9,23.374567,24.154264
2022-12-19 06:00:00,22.5,23.609362,24.573586
2022-12-19 07:00:00,23.1,24.367228,24.927042
2022-12-19 08:00:00,24.9,25.476614,25.696213
2022-12-19 09:00:00,26.5,27.045351,26.789455
2022-12-19 10:00:00,27.2,27.679834,27.784256
2022-12-19 11:00:00,27.5,27.759903,28.19641
2022-12-19 12:00:00,27.6,27.09933,28.365852
2022-12-19 13:00:00,27.7,27.30454,28.159729
2022-12-19 14:00:00,27.3,26.388737,28.003403
2022-12-19 15:00:00,26.8,26.29981,27.532543
2022-12-19 16:00:00,26.2,25.749144,27.255981
2022-12-19 17:00:00,26.1,25.452587,26.57432
2022-12-19 18:00:00,25.8,25.22989,26.045137
2022-12-19 19:00:00,25.6,25.285156,25.803913
2022-12-19 20:00:00,25.3,25.21868,25.484423
2022-12-19 21:00:00,25.2,25.188261,25.262518
2022-12-19 22:00:00,25.3,25.125488,25.208542
2022-12-19 23:00:00,25.4,24.853827,24.92923
2022-12-20 00:00:00,25.2,24.764809,24.738651
2022-12-20 01:00:00,24.6,24.31117,24.048483
2022-12-20 02:00:00,24.4,24.180195,24.092638
2022-12-20 03:00:00,24.2,23.717567,24.004951
2022-12-20 04:00:00,23.7,23.446836,23.983135
2022-12-20 05:00:00,23.5,23.268003,24.061512
2022-12-20 06:00:00,23.4,23.328815,24.201996
2022-12-20 07:00:00,23.8,23.48168,24.530037
2022-12-20 08:00:00,24.8,25.628359,25.347694
2022-12-20 09:00:00,26.2,26.132828,26.580605
2022-12-20 10:00:00,27.4,26.728582,27.224697
2022-12-20 11:00:00,28.1,26.750868,27.595478
2022-12-20 12:00:00,28.2,26.685099,27.882881
2022-12-20 13:00:00,28.1,27.391098,27.874107
2022-12-20 14:00:00,27.8,26.931377,27.812576
2022-12-20 15:00:00,27.4,26.216805,27.275957
2022-12-20 16:00:00,26.5,25.931732,26.926826
2022-12-20 17:00:00,25.8,25.806078,26.34164
2022-12-20 18:00:00,25.1,25.43868,26.04826
2022-12-20 19:00:00,24.9,25.32297,25.645351
2022-12-20 20:00:00,24.6,25.093767,25.362358
2022-12-20 21:00:00,24.4,25.152403,25.124485
2022-12-20 22:00:00,24.2,25.022804,24.957165
2022-12-20 23:00:00,24.1,24.93536,24.79139
2022-12-21 00:00:00,23.9,24.820988,24.683142
2022-12-21 01:00:00,23.6,24.42349,24.003574
2022-12-21 02:00:00,23.5,24.112543,23.840942
2022-12-21 03:00:00,23.4,23.954166,23.834183
2022-12-21 04:00:00,23.4,23.82629,23.784685
2022-12-21 05:00:00,24.4,23.553303,24.034176
2022-12-21 06:00:00,24.4,23.45163,24.283926
2022-12-21 07:00:00,24.7,24.083122,24.556763
2022-12-21 08:00:00,26.0,24.447632,25.236504
2022-12-21 09:00:00,27.0,25.934414,25.872137
2022-12-21 10:00:00,27.3,26.16035,26.964188
2022-12-21 11:00:00,27.9,27.124912,27.643341
2022-12-21 12:00:00,27.9,27.176226,28.055777
2022-12-21 13:00:00,27.9,27.280622,28.09479
2022-12-21 14:00:00,27.8,27.23685,27.88558
2022-12-21 15:00:00,27.3,26.221298,27.55801
2022-12-21 16:00:00,26.8,25.350922,27.128147
2022-12-21 17:00:00,26.5,25.112026,26.356226
2022-12-21 18:00:00,26.1,24.662487,25.848156
2022-12-21 19:00:00,25.7,24.96481,25.361982
2022-12-21 20:00:00,25.5,24.744745,25.079113
2022-12-21 21:00:00,25.2,24.441515,24.75927
2022-12-21 22:00:00,24.9,24.254816,24.623112
2022-12-21 23:00:00,24.6,24.26273,24.416193
2022-12-22 00:00:00,24.4,23.748644,24.362812
2022-12-22 01:00:00,23.8,23.475937,23.71502
2022-12-22 02:00:00,23.4,23.288012,23.620663
2022-12-22 03:00:00,23.0,23.19993,23.854256
2022-12-22 04:00:00,22.7,23.263973,23.673523
2022-12-22 05:00:00,22.8,23.917019,24.051138
2022-12-22 06:00:00,22.9,24.123453,24.668924
2022-12-22 07:00:00,23.7,24.35987,24.854923
2022-12-22 08:00:00,24.9,25.455145,25.305584
2022-12-22 09:00:00,25.8,26.319817,26.601725
2022-12-22 10:00:00,26.8,26.540966,27.42471
2022-12-22 11:00:00,26.7,26.927715,27.795353
2022-12-22 12:00:00,27.5,26.836924,28.229254
2022-12-22 13:00:00,27.9,26.776968,28.112823
2022-12-22 14:00:00,27.7,26.601511,27.90123
2022-12-22 15:00:00,27.2,26.330353,27.689116
2022-12-22 16:00:00,26.5,25.825693,27.140625
2022-12-22 17:00:00,25.9,25.545458,26.593662
2022-12-22 18:00:00,25.6,25.373484,26.183254
2022-12-22 19:00:00,25.4,25.076374,25.717262
2022-12-22 20:00:00,25.2,24.906479,25.330105
2022-12-22 21:00:00,25.1,24.707142,25.13464
2022-12-22 22:00:00,25.0,24.595926,24.865849
2022-12-22 23:00:00,24.8,24.37362,24.643171
2022-12-23 00:00:00,24.7,23.96647,24.485205
2022-12-23 01:00:00,24.3,24.41555,24.098938
2022-12-23 02:00:00,23.9,23.811338,23.99841
2022-12-23 03:00:00,23.7,23.442717,23.897848
2022-12-23 04:00:00,23.3,23.195654,23.945847
2022-12-23 05:00:00,23.2,23.145723,24.098011
2022-12-23 06:00:00,23.2,23.47184,24.523987
2022-12-23 07:00:00,23.9,24.320232,24.835077
2022-12-23 08:00:00,25.1,25.687191,25.7109
2022-12-23 09:00:00,27.1,26.0062,26.59293
2022-12-23 10:00:00,27.6,26.28788,27.338747
2022-12-23 11:00:00,28.2,26.725359,27.502636
2022-12-23 12:00:00,28.2,27.00075,27.389187
2022-12-23 13:00:00,28.1,27.275488,27.951147
2022-12-23 14:00:00,27.6,27.089241,27.846716
2022-12-23 15:00:00,27.3,26.725388,27.512089
2022-12-23 16:00:00,26.9,25.408266,26.985497
2022-12-23 17:00:00,26.1,25.311617,26.505093
2022-12-23 18:00:00,25.7,24.979774,26.010965
2022-12-23 19:00:00,24.6,24.964931,25.626217
2022-12-23 20:00:00,24.2,24.866047,25.293495
2022-12-23 21:00:00,24.0,24.721151,25.088108
2022-12-23 22:00:00,24.3,24.53017,24.864216
2022-12-23 23:00:00,24.4,24.430374,24.67673
2022-12-24 00:00:00,24.3,24.179182,24.472805
2022-12-24 01:00:00,24.5,23.986725,24.181774
2022-12-24 02:00:00,24.5,23.8628,24.003893
2022-12-24 03:00:00,24.4,23.92583,23.912132
2022-12-24 04:00:00,24.3,23.44217,23.965155
2022-12-24 05:00:00,24.5,23.349045,23.939743
2022-12-24 06:00:00,24.1,23.512537,24.281918
2022-12-24 07:00:00,24.3,24.20924,24.659813
2022-12-24 08:00:00,25.1,25.401152,25.485233
2022-12-24 09:00:00,25.9,25.976812,26.4161
2022-12-24 10:00:00,26.6,26.810867,27.394356
2022-12-24 11:00:00,26.5,27.602482,27.537214
2022-12-24 12:00:00,26.8,27.29445,28.026144
2022-12-24 13:00:00,27.0,27.60754,28.038794
2022-12-24 14:00:00,26.6,27.22608,27.864468
2022-12-24 15:00:00,25.2,26.9263,27.375252
2022-12-24 16:00:00,24.5,25.791952,26.966267
2022-12-24 17:00:00,25.6,25.460554,26.43557
2022-12-24 18:00:00,25.3,25.40609,25.847855
2022-12-24 19:00:00,25.0,24.982338,25.513624
2022-12-24 20:00:00,24.6,24.709826,24.90087
2022-12-24 21:00:00,25.2,24.788252,24.610844
2022-12-24 22:00:00,24.4,24.789335,24.334545
2022-12-24 23:00:00,24.2,24.720345,24.390343
2022-12-25 00:00:00,24.3,24.654951,24.182684
2022-12-25 01:00:00,24.0,24.469088,23.756672
2022-12-25 02:00:00,23.8,24.457645,23.784946
2022-12-25 03:00:00,23.7,24.41353,23.889
2022-12-25 04:00:00,23.6,24.436956,23.940054
2022-12-25 05:00:00,24.1,24.512066,24.094238
2022-12-25 06:00:00,24.6,24.577635,24.410484
2022-12-25 07:00:00,25.4,24.7402,24.468689
2022-12-25 08:00:00,26.6,25.496943,25.049545
2022-12-25 09:00:00,27.5,26.560379,25.870903
2022-12-25 10:00:00,27.6,27.485935,26.847736
2022-12-25 11:00:00,28.2,27.658506,27.282099
2022-12-25 12:00:00,28.0,27.576643,27.413284
2022-12-25 13:00:00,27.8,27.240587,27.634916
2022-12-25 14:00:00,27.5,27.056744,27.476665
2022-12-25 15:00:00,27.3,26.595095,26.921162
2022-12-25 16:00:00,26.8,25.62575,26.17233
2022-12-25 17:00:00,26.1,25.597502,25.725948
2022-12-25 18:00:00,25.8,25.353016,26.108856
2022-12-25 19:00:00,25.3,25.229073,25.33461
2022-12-25 20:00:00,25.1,25.097275,24.915459
2022-12-25 21:00:00,25.5,25.326124,24.951817
2022-12-25 22:00:00,25.7,24.910576,24.89262
2022-12-25 23:00:00,25.5,24.724762,24.453947
2022-12-26 00:00:00,25.3,24.630283,24.608183
2022-12-26 01:00:00,25.1,24.51046,24.035717
2022-12-26 02:00:00,24.7,24.488075,24.23702
2022-12-26 03:00:00,24.4,24.328661,23.490643
2022-12-26 04:00:00,24.6,24.024834,23.815174
2022-12-26 05:00:00,24.7,24.257502,24.02892
2022-12-26 06:00:00,25.1,24.574358,24.795776
2022-12-26 07:00:00,25.6,25.622553,25.01017
2022-12-26 08:00:00,26.6,26.43456,25.887693
2022-12-26 09:00:00,27.0,27.213701,26.724995
2022-12-26 10:00:00,26.9,27.505924,27.392256
2022-12-26 11:00:00,27.0,27.75995,27.835169
2022-12-26 12:00:00,27.3,27.65352,28.116245
2022-12-26 13:00:00,27.5,27.550703,28.078129
2022-12-26 14:00:00,27.4,27.349716,27.908512
2022-12-26 15:00:00,26.9,26.986225,27.507057
2022-12-26 16:00:00,26.7,26.728403,27.07288
2022-12-26 17:00:00,26.0,26.313898,26.668915
2022-12-26 18:00:00,25.7,25.81076,25.921474
2022-12-26 19:00:00,25.7,25.45516,25.661749
2022-12-26 20:00:00,25.3,25.425669,25.235003
2022-12-26 21:00:00,24.8,25.580223,25.25061
2022-12-26 22:00:00,24.5,25.409275,25.158413
2022-12-26 23:00:00,24.1,25.454828,25.064634
2022-12-27 00:00:00,23.7,24.995071,25.038162
2022-12-27 01:00:00,23.6,24.847845,24.439373
2022-12-27 02:00:00,23.2,24.746264,24.507648
2022-12-27 03:00:00,23.5,24.661009,24.281975
2022-12-27 04:00:00,22.7,24.656544,24.3022
2022-12-27 05:00:00,22.9,24.516996,24.659773
2022-12-27 06:00:00,23.2,24.683123,24.639904
2022-12-27 07:00:00,23.9,25.300224,25.27737
2022-12-27 08:00:00,25.2,26.43253,26.00336
2022-12-27 09:00:00,26.9,27.424578,26.799843
2022-12-27 10:00:00,27.9,27.585545,27.30615
2022-12-27 11:00:00,28.4,27.591166,27.502377
2022-12-27 12:00:00,28.5,27.942383,28.078266
2022-12-27 13:00:00,28.5,27.839947,28.133465
2022-12-27 14:00:00,28.2,27.601583,27.94661
2022-12-27 15:00:00,27.8,27.172895,27.665428
2022-12-27 16:00:00,27.3,26.820543,27.096401
2022-12-27 17:00:00,26.6,26.224617,27.038998
2022-12-27 18:00:00,24.9,25.942295,26.053108
2022-12-27 19:00:00,24.8,25.807686,25.912271
2022-12-27 20:00:00,24.7,25.425978,25.265507
2022-12-27 21:00:00,24.2,25.112692,24.951567
2022-12-27 22:00:00,23.7,25.110044,24.651909
2022-12-27 23:00:00,23.5,24.977957,24.580639
2022-12-28 00:00:00,23.5,24.403202,24.208805
2022-12-28 01:00:00,23.3,23.734348,23.62568
2022-12-28 02:00:00,23.0,23.225069,23.471973
2022-12-28 03:00:00,22.4,23.818462,23.682625
2022-12-28 04:00:00,22.7,23.370491,24.029268
2022-12-28 05:00:00,23.0,23.343277,23.959282
2022-12-28 06:00:00,23.0,23.85316,24.532207
2022-12-28 07:00:00,23.8,24.566969,24.881247
2022-12-28 08:00:00,25.4,26.043058,25.647518
2022-12-28 09:00:00,26.9,26.820457,26.451332
2022-12-28 10:00:00,27.8,27.463655,27.638718
2022-12-28 11:00:00,28.4,27.89802,28.22947
2022-12-28 12:00:00,28.6,28.050638,28.563097
2022-12-28 13:00:00,28.5,28.066656,28.615726
2022-12-28 14:00:00,28.2,27.953047,28.563374
2022-12-28 15:00:00,27.7,27.561235,28.245064
2022-12-28 16:00:00,27.0,27.06591,27.68197
2022-12-28 17:00:00,26.4,26.552193,27.069519
2022-12-28 18:00:00,25.2,25.634039,26.480263
2022-12-28 19:00:00,24.5,25.051693,25.416042
2022-12-28 20:00:00,24.0,25.081406,25.2598
2022-12-28 21:00:00,23.7,24.783752,25.178635
2022-12-28 22:00:00,23.5,24.505972,24.875505
2022-12-28 23:00:00,23.2,24.262642,24.74143
2022-12-29 00:00:00,23.1,23.894451,24.686808
2022-12-29 01:00:00,23.9,23.643593,24.33762
2022-12-29 02:00:00,24.6,23.466982,24.369837
2022-12-29 03:00:00,22.6,22.70162,24.361238
2022-12-29 04:00:00,22.2,22.713211,23.970827
2022-12-29 05:00:00,23.1,23.003103,24.019043
2022-12-29 06:00:00,23.3,23.192358,24.52045
2022-12-29 07:00:00,23.7,24.26457,24.741138
2022-12-29 08:00:00,25.4,25.895267,25.715567
2022-12-29 09:00:00,26.8,27.105764,26.840748
2022-12-29 10:00:00,27.8,27.557257,28.375883
2022-12-29 11:00:00,28.7,28.256144,28.847233
2022-12-29 12:00:00,29.1,28.147413,28.892141
2022-12-29 13:00:00,28.9,28.281303,28.888142
2022-12-29 14:00:00,28.1,27.958239,28.454275
2022-12-29 15:00:00,27.6,27.571493,28.100178
2022-12-29 16:00:00,27.0,27.003511,27.6311
2022-12-29 17:00:00,26.4,26.344936,26.9628
2022-12-29 18:00:00,25.2,25.436811,26.42852
2022-12-29 19:00:00,24.5,25.117645,25.560482
2022-12-29 20:00:00,24.5,24.878843,25.135746
2022-12-29 21:00:00,24.0,24.386274,24.930698
2022-12-29 22:00:00,23.3,24.123814,24.66801
2022-12-29 23:00:00,25.0,23.733644,24.598938
2022-12-30 00:00:00,24.2,23.55991,24.567875
2022-12-30 01:00:00,23.3,24.022224,24.152588
2022-12-30 02:00:00,22.3,24.531376,24.506758
2022-12-30 03:00:00,22.9,23.797009,24.770966
2022-12-30 04:00:00,22.9,22.905012,23.444664
2022-12-30 05:00:00,22.8,23.049412,23.94639
2022-12-30 06:00:00,23.0,23.436201,24.796986
2022-12-30 07:00:00,23.7,24.205603,24.943108
2022-12-30 08:00:00,24.7,25.962433,25.583435
2022-12-30 09:00:00,26.0,27.46938,27.172722
2022-12-30 10:00:00,27.2,28.242165,28.308125
2022-12-30 11:00:00,28.1,28.23485,28.897118
2022-12-30 12:00:00,28.6,28.403603,28.495422
2022-12-30 13:00:00,28.7,28.40744,28.899464
2022-12-30 14:00:00,28.1,27.7805,28.606035
2022-12-30 15:00:00,27.5,27.373762,27.906466
2022-12-30 16:00:00,26.8,26.669073,27.446098
2022-12-30 17:00:00,26.2,26.087372,26.874653
2022-12-30 18:00:00,24.9,25.23352,26.226688
2022-12-30 19:00:00,23.8,24.67886,25.441204
2022-12-30 20:00:00,23.0,24.66871,25.014467
2022-12-30 21:00:00,22.8,24.60792,24.73541
2022-12-30 22:00:00,23.0,24.113998,24.430618
2022-12-30 23:00:00,23.2,24.654552,24.161358
2022-12-31 00:00:00,24.5,24.558332,24.807697
2022-12-31 01:00:00,23.9,23.75423,24.013689
2022-12-31 02:00:00,22.8,22.92421,23.37651
2022-12-31 03:00:00,21.9,23.061579,23.724977
2022-12-31 04:00:00,21.4,23.675941,24.119972
2022-12-31 05:00:00,21.3,23.344095,24.21526
2022-12-31 06:00:00,21.6,23.228586,24.519497
2022-12-31 07:00:00,22.1,24.139011,25.026154
2022-12-31 08:00:00,23.0,25.455761,25.862488
2022-12-31 09:00:00,25.0,27.0542,27.017221
2022-12-31 10:00:00,26.5,27.816944,28.17707
2022-12-31 11:00:00,27.7,28.362219,29.186316
2022-12-31 12:00:00,28.2,28.450455,29.37582
2022-12-31 13:00:00,28.6,28.484596,28.896614
2022-12-31 14:00:00,28.5,27.93155,28.854832
2022-12-31 15:00:00,27.8,27.456903,28.178444
2022-12-31 16:00:00,26.5,26.76991,27.699936
2022-12-31 17:00:00,25.8,26.15576,27.023636
2022-12-31 18:00:00,24.9,25.325745,26.46786
2022-12-31 19:00:00,24.5,24.721315,25.69169
2022-12-31 20:00:00,24.1,23.965971,25.136547
2022-12-31 21:00:00,23.7,23.64209,24.801424
2022-12-31 22:00:00,23.1,23.834223,24.53947
2022-12-31 23:00:00,22.6,23.646729,24.517635
