timestamp,target_rain_24h,rain_probability,rain_prediction,threshold
2023-01-01 00:00:00,0.0,0.02672759,0,0.2
2023-01-01 01:00:00,0.0,0.029571531,0,0.2
2023-01-01 02:00:00,0.0,0.049694236,0,0.2
2023-01-01 03:00:00,0.0,0.070033014,0,0.2
2023-01-01 04:00:00,0.0,0.03913987,0,0.2
2023-01-01 05:00:00,0.0,0.042518564,0,0.2
2023-01-01 06:00:00,0.0,0.04542719,0,0.2
2023-01-01 07:00:00,0.0,0.078116,0,0.2
2023-01-01 08:00:00,0.0,0.026353486,0,0.2
2023-01-01 09:00:00,0.0,0.091060646,0,0.2
2023-01-01 10:00:00,0.0,0.082894765,0,0.2
2023-01-01 11:00:00,0.0,0.06912741,0,0.2
2023-01-01 12:00:00,0.0,0.09668158,0,0.2
2023-01-01 13:00:00,0.0,0.0863902,0,0.2
2023-01-01 14:00:00,0.0,0.057479236,0,0.2
2023-01-01 15:00:00,0.0,0.05725412,0,0.2
2023-01-01 16:00:00,0.0,0.019000119,0,0.2
2023-01-01 17:00:00,0.0,0.01586126,0,0.2
2023-01-01 18:00:00,0.0,0.0055793035,0,0.2
2023-01-01 19:00:00,0.0,0.006347933,0,0.2
2023-01-01 20:00:00,0.0,0.006799203,0,0.2
2023-01-01 21:00:00,0.0,0.009101489,0,0.2
2023-01-01 22:00:00,0.0,0.01451485,0,0.2
2023-01-01 23:00:00,0.0,0.0076104496,0,0.2
2023-01-02 00:00:00,0.0,0.010476142,0,0.2
2023-01-02 01:00:00,0.0,0.009639668,0,0.2
2023-01-02 02:00:00,0.0,0.0062641418,0,0.2
2023-01-02 03:00:00,0.0,0.005412039,0,0.2
2023-01-02 04:00:00,0.0,0.0035120505,0,0.2
2023-01-02 05:00:00,0.0,0.018659139,0,0.2
2023-01-02 06:00:00,0.0,0.02758046,0,0.2
2023-01-02 07:00:00,0.0,0.029690979,0,0.2
2023-01-02 08:00:00,0.0,0.09248265,0,0.2
2023-01-02 09:00:00,0.0,0.15426274,0,0.2
2023-01-02 10:00:00,0.0,0.17311616,0,0.2
2023-01-02 11:00:00,0.0,0.096328095,0,0.2
2023-01-02 12:00:00,0.0,0.050538924,0,0.2
2023-01-02 13:00:00,0.0,0.078109615,0,0.2
2023-01-02 14:00:00,0.0,0.05975741,0,0.2
2023-01-02 15:00:00,0.0,0.09511648,0,0.2
2023-01-02 16:00:00,0.0,0.05660124,0,0.2
2023-01-02 17:00:00,0.0,0.041331094,0,0.2
2023-01-02 18:00:00,0.0,0.029445492,0,0.2
2023-01-02 19:00:00,0.0,0.03648037,0,0.2
2023-01-02 20:00:00,0.0,0.054612678,0,0.2
2023-01-02 21:00:00,0.0,0.044672187,0,0.2
2023-01-02 22:00:00,0.0,0.01822381,0,0.2
2023-01-02 23:00:00,0.0,0.039272036,0,0.2
2023-01-03 00:00:00,0.0,0.03918332,0,0.2
2023-01-03 01:00:00,0.0,0.041496284,0,0.2
2023-01-03 02:00:00,0.0,0.03817591,0,0.2
2023-01-03 03:00:00,0.0,0.044236887,0,0.2
2023-01-03 04:00:00,0.0,0.051297486,0,0.2
2023-01-03 05:00:00,0.0,0.047966532,0,0.2
2023-01-03 06:00:00,1.0,0.093598805,0,0.2
2023-01-03 07:00:00,0.0,0.11523392,0,0.2
2023-01-03 08:00:00,0.0,0.109218225,0,0.2
2023-01-03 09:00:00,1.0,0.23975205,1,0.2
2023-01-03 10:00:00,1.0,0.3190945,1,0.2
2023-01-03 11:00:00,1.0,0.272325,1,0.2
2023-01-03 12:00:00,1.0,0.111875765,0,0.2
2023-01-03 13:00:00,0.0,0.21078134,1,0.2
2023-01-03 14:00:00,0.0,0.24130619,1,0.2
2023-01-03 15:00:00,0.0,0.21435623,1,0.2
2023-01-03 16:00:00,0.0,0.036184534,0,0.2
2023-01-03 17:00:00,0.0,0.03322144,0,0.2
2023-01-03 18:00:00,0.0,0.020167978,0,0.2
2023-01-03 19:00:00,0.0,0.021666473,0,0.2
2023-01-03 20:00:00,0.0,0.02484532,0,0.2
2023-01-03 21:00:00,0.0,0.04250068,0,0.2
2023-01-03 22:00:00,0.0,0.032739155,0,0.2
2023-01-03 23:00:00,0.0,0.0513844,0,0.2
2023-01-04 00:00:00,0.0,0.092690386,0,0.2
2023-01-04 01:00:00,0.0,0.07762373,0,0.2
2023-01-04 02:00:00,0.0,0.065000124,0,0.2
2023-01-04 03:00:00,0.0,0.05555638,0,0.2
2023-01-04 04:00:00,0.0,0.078549385,0,0.2
2023-01-04 05:00:00,0.0,0.09137862,0,0.2
2023-01-04 06:00:00,0.0,0.16073634,0,0.2
2023-01-04 07:00:00,0.0,0.17888395,0,0.2
2023-01-04 08:00:00,0.0,0.35213253,1,0.2
2023-01-04 09:00:00,0.0,0.4005568,1,0.2
2023-01-04 10:00:00,0.0,0.24883045,1,0.2
2023-01-04 11:00:00,0.0,0.22853218,1,0.2
2023-01-04 12:00:00,0.0,0.25950104,1,0.2
2023-01-04 13:00:00,0.0,0.32351178,1,0.2
2023-01-04 14:00:00,0.0,0.51687217,1,0.2
2023-01-04 15:00:00,0.0,0.33830217,1,0.2
2023-01-04 16:00:00,0.0,0.11842105,0,0.2
2023-01-04 17:00:00,0.0,0.09387391,0,0.2
2023-01-04 18:00:00,0.0,0.04314131,0,0.2
2023-01-04 19:00:00,0.0,0.07856926,0,0.2
2023-01-04 20:00:00,0.0,0.07560866,0,0.2
2023-01-04 21:00:00,0.0,0.061801832,0,0.2
2023-01-04 22:00:00,0.0,0.094679646,0,0.2
2023-01-04 23:00:00,0.0,0.105051525,0,0.2
2023-01-05 00:00:00,0.0,0.10634318,0,0.2
2023-01-05 01:00:00,0.0,0.093443274,0,0.2
2023-01-05 02:00:00,0.0,0.16971336,0,0.2
2023-01-05 03:00:00,0.0,0.1053006,0,0.2
2023-01-05 04:00:00,0.0,0.082211375,0,0.2
2023-01-05 05:00:00,0.0,0.09342787,0,0.2
2023-01-05 06:00:00,0.0,0.09201035,0,0.2
2023-01-05 07:00:00,0.0,0.09132948,0,0.2
2023-01-05 08:00:00,0.0,0.14309368,0,0.2
2023-01-05 09:00:00,0.0,0.14336082,0,0.2
2023-01-05 10:00:00,0.0,0.11815401,0,0.2
2023-01-05 11:00:00,0.0,0.1914684,0,0.2
2023-01-05 12:00:00,0.0,0.23209277,1,0.2
2023-01-05 13:00:00,0.0,0.25019997,1,0.2
2023-01-05 14:00:00,0.0,0.22533938,1,0.2
2023-01-05 15:00:00,0.0,0.16995746,0,0.2
2023-01-05 16:00:00,0.0,0.12707609,0,0.2
2023-01-05 17:00:00,0.0,0.0407208,0,0.2
2023-01-05 18:00:00,0.0,0.033870034,0,0.2
2023-01-05 19:00:00,0.0,0.046255704,0,0.2
2023-01-05 20:00:00,0.0,0.04969421,0,0.2
2023-01-05 21:00:00,0.0,0.061348677,0,0.2
2023-01-05 22:00:00,0.0,0.09448368,0,0.2
2023-01-05 23:00:00,0.0,0.08206529,0,0.2
2023-01-06 00:00:00,0.0,0.09939739,0,0.2
2023-01-06 01:00:00,0.0,0.10866137,0,0.2
2023-01-06 02:00:00,0.0,0.17655852,0,0.2
2023-01-06 03:00:00,0.0,0.22491908,1,0.2
2023-01-06 04:00:00,0.0,0.21991043,1,0.2
2023-01-06 05:00:00,0.0,0.19210881,0,0.2
2023-01-06 06:00:00,0.0,0.2716625,1,0.2
2023-01-06 07:00:00,0.0,0.1372356,0,0.2
2023-01-06 08:00:00,0.0,0.2459612,1,0.2
2023-01-06 09:00:00,0.0,0.1371688,0,0.2
2023-01-06 10:00:00,0.0,0.09312483,0,0.2
2023-01-06 11:00:00,0.0,0.101506986,0,0.2
2023-01-06 12:00:00,0.0,0.18315446,0,0.2
2023-01-06 13:00:00,0.0,0.1125438,0,0.2
2023-01-06 14:00:00,0.0,0.10671418,0,0.2
2023-01-06 15:00:00,0.0,0.13795991,0,0.2
2023-01-06 16:00:00,0.0,0.077146605,0,0.2
2023-01-06 17:00:00,0.0,0.060547672,0,0.2
2023-01-06 18:00:00,0.0,0.027488148,0,0.2
2023-01-06 19:00:00,0.0,0.020082071,0,0.2
2023-01-06 20:00:00,0.0,0.029042922,0,0.2
2023-01-06 21:00:00,0.0,0.029934121,0,0.2
2023-01-06 22:00:00,1.0,0.026423225,0,0.2
2023-01-06 23:00:00,0.0,0.047216292,0,0.2
2023-01-07 00:00:00,0.0,0.070253536,0,0.2
2023-01-07 01:00:00,0.0,0.08363793,0,0.2
2023-01-07 02:00:00,0.0,0.10961467,0,0.2
2023-01-07 03:00:00,0.0,0.16792518,0,0.2
2023-01-07 04:00:00,0.0,0.17801446,0,0.2
2023-01-07 05:00:00,0.0,0.16376366,0,0.2
2023-01-07 06:00:00,0.0,0.14437981,0,0.2
2023-01-07 07:00:00,0.0,0.15325525,0,0.2
2023-01-07 08:00:00,1.0,0.20446184,1,0.2
2023-01-07 09:00:00,1.0,0.13476315,0,0.2
2023-01-07 10:00:00,1.0,0.12529314,0,0.2
2023-01-07 11:00:00,0.0,0.26160696,1,0.2
2023-01-07 12:00:00,0.0,0.18068565,0,0.2
2023-01-07 13:00:00,0.0,0.19139954,0,0.2
2023-01-07 14:00:00,0.0,0.15924774,0,0.2
2023-01-07 15:00:00,0.0,0.060294252,0,0.2
2023-01-07 16:00:00,0.0,0.051518824,0,0.2
2023-01-07 17:00:00,0.0,0.02953944,0,0.2
2023-01-07 18:00:00,0.0,0.02210767,0,0.2
2023-01-07 19:00:00,0.0,0.019361177,0,0.2
2023-01-07 20:00:00,0.0,0.027712991,0,0.2
2023-01-07 21:00:00,0.0,0.06137607,0,0.2
2023-01-07 22:00:00,0.0,0.08762531,0,0.2
2023-01-07 23:00:00,0.0,0.10571185,0,0.2
2023-01-08 00:00:00,0.0,0.12852229,0,0.2
2023-01-08 01:00:00,0.0,0.117629826,0,0.2
2023-01-08 02:00:00,0.0,0.16626336,0,0.2
2023-01-08 03:00:00,0.0,0.14496937,0,0.2
2023-01-08 04:00:00,0.0,0.128789,0,0.2
2023-01-08 05:00:00,0.0,0.37175637,1,0.2
2023-01-08 06:00:00,0.0,0.7496853,1,0.2
2023-01-08 07:00:00,0.0,0.7592937,1,0.2
2023-01-08 08:00:00,0.0,0.7919371,1,0.2
2023-01-08 09:00:00,0.0,0.68618345,1,0.2
2023-01-08 10:00:00,0.0,0.6138741,1,0.2
2023-01-08 11:00:00,0.0,0.177769,0,0.2
2023-01-08 12:00:00,0.0,0.2972673,1,0.2
2023-01-08 13:00:00,0.0,0.25360107,1,0.2
2023-01-08 14:00:00,0.0,0.17854057,0,0.2
2023-01-08 15:00:00,0.0,0.10907116,0,0.2
2023-01-08 16:00:00,0.0,0.053702984,0,0.2
2023-01-08 17:00:00,0.0,0.016483136,0,0.2
2023-01-08 18:00:00,0.0,0.014642518,0,0.2
2023-01-08 19:00:00,0.0,0.017789802,0,0.2
2023-01-08 20:00:00,0.0,0.024593623,0,0.2
2023-01-08 21:00:00,0.0,0.015375776,0,0.2
2023-01-08 22:00:00,0.0,0.015027532,0,0.2
2023-01-08 23:00:00,0.0,0.013987978,0,0.2
2023-01-09 00:00:00,0.0,0.02361084,0,0.2
2023-01-09 01:00:00,0.0,0.027098961,0,0.2
2023-01-09 02:00:00,0.0,0.02922125,0,0.2
2023-01-09 03:00:00,0.0,0.024331084,0,0.2
2023-01-09 04:00:00,0.0,0.021191312,0,0.2
2023-01-09 05:00:00,0.0,0.005461931,0,0.2
2023-01-09 06:00:00,0.0,0.008014757,0,0.2
2023-01-09 07:00:00,0.0,0.011930088,0,0.2
2023-01-09 08:00:00,0.0,0.009040382,0,0.2
2023-01-09 09:00:00,0.0,0.0073546846,0,0.2
2023-01-09 10:00:00,0.0,0.0074532465,0,0.2
2023-01-09 11:00:00,0.0,0.010370515,0,0.2
2023-01-09 12:00:00,0.0,0.0071707116,0,0.2
2023-01-09 13:00:00,0.0,0.0065414924,0,0.2
2023-01-09 14:00:00,0.0,0.015136591,0,0.2
2023-01-09 15:00:00,0.0,0.014234505,0,0.2
2023-01-09 16:00:00,0.0,0.011388167,0,0.2
2023-01-09 17:00:00,0.0,0.009585711,0,0.2
2023-01-09 18:00:00,0.0,0.012201504,0,0.2
2023-01-09 19:00:00,0.0,0.020555817,0,0.2
2023-01-09 20:00:00,0.0,0.013130666,0,0.2
2023-01-09 21:00:00,0.0,0.010299227,0,0.2
2023-01-09 22:00:00,0.0,0.006710531,0,0.2
2023-01-09 23:00:00,0.0,0.017470546,0,0.2
2023-01-10 00:00:00,0.0,0.017148059,0,0.2
2023-01-10 01:00:00,0.0,0.01245804,0,0.2
2023-01-10 02:00:00,0.0,0.018509464,0,0.2
2023-01-10 03:00:00,0.0,0.01427684,0,0.2
2023-01-10 04:00:00,0.0,0.0127411205,0,0.2
2023-01-10 05:00:00,0.0,0.011980352,0,0.2
2023-01-10 06:00:00,0.0,0.050607525,0,0.2
2023-01-10 07:00:00,0.0,0.017838802,0,0.2
2023-01-10 08:00:00,0.0,0.030242795,0,0.2
2023-01-10 09:00:00,0.0,0.018828174,0,0.2
2023-01-10 10:00:00,0.0,0.023723898,0,0.2
2023-01-10 11:00:00,0.0,0.0112311235,0,0.2
2023-01-10 12:00:00,0.0,0.011341192,0,0.2
2023-01-10 13:00:00,0.0,0.018835073,0,0.2
2023-01-10 14:00:00,0.0,0.0137685705,0,0.2
2023-01-10 15:00:00,0.0,0.025298068,0,0.2
2023-01-10 16:00:00,0.0,0.016679479,0,0.2
2023-01-10 17:00:00,0.0,0.020894764,0,0.2
2023-01-10 18:00:00,0.0,0.010852061,0,0.2
2023-01-10 19:00:00,0.0,0.0099468,0,0.2
2023-01-10 20:00:00,0.0,0.012234895,0,0.2
2023-01-10 21:00:00,0.0,0.008119788,0,0.2
2023-01-10 22:00:00,0.0,0.0049272026,0,0.2
2023-01-10 23:00:00,0.0,0.006095456,0,0.2
2023-01-11 00:00:00,0.0,0.00825074,0,0.2
2023-01-11 01:00:00,0.0,0.0077178148,0,0.2
2023-01-11 02:00:00,0.0,0.0068084016,0,0.2
2023-01-11 03:00:00,0.0,0.0096084215,0,0.2
2023-01-11 04:00:00,0.0,0.008155164,0,0.2
2023-01-11 05:00:00,0.0,0.008149239,0,0.2
2023-01-11 06:00:00,0.0,0.010273188,0,0.2
2023-01-11 07:00:00,0.0,0.01021105,0,0.2
2023-01-11 08:00:00,0.0,0.010989539,0,0.2
2023-01-11 09:00:00,0.0,0.028426213,0,0.2
2023-01-11 10:00:00,0.0,0.041841827,0,0.2
2023-01-11 11:00:00,0.0,0.015554284,0,0.2
2023-01-11 12:00:00,0.0,0.017370699,0,0.2
2023-01-11 13:00:00,0.0,0.0065519004,0,0.2
2023-01-11 14:00:00,0.0,0.0075258203,0,0.2
2023-01-11 15:00:00,0.0,0.011217015,0,0.2
2023-01-11 16:00:00,0.0,0.010276597,0,0.2
2023-01-11 17:00:00,0.0,0.02111495,0,0.2
2023-01-11 18:00:00,0.0,0.008470581,0,0.2
2023-01-11 19:00:00,0.0,0.01014946,0,0.2
2023-01-11 20:00:00,0.0,0.009858729,0,0.2
2023-01-11 21:00:00,0.0,0.0055797403,0,0.2
2023-01-11 22:00:00,0.0,0.003378866,0,0.2
2023-01-11 23:00:00,0.0,0.0044442066,0,0.2
2023-01-12 00:00:00,0.0,0.0086561795,0,0.2
2023-01-12 01:00:00,0.0,0.009930881,0,0.2
2023-01-12 02:00:00,0.0,0.00669606,0,0.2
2023-01-12 03:00:00,0.0,0.008766019,0,0.2
2023-01-12 04:00:00,0.0,0.006768379,0,0.2
2023-01-12 05:00:00,0.0,0.008389001,0,0.2
2023-01-12 06:00:00,0.0,0.006827844,0,0.2
2023-01-12 07:00:00,0.0,0.0060065472,0,0.2
2023-01-12 08:00:00,0.0,0.009076447,0,0.2
2023-01-12 09:00:00,0.0,0.017483352,0,0.2
2023-01-12 10:00:00,0.0,0.06720362,0,0.2
2023-01-12 11:00:00,0.0,0.04207313,0,0.2
2023-01-12 12:00:00,0.0,0.018934887,0,0.2
2023-01-12 13:00:00,0.0,0.010795011,0,0.2
2023-01-12 14:00:00,0.0,0.028863447,0,0.2
2023-01-12 15:00:00,0.0,0.038087886,0,0.2
2023-01-12 16:00:00,0.0,0.03448125,0,0.2
2023-01-12 17:00:00,0.0,0.014942453,0,0.2
2023-01-12 18:00:00,0.0,0.005209163,0,0.2
2023-01-12 19:00:00,0.0,0.0061795954,0,0.2
2023-01-12 20:00:00,0.0,0.0068486794,0,0.2
2023-01-12 21:00:00,0.0,0.008934158,0,0.2
2023-01-12 22:00:00,0.0,0.0063577183,0,0.2
2023-01-12 23:00:00,0.0,0.006999376,0,0.2
2023-01-13 00:00:00,0.0,0.010132482,0,0.2
2023-01-13 01:00:00,0.0,0.0090624895,0,0.2
2023-01-13 02:00:00,0.0,0.013108372,0,0.2
2023-01-13 03:00:00,0.0,0.016802387,0,0.2
2023-01-13 04:00:00,0.0,0.00917383,0,0.2
2023-01-13 05:00:00,0.0,0.017933168,0,0.2
2023-01-13 06:00:00,0.0,0.022712704,0,0.2
2023-01-13 07:00:00,0.0,0.025598776,0,0.2
2023-01-13 08:00:00,0.0,0.030956883,0,0.2
2023-01-13 09:00:00,0.0,0.10119928,0,0.2
2023-01-13 10:00:00,0.0,0.10320241,0,0.2
2023-01-13 11:00:00,0.0,0.036354993,0,0.2
2023-01-13 12:00:00,0.0,0.025109252,0,0.2
2023-01-13 13:00:00,0.0,0.020342719,0,0.2
2023-01-13 14:00:00,0.0,0.02528022,0,0.2
2023-01-13 15:00:00,0.0,0.025010018,0,0.2
2023-01-13 16:00:00,0.0,0.013989602,0,0.2
2023-01-13 17:00:00,0.0,0.013742211,0,0.2
2023-01-13 18:00:00,0.0,0.0066594933,0,0.2
2023-01-13 19:00:00,0.0,0.005468245,0,0.2
2023-01-13 20:00:00,0.0,0.0054555372,0,0.2
2023-01-13 21:00:00,0.0,0.0073082354,0,0.2
2023-01-13 22:00:00,0.0,0.0032215717,0,0.2
2023-01-13 23:00:00,0.0,0.0047836187,0,0.2
2023-01-14 00:00:00,0.0,0.007900478,0,0.2
2023-01-14 01:00:00,0.0,0.019542117,0,0.2
2023-01-14 02:00:00,0.0,0.031045321,0,0.2
2023-01-14 03:00:00,0.0,0.022367973,0,0.2
2023-01-14 04:00:00,0.0,0.0100490665,0,0.2
2023-01-14 05:00:00,0.0,0.011378619,0,0.2
2023-01-14 06:00:00,0.0,0.012436194,0,0.2
2023-01-14 07:00:00,0.0,0.022402016,0,0.2
2023-01-14 08:00:00,0.0,0.040724926,0,0.2
2023-01-14 09:00:00,0.0,0.16255632,0,0.2
2023-01-14 10:00:00,0.0,0.1724542,0,0.2
2023-01-14 11:00:00,0.0,0.058281057,0,0.2
2023-01-14 12:00:00,0.0,0.016256042,0,0.2
2023-01-14 13:00:00,0.0,0.019215481,0,0.2
2023-01-14 14:00:00,0.0,0.020612054,0,0.2
2023-01-14 15:00:00,0.0,0.022311177,0,0.2
2023-01-14 16:00:00,0.0,0.014950457,0,0.2
2023-01-14 17:00:00,0.0,0.005029161,0,0.2
2023-01-14 18:00:00,0.0,0.0019292315,0,0.2
2023-01-14 19:00:00,0.0,0.0014338365,0,0.2
2023-01-14 20:00:00,0.0,0.0024156373,0,0.2
2023-01-14 21:00:00,0.0,0.0026382566,0,0.2
2023-01-14 22:00:00,0.0,0.004254359,0,0.2
2023-01-14 23:00:00,0.0,0.0037624796,0,0.2
2023-01-15 00:00:00,0.0,0.005628554,0,0.2
2023-01-15 01:00:00,0.0,0.0077842847,0,0.2
2023-01-15 02:00:00,0.0,0.009438621,0,0.2
2023-01-15 03:00:00,0.0,0.0076096132,0,0.2
2023-01-15 04:00:00,0.0,0.014143588,0,0.2
2023-01-15 05:00:00,0.0,0.015277539,0,0.2
2023-01-15 06:00:00,0.0,0.012299193,0,0.2
2023-01-15 07:00:00,0.0,0.012228097,0,0.2
2023-01-15 08:00:00,0.0,0.019223008,0,0.2
2023-01-15 09:00:00,0.0,0.08018508,0,0.2
2023-01-15 10:00:00,0.0,0.04312043,0,0.2
2023-01-15 11:00:00,0.0,0.06779554,0,0.2
2023-01-15 12:00:00,0.0,0.054328635,0,0.2
2023-01-15 13:00:00,0.0,0.03777987,0,0.2
2023-01-15 14:00:00,0.0,0.027398743,0,0.2
2023-01-15 15:00:00,0.0,0.035593446,0,0.2
2023-01-15 16:00:00,0.0,0.009785225,0,0.2
2023-01-15 17:00:00,0.0,0.0070511675,0,0.2
2023-01-15 18:00:00,0.0,0.0054311557,0,0.2
2023-01-15 19:00:00,0.0,0.003776246,0,0.2
2023-01-15 20:00:00,0.0,0.004482723,0,0.2
2023-01-15 21:00:00,0.0,0.0045817737,0,0.2
2023-01-15 22:00:00,0.0,0.001587621,0,0.2
2023-01-15 23:00:00,0.0,0.0020844215,0,0.2
2023-01-16 00:00:00,0.0,0.0035986018,0,0.2
2023-01-16 01:00:00,0.0,0.0032123516,0,0.2
2023-01-16 02:00:00,0.0,0.007993903,0,0.2
2023-01-16 03:00:00,0.0,0.005329553,0,0.2
2023-01-16 04:00:00,0.0,0.0055377427,0,0.2
2023-01-16 05:00:00,0.0,0.008515368,0,0.2
2023-01-16 06:00:00,0.0,0.0074860496,0,0.2
2023-01-16 07:00:00,0.0,0.010612948,0,0.2
2023-01-16 08:00:00,0.0,0.008748229,0,0.2
2023-01-16 09:00:00,0.0,0.040535845,0,0.2
2023-01-16 10:00:00,0.0,0.027795939,0,0.2
2023-01-16 11:00:00,0.0,0.0046694865,0,0.2
2023-01-16 12:00:00,0.0,0.00945891,0,0.2
2023-01-16 13:00:00,0.0,0.006334466,0,0.2
2023-01-16 14:00:00,0.0,0.015493485,0,0.2
2023-01-16 15:00:00,0.0,0.022182785,0,0.2
2023-01-16 16:00:00,0.0,0.016073838,0,0.2
2023-01-16 17:00:00,0.0,0.01318931,0,0.2
2023-01-16 18:00:00,0.0,0.0065149553,0,0.2
2023-01-16 19:00:00,0.0,0.0074327164,0,0.2
2023-01-16 20:00:00,0.0,0.0040129414,0,0.2
2023-01-16 21:00:00,0.0,0.00456435,0,0.2
2023-01-16 22:00:00,0.0,0.004413456,0,0.2
2023-01-16 23:00:00,0.0,0.0033376827,0,0.2
2023-01-17 00:00:00,0.0,0.006577325,0,0.2
2023-01-17 01:00:00,0.0,0.0050393594,0,0.2
2023-01-17 02:00:00,0.0,0.0071167336,0,0.2
2023-01-17 03:00:00,0.0,0.0121571245,0,0.2
2023-01-17 04:00:00,0.0,0.01735498,0,0.2
2023-01-17 05:00:00,0.0,0.013012729,0,0.2
2023-01-17 06:00:00,0.0,0.046950843,0,0.2
2023-01-17 07:00:00,0.0,0.019450394,0,0.2
2023-01-17 08:00:00,0.0,0.054178666,0,0.2
2023-01-17 09:00:00,0.0,0.46540532,1,0.2
2023-01-17 10:00:00,0.0,0.16959992,0,0.2
2023-01-17 11:00:00,0.0,0.09704515,0,0.2
2023-01-17 12:00:00,0.0,0.058585975,0,0.2
2023-01-17 13:00:00,0.0,0.017483957,0,0.2
2023-01-17 14:00:00,0.0,0.013572717,0,0.2
2023-01-17 15:00:00,0.0,0.0285664,0,0.2
2023-01-17 16:00:00,0.0,0.01635828,0,0.2
2023-01-17 17:00:00,0.0,0.0068424162,0,0.2
2023-01-17 18:00:00,0.0,0.0035166042,0,0.2
2023-01-17 19:00:00,0.0,0.0047798315,0,0.2
2023-01-17 20:00:00,0.0,0.0033891583,0,0.2
2023-01-17 21:00:00,0.0,0.0036478722,0,0.2
2023-01-17 22:00:00,0.0,0.00287824,0,0.2
2023-01-17 23:00:00,0.0,0.0035883205,0,0.2
2023-01-18 00:00:00,0.0,0.0041695377,0,0.2
2023-01-18 01:00:00,0.0,0.016811984,0,0.2
2023-01-18 02:00:00,0.0,0.015247391,0,0.2
2023-01-18 03:00:00,0.0,0.014133318,0,0.2
2023-01-18 04:00:00,0.0,0.003987431,0,0.2
2023-01-18 05:00:00,0.0,0.009140361,0,0.2
2023-01-18 06:00:00,0.0,0.023083623,0,0.2
2023-01-18 07:00:00,0.0,0.028327584,0,0.2
2023-01-18 08:00:00,0.0,0.065147236,0,0.2
2023-01-18 09:00:00,0.0,0.013608497,0,0.2
2023-01-18 10:00:00,0.0,0.056751523,0,0.2
2023-01-18 11:00:00,0.0,0.05376806,0,0.2
2023-01-18 12:00:00,0.0,0.030233141,0,0.2
2023-01-18 13:00:00,0.0,0.027908852,0,0.2
2023-01-18 14:00:00,0.0,0.02114846,0,0.2
2023-01-18 15:00:00,0.0,0.029732447,0,0.2
2023-01-18 16:00:00,0.0,0.018056564,0,0.2
2023-01-18 17:00:00,0.0,0.020608425,0,0.2
2023-01-18 18:00:00,0.0,0.015613292,0,0.2
2023-01-18 19:00:00,0.0,0.0046124696,0,0.2
2023-01-18 20:00:00,0.0,0.011238624,0,0.2
2023-01-18 21:00:00,0.0,0.029901206,0,0.2
2023-01-18 22:00:00,0.0,0.01228284,0,0.2
2023-01-18 23:00:00,0.0,0.004841149,0,0.2
2023-01-19 00:00:00,0.0,0.0046678535,0,0.2
2023-01-19 01:00:00,0.0,0.0063156243,0,0.2
2023-01-19 02:00:00,0.0,0.004981844,0,0.2
2023-01-19 03:00:00,0.0,0.005942472,0,0.2
2023-01-19 04:00:00,0.0,0.009150164,0,0.2
2023-01-19 05:00:00,0.0,0.0084929215,0,0.2
2023-01-19 06:00:00,1.0,0.016236868,0,0.2
2023-01-19 07:00:00,1.0,0.018552385,0,0.2
2023-01-19 08:00:00,1.0,0.0392796,0,0.2
2023-01-19 09:00:00,0.0,0.010088635,0,0.2
2023-01-19 10:00:00,1.0,0.024409581,0,0.2
2023-01-19 11:00:00,1.0,0.041983683,0,0.2
2023-01-19 12:00:00,1.0,0.021560684,0,0.2
2023-01-19 13:00:00,1.0,0.014774986,0,0.2
2023-01-19 14:00:00,1.0,0.01232473,0,0.2
2023-01-19 15:00:00,1.0,0.022919796,0,0.2
2023-01-19 16:00:00,0.0,0.018179728,0,0.2
2023-01-19 17:00:00,0.0,0.0158738,0,0.2
2023-01-19 18:00:00,0.0,0.004019375,0,0.2
2023-01-19 19:00:00,0.0,0.0049904482,0,0.2
2023-01-19 20:00:00,0.0,0.005359764,0,0.2
2023-01-19 21:00:00,0.0,0.009808646,0,0.2
2023-01-19 22:00:00,0.0,0.019818882,0,0.2
2023-01-19 23:00:00,0.0,0.021168696,0,0.2
2023-01-20 00:00:00,0.0,0.061588705,0,0.2
2023-01-20 01:00:00,1.0,0.025828993,0,0.2
2023-01-20 02:00:00,1.0,0.07842728,0,0.2
2023-01-20 03:00:00,0.0,0.05923833,0,0.2
2023-01-20 04:00:00,0.0,0.06181508,0,0.2
2023-01-20 05:00:00,0.0,0.036954552,0,0.2
2023-01-20 06:00:00,0.0,0.13686252,0,0.2
2023-01-20 07:00:00,0.0,0.13712375,0,0.2
2023-01-20 08:00:00,0.0,0.4233094,1,0.2
2023-01-20 09:00:00,0.0,0.6931398,1,0.2
2023-01-20 10:00:00,0.0,0.5869344,1,0.2
2023-01-20 11:00:00,0.0,0.403988,1,0.2
2023-01-20 12:00:00,0.0,0.30493408,1,0.2
2023-01-20 13:00:00,0.0,0.25481611,1,0.2
2023-01-20 14:00:00,0.0,0.34429905,1,0.2
2023-01-20 15:00:00,1.0,0.36337337,1,0.2
2023-01-20 16:00:00,0.0,0.27867904,1,0.2
2023-01-20 17:00:00,0.0,0.19219671,0,0.2
2023-01-20 18:00:00,1.0,0.037735105,0,0.2
2023-01-20 19:00:00,0.0,0.025676098,0,0.2
2023-01-20 20:00:00,1.0,0.036364798,0,0.2
2023-01-20 21:00:00,1.0,0.034477804,0,0.2
2023-01-20 22:00:00,0.0,0.18942195,0,0.2
2023-01-20 23:00:00,0.0,0.3219743,1,0.2
2023-01-21 00:00:00,0.0,0.23023175,1,0.2
2023-01-21 01:00:00,0.0,0.5876578,1,0.2
2023-01-21 02:00:00,0.0,0.71644485,1,0.2
2023-01-21 03:00:00,0.0,0.5842966,1,0.2
2023-01-21 04:00:00,0.0,0.32133806,1,0.2
2023-01-21 05:00:00,0.0,0.121959604,0,0.2
2023-01-21 06:00:00,0.0,0.18355767,0,0.2
2023-01-21 07:00:00,0.0,0.1023116,0,0.2
2023-01-21 08:00:00,0.0,0.15012132,0,0.2
2023-01-21 09:00:00,0.0,0.2444965,1,0.2
2023-01-21 10:00:00,0.0,0.15233912,0,0.2
2023-01-21 11:00:00,0.0,0.16121922,0,0.2
2023-01-21 12:00:00,0.0,0.1656378,0,0.2
2023-01-21 13:00:00,0.0,0.101509966,0,0.2
2023-01-21 14:00:00,0.0,0.1228479,0,0.2
2023-01-21 15:00:00,0.0,0.26621968,1,0.2
2023-01-21 16:00:00,0.0,0.12740469,0,0.2
2023-01-21 17:00:00,0.0,0.02698941,0,0.2
2023-01-21 18:00:00,0.0,0.04458277,0,0.2
2023-01-21 19:00:00,0.0,0.14106598,0,0.2
2023-01-21 20:00:00,0.0,0.30853233,1,0.2
2023-01-21 21:00:00,0.0,0.30295673,1,0.2
2023-01-21 22:00:00,0.0,0.36275274,1,0.2
2023-01-21 23:00:00,0.0,0.35928112,1,0.2
2023-01-22 00:00:00,0.0,0.14666273,0,0.2
2023-01-22 01:00:00,0.0,0.08940804,0,0.2
2023-01-22 02:00:00,0.0,0.08723753,0,0.2
2023-01-22 03:00:00,0.0,0.09911509,0,0.2
2023-01-22 04:00:00,0.0,0.050832395,0,0.2
2023-01-22 05:00:00,0.0,0.05722311,0,0.2
2023-01-22 06:00:00,0.0,0.077867664,0,0.2
2023-01-22 07:00:00,0.0,0.11059302,0,0.2
2023-01-22 08:00:00,0.0,0.19150878,0,0.2
2023-01-22 09:00:00,0.0,0.26331455,1,0.2
2023-01-22 10:00:00,0.0,0.2952784,1,0.2
2023-01-22 11:00:00,0.0,0.20737492,1,0.2
2023-01-22 12:00:00,0.0,0.25417304,1,0.2
2023-01-22 13:00:00,0.0,0.33215234,1,0.2
2023-01-22 14:00:00,0.0,0.39219612,1,0.2
2023-01-22 15:00:00,0.0,0.33858213,1,0.2
2023-01-22 16:00:00,0.0,0.16916145,0,0.2
2023-01-22 17:00:00,0.0,0.15844738,0,0.2
2023-01-22 18:00:00,0.0,0.067587756,0,0.2
2023-01-22 19:00:00,0.0,0.04119292,0,0.2
2023-01-22 20:00:00,0.0,0.06659967,0,0.2
2023-01-22 21:00:00,0.0,0.0844948,0,0.2
2023-01-22 22:00:00,0.0,0.12191389,0,0.2
2023-01-22 23:00:00,0.0,0.12439356,0,0.2
2023-01-23 00:00:00,0.0,0.16105919,0,0.2
2023-01-23 01:00:00,0.0,0.18743266,0,0.2
2023-01-23 02:00:00,0.0,0.15083088,0,0.2
2023-01-23 03:00:00,0.0,0.14558543,0,0.2
2023-01-23 04:00:00,0.0,0.1834809,0,0.2
2023-01-23 05:00:00,0.0,0.20269199,1,0.2
2023-01-23 06:00:00,0.0,0.18126617,0,0.2
2023-01-23 07:00:00,0.0,0.34766898,1,0.2
2023-01-23 08:00:00,0.0,0.59556663,1,0.2
2023-01-23 09:00:00,0.0,0.34087667,1,0.2
2023-01-23 10:00:00,0.0,0.39734372,1,0.2
2023-01-23 11:00:00,0.0,0.53336465,1,0.2
2023-01-23 12:00:00,0.0,0.6028831,1,0.2
2023-01-23 13:00:00,0.0,0.41814026,1,0.2
2023-01-23 14:00:00,0.0,0.30098358,1,0.2
2023-01-23 15:00:00,0.0,0.21538238,1,0.2
2023-01-23 16:00:00,0.0,0.12628345,0,0.2
2023-01-23 17:00:00,0.0,0.10973614,0,0.2
2023-01-23 18:00:00,0.0,0.06671445,0,0.2
2023-01-23 19:00:00,0.0,0.10135635,0,0.2
2023-01-23 20:00:00,0.0,0.15811747,0,0.2
2023-01-23 21:00:00,0.0,0.15425387,0,0.2
2023-01-23 22:00:00,0.0,0.16673519,0,0.2
2023-01-23 23:00:00,0.0,0.1806111,0,0.2
2023-01-24 00:00:00,0.0,0.31029168,1,0.2
2023-01-24 01:00:00,0.0,0.38772517,1,0.2
2023-01-24 02:00:00,0.0,0.43882865,1,0.2
2023-01-24 03:00:00,0.0,0.4641682,1,0.2
2023-01-24 04:00:00,0.0,0.4578649,1,0.2
2023-01-24 05:00:00,0.0,0.34509093,1,0.2
2023-01-24 06:00:00,0.0,0.24572529,1,0.2
2023-01-24 07:00:00,0.0,0.2383674,1,0.2
2023-01-24 08:00:00,1.0,0.32394364,1,0.2
2023-01-24 09:00:00,0.0,0.4468363,1,0.2
2023-01-24 10:00:00,0.0,0.4369479,1,0.2
2023-01-24 11:00:00,0.0,0.40413755,1,0.2
2023-01-24 12:00:00,0.0,0.3859466,1,0.2
2023-01-24 13:00:00,0.0,0.39411184,1,0.2
2023-01-24 14:00:00,0.0,0.25439903,1,0.2
2023-01-24 15:00:00,0.0,0.24472012,1,0.2
2023-01-24 16:00:00,0.0,0.13483512,0,0.2
2023-01-24 17:00:00,0.0,0.087595716,0,0.2
2023-01-24 18:00:00,0.0,0.06673642,0,0.2
2023-01-24 19:00:00,0.0,0.07695057,0,0.2
2023-01-24 20:00:00,0.0,0.098548636,0,0.2
2023-01-24 21:00:00,0.0,0.08907242,0,0.2
2023-01-24 22:00:00,0.0,0.13794617,0,0.2
2023-01-24 23:00:00,0.0,0.12496154,0,0.2
2023-01-25 00:00:00,0.0,0.21549845,1,0.2
2023-01-25 01:00:00,0.0,0.2912797,1,0.2
2023-01-25 02:00:00,0.0,0.29737562,1,0.2
2023-01-25 03:00:00,0.0,0.3031462,1,0.2
2023-01-25 04:00:00,0.0,0.13628186,0,0.2
2023-01-25 05:00:00,0.0,0.16769233,0,0.2
2023-01-25 06:00:00,0.0,0.37589222,1,0.2
2023-01-25 07:00:00,0.0,0.7717398,1,0.2
2023-01-25 08:00:00,0.0,0.6983353,1,0.2
2023-01-25 09:00:00,0.0,0.53445554,1,0.2
2023-01-25 10:00:00,0.0,0.41565377,1,0.2
2023-01-25 11:00:00,0.0,0.19942157,0,0.2
2023-01-25 12:00:00,0.0,0.27685037,1,0.2
2023-01-25 13:00:00,0.0,0.40211934,1,0.2
2023-01-25 14:00:00,0.0,0.22487444,1,0.2
2023-01-25 15:00:00,0.0,0.24164924,1,0.2
2023-01-25 16:00:00,0.0,0.13793449,0,0.2
2023-01-25 17:00:00,0.0,0.086068474,0,0.2
2023-01-25 18:00:00,0.0,0.061563175,0,0.2
2023-01-25 19:00:00,0.0,0.097453944,0,0.2
2023-01-25 20:00:00,0.0,0.12529068,0,0.2
2023-01-25 21:00:00,0.0,0.11844269,0,0.2
2023-01-25 22:00:00,0.0,0.09566901,0,0.2
2023-01-25 23:00:00,0.0,0.08685,0,0.2
2023-01-26 00:00:00,0.0,0.116989195,0,0.2
2023-01-26 01:00:00,0.0,0.105320476,0,0.2
2023-01-26 02:00:00,0.0,0.06697531,0,0.2
2023-01-26 03:00:00,0.0,0.13696653,0,0.2
2023-01-26 04:00:00,0.0,0.05867461,0,0.2
2023-01-26 05:00:00,0.0,0.10161778,0,0.2
2023-01-26 06:00:00,0.0,0.08662337,0,0.2
2023-01-26 07:00:00,0.0,0.07861052,0,0.2
2023-01-26 08:00:00,0.0,0.123328455,0,0.2
2023-01-26 09:00:00,0.0,0.18569197,0,0.2
2023-01-26 10:00:00,0.0,0.15900645,0,0.2
2023-01-26 11:00:00,0.0,0.11544929,0,0.2
2023-01-26 12:00:00,0.0,0.094379336,0,0.2
2023-01-26 13:00:00,0.0,0.07673333,0,0.2
2023-01-26 14:00:00,0.0,0.111333124,0,0.2
2023-01-26 15:00:00,0.0,0.090929486,0,0.2
2023-01-26 16:00:00,0.0,0.009069056,0,0.2
2023-01-26 17:00:00,0.0,0.0148949195,0,0.2
2023-01-26 18:00:00,0.0,0.008074451,0,0.2
2023-01-26 19:00:00,0.0,0.013300175,0,0.2
2023-01-26 20:00:00,0.0,0.008864725,0,0.2
2023-01-26 21:00:00,0.0,0.03158476,0,0.2
2023-01-26 22:00:00,0.0,0.042106725,0,0.2
2023-01-26 23:00:00,0.0,0.07313879,0,0.2
2023-01-27 00:00:00,0.0,0.053497188,0,0.2
2023-01-27 01:00:00,0.0,0.040098477,0,0.2
2023-01-27 02:00:00,0.0,0.02890152,0,0.2
2023-01-27 03:00:00,0.0,0.03241259,0,0.2
2023-01-27 04:00:00,0.0,0.041288905,0,0.2
2023-01-27 05:00:00,0.0,0.03564108,0,0.2
2023-01-27 06:00:00,0.0,0.026156524,0,0.2
2023-01-27 07:00:00,0.0,0.030189363,0,0.2
2023-01-27 08:00:00,0.0,0.059172172,0,0.2
2023-01-27 09:00:00,0.0,0.11168704,0,0.2
2023-01-27 10:00:00,0.0,0.16916662,0,0.2
2023-01-27 11:00:00,0.0,0.09369567,0,0.2
2023-01-27 12:00:00,0.0,0.11741085,0,0.2
2023-01-27 13:00:00,0.0,0.073059976,0,0.2
2023-01-27 14:00:00,0.0,0.039368633,0,0.2
2023-01-27 15:00:00,0.0,0.009211699,0,0.2
2023-01-27 16:00:00,0.0,0.0054249284,0,0.2
2023-01-27 17:00:00,0.0,0.015283568,0,0.2
2023-01-27 18:00:00,0.0,0.017830467,0,0.2
2023-01-27 19:00:00,0.0,0.014320705,0,0.2
2023-01-27 20:00:00,0.0,0.028948616,0,0.2
2023-01-27 21:00:00,0.0,0.026618447,0,0.2
2023-01-27 22:00:00,0.0,0.011416718,0,0.2
2023-01-27 23:00:00,0.0,0.022231532,0,0.2
2023-01-28 00:00:00,0.0,0.0767042,0,0.2
2023-01-28 01:00:00,0.0,0.03272217,0,0.2
2023-01-28 02:00:00,0.0,0.040040918,0,0.2
2023-01-28 03:00:00,0.0,0.028900368,0,0.2
2023-01-28 04:00:00,0.0,0.02075713,0,0.2
2023-01-28 05:00:00,0.0,0.0145957535,0,0.2
2023-01-28 06:00:00,0.0,0.012337947,0,0.2
2023-01-28 07:00:00,0.0,0.0147209205,0,0.2
2023-01-28 08:00:00,0.0,0.017166046,0,0.2
2023-01-28 09:00:00,0.0,0.1418023,0,0.2
2023-01-28 10:00:00,0.0,0.23543404,1,0.2
2023-01-28 11:00:00,0.0,0.06934458,0,0.2
2023-01-28 12:00:00,0.0,0.014408064,0,0.2
2023-01-28 13:00:00,0.0,0.013574741,0,0.2
2023-01-28 14:00:00,1.0,0.01542566,0,0.2
2023-01-28 15:00:00,0.0,0.008984571,0,0.2
2023-01-28 16:00:00,0.0,0.007604117,0,0.2
2023-01-28 17:00:00,0.0,0.0069102426,0,0.2
2023-01-28 18:00:00,0.0,0.0065832073,0,0.2
2023-01-28 19:00:00,0.0,0.009323269,0,0.2
2023-01-28 20:00:00,0.0,0.013081198,0,0.2
2023-01-28 21:00:00,0.0,0.014611735,0,0.2
2023-01-28 22:00:00,0.0,0.026042158,0,0.2
2023-01-28 23:00:00,0.0,0.036622826,0,0.2
2023-01-29 00:00:00,0.0,0.09467057,0,0.2
2023-01-29 01:00:00,0.0,0.10561311,0,0.2
2023-01-29 02:00:00,0.0,0.096640706,0,0.2
2023-01-29 03:00:00,0.0,0.06175074,0,0.2
2023-01-29 04:00:00,0.0,0.062186804,0,0.2
2023-01-29 05:00:00,0.0,0.06286347,0,0.2
2023-01-29 06:00:00,0.0,0.06608794,0,0.2
2023-01-29 07:00:00,1.0,0.09778161,0,0.2
2023-01-29 08:00:00,1.0,0.13088743,0,0.2
2023-01-29 09:00:00,1.0,0.6970777,1,0.2
2023-01-29 10:00:00,0.0,0.6723461,1,0.2
2023-01-29 11:00:00,1.0,0.20498613,1,0.2
2023-01-29 12:00:00,1.0,0.429938,1,0.2
2023-01-29 13:00:00,1.0,0.6523315,1,0.2
2023-01-29 14:00:00,0.0,0.5722799,1,0.2
2023-01-29 15:00:00,0.0,0.42691445,1,0.2
2023-01-29 16:00:00,0.0,0.16411844,0,0.2
2023-01-29 17:00:00,0.0,0.10439328,0,0.2
2023-01-29 18:00:00,0.0,0.18875168,0,0.2
2023-01-29 19:00:00,0.0,0.13612182,0,0.2
2023-01-29 20:00:00,0.0,0.10258755,0,0.2
2023-01-29 21:00:00,0.0,0.13605095,0,0.2
2023-01-29 22:00:00,0.0,0.11615505,0,0.2
2023-01-29 23:00:00,0.0,0.12661058,0,0.2
2023-01-30 00:00:00,0.0,0.2027386,1,0.2
2023-01-30 01:00:00,0.0,0.24333748,1,0.2
2023-01-30 02:00:00,0.0,0.21878107,1,0.2
2023-01-30 03:00:00,0.0,0.18936887,0,0.2
2023-01-30 04:00:00,0.0,0.09380294,0,0.2
2023-01-30 05:00:00,0.0,0.35811746,1,0.2
2023-01-30 06:00:00,1.0,0.28422344,1,0.2
2023-01-30 07:00:00,1.0,0.41863456,1,0.2
2023-01-30 08:00:00,1.0,0.7483991,1,0.2
2023-01-30 09:00:00,1.0,0.53686446,1,0.2
2023-01-30 10:00:00,1.0,0.42701274,1,0.2
2023-01-30 11:00:00,1.0,0.7549044,1,0.2
2023-01-30 12:00:00,1.0,0.7306725,1,0.2
2023-01-30 13:00:00,0.0,0.7471448,1,0.2
2023-01-30 14:00:00,0.0,0.517207,1,0.2
2023-01-30 15:00:00,0.0,0.35554862,1,0.2
2023-01-30 16:00:00,0.0,0.108448505,0,0.2
2023-01-30 17:00:00,0.0,0.12179519,0,0.2
2023-01-30 18:00:00,0.0,0.2565365,1,0.2
2023-01-30 19:00:00,0.0,0.31182858,1,0.2
2023-01-30 20:00:00,0.0,0.29700762,1,0.2
2023-01-30 21:00:00,0.0,0.21544221,1,0.2
2023-01-30 22:00:00,0.0,0.22669934,1,0.2
2023-01-30 23:00:00,0.0,0.26195735,1,0.2
2023-01-31 00:00:00,0.0,0.3563748,1,0.2
2023-01-31 01:00:00,0.0,0.40503332,1,0.2
2023-01-31 02:00:00,0.0,0.4822971,1,0.2
2023-01-31 03:00:00,0.0,0.5984888,1,0.2
2023-01-31 04:00:00,0.0,0.6501648,1,0.2
2023-01-31 05:00:00,0.0,0.46885535,1,0.2
2023-01-31 06:00:00,0.0,0.62711155,1,0.2
2023-01-31 07:00:00,0.0,0.620011,1,0.2
2023-01-31 08:00:00,0.0,0.688082,1,0.2
2023-01-31 09:00:00,0.0,0.692356,1,0.2
2023-01-31 10:00:00,0.0,0.5331296,1,0.2
2023-01-31 11:00:00,0.0,0.6384627,1,0.2
2023-01-31 12:00:00,0.0,0.63532233,1,0.2
2023-01-31 13:00:00,0.0,0.6381002,1,0.2
2023-01-31 14:00:00,0.0,0.45787305,1,0.2
2023-01-31 15:00:00,0.0,0.46245968,1,0.2
2023-01-31 16:00:00,0.0,0.36437914,1,0.2
2023-01-31 17:00:00,0.0,0.25550136,1,0.2
2023-01-31 18:00:00,0.0,0.2042549,1,0.2
2023-01-31 19:00:00,1.0,0.2409337,1,0.2
2023-01-31 20:00:00,0.0,0.1887269,0,0.2
2023-01-31 21:00:00,0.0,0.14072338,0,0.2
2023-01-31 22:00:00,1.0,0.1883652,0,0.2
2023-01-31 23:00:00,0.0,0.24039185,1,0.2
2023-02-01 00:00:00,0.0,0.1401651,0,0.2
2023-02-01 01:00:00,0.0,0.14464231,0,0.2
2023-02-01 02:00:00,0.0,0.1211512,0,0.2
2023-02-01 03:00:00,0.0,0.15881068,0,0.2
2023-02-01 04:00:00,0.0,0.15233698,0,0.2
2023-02-01 05:00:00,0.0,0.13827902,0,0.2
2023-02-01 06:00:00,0.0,0.22167958,1,0.2
2023-02-01 07:00:00,0.0,0.2266899,1,0.2
2023-02-01 08:00:00,0.0,0.3389973,1,0.2
2023-02-01 09:00:00,0.0,0.26926833,1,0.2
2023-02-01 10:00:00,0.0,0.2664224,1,0.2
2023-02-01 11:00:00,0.0,0.27965057,1,0.2
2023-02-01 12:00:00,0.0,0.39851946,1,0.2
2023-02-01 13:00:00,0.0,0.20564778,1,0.2
2023-02-01 14:00:00,0.0,0.14726432,0,0.2
2023-02-01 15:00:00,0.0,0.11033753,0,0.2
2023-02-01 16:00:00,0.0,0.079362035,0,0.2
2023-02-01 17:00:00,0.0,0.10311551,0,0.2
2023-02-01 18:00:00,0.0,0.107766025,0,0.2
2023-02-01 19:00:00,0.0,0.3436824,1,0.2
2023-02-01 20:00:00,0.0,0.28861073,1,0.2
2023-02-01 21:00:00,0.0,0.34234285,1,0.2
2023-02-01 22:00:00,0.0,0.4275848,1,0.2
2023-02-01 23:00:00,0.0,0.3429572,1,0.2
2023-02-02 00:00:00,0.0,0.1825911,0,0.2
2023-02-02 01:00:00,0.0,0.25052685,1,0.2
2023-02-02 02:00:00,0.0,0.24592872,1,0.2
2023-02-02 03:00:00,0.0,0.26425624,1,0.2
2023-02-02 04:00:00,0.0,0.22501631,1,0.2
2023-02-02 05:00:00,0.0,0.22463542,1,0.2
2023-02-02 06:00:00,0.0,0.19699062,0,0.2
2023-02-02 07:00:00,0.0,0.25472128,1,0.2
2023-02-02 08:00:00,0.0,0.2730553,1,0.2
2023-02-02 09:00:00,0.0,0.21619894,1,0.2
2023-02-02 10:00:00,1.0,0.25942045,1,0.2
2023-02-02 11:00:00,1.0,0.25820914,1,0.2
2023-02-02 12:00:00,1.0,0.27584943,1,0.2
2023-02-02 13:00:00,0.0,0.27041188,1,0.2
2023-02-02 14:00:00,0.0,0.1751525,0,0.2
2023-02-02 15:00:00,0.0,0.15481731,0,0.2
2023-02-02 16:00:00,0.0,0.12755936,0,0.2
2023-02-02 17:00:00,0.0,0.15166351,0,0.2
2023-02-02 18:00:00,0.0,0.059737545,0,0.2
2023-02-02 19:00:00,0.0,0.09787389,0,0.2
2023-02-02 20:00:00,0.0,0.0483476,0,0.2
2023-02-02 21:00:00,0.0,0.06255011,0,0.2
2023-02-02 22:00:00,0.0,0.07767819,0,0.2
2023-02-02 23:00:00,0.0,0.0781922,0,0.2
2023-02-03 00:00:00,0.0,0.13346621,0,0.2
2023-02-03 01:00:00,0.0,0.17811051,0,0.2
2023-02-03 02:00:00,0.0,0.18220052,0,0.2
2023-02-03 03:00:00,0.0,0.16361675,0,0.2
2023-02-03 04:00:00,0.0,0.16206901,0,0.2
2023-02-03 05:00:00,0.0,0.111064166,0,0.2
2023-02-03 06:00:00,0.0,0.096549205,0,0.2
2023-02-03 07:00:00,0.0,0.08519543,0,0.2
2023-02-03 08:00:00,0.0,0.067452766,0,0.2
2023-02-03 09:00:00,0.0,0.14488453,0,0.2
2023-02-03 10:00:00,0.0,0.15823777,0,0.2
2023-02-03 11:00:00,0.0,0.1967088,0,0.2
2023-02-03 12:00:00,0.0,0.20825371,1,0.2
2023-02-03 13:00:00,0.0,0.18720883,0,0.2
2023-02-03 14:00:00,0.0,0.09842251,0,0.2
2023-02-03 15:00:00,0.0,0.028679563,0,0.2
2023-02-03 16:00:00,0.0,0.027727365,0,0.2
2023-02-03 17:00:00,0.0,0.01665102,0,0.2
2023-02-03 18:00:00,0.0,0.025404807,0,0.2
2023-02-03 19:00:00,0.0,0.017798185,0,0.2
2023-02-03 20:00:00,0.0,0.016925732,0,0.2
2023-02-03 21:00:00,0.0,0.026729707,0,0.2
2023-02-03 22:00:00,0.0,0.02469089,0,0.2
2023-02-03 23:00:00,0.0,0.033105373,0,0.2
2023-02-04 00:00:00,0.0,0.0345807,0,0.2
2023-02-04 01:00:00,0.0,0.077684954,0,0.2
2023-02-04 02:00:00,0.0,0.07257466,0,0.2
2023-02-04 03:00:00,0.0,0.083469756,0,0.2
2023-02-04 04:00:00,0.0,0.09844915,0,0.2
2023-02-04 05:00:00,0.0,0.07272137,0,0.2
2023-02-04 06:00:00,0.0,0.082924224,0,0.2
2023-02-04 07:00:00,0.0,0.13101529,0,0.2
2023-02-04 08:00:00,0.0,0.22936966,1,0.2
2023-02-04 09:00:00,0.0,0.24642278,1,0.2
2023-02-04 10:00:00,0.0,0.235561,1,0.2
2023-02-04 11:00:00,0.0,0.17557043,0,0.2
2023-02-04 12:00:00,0.0,0.1420181,0,0.2
2023-02-04 13:00:00,0.0,0.21540904,1,0.2
2023-02-04 14:00:00,0.0,0.13776837,0,0.2
2023-02-04 15:00:00,0.0,0.097532146,0,0.2
2023-02-04 16:00:00,0.0,0.03386467,0,0.2
2023-02-04 17:00:00,0.0,0.05047856,0,0.2
2023-02-04 18:00:00,0.0,0.06702665,0,0.2
2023-02-04 19:00:00,0.0,0.025957804,0,0.2
2023-02-04 20:00:00,0.0,0.012609872,0,0.2
2023-02-04 21:00:00,0.0,0.022890246,0,0.2
2023-02-04 22:00:00,0.0,0.022901835,0,0.2
2023-02-04 23:00:00,0.0,0.0205285,0,0.2
2023-02-05 00:00:00,0.0,0.01414928,0,0.2
2023-02-05 01:00:00,0.0,0.00523796,0,0.2
2023-02-05 02:00:00,0.0,0.0065982896,0,0.2
2023-02-05 03:00:00,0.0,0.00558362,0,0.2
2023-02-05 04:00:00,0.0,0.0060336,0,0.2
2023-02-05 05:00:00,0.0,0.005194311,0,0.2
2023-02-05 06:00:00,0.0,0.009183518,0,0.2
2023-02-05 07:00:00,0.0,0.009898325,0,0.2
2023-02-05 08:00:00,0.0,0.014684925,0,0.2
2023-02-05 09:00:00,0.0,0.039568096,0,0.2
2023-02-05 10:00:00,0.0,0.06033924,0,0.2
2023-02-05 11:00:00,0.0,0.07187876,0,0.2
2023-02-05 12:00:00,0.0,0.048018828,0,0.2
2023-02-05 13:00:00,0.0,0.026014123,0,0.2
2023-02-05 14:00:00,0.0,0.022270326,0,0.2
2023-02-05 15:00:00,0.0,0.008941098,0,0.2
2023-02-05 16:00:00,0.0,0.008630692,0,0.2
2023-02-05 17:00:00,0.0,0.006245324,0,0.2
2023-02-05 18:00:00,0.0,0.0035838853,0,0.2
2023-02-05 19:00:00,0.0,0.0018455717,0,0.2
2023-02-05 20:00:00,0.0,0.0038445482,0,0.2
2023-02-05 21:00:00,0.0,0.0033844295,0,0.2
2023-02-05 22:00:00,0.0,0.009893349,0,0.2
2023-02-05 23:00:00,0.0,0.0139371855,0,0.2
2023-02-06 00:00:00,0.0,0.0074723153,0,0.2
2023-02-06 01:00:00,0.0,0.016124435,0,0.2
2023-02-06 02:00:00,0.0,0.013619336,0,0.2
2023-02-06 03:00:00,0.0,0.0072051375,0,0.2
2023-02-06 04:00:00,0.0,0.007823121,0,0.2
2023-02-06 05:00:00,0.0,0.0093345065,0,0.2
2023-02-06 06:00:00,0.0,0.0077145724,0,0.2
2023-02-06 07:00:00,0.0,0.0048315926,0,0.2
2023-02-06 08:00:00,0.0,0.016911909,0,0.2
2023-02-06 09:00:00,0.0,0.02724223,0,0.2
2023-02-06 10:00:00,0.0,0.042190354,0,0.2
2023-02-06 11:00:00,0.0,0.03968663,0,0.2
2023-02-06 12:00:00,0.0,0.054811466,0,0.2
2023-02-06 13:00:00,0.0,0.02782941,0,0.2
2023-02-06 14:00:00,0.0,0.022897018,0,0.2
2023-02-06 15:00:00,0.0,0.015930437,0,0.2
2023-02-06 16:00:00,0.0,0.0055415886,0,0.2
2023-02-06 17:00:00,0.0,0.0033597653,0,0.2
2023-02-06 18:00:00,0.0,0.0030733487,0,0.2
2023-02-06 19:00:00,0.0,0.0028136228,0,0.2
2023-02-06 20:00:00,0.0,0.009036346,0,0.2
2023-02-06 21:00:00,0.0,0.0128606595,0,0.2
2023-02-06 22:00:00,0.0,0.015214605,0,0.2
2023-02-06 23:00:00,0.0,0.011151956,0,0.2
2023-02-07 00:00:00,0.0,0.009563359,0,0.2
2023-02-07 01:00:00,0.0,0.0105589,0,0.2
2023-02-07 02:00:00,0.0,0.0039274883,0,0.2
2023-02-07 03:00:00,0.0,0.0029165817,0,0.2
2023-02-07 04:00:00,0.0,0.005078767,0,0.2
2023-02-07 05:00:00,0.0,0.0029635401,0,0.2
2023-02-07 06:00:00,0.0,0.008177303,0,0.2
2023-02-07 07:00:00,0.0,0.008790901,0,0.2
2023-02-07 08:00:00,0.0,0.0064473758,0,0.2
2023-02-07 09:00:00,0.0,0.015522071,0,0.2
2023-02-07 10:00:00,0.0,0.03855715,0,0.2
2023-02-07 11:00:00,0.0,0.010054243,0,0.2
2023-02-07 12:00:00,0.0,0.009195501,0,0.2
2023-02-07 13:00:00,0.0,0.0085014505,0,0.2
2023-02-07 14:00:00,0.0,0.009875411,0,0.2
2023-02-07 15:00:00,0.0,0.01265026,0,0.2
2023-02-07 16:00:00,0.0,0.008453429,0,0.2
2023-02-07 17:00:00,0.0,0.0030287334,0,0.2
2023-02-07 18:00:00,0.0,0.0014462493,0,0.2
2023-02-07 19:00:00,0.0,0.0045709237,0,0.2
2023-02-07 20:00:00,0.0,0.0051023643,0,0.2
2023-02-07 21:00:00,0.0,0.012359751,0,0.2
2023-02-07 22:00:00,0.0,0.014660576,0,0.2
2023-02-07 23:00:00,0.0,0.017138563,0,0.2
2023-02-08 00:00:00,0.0,0.01541564,0,0.2
2023-02-08 01:00:00,0.0,0.007270947,0,0.2
2023-02-08 02:00:00,0.0,0.006982778,0,0.2
2023-02-08 03:00:00,0.0,0.008769093,0,0.2
2023-02-08 04:00:00,0.0,0.015018274,0,0.2
2023-02-08 05:00:00,0.0,0.0119093135,0,0.2
2023-02-08 06:00:00,0.0,0.016691644,0,0.2
2023-02-08 07:00:00,0.0,0.007834029,0,0.2
2023-02-08 08:00:00,0.0,0.026301319,0,0.2
2023-02-08 09:00:00,0.0,0.06295168,0,0.2
2023-02-08 10:00:00,0.0,0.060607407,0,0.2
2023-02-08 11:00:00,0.0,0.03753997,0,0.2
2023-02-08 12:00:00,0.0,0.043973796,0,0.2
2023-02-08 13:00:00,0.0,0.028058114,0,0.2
2023-02-08 14:00:00,0.0,0.014863865,0,0.2
2023-02-08 15:00:00,0.0,0.01043867,0,0.2
2023-02-08 16:00:00,0.0,0.00727904,0,0.2
2023-02-08 17:00:00,0.0,0.0034476696,0,0.2
2023-02-08 18:00:00,0.0,0.0019904342,0,0.2
2023-02-08 19:00:00,0.0,0.0062873424,0,0.2
2023-02-08 20:00:00,0.0,0.0067514484,0,0.2
2023-02-08 21:00:00,0.0,0.015734252,0,0.2
2023-02-08 22:00:00,0.0,0.008727173,0,0.2
2023-02-08 23:00:00,0.0,0.009308267,0,0.2
2023-02-09 00:00:00,0.0,0.007935569,0,0.2
2023-02-09 01:00:00,0.0,0.005954562,0,0.2
2023-02-09 02:00:00,0.0,0.008424346,0,0.2
2023-02-09 03:00:00,0.0,0.00815154,0,0.2
2023-02-09 04:00:00,0.0,0.0061470666,0,0.2
2023-02-09 05:00:00,0.0,0.012250094,0,0.2
2023-02-09 06:00:00,0.0,0.012379242,0,0.2
2023-02-09 07:00:00,0.0,0.0063347546,0,0.2
2023-02-09 08:00:00,0.0,0.02816462,0,0.2
2023-02-09 09:00:00,0.0,0.09998715,0,0.2
2023-02-09 10:00:00,0.0,0.056556173,0,0.2
2023-02-09 11:00:00,0.0,0.04016616,0,0.2
2023-02-09 12:00:00,0.0,0.024291983,0,0.2
2023-02-09 13:00:00,0.0,0.025960943,0,0.2
2023-02-09 14:00:00,0.0,0.033775117,0,0.2
2023-02-09 15:00:00,0.0,0.03057289,0,0.2
2023-02-09 16:00:00,0.0,0.009435176,0,0.2
2023-02-09 17:00:00,0.0,0.017520068,0,0.2
2023-02-09 18:00:00,0.0,0.005195181,0,0.2
2023-02-09 19:00:00,0.0,0.0054463167,0,0.2
2023-02-09 20:00:00,0.0,0.009799456,0,0.2
2023-02-09 21:00:00,0.0,0.007822122,0,0.2
2023-02-09 22:00:00,0.0,0.0039525656,0,0.2
2023-02-09 23:00:00,0.0,0.0054393704,0,0.2
2023-02-10 00:00:00,0.0,0.0054008006,0,0.2
2023-02-10 01:00:00,0.0,0.009508589,0,0.2
2023-02-10 02:00:00,0.0,0.022234539,0,0.2
2023-02-10 03:00:00,0.0,0.010145246,0,0.2
2023-02-10 04:00:00,0.0,0.006984504,0,0.2
2023-02-10 05:00:00,0.0,0.0063870405,0,0.2
2023-02-10 06:00:00,0.0,0.006471159,0,0.2
2023-02-10 07:00:00,0.0,0.0049683563,0,0.2
2023-02-10 08:00:00,0.0,0.020621547,0,0.2
2023-02-10 09:00:00,0.0,0.07165822,0,0.2
2023-02-10 10:00:00,0.0,0.077252395,0,0.2
2023-02-10 11:00:00,0.0,0.019980796,0,0.2
2023-02-10 12:00:00,0.0,0.0029770995,0,0.2
2023-02-10 13:00:00,0.0,0.0021980426,0,0.2
2023-02-10 14:00:00,0.0,0.005165462,0,0.2
2023-02-10 15:00:00,0.0,0.0036875287,0,0.2
2023-02-10 16:00:00,0.0,0.0026041362,0,0.2
2023-02-10 17:00:00,0.0,0.0021328765,0,0.2
2023-02-10 18:00:00,0.0,0.0019437354,0,0.2
2023-02-10 19:00:00,0.0,0.0010969777,0,0.2
2023-02-10 20:00:00,0.0,0.00301628,0,0.2
2023-02-10 21:00:00,0.0,0.0042683496,0,0.2
2023-02-10 22:00:00,0.0,0.0030655279,0,0.2
2023-02-10 23:00:00,0.0,0.0020984705,0,0.2
2023-02-11 00:00:00,0.0,0.0010152482,0,0.2
2023-02-11 01:00:00,0.0,0.0031031838,0,0.2
2023-02-11 02:00:00,0.0,0.0034978662,0,0.2
2023-02-11 03:00:00,0.0,0.002241107,0,0.2
2023-02-11 04:00:00,0.0,0.0013675686,0,0.2
2023-02-11 05:00:00,0.0,0.0010845832,0,0.2
2023-02-11 06:00:00,0.0,0.0012581155,0,0.2
2023-02-11 07:00:00,0.0,0.001741103,0,0.2
2023-02-11 08:00:00,0.0,0.004902153,0,0.2
2023-02-11 09:00:00,0.0,0.011626992,0,0.2
2023-02-11 10:00:00,0.0,0.0093560275,0,0.2
2023-02-11 11:00:00,0.0,0.009302925,0,0.2
2023-02-11 12:00:00,0.0,0.005982218,0,0.2
2023-02-11 13:00:00,0.0,0.005874181,0,0.2
2023-02-11 14:00:00,0.0,0.0067089773,0,0.2
2023-02-11 15:00:00,0.0,0.0086661605,0,0.2
2023-02-11 16:00:00,0.0,0.0070421756,0,0.2
2023-02-11 17:00:00,0.0,0.0037055747,0,0.2
2023-02-11 18:00:00,0.0,0.0031330823,0,0.2
2023-02-11 19:00:00,0.0,0.0033089311,0,0.2
2023-02-11 20:00:00,0.0,0.0057461425,0,0.2
2023-02-11 21:00:00,0.0,0.010091492,0,0.2
2023-02-11 22:00:00,0.0,0.00485762,0,0.2
2023-02-11 23:00:00,0.0,0.003749018,0,0.2
2023-02-12 00:00:00,0.0,0.01601524,0,0.2
2023-02-12 01:00:00,0.0,0.012263094,0,0.2
2023-02-12 02:00:00,0.0,0.0016295997,0,0.2
2023-02-12 03:00:00,0.0,0.0026143729,0,0.2
2023-02-12 04:00:00,0.0,0.002095135,0,0.2
2023-02-12 05:00:00,0.0,0.0025459393,0,0.2
2023-02-12 06:00:00,0.0,0.0012830495,0,0.2
2023-02-12 07:00:00,0.0,0.0017729679,0,0.2
2023-02-12 08:00:00,0.0,0.0023593982,0,0.2
2023-02-12 09:00:00,0.0,0.0037047246,0,0.2
2023-02-12 10:00:00,0.0,0.003403591,0,0.2
2023-02-12 11:00:00,0.0,0.004114005,0,0.2
2023-02-12 12:00:00,0.0,0.002097551,0,0.2
2023-02-12 13:00:00,0.0,0.0017155191,0,0.2
2023-02-12 14:00:00,0.0,0.0012305798,0,0.2
2023-02-12 15:00:00,0.0,0.001558962,0,0.2
2023-02-12 16:00:00,0.0,0.0014482746,0,0.2
2023-02-12 17:00:00,0.0,0.0019597095,0,0.2
2023-02-12 18:00:00,0.0,0.0017159521,0,0.2
2023-02-12 19:00:00,0.0,0.00080883974,0,0.2
2023-02-12 20:00:00,0.0,0.0011285766,0,0.2
2023-02-12 21:00:00,0.0,0.0014447214,0,0.2
2023-02-12 22:00:00,0.0,0.0012522516,0,0.2
2023-02-12 23:00:00,0.0,0.0013793263,0,0.2
2023-02-13 00:00:00,0.0,0.004824142,0,0.2
2023-02-13 01:00:00,0.0,0.00077302835,0,0.2
2023-02-13 02:00:00,0.0,0.0016253338,0,0.2
2023-02-13 03:00:00,0.0,0.0033150008,0,0.2
2023-02-13 04:00:00,0.0,0.00258551,0,0.2
2023-02-13 05:00:00,0.0,0.002182084,0,0.2
2023-02-13 06:00:00,0.0,0.003011566,0,0.2
2023-02-13 07:00:00,0.0,0.004187991,0,0.2
2023-02-13 08:00:00,0.0,0.0021128806,0,0.2
2023-02-13 09:00:00,0.0,0.009729091,0,0.2
2023-02-13 10:00:00,0.0,0.0055166907,0,0.2
2023-02-13 11:00:00,0.0,0.0013207984,0,0.2
2023-02-13 12:00:00,0.0,0.00064212224,0,0.2
2023-02-13 13:00:00,0.0,0.00042989844,0,0.2
2023-02-13 14:00:00,0.0,0.00053799537,0,0.2
2023-02-13 15:00:00,0.0,0.0014640292,0,0.2
2023-02-13 16:00:00,0.0,0.001327124,0,0.2
2023-02-13 17:00:00,0.0,0.0009420593,0,0.2
2023-02-13 18:00:00,0.0,0.0007650925,0,0.2
2023-02-13 19:00:00,0.0,0.00055317924,0,0.2
2023-02-13 20:00:00,0.0,0.00053445465,0,0.2
2023-02-13 21:00:00,0.0,0.00071253494,0,0.2
2023-02-13 22:00:00,0.0,0.00037201846,0,0.2
2023-02-13 23:00:00,0.0,0.0005116891,0,0.2
2023-02-14 00:00:00,0.0,0.0010640403,0,0.2
2023-02-14 01:00:00,0.0,0.0006213801,0,0.2
2023-02-14 02:00:00,0.0,0.001176868,0,0.2
2023-02-14 03:00:00,0.0,0.00073533104,0,0.2
2023-02-14 04:00:00,0.0,0.0017112315,0,0.2
2023-02-14 05:00:00,0.0,0.0014954837,0,0.2
2023-02-14 06:00:00,0.0,0.0015969139,0,0.2
2023-02-14 07:00:00,0.0,0.001788615,0,0.2
2023-02-14 08:00:00,0.0,0.0012424475,0,0.2
2023-02-14 09:00:00,0.0,0.006660723,0,0.2
2023-02-14 10:00:00,0.0,0.005692248,0,0.2
2023-02-14 11:00:00,0.0,0.0026516533,0,0.2
2023-02-14 12:00:00,0.0,0.0015155453,0,0.2
2023-02-14 13:00:00,0.0,0.000978708,0,0.2
2023-02-14 14:00:00,0.0,0.0015259186,0,0.2
2023-02-14 15:00:00,0.0,0.0015393604,0,0.2
2023-02-14 16:00:00,0.0,0.0021648295,0,0.2
2023-02-14 17:00:00,0.0,0.0012370764,0,0.2
2023-02-14 18:00:00,0.0,0.0017979856,0,0.2
2023-02-14 19:00:00,0.0,0.0013341734,0,0.2
2023-02-14 20:00:00,0.0,0.0010960089,0,0.2
2023-02-14 21:00:00,0.0,0.0014798864,0,0.2
2023-02-14 22:00:00,0.0,0.0005072943,0,0.2
2023-02-14 23:00:00,0.0,0.00079870445,0,0.2
2023-02-15 00:00:00,0.0,0.0010469995,0,0.2
2023-02-15 01:00:00,0.0,0.0012908796,0,0.2
2023-02-15 02:00:00,0.0,0.0018439561,0,0.2
2023-02-15 03:00:00,0.0,0.0017516585,0,0.2
2023-02-15 04:00:00,0.0,0.004481357,0,0.2
2023-02-15 05:00:00,0.0,0.0029876998,0,0.2
2023-02-15 06:00:00,0.0,0.0024315524,0,0.2
2023-02-15 07:00:00,0.0,0.0037946862,0,0.2
2023-02-15 08:00:00,0.0,0.00576156,0,0.2
2023-02-15 09:00:00,0.0,0.0070858733,0,0.2
2023-02-15 10:00:00,0.0,0.0037125086,0,0.2
2023-02-15 11:00:00,0.0,0.0033532253,0,0.2
2023-02-15 12:00:00,0.0,0.0018894091,0,0.2
2023-02-15 13:00:00,0.0,0.001209482,0,0.2
2023-02-15 14:00:00,0.0,0.0015694436,0,0.2
2023-02-15 15:00:00,0.0,0.0023490821,0,0.2
2023-02-15 16:00:00,0.0,0.0009895128,0,0.2
2023-02-15 17:00:00,0.0,0.0010196602,0,0.2
2023-02-15 18:00:00,0.0,0.0008385721,0,0.2
2023-02-15 19:00:00,0.0,0.0013248507,0,0.2
2023-02-15 20:00:00,0.0,0.0015901914,0,0.2
2023-02-15 21:00:00,0.0,0.0028843994,0,0.2
2023-02-15 22:00:00,0.0,0.0011659741,0,0.2
2023-02-15 23:00:00,0.0,0.0014053241,0,0.2
2023-02-16 00:00:00,0.0,0.0019022196,0,0.2
2023-02-16 01:00:00,0.0,0.004501304,0,0.2
2023-02-16 02:00:00,0.0,0.0047896407,0,0.2
2023-02-16 03:00:00,0.0,0.003622797,0,0.2
2023-02-16 04:00:00,0.0,0.0039566886,0,0.2
2023-02-16 05:00:00,0.0,0.0036343774,0,0.2
2023-02-16 06:00:00,0.0,0.005008911,0,0.2
2023-02-16 07:00:00,0.0,0.004871833,0,0.2
2023-02-16 08:00:00,0.0,0.0047301985,0,0.2
2023-02-16 09:00:00,0.0,0.009735488,0,0.2
2023-02-16 10:00:00,0.0,0.019752864,0,0.2
2023-02-16 11:00:00,0.0,0.009146007,0,0.2
2023-02-16 12:00:00,0.0,0.004768128,0,0.2
2023-02-16 13:00:00,0.0,0.011513445,0,0.2
2023-02-16 14:00:00,0.0,0.005818396,0,0.2
2023-02-16 15:00:00,0.0,0.0062963935,0,0.2
2023-02-16 16:00:00,0.0,0.0037686364,0,0.2
2023-02-16 17:00:00,0.0,0.0015338032,0,0.2
2023-02-16 18:00:00,0.0,0.0012999641,0,0.2
2023-02-16 19:00:00,0.0,0.0013765784,0,0.2
2023-02-16 20:00:00,0.0,0.0016403861,0,0.2
2023-02-16 21:00:00,0.0,0.0013153652,0,0.2
2023-02-16 22:00:00,0.0,0.0015122319,0,0.2
2023-02-16 23:00:00,0.0,0.0032898556,0,0.2
2023-02-17 00:00:00,0.0,0.0064165466,0,0.2
2023-02-17 01:00:00,0.0,0.006054276,0,0.2
2023-02-17 02:00:00,0.0,0.006180767,0,0.2
2023-02-17 03:00:00,0.0,0.006458314,0,0.2
2023-02-17 04:00:00,0.0,0.007049675,0,0.2
2023-02-17 05:00:00,0.0,0.007637384,0,0.2
2023-02-17 06:00:00,0.0,0.0059627215,0,0.2
2023-02-17 07:00:00,0.0,0.0053306753,0,0.2
2023-02-17 08:00:00,0.0,0.017145962,0,0.2
2023-02-17 09:00:00,0.0,0.008581638,0,0.2
2023-02-17 10:00:00,0.0,0.017646248,0,0.2
2023-02-17 11:00:00,0.0,0.0022620158,0,0.2
2023-02-17 12:00:00,0.0,0.0018375673,0,0.2
2023-02-17 13:00:00,0.0,0.001240223,0,0.2
2023-02-17 14:00:00,0.0,0.0011527753,0,0.2
2023-02-17 15:00:00,0.0,0.0013439212,0,0.2
2023-02-17 16:00:00,0.0,0.0012211569,0,0.2
2023-02-17 17:00:00,0.0,0.0009692468,0,0.2
2023-02-17 18:00:00,0.0,0.0011688982,0,0.2
2023-02-17 19:00:00,0.0,0.00089575216,0,0.2
2023-02-17 20:00:00,0.0,0.0011481718,0,0.2
2023-02-17 21:00:00,0.0,0.0009257236,0,0.2
2023-02-17 22:00:00,0.0,0.00075851934,0,0.2
2023-02-17 23:00:00,0.0,0.0010642096,0,0.2
2023-02-18 00:00:00,0.0,0.0014693722,0,0.2
2023-02-18 01:00:00,0.0,0.0011860462,0,0.2
2023-02-18 02:00:00,0.0,0.0008941985,0,0.2
2023-02-18 03:00:00,0.0,0.0026844863,0,0.2
2023-02-18 04:00:00,0.0,0.0038735543,0,0.2
2023-02-18 05:00:00,0.0,0.0041023362,0,0.2
2023-02-18 06:00:00,0.0,0.0056575257,0,0.2
2023-02-18 07:00:00,0.0,0.0130063845,0,0.2
2023-02-18 08:00:00,0.0,0.03165529,0,0.2
2023-02-18 09:00:00,0.0,0.01127425,0,0.2
2023-02-18 10:00:00,0.0,0.014015667,0,0.2
2023-02-18 11:00:00,0.0,0.008335526,0,0.2
2023-02-18 12:00:00,0.0,0.004123158,0,0.2
2023-02-18 13:00:00,0.0,0.001074963,0,0.2
2023-02-18 14:00:00,0.0,0.001667876,0,0.2
2023-02-18 15:00:00,0.0,0.0020564946,0,0.2
2023-02-18 16:00:00,0.0,0.0015623205,0,0.2
2023-02-18 17:00:00,0.0,0.0016009262,0,0.2
2023-02-18 18:00:00,0.0,0.0027313759,0,0.2
2023-02-18 19:00:00,0.0,0.0038894522,0,0.2
2023-02-18 20:00:00,0.0,0.0045534717,0,0.2
2023-02-18 21:00:00,0.0,0.004559467,0,0.2
2023-02-18 22:00:00,0.0,0.0047513745,0,0.2
2023-02-18 23:00:00,0.0,0.0039478866,0,0.2
2023-02-19 00:00:00,0.0,0.0055545163,0,0.2
2023-02-19 01:00:00,0.0,0.006368291,0,0.2
2023-02-19 02:00:00,0.0,0.0019713955,0,0.2
2023-02-19 03:00:00,0.0,0.0027789513,0,0.2
2023-02-19 04:00:00,0.0,0.0029228034,0,0.2
2023-02-19 05:00:00,0.0,0.004946202,0,0.2
2023-02-19 06:00:00,0.0,0.005094206,0,0.2
2023-02-19 07:00:00,0.0,0.011121751,0,0.2
2023-02-19 08:00:00,0.0,0.23086965,1,0.2
2023-02-19 09:00:00,0.0,0.08298038,0,0.2
2023-02-19 10:00:00,0.0,0.036291264,0,0.2
2023-02-19 11:00:00,0.0,0.032262374,0,0.2
2023-02-19 12:00:00,0.0,0.032397743,0,0.2
2023-02-19 13:00:00,0.0,0.036570836,0,0.2
2023-02-19 14:00:00,0.0,0.008381912,0,0.2
2023-02-19 15:00:00,0.0,0.004186987,0,0.2
2023-02-19 16:00:00,0.0,0.002378978,0,0.2
2023-02-19 17:00:00,0.0,0.0036011883,0,0.2
2023-02-19 18:00:00,0.0,0.0023371396,0,0.2
2023-02-19 19:00:00,0.0,0.0020486875,0,0.2
2023-02-19 20:00:00,0.0,0.0037874773,0,0.2
2023-02-19 21:00:00,0.0,0.0038059964,0,0.2
2023-02-19 22:00:00,0.0,0.005479701,0,0.2
2023-02-19 23:00:00,0.0,0.0042507946,0,0.2
2023-02-20 00:00:00,0.0,0.0033889343,0,0.2
2023-02-20 01:00:00,0.0,0.0020124402,0,0.2
2023-02-20 02:00:00,0.0,0.007849629,0,0.2
2023-02-20 03:00:00,0.0,0.008560103,0,0.2
2023-02-20 04:00:00,0.0,0.0031290087,0,0.2
2023-02-20 05:00:00,0.0,0.006590652,0,0.2
2023-02-20 06:00:00,0.0,0.0058391774,0,0.2
2023-02-20 07:00:00,0.0,0.0061931633,0,0.2
2023-02-20 08:00:00,0.0,0.010756254,0,0.2
2023-02-20 09:00:00,0.0,0.019801095,0,0.2
2023-02-20 10:00:00,0.0,0.0077283094,0,0.2
2023-02-20 11:00:00,0.0,0.0040219473,0,0.2
2023-02-20 12:00:00,0.0,0.0016195502,0,0.2
2023-02-20 13:00:00,0.0,0.00070355996,0,0.2
2023-02-20 14:00:00,0.0,0.0017283411,0,0.2
2023-02-20 15:00:00,0.0,0.0015262121,0,0.2
2023-02-20 16:00:00,0.0,0.00082066417,0,0.2
2023-02-20 17:00:00,0.0,0.0005550862,0,0.2
2023-02-20 18:00:00,0.0,0.0012469342,0,0.2
2023-02-20 19:00:00,0.0,0.00058445043,0,0.2
2023-02-20 20:00:00,0.0,0.0014952366,0,0.2
2023-02-20 21:00:00,0.0,0.0009870441,0,0.2
2023-02-20 22:00:00,0.0,0.00091110065,0,0.2
2023-02-20 23:00:00,0.0,0.00094041193,0,0.2
2023-02-21 00:00:00,0.0,0.00074965105,0,0.2
2023-02-21 01:00:00,0.0,0.0013999469,0,0.2
2023-02-21 02:00:00,0.0,0.00097161316,0,0.2
2023-02-21 03:00:00,0.0,0.0010613999,0,0.2
2023-02-21 04:00:00,0.0,0.0015215969,0,0.2
2023-02-21 05:00:00,0.0,0.0014533527,0,0.2
2023-02-21 06:00:00,0.0,0.0018514672,0,0.2
2023-02-21 07:00:00,0.0,0.002235127,0,0.2
2023-02-21 08:00:00,0.0,0.007097722,0,0.2
2023-02-21 09:00:00,0.0,0.0048211077,0,0.2
2023-02-21 10:00:00,0.0,0.0017959542,0,0.2
2023-02-21 11:00:00,0.0,0.0014038847,0,0.2
2023-02-21 12:00:00,0.0,0.00063324615,0,0.2
2023-02-21 13:00:00,0.0,0.0012116376,0,0.2
2023-02-21 14:00:00,0.0,0.0020305067,0,0.2
2023-02-21 15:00:00,0.0,0.0017048976,0,0.2
2023-02-21 16:00:00,0.0,0.0013160908,0,0.2
2023-02-21 17:00:00,0.0,0.0013343398,0,0.2
2023-02-21 18:00:00,0.0,0.0008217072,0,0.2
2023-02-21 19:00:00,0.0,0.00035671686,0,0.2
2023-02-21 20:00:00,0.0,0.0011716445,0,0.2
2023-02-21 21:00:00,0.0,0.0016564676,0,0.2
2023-02-21 22:00:00,0.0,0.0005243089,0,0.2
2023-02-21 23:00:00,0.0,0.0005148948,0,0.2
2023-02-22 00:00:00,0.0,0.00070453284,0,0.2
2023-02-22 01:00:00,0.0,0.00071730855,0,0.2
2023-02-22 02:00:00,0.0,0.0015055421,0,0.2
2023-02-22 03:00:00,0.0,0.00084234047,0,0.2
2023-02-22 04:00:00,0.0,0.0009345453,0,0.2
2023-02-22 05:00:00,0.0,0.0011384581,0,0.2
2023-02-22 06:00:00,0.0,0.00094858697,0,0.2
2023-02-22 07:00:00,0.0,0.0018163172,0,0.2
2023-02-22 08:00:00,0.0,0.010203553,0,0.2
2023-02-22 09:00:00,0.0,0.00346744,0,0.2
2023-02-22 10:00:00,0.0,0.0016020371,0,0.2
2023-02-22 11:00:00,0.0,0.0010747506,0,0.2
2023-02-22 12:00:00,0.0,0.00059457344,0,0.2
2023-02-22 13:00:00,0.0,0.0007693209,0,0.2
2023-02-22 14:00:00,0.0,0.00084010727,0,0.2
2023-02-22 15:00:00,0.0,0.0007093678,0,0.2
2023-02-22 16:00:00,0.0,0.00034903787,0,0.2
2023-02-22 17:00:00,0.0,0.00045473035,0,0.2
2023-02-22 18:00:00,0.0,0.0006996305,0,0.2
2023-02-22 19:00:00,0.0,0.00081628026,0,0.2
2023-02-22 20:00:00,0.0,0.000990004,0,0.2
2023-02-22 21:00:00,0.0,0.0031269703,0,0.2
2023-02-22 22:00:00,0.0,0.0019897162,0,0.2
2023-02-22 23:00:00,0.0,0.0037235674,0,0.2
2023-02-23 00:00:00,0.0,0.0033119314,0,0.2
2023-02-23 01:00:00,0.0,0.0026936207,0,0.2
2023-02-23 02:00:00,0.0,0.0013952744,0,0.2
2023-02-23 03:00:00,0.0,0.0035792107,0,0.2
2023-02-23 04:00:00,0.0,0.0007983552,0,0.2
2023-02-23 05:00:00,0.0,0.0011558176,0,0.2
2023-02-23 06:00:00,0.0,0.00076353166,0,0.2
2023-02-23 07:00:00,0.0,0.0013457425,0,0.2
2023-02-23 08:00:00,0.0,0.01075464,0,0.2
2023-02-23 09:00:00,0.0,0.005195526,0,0.2
2023-02-23 10:00:00,0.0,0.005137875,0,0.2
2023-02-23 11:00:00,0.0,0.0018738483,0,0.2
2023-02-23 12:00:00,0.0,0.001346724,0,0.2
2023-02-23 13:00:00,0.0,0.0012826279,0,0.2
2023-02-23 14:00:00,0.0,0.0013669691,0,0.2
2023-02-23 15:00:00,0.0,0.00173061,0,0.2
2023-02-23 16:00:00,0.0,0.0008350043,0,0.2
2023-02-23 17:00:00,0.0,0.00079202384,0,0.2
2023-02-23 18:00:00,0.0,0.0012079197,0,0.2
2023-02-23 19:00:00,0.0,0.0008322182,0,0.2
2023-02-23 20:00:00,0.0,0.0038019144,0,0.2
2023-02-23 21:00:00,0.0,0.013904053,0,0.2
2023-02-23 22:00:00,0.0,0.008986295,0,0.2
2023-02-23 23:00:00,0.0,0.0051425793,0,0.2
2023-02-24 00:00:00,0.0,0.0032236977,0,0.2
2023-02-24 01:00:00,0.0,0.0023611248,0,0.2
2023-02-24 02:00:00,0.0,0.0024314437,0,0.2
2023-02-24 03:00:00,0.0,0.003527697,0,0.2
2023-02-24 04:00:00,0.0,0.0028380204,0,0.2
2023-02-24 05:00:00,0.0,0.0018854584,0,0.2
2023-02-24 06:00:00,0.0,0.0028714084,0,0.2
2023-02-24 07:00:00,0.0,0.0055429945,0,0.2
2023-02-24 08:00:00,0.0,0.010633662,0,0.2
2023-02-24 09:00:00,0.0,0.008603192,0,0.2
2023-02-24 10:00:00,0.0,0.0034027772,0,0.2
2023-02-24 11:00:00,0.0,0.0015378952,0,0.2
2023-02-24 12:00:00,0.0,0.0017348197,0,0.2
2023-02-24 13:00:00,0.0,0.0013988274,0,0.2
2023-02-24 14:00:00,0.0,0.0017089408,0,0.2
2023-02-24 15:00:00,0.0,0.0020311312,0,0.2
2023-02-24 16:00:00,0.0,0.0010553318,0,0.2
2023-02-24 17:00:00,0.0,0.0012969854,0,0.2
2023-02-24 18:00:00,0.0,0.0013300679,0,0.2
2023-02-24 19:00:00,0.0,0.0015087295,0,0.2
2023-02-24 20:00:00,0.0,0.001723233,0,0.2
2023-02-24 21:00:00,0.0,0.0022508737,0,0.2
2023-02-24 22:00:00,0.0,0.0013955614,0,0.2
2023-02-24 23:00:00,0.0,0.0008254997,0,0.2
2023-02-25 00:00:00,0.0,0.001366244,0,0.2
2023-02-25 01:00:00,0.0,0.0056031747,0,0.2
2023-02-25 02:00:00,0.0,0.003159465,0,0.2
2023-02-25 03:00:00,0.0,0.0024357187,0,0.2
2023-02-25 04:00:00,0.0,0.005248838,0,0.2
2023-02-25 05:00:00,0.0,0.0071150423,0,0.2
2023-02-25 06:00:00,0.0,0.005930569,0,0.2
2023-02-25 07:00:00,0.0,0.0040366338,0,0.2
2023-02-25 08:00:00,0.0,0.0046444973,0,0.2
2023-02-25 09:00:00,0.0,0.0049289404,0,0.2
2023-02-25 10:00:00,0.0,0.0049066255,0,0.2
2023-02-25 11:00:00,0.0,0.002068846,0,0.2
2023-02-25 12:00:00,0.0,0.0017979658,0,0.2
2023-02-25 13:00:00,0.0,0.0009578089,0,0.2
2023-02-25 14:00:00,0.0,0.0012750754,0,0.2
2023-02-25 15:00:00,0.0,0.0014517737,0,0.2
2023-02-25 16:00:00,0.0,0.0006615956,0,0.2
2023-02-25 17:00:00,0.0,0.0013923176,0,0.2
2023-02-25 18:00:00,0.0,0.0021363401,0,0.2
2023-02-25 19:00:00,0.0,0.0015490723,0,0.2
2023-02-25 20:00:00,0.0,0.0010029294,0,0.2
2023-02-25 21:00:00,0.0,0.001177593,0,0.2
2023-02-25 22:00:00,0.0,0.0013755653,0,0.2
2023-02-25 23:00:00,0.0,0.0016680968,0,0.2
2023-02-26 00:00:00,0.0,0.0023323325,0,0.2
2023-02-26 01:00:00,0.0,0.0019669395,0,0.2
2023-02-26 02:00:00,0.0,0.0065753283,0,0.2
2023-02-26 03:00:00,0.0,0.00741817,0,0.2
2023-02-26 04:00:00,0.0,0.007141217,0,0.2
2023-02-26 05:00:00,0.0,0.004087753,0,0.2
2023-02-26 06:00:00,0.0,0.0031856212,0,0.2
2023-02-26 07:00:00,0.0,0.008076533,0,0.2
2023-02-26 08:00:00,0.0,0.0054316474,0,0.2
2023-02-26 09:00:00,0.0,0.008519129,0,0.2
2023-02-26 10:00:00,0.0,0.0052374555,0,0.2
2023-02-26 11:00:00,0.0,0.0009980933,0,0.2
2023-02-26 12:00:00,0.0,0.000888907,0,0.2
2023-02-26 13:00:00,0.0,0.0022041628,0,0.2
2023-02-26 14:00:00,0.0,0.001311576,0,0.2
2023-02-26 15:00:00,0.0,0.0020095492,0,0.2
2023-02-26 16:00:00,0.0,0.0010766304,0,0.2
2023-02-26 17:00:00,0.0,0.00077122304,0,0.2
2023-02-26 18:00:00,0.0,0.00158777,0,0.2
2023-02-26 19:00:00,0.0,0.0012472603,0,0.2
2023-02-26 20:00:00,0.0,0.0020062344,0,0.2
2023-02-26 21:00:00,0.0,0.0012645911,0,0.2
2023-02-26 22:00:00,0.0,0.00073848624,0,0.2
2023-02-26 23:00:00,0.0,0.00080756436,0,0.2
2023-02-27 00:00:00,0.0,0.0012167431,0,0.2
2023-02-27 01:00:00,0.0,0.0012541352,0,0.2
2023-02-27 02:00:00,0.0,0.0010304727,0,0.2
2023-02-27 03:00:00,0.0,0.0038498552,0,0.2
2023-02-27 04:00:00,0.0,0.004610789,0,0.2
2023-02-27 05:00:00,0.0,0.0046598823,0,0.2
2023-02-27 06:00:00,0.0,0.010372126,0,0.2
2023-02-27 07:00:00,0.0,0.005852959,0,0.2
2023-02-27 08:00:00,0.0,0.007717179,0,0.2
2023-02-27 09:00:00,0.0,0.012428549,0,0.2
2023-02-27 10:00:00,1.0,0.0031299596,0,0.2
2023-02-27 11:00:00,0.0,0.0014775385,0,0.2
2023-02-27 12:00:00,0.0,0.0009739858,0,0.2
2023-02-27 13:00:00,0.0,0.0007596988,0,0.2
2023-02-27 14:00:00,0.0,0.00092861446,0,0.2
2023-02-27 15:00:00,0.0,0.0012535099,0,0.2
2023-02-27 16:00:00,0.0,0.0005875945,0,0.2
2023-02-27 17:00:00,0.0,0.00054919615,0,0.2
2023-02-27 18:00:00,0.0,0.0010305513,0,0.2
2023-02-27 19:00:00,0.0,0.0006975393,0,0.2
2023-02-27 20:00:00,0.0,0.0016348767,0,0.2
2023-02-27 21:00:00,0.0,0.0022048918,0,0.2
2023-02-27 22:00:00,0.0,0.0026403842,0,0.2
2023-02-27 23:00:00,0.0,0.0026378627,0,0.2
2023-02-28 00:00:00,0.0,0.0024960653,0,0.2
2023-02-28 01:00:00,0.0,0.002672021,0,0.2
2023-02-28 02:00:00,0.0,0.002466089,0,0.2
2023-02-28 03:00:00,0.0,0.0022279825,0,0.2
2023-02-28 04:00:00,0.0,0.0019825725,0,0.2
2023-02-28 05:00:00,0.0,0.0048871352,0,0.2
2023-02-28 06:00:00,0.0,0.0064224713,0,0.2
2023-02-28 07:00:00,0.0,0.023883883,0,0.2
2023-02-28 08:00:00,0.0,0.07982666,0,0.2
2023-02-28 09:00:00,0.0,0.037409883,0,0.2
2023-02-28 10:00:00,0.0,0.024365468,0,0.2
2023-02-28 11:00:00,0.0,0.015053224,0,0.2
2023-02-28 12:00:00,0.0,0.017207857,0,0.2
2023-02-28 13:00:00,0.0,0.007931865,0,0.2
2023-02-28 14:00:00,0.0,0.0070607853,0,0.2
2023-02-28 15:00:00,0.0,0.005685433,0,0.2
2023-02-28 16:00:00,0.0,0.007873834,0,0.2
2023-02-28 17:00:00,0.0,0.004231455,0,0.2
2023-02-28 18:00:00,0.0,0.0026305728,0,0.2
2023-02-28 19:00:00,0.0,0.0047011804,0,0.2
2023-02-28 20:00:00,0.0,0.009269923,0,0.2
2023-02-28 21:00:00,0.0,0.011747766,0,0.2
2023-02-28 22:00:00,0.0,0.00730208,0,0.2
2023-02-28 23:00:00,0.0,0.009187836,0,0.2
2023-03-01 00:00:00,0.0,0.0076135146,0,0.2
2023-03-01 01:00:00,0.0,0.010789584,0,0.2
2023-03-01 02:00:00,0.0,0.017192896,0,0.2
2023-03-01 03:00:00,0.0,0.015560248,0,0.2
2023-03-01 04:00:00,0.0,0.013558673,0,0.2
2023-03-01 05:00:00,0.0,0.029303813,0,0.2
2023-03-01 06:00:00,0.0,0.039001904,0,0.2
2023-03-01 07:00:00,0.0,0.029872635,0,0.2
2023-03-01 08:00:00,0.0,0.04584351,0,0.2
2023-03-01 09:00:00,0.0,0.038563985,0,0.2
2023-03-01 10:00:00,0.0,0.023443148,0,0.2
2023-03-01 11:00:00,0.0,0.010458954,0,0.2
2023-03-01 12:00:00,0.0,0.017643893,0,0.2
2023-03-01 13:00:00,0.0,0.011734437,0,0.2
2023-03-01 14:00:00,0.0,0.003639651,0,0.2
2023-03-01 15:00:00,0.0,0.0026511322,0,0.2
2023-03-01 16:00:00,0.0,0.0023241055,0,0.2
2023-03-01 17:00:00,0.0,0.0034041374,0,0.2
2023-03-01 18:00:00,0.0,0.002557296,0,0.2
2023-03-01 19:00:00,0.0,0.0068180687,0,0.2
2023-03-01 20:00:00,0.0,0.019313788,0,0.2
2023-03-01 21:00:00,0.0,0.011319137,0,0.2
2023-03-01 22:00:00,0.0,0.0069181,0,0.2
2023-03-01 23:00:00,0.0,0.005937404,0,0.2
2023-03-02 00:00:00,0.0,0.0072504766,0,0.2
2023-03-02 01:00:00,0.0,0.0060596354,0,0.2
2023-03-02 02:00:00,0.0,0.0038241968,0,0.2
2023-03-02 03:00:00,0.0,0.0016795787,0,0.2
2023-03-02 04:00:00,0.0,0.0018014533,0,0.2
2023-03-02 05:00:00,0.0,0.0046037147,0,0.2
2023-03-02 06:00:00,0.0,0.004497297,0,0.2
2023-03-02 07:00:00,0.0,0.020032346,0,0.2
2023-03-02 08:00:00,0.0,0.041030884,0,0.2
2023-03-02 09:00:00,0.0,0.0105677815,0,0.2
2023-03-02 10:00:00,0.0,0.00710739,0,0.2
2023-03-02 11:00:00,0.0,0.0049058897,0,0.2
2023-03-02 12:00:00,0.0,0.005651914,0,0.2
2023-03-02 13:00:00,0.0,0.009497284,0,0.2
2023-03-02 14:00:00,0.0,0.001796941,0,0.2
2023-03-02 15:00:00,0.0,0.0025252227,0,0.2
2023-03-02 16:00:00,0.0,0.0016113083,0,0.2
2023-03-02 17:00:00,0.0,0.0012789171,0,0.2
2023-03-02 18:00:00,0.0,0.0008965775,0,0.2
2023-03-02 19:00:00,0.0,0.0053625233,0,0.2
2023-03-02 20:00:00,0.0,0.0066842656,0,0.2
2023-03-02 21:00:00,0.0,0.0018892104,0,0.2
2023-03-02 22:00:00,0.0,0.0009872491,0,0.2
2023-03-02 23:00:00,0.0,0.0005311939,0,0.2
2023-03-03 00:00:00,0.0,0.002282813,0,0.2
2023-03-03 01:00:00,0.0,0.0012905083,0,0.2
2023-03-03 02:00:00,0.0,0.0012218318,0,0.2
2023-03-03 03:00:00,0.0,0.0011837026,0,0.2
2023-03-03 04:00:00,0.0,0.0020562273,0,0.2
2023-03-03 05:00:00,0.0,0.0033478641,0,0.2
2023-03-03 06:00:00,0.0,0.0051004835,0,0.2
2023-03-03 07:00:00,0.0,0.007244709,0,0.2
2023-03-03 08:00:00,0.0,0.0042398656,0,0.2
2023-03-03 09:00:00,0.0,0.005458324,0,0.2
2023-03-03 10:00:00,0.0,0.003717459,0,0.2
2023-03-03 11:00:00,0.0,0.0018346475,0,0.2
2023-03-03 12:00:00,0.0,0.004605697,0,0.2
2023-03-03 13:00:00,0.0,0.0025627923,0,0.2
2023-03-03 14:00:00,0.0,0.002242597,0,0.2
2023-03-03 15:00:00,0.0,0.0007684196,0,0.2
2023-03-03 16:00:00,0.0,0.0005268265,0,0.2
2023-03-03 17:00:00,0.0,0.00048101245,0,0.2
2023-03-03 18:00:00,0.0,0.00076163426,0,0.2
2023-03-03 19:00:00,0.0,0.0030501615,0,0.2
2023-03-03 20:00:00,0.0,0.0026563269,0,0.2
2023-03-03 21:00:00,0.0,0.0014229632,0,0.2
2023-03-03 22:00:00,0.0,0.0019126004,0,0.2
2023-03-03 23:00:00,0.0,0.0012853147,0,0.2
2023-03-04 00:00:00,0.0,0.0015727355,0,0.2
2023-03-04 01:00:00,0.0,0.001170743,0,0.2
2023-03-04 02:00:00,0.0,0.0018096503,0,0.2
2023-03-04 03:00:00,0.0,0.0027179217,0,0.2
2023-03-04 04:00:00,0.0,0.0024225472,0,0.2
2023-03-04 05:00:00,0.0,0.002172362,0,0.2
2023-03-04 06:00:00,0.0,0.0059755044,0,0.2
2023-03-04 07:00:00,0.0,0.028044984,0,0.2
2023-03-04 08:00:00,0.0,0.04663944,0,0.2
2023-03-04 09:00:00,0.0,0.008229794,0,0.2
2023-03-04 10:00:00,0.0,0.0014014342,0,0.2
2023-03-04 11:00:00,0.0,0.0013221268,0,0.2
2023-03-04 12:00:00,0.0,0.0018259934,0,0.2
2023-03-04 13:00:00,0.0,0.0020422176,0,0.2
2023-03-04 14:00:00,0.0,0.0016096384,0,0.2
2023-03-04 15:00:00,0.0,0.00076622854,0,0.2
2023-03-04 16:00:00,0.0,0.0005603026,0,0.2
2023-03-04 17:00:00,0.0,0.0006115574,0,0.2
2023-03-04 18:00:00,0.0,0.0013715664,0,0.2
2023-03-04 19:00:00,0.0,0.0034528472,0,0.2
2023-03-04 20:00:00,0.0,0.0033439223,0,0.2
2023-03-04 21:00:00,0.0,0.0017326501,0,0.2
2023-03-04 22:00:00,0.0,0.001639059,0,0.2
2023-03-04 23:00:00,0.0,0.0038326837,0,0.2
2023-03-05 00:00:00,0.0,0.0047557848,0,0.2
2023-03-05 01:00:00,0.0,0.0017850659,0,0.2
2023-03-05 02:00:00,0.0,0.0017647948,0,0.2
2023-03-05 03:00:00,0.0,0.003191245,0,0.2
2023-03-05 04:00:00,0.0,0.005239105,0,0.2
2023-03-05 05:00:00,0.0,0.006559155,0,0.2
2023-03-05 06:00:00,0.0,0.018310025,0,0.2
2023-03-05 07:00:00,0.0,0.023678511,0,0.2
2023-03-05 08:00:00,0.0,0.015061192,0,0.2
2023-03-05 09:00:00,0.0,0.009636638,0,0.2
2023-03-05 10:00:00,0.0,0.0069734505,0,0.2
2023-03-05 11:00:00,0.0,0.0052691135,0,0.2
2023-03-05 12:00:00,0.0,0.009316207,0,0.2
2023-03-05 13:00:00,0.0,0.0063037104,0,0.2
2023-03-05 14:00:00,0.0,0.0048331767,0,0.2
2023-03-05 15:00:00,0.0,0.0009235224,0,0.2
2023-03-05 16:00:00,0.0,0.0006616032,0,0.2
2023-03-05 17:00:00,0.0,0.00060068094,0,0.2
2023-03-05 18:00:00,0.0,0.001589527,0,0.2
2023-03-05 19:00:00,0.0,0.0016872445,0,0.2
2023-03-05 20:00:00,0.0,0.003021422,0,0.2
2023-03-05 21:00:00,0.0,0.0027090183,0,0.2
2023-03-05 22:00:00,0.0,0.001780293,0,0.2
2023-03-05 23:00:00,0.0,0.0027782351,0,0.2
2023-03-06 00:00:00,0.0,0.0026974522,0,0.2
2023-03-06 01:00:00,0.0,0.0012717163,0,0.2
2023-03-06 02:00:00,0.0,0.0020239623,0,0.2
2023-03-06 03:00:00,0.0,0.0028302316,0,0.2
2023-03-06 04:00:00,0.0,0.0036140382,0,0.2
2023-03-06 05:00:00,0.0,0.004603765,0,0.2
2023-03-06 06:00:00,0.0,0.0047369334,0,0.2
2023-03-06 07:00:00,0.0,0.009377137,0,0.2
2023-03-06 08:00:00,0.0,0.049960673,0,0.2
2023-03-06 09:00:00,0.0,0.044849556,0,0.2
2023-03-06 10:00:00,0.0,0.003409224,0,0.2
2023-03-06 11:00:00,0.0,0.001990527,0,0.2
2023-03-06 12:00:00,0.0,0.0034461217,0,0.2
2023-03-06 13:00:00,0.0,0.0037884472,0,0.2
2023-03-06 14:00:00,0.0,0.0018146157,0,0.2
2023-03-06 15:00:00,0.0,0.0017858682,0,0.2
2023-03-06 16:00:00,0.0,0.0013011805,0,0.2
2023-03-06 17:00:00,0.0,0.0012893964,0,0.2
2023-03-06 18:00:00,0.0,0.0021267182,0,0.2
2023-03-06 19:00:00,0.0,0.0030703053,0,0.2
2023-03-06 20:00:00,0.0,0.0056886114,0,0.2
2023-03-06 21:00:00,0.0,0.0034178945,0,0.2
2023-03-06 22:00:00,0.0,0.00310415,0,0.2
2023-03-06 23:00:00,0.0,0.0021951643,0,0.2
2023-03-07 00:00:00,0.0,0.0019326085,0,0.2
2023-03-07 01:00:00,0.0,0.003294836,0,0.2
2023-03-07 02:00:00,0.0,0.0103733,0,0.2
2023-03-07 03:00:00,0.0,0.012924834,0,0.2
2023-03-07 04:00:00,0.0,0.003956781,0,0.2
2023-03-07 05:00:00,0.0,0.007052296,0,0.2
2023-03-07 06:00:00,0.0,0.0051412545,0,0.2
2023-03-07 07:00:00,0.0,0.010611236,0,0.2
2023-03-07 08:00:00,0.0,0.09914504,0,0.2
2023-03-07 09:00:00,0.0,0.031917695,0,0.2
2023-03-07 10:00:00,0.0,0.010059688,0,0.2
2023-03-07 11:00:00,0.0,0.025639145,0,0.2
2023-03-07 12:00:00,0.0,0.01364404,0,0.2
2023-03-07 13:00:00,0.0,0.010216854,0,0.2
2023-03-07 14:00:00,0.0,0.010792929,0,0.2
2023-03-07 15:00:00,0.0,0.009450827,0,0.2
2023-03-07 16:00:00,0.0,0.003430546,0,0.2
2023-03-07 17:00:00,0.0,0.009797763,0,0.2
2023-03-07 18:00:00,0.0,0.004206654,0,0.2
2023-03-07 19:00:00,0.0,0.0064791227,0,0.2
2023-03-07 20:00:00,0.0,0.010287534,0,0.2
2023-03-07 21:00:00,0.0,0.01875602,0,0.2
2023-03-07 22:00:00,0.0,0.014543826,0,0.2
2023-03-07 23:00:00,0.0,0.004823153,0,0.2
2023-03-08 00:00:00,0.0,0.0047067637,0,0.2
2023-03-08 01:00:00,0.0,0.0072112833,0,0.2
2023-03-08 02:00:00,0.0,0.008343551,0,0.2
2023-03-08 03:00:00,0.0,0.0065636523,0,0.2
2023-03-08 04:00:00,0.0,0.007034088,0,0.2
2023-03-08 05:00:00,0.0,0.008934171,0,0.2
2023-03-08 06:00:00,0.0,0.010510196,0,0.2
2023-03-08 07:00:00,0.0,0.022594297,0,0.2
2023-03-08 08:00:00,0.0,0.06747622,0,0.2
2023-03-08 09:00:00,0.0,0.10012297,0,0.2
2023-03-08 10:00:00,0.0,0.1524553,0,0.2
2023-03-08 11:00:00,0.0,0.046403717,0,0.2
2023-03-08 12:00:00,0.0,0.047933552,0,0.2
2023-03-08 13:00:00,0.0,0.021948954,0,0.2
2023-03-08 14:00:00,0.0,0.007684622,0,0.2
2023-03-08 15:00:00,0.0,0.004875355,0,0.2
2023-03-08 16:00:00,0.0,0.001560242,0,0.2
2023-03-08 17:00:00,0.0,0.0010215732,0,0.2
2023-03-08 18:00:00,0.0,0.0011093852,0,0.2
2023-03-08 19:00:00,0.0,0.0017672443,0,0.2
2023-03-08 20:00:00,0.0,0.0026534128,0,0.2
2023-03-08 21:00:00,0.0,0.0036019513,0,0.2
2023-03-08 22:00:00,0.0,0.004360707,0,0.2
2023-03-08 23:00:00,0.0,0.004140485,0,0.2
2023-03-09 00:00:00,0.0,0.00333839,0,0.2
2023-03-09 01:00:00,0.0,0.007404454,0,0.2
2023-03-09 02:00:00,0.0,0.009358883,0,0.2
2023-03-09 03:00:00,0.0,0.01224184,0,0.2
2023-03-09 04:00:00,0.0,0.008051356,0,0.2
2023-03-09 05:00:00,0.0,0.0090472065,0,0.2
2023-03-09 06:00:00,0.0,0.015277741,0,0.2
2023-03-09 07:00:00,0.0,0.020305278,0,0.2
2023-03-09 08:00:00,0.0,0.030585345,0,0.2
2023-03-09 09:00:00,0.0,0.07131019,0,0.2
2023-03-09 10:00:00,0.0,0.031253107,0,0.2
2023-03-09 11:00:00,0.0,0.013354645,0,0.2
2023-03-09 12:00:00,0.0,0.017018167,0,0.2
2023-03-09 13:00:00,0.0,0.015494545,0,0.2
2023-03-09 14:00:00,0.0,0.013366827,0,0.2
2023-03-09 15:00:00,0.0,0.007972876,0,0.2
2023-03-09 16:00:00,0.0,0.0067831823,0,0.2
2023-03-09 17:00:00,0.0,0.0074274447,0,0.2
2023-03-09 18:00:00,0.0,0.003272978,0,0.2
2023-03-09 19:00:00,0.0,0.009348142,0,0.2
2023-03-09 20:00:00,0.0,0.021305693,0,0.2
2023-03-09 21:00:00,0.0,0.012930761,0,0.2
2023-03-09 22:00:00,0.0,0.011955841,0,0.2
2023-03-09 23:00:00,0.0,0.0046274224,0,0.2
2023-03-10 00:00:00,0.0,0.0035859733,0,0.2
2023-03-10 01:00:00,0.0,0.0062747058,0,0.2
2023-03-10 02:00:00,0.0,0.00603921,0,0.2
2023-03-10 03:00:00,0.0,0.00621007,0,0.2
2023-03-10 04:00:00,0.0,0.005694443,0,0.2
2023-03-10 05:00:00,0.0,0.0074885124,0,0.2
2023-03-10 06:00:00,0.0,0.007887188,0,0.2
2023-03-10 07:00:00,0.0,0.02279555,0,0.2
2023-03-10 08:00:00,0.0,0.0208412,0,0.2
2023-03-10 09:00:00,0.0,0.034411132,0,0.2
2023-03-10 10:00:00,0.0,0.034588996,0,0.2
2023-03-10 11:00:00,0.0,0.039072204,0,0.2
2023-03-10 12:00:00,0.0,0.02828954,0,0.2
2023-03-10 13:00:00,0.0,0.04826373,0,0.2
2023-03-10 14:00:00,0.0,0.02096704,0,0.2
2023-03-10 15:00:00,0.0,0.012581009,0,0.2
2023-03-10 16:00:00,0.0,0.0052003907,0,0.2
2023-03-10 17:00:00,0.0,0.0070454045,0,0.2
2023-03-10 18:00:00,0.0,0.004847295,0,0.2
2023-03-10 19:00:00,0.0,0.0055089737,0,0.2
2023-03-10 20:00:00,0.0,0.0077637793,0,0.2
2023-03-10 21:00:00,0.0,0.013856342,0,0.2
2023-03-10 22:00:00,0.0,0.0027561174,0,0.2
2023-03-10 23:00:00,0.0,0.004138073,0,0.2
2023-03-11 00:00:00,0.0,0.0058927443,0,0.2
2023-03-11 01:00:00,0.0,0.0058509507,0,0.2
2023-03-11 02:00:00,0.0,0.006837101,0,0.2
2023-03-11 03:00:00,0.0,0.005491477,0,0.2
2023-03-11 04:00:00,0.0,0.0025081865,0,0.2
2023-03-11 05:00:00,0.0,0.009690568,0,0.2
2023-03-11 06:00:00,0.0,0.009823222,0,0.2
2023-03-11 07:00:00,0.0,0.010966691,0,0.2
2023-03-11 08:00:00,0.0,0.02070622,0,0.2
2023-03-11 09:00:00,0.0,0.051655613,0,0.2
2023-03-11 10:00:00,0.0,0.027545506,0,0.2
2023-03-11 11:00:00,0.0,0.029351112,0,0.2
2023-03-11 12:00:00,0.0,0.0065174955,0,0.2
2023-03-11 13:00:00,0.0,0.0030076213,0,0.2
2023-03-11 14:00:00,0.0,0.002023214,0,0.2
2023-03-11 15:00:00,0.0,0.0025134364,0,0.2
2023-03-11 16:00:00,0.0,0.0011665158,0,0.2
2023-03-11 17:00:00,0.0,0.002101262,0,0.2
2023-03-11 18:00:00,0.0,0.0036926267,0,0.2
2023-03-11 19:00:00,0.0,0.005189765,0,0.2
2023-03-11 20:00:00,0.0,0.0071147964,0,0.2
2023-03-11 21:00:00,0.0,0.0067830374,0,0.2
2023-03-11 22:00:00,0.0,0.003851721,0,0.2
2023-03-11 23:00:00,0.0,0.0045186663,0,0.2
2023-03-12 00:00:00,0.0,0.0057611912,0,0.2
2023-03-12 01:00:00,0.0,0.0037182327,0,0.2
2023-03-12 02:00:00,0.0,0.0042997943,0,0.2
2023-03-12 03:00:00,0.0,0.007022434,0,0.2
2023-03-12 04:00:00,0.0,0.004150128,0,0.2
2023-03-12 05:00:00,0.0,0.0038826356,0,0.2
2023-03-12 06:00:00,0.0,0.0075952234,0,0.2
2023-03-12 07:00:00,0.0,0.013416422,0,0.2
2023-03-12 08:00:00,0.0,0.022568658,0,0.2
2023-03-12 09:00:00,0.0,0.036231767,0,0.2
2023-03-12 10:00:00,0.0,0.013367016,0,0.2
2023-03-12 11:00:00,0.0,0.023080166,0,0.2
2023-03-12 12:00:00,0.0,0.015189448,0,0.2
2023-03-12 13:00:00,0.0,0.01044936,0,0.2
2023-03-12 14:00:00,0.0,0.005083967,0,0.2
2023-03-12 15:00:00,0.0,0.0051818853,0,0.2
2023-03-12 16:00:00,0.0,0.0019824442,0,0.2
2023-03-12 17:00:00,0.0,0.002006182,0,0.2
2023-03-12 18:00:00,0.0,0.0019079818,0,0.2
2023-03-12 19:00:00,0.0,0.0034129717,0,0.2
2023-03-12 20:00:00,0.0,0.0026956454,0,0.2
2023-03-12 21:00:00,0.0,0.004680956,0,0.2
2023-03-12 22:00:00,0.0,0.0028075406,0,0.2
2023-03-12 23:00:00,0.0,0.0012465869,0,0.2
2023-03-13 00:00:00,0.0,0.0026465459,0,0.2
2023-03-13 01:00:00,0.0,0.0034594003,0,0.2
2023-03-13 02:00:00,0.0,0.001875647,0,0.2
2023-03-13 03:00:00,0.0,0.0030918003,0,0.2
2023-03-13 04:00:00,0.0,0.0037369428,0,0.2
2023-03-13 05:00:00,0.0,0.0040897806,0,0.2
2023-03-13 06:00:00,0.0,0.0056383545,0,0.2
2023-03-13 07:00:00,0.0,0.012959616,0,0.2
2023-03-13 08:00:00,0.0,0.021253655,0,0.2
2023-03-13 09:00:00,0.0,0.042671822,0,0.2
2023-03-13 10:00:00,0.0,0.022053763,0,0.2
2023-03-13 11:00:00,0.0,0.0101742335,0,0.2
2023-03-13 12:00:00,0.0,0.008696236,0,0.2
2023-03-13 13:00:00,0.0,0.0109050535,0,0.2
2023-03-13 14:00:00,0.0,0.010880111,0,0.2
2023-03-13 15:00:00,0.0,0.009170099,0,0.2
2023-03-13 16:00:00,0.0,0.006446667,0,0.2
2023-03-13 17:00:00,0.0,0.00304818,0,0.2
2023-03-13 18:00:00,0.0,0.001284455,0,0.2
2023-03-13 19:00:00,0.0,0.0021856064,0,0.2
2023-03-13 20:00:00,0.0,0.0026354063,0,0.2
2023-03-13 21:00:00,0.0,0.0044488506,0,0.2
2023-03-13 22:00:00,0.0,0.0033245552,0,0.2
2023-03-13 23:00:00,0.0,0.004310388,0,0.2
2023-03-14 00:00:00,0.0,0.005436018,0,0.2
2023-03-14 01:00:00,0.0,0.004802908,0,0.2
2023-03-14 02:00:00,0.0,0.003701266,0,0.2
2023-03-14 03:00:00,0.0,0.002293649,0,0.2
2023-03-14 04:00:00,0.0,0.0033634254,0,0.2
2023-03-14 05:00:00,0.0,0.0026760995,0,0.2
2023-03-14 06:00:00,0.0,0.007116996,0,0.2
2023-03-14 07:00:00,0.0,0.009392178,0,0.2
2023-03-14 08:00:00,0.0,0.031058412,0,0.2
2023-03-14 09:00:00,0.0,0.018940724,0,0.2
2023-03-14 10:00:00,0.0,0.009252186,0,0.2
2023-03-14 11:00:00,0.0,0.008102643,0,0.2
2023-03-14 12:00:00,0.0,0.007899328,0,0.2
2023-03-14 13:00:00,0.0,0.004069316,0,0.2
2023-03-14 14:00:00,0.0,0.016039928,0,0.2
2023-03-14 15:00:00,0.0,0.0054050847,0,0.2
2023-03-14 16:00:00,0.0,0.0021438897,0,0.2
2023-03-14 17:00:00,0.0,0.0026743512,0,0.2
2023-03-14 18:00:00,0.0,0.0033725696,0,0.2
2023-03-14 19:00:00,0.0,0.0036708133,0,0.2
2023-03-14 20:00:00,0.0,0.005206411,0,0.2
2023-03-14 21:00:00,0.0,0.0055248933,0,0.2
2023-03-14 22:00:00,0.0,0.0041255294,0,0.2
2023-03-14 23:00:00,0.0,0.0055022244,0,0.2
2023-03-15 00:00:00,0.0,0.0051881424,0,0.2
2023-03-15 01:00:00,0.0,0.0040822015,0,0.2
2023-03-15 02:00:00,0.0,0.0042910636,0,0.2
2023-03-15 03:00:00,0.0,0.004932321,0,0.2
2023-03-15 04:00:00,0.0,0.0071929297,0,0.2
2023-03-15 05:00:00,0.0,0.010817101,0,0.2
2023-03-15 06:00:00,0.0,0.022575166,0,0.2
2023-03-15 07:00:00,0.0,0.032122567,0,0.2
2023-03-15 08:00:00,0.0,0.021359427,0,0.2
2023-03-15 09:00:00,0.0,0.056713156,0,0.2
2023-03-15 10:00:00,0.0,0.08546582,0,0.2
2023-03-15 11:00:00,0.0,0.11724246,0,0.2
2023-03-15 12:00:00,0.0,0.12760976,0,0.2
2023-03-15 13:00:00,0.0,0.11153287,0,0.2
2023-03-15 14:00:00,0.0,0.058227446,0,0.2
2023-03-15 15:00:00,0.0,0.026920384,0,0.2
2023-03-15 16:00:00,0.0,0.010401165,0,0.2
2023-03-15 17:00:00,0.0,0.009671331,0,0.2
2023-03-15 18:00:00,0.0,0.0079411715,0,0.2
2023-03-15 19:00:00,0.0,0.00636112,0,0.2
2023-03-15 20:00:00,0.0,0.009326088,0,0.2
2023-03-15 21:00:00,0.0,0.009339142,0,0.2
2023-03-15 22:00:00,0.0,0.008498954,0,0.2
2023-03-15 23:00:00,0.0,0.010329785,0,0.2
2023-03-16 00:00:00,0.0,0.013618549,0,0.2
2023-03-16 01:00:00,0.0,0.012934084,0,0.2
2023-03-16 02:00:00,0.0,0.011921788,0,0.2
2023-03-16 03:00:00,0.0,0.014844558,0,0.2
2023-03-16 04:00:00,0.0,0.028860975,0,0.2
2023-03-16 05:00:00,0.0,0.036780182,0,0.2
2023-03-16 06:00:00,1.0,0.022986364,0,0.2
2023-03-16 07:00:00,1.0,0.03851225,0,0.2
2023-03-16 08:00:00,0.0,0.04951035,0,0.2
2023-03-16 09:00:00,0.0,0.053717222,0,0.2
2023-03-16 10:00:00,0.0,0.08959067,0,0.2
2023-03-16 11:00:00,0.0,0.09234738,0,0.2
2023-03-16 12:00:00,0.0,0.10955659,0,0.2
2023-03-16 13:00:00,0.0,0.05768651,0,0.2
2023-03-16 14:00:00,0.0,0.064213194,0,0.2
2023-03-16 15:00:00,1.0,0.03206189,0,0.2
2023-03-16 16:00:00,1.0,0.012836727,0,0.2
2023-03-16 17:00:00,0.0,0.008940519,0,0.2
2023-03-16 18:00:00,0.0,0.0067589832,0,0.2
2023-03-16 19:00:00,0.0,0.010517512,0,0.2
2023-03-16 20:00:00,0.0,0.011657371,0,0.2
2023-03-16 21:00:00,0.0,0.013151746,0,0.2
2023-03-16 22:00:00,0.0,0.013238784,0,0.2
2023-03-16 23:00:00,0.0,0.019095873,0,0.2
2023-03-17 00:00:00,0.0,0.027392626,0,0.2
2023-03-17 01:00:00,1.0,0.031041665,0,0.2
2023-03-17 02:00:00,0.0,0.026073173,0,0.2
2023-03-17 03:00:00,0.0,0.038531013,0,0.2
2023-03-17 04:00:00,1.0,0.025403474,0,0.2
2023-03-17 05:00:00,1.0,0.045850754,0,0.2
2023-03-17 06:00:00,0.0,0.09681744,0,0.2
2023-03-17 07:00:00,0.0,0.2094711,1,0.2
2023-03-17 08:00:00,1.0,0.19900954,0,0.2
2023-03-17 09:00:00,0.0,0.046989404,0,0.2
2023-03-17 10:00:00,0.0,0.16391613,0,0.2
2023-03-17 11:00:00,0.0,0.37107193,1,0.2
2023-03-17 12:00:00,1.0,0.3949691,1,0.2
2023-03-17 13:00:00,0.0,0.16064526,0,0.2
2023-03-17 14:00:00,0.0,0.09411802,0,0.2
2023-03-17 15:00:00,0.0,0.12213714,0,0.2
2023-03-17 16:00:00,0.0,0.299408,1,0.2
2023-03-17 17:00:00,0.0,0.052402362,0,0.2
2023-03-17 18:00:00,0.0,0.018625645,0,0.2
2023-03-17 19:00:00,0.0,0.043444313,0,0.2
2023-03-17 20:00:00,0.0,0.039124005,0,0.2
2023-03-17 21:00:00,0.0,0.11827836,0,0.2
2023-03-17 22:00:00,0.0,0.049899768,0,0.2
2023-03-17 23:00:00,0.0,0.05467473,0,0.2
2023-03-18 00:00:00,0.0,0.040709794,0,0.2
2023-03-18 01:00:00,0.0,0.08075823,0,0.2
2023-03-18 02:00:00,0.0,0.16812088,0,0.2
2023-03-18 03:00:00,0.0,0.20527591,1,0.2
2023-03-18 04:00:00,0.0,0.32183245,1,0.2
2023-03-18 05:00:00,0.0,0.26976708,1,0.2
2023-03-18 06:00:00,1.0,0.075218834,0,0.2
2023-03-18 07:00:00,0.0,0.05436413,0,0.2
2023-03-18 08:00:00,1.0,0.15853034,0,0.2
2023-03-18 09:00:00,1.0,0.2662292,1,0.2
2023-03-18 10:00:00,1.0,0.17198627,0,0.2
2023-03-18 11:00:00,1.0,0.17883952,0,0.2
2023-03-18 12:00:00,1.0,0.29376006,1,0.2
2023-03-18 13:00:00,1.0,0.29089978,1,0.2
2023-03-18 14:00:00,0.0,0.075880766,0,0.2
2023-03-18 15:00:00,0.0,0.033279784,0,0.2
2023-03-18 16:00:00,0.0,0.02260129,0,0.2
2023-03-18 17:00:00,0.0,0.021561136,0,0.2
2023-03-18 18:00:00,0.0,0.032180693,0,0.2
2023-03-18 19:00:00,0.0,0.027444901,0,0.2
2023-03-18 20:00:00,0.0,0.031936727,0,0.2
2023-03-18 21:00:00,0.0,0.03674888,0,0.2
2023-03-18 22:00:00,0.0,0.04525167,0,0.2
2023-03-18 23:00:00,0.0,0.029506706,0,0.2
2023-03-19 00:00:00,0.0,0.021669546,0,0.2
2023-03-19 01:00:00,0.0,0.029735109,0,0.2
2023-03-19 02:00:00,0.0,0.03105708,0,0.2
2023-03-19 03:00:00,0.0,0.11565057,0,0.2
2023-03-19 04:00:00,0.0,0.13844727,0,0.2
2023-03-19 05:00:00,0.0,0.055082954,0,0.2
2023-03-19 06:00:00,0.0,0.109108806,0,0.2
2023-03-19 07:00:00,0.0,0.1364093,0,0.2
2023-03-19 08:00:00,0.0,0.06903399,0,0.2
2023-03-19 09:00:00,0.0,0.36788166,1,0.2
2023-03-19 10:00:00,0.0,0.29951406,1,0.2
2023-03-19 11:00:00,1.0,0.32067516,1,0.2
2023-03-19 12:00:00,1.0,0.49262226,1,0.2
2023-03-19 13:00:00,0.0,0.22275738,1,0.2
2023-03-19 14:00:00,0.0,0.13949992,0,0.2
2023-03-19 15:00:00,0.0,0.11176413,0,0.2
2023-03-19 16:00:00,0.0,0.056807857,0,0.2
2023-03-19 17:00:00,0.0,0.022667931,0,0.2
2023-03-19 18:00:00,0.0,0.021525305,0,0.2
2023-03-19 19:00:00,0.0,0.015305184,0,0.2
2023-03-19 20:00:00,0.0,0.020880658,0,0.2
2023-03-19 21:00:00,0.0,0.021971773,0,0.2
2023-03-19 22:00:00,0.0,0.067915194,0,0.2
2023-03-19 23:00:00,0.0,0.056948006,0,0.2
2023-03-20 00:00:00,0.0,0.036679026,0,0.2
2023-03-20 01:00:00,0.0,0.03373279,0,0.2
2023-03-20 02:00:00,0.0,0.04141799,0,0.2
2023-03-20 03:00:00,0.0,0.026378863,0,0.2
2023-03-20 04:00:00,0.0,0.031805612,0,0.2
2023-03-20 05:00:00,0.0,0.04150374,0,0.2
2023-03-20 06:00:00,0.0,0.07617462,0,0.2
2023-03-20 07:00:00,0.0,0.06873282,0,0.2
2023-03-20 08:00:00,0.0,0.09091765,0,0.2
2023-03-20 09:00:00,0.0,0.2414725,1,0.2
2023-03-20 10:00:00,0.0,0.2811769,1,0.2
2023-03-20 11:00:00,0.0,0.41687447,1,0.2
2023-03-20 12:00:00,0.0,0.41501957,1,0.2
2023-03-20 13:00:00,0.0,0.36662596,1,0.2
2023-03-20 14:00:00,0.0,0.12649564,0,0.2
2023-03-20 15:00:00,0.0,0.062162347,0,0.2
2023-03-20 16:00:00,0.0,0.020625154,0,0.2
2023-03-20 17:00:00,0.0,0.02709743,0,0.2
2023-03-20 18:00:00,0.0,0.03320544,0,0.2
2023-03-20 19:00:00,0.0,0.019310325,0,0.2
2023-03-20 20:00:00,0.0,0.031377908,0,0.2
2023-03-20 21:00:00,0.0,0.0648105,0,0.2
2023-03-20 22:00:00,0.0,0.06917925,0,0.2
2023-03-20 23:00:00,0.0,0.09477942,0,0.2
2023-03-21 00:00:00,0.0,0.050866924,0,0.2
2023-03-21 01:00:00,1.0,0.05224145,0,0.2
2023-03-21 02:00:00,0.0,0.078683056,0,0.2
2023-03-21 03:00:00,0.0,0.07009398,0,0.2
2023-03-21 04:00:00,0.0,0.101782404,0,0.2
2023-03-21 05:00:00,0.0,0.08778177,0,0.2
2023-03-21 06:00:00,0.0,0.07663083,0,0.2
2023-03-21 07:00:00,0.0,0.05538178,0,0.2
2023-03-21 08:00:00,0.0,0.08812005,0,0.2
2023-03-21 09:00:00,0.0,0.10431355,0,0.2
2023-03-21 10:00:00,0.0,0.12439374,0,0.2
2023-03-21 11:00:00,0.0,0.17028719,0,0.2
2023-03-21 12:00:00,0.0,0.3300997,1,0.2
2023-03-21 13:00:00,0.0,0.35921386,1,0.2
2023-03-21 14:00:00,1.0,0.30114487,1,0.2
2023-03-21 15:00:00,0.0,0.09083602,0,0.2
2023-03-21 16:00:00,0.0,0.028457679,0,0.2
2023-03-21 17:00:00,0.0,0.031851944,0,0.2
2023-03-21 18:00:00,0.0,0.014711912,0,0.2
2023-03-21 19:00:00,0.0,0.018031143,0,0.2
2023-03-21 20:00:00,0.0,0.021579014,0,0.2
2023-03-21 21:00:00,0.0,0.017368322,0,0.2
2023-03-21 22:00:00,0.0,0.017285388,0,0.2
2023-03-21 23:00:00,0.0,0.071278065,0,0.2
2023-03-22 00:00:00,0.0,0.1506005,0,0.2
2023-03-22 01:00:00,0.0,0.2027337,1,0.2
2023-03-22 02:00:00,0.0,0.06810944,0,0.2
2023-03-22 03:00:00,0.0,0.040837843,0,0.2
2023-03-22 04:00:00,0.0,0.06511102,0,0.2
2023-03-22 05:00:00,0.0,0.06569097,0,0.2
2023-03-22 06:00:00,0.0,0.04616608,0,0.2
2023-03-22 07:00:00,0.0,0.03862228,0,0.2
2023-03-22 08:00:00,0.0,0.07731173,0,0.2
2023-03-22 09:00:00,0.0,0.14790747,0,0.2
2023-03-22 10:00:00,0.0,0.12560092,0,0.2
2023-03-22 11:00:00,0.0,0.13066623,0,0.2
2023-03-22 12:00:00,0.0,0.17597415,0,0.2
2023-03-22 13:00:00,1.0,0.10121442,0,0.2
2023-03-22 14:00:00,1.0,0.14054605,0,0.2
2023-03-22 15:00:00,0.0,0.10294056,0,0.2
2023-03-22 16:00:00,0.0,0.009818,0,0.2
2023-03-22 17:00:00,0.0,0.008341228,0,0.2
2023-03-22 18:00:00,0.0,0.0052672666,0,0.2
2023-03-22 19:00:00,0.0,0.0058941273,0,0.2
2023-03-22 20:00:00,0.0,0.0023918345,0,0.2
2023-03-22 21:00:00,0.0,0.0042259195,0,0.2
2023-03-22 22:00:00,0.0,0.0075031877,0,0.2
2023-03-22 23:00:00,0.0,0.00964634,0,0.2
2023-03-23 00:00:00,0.0,0.0046106684,0,0.2
2023-03-23 01:00:00,0.0,0.003975533,0,0.2
2023-03-23 02:00:00,0.0,0.007861095,0,0.2
2023-03-23 03:00:00,0.0,0.016448539,0,0.2
2023-03-23 04:00:00,0.0,0.032861587,0,0.2
2023-03-23 05:00:00,0.0,0.03800964,0,0.2
2023-03-23 06:00:00,0.0,0.036883686,0,0.2
2023-03-23 07:00:00,0.0,0.05186523,0,0.2
2023-03-23 08:00:00,0.0,0.057770688,0,0.2
2023-03-23 09:00:00,0.0,0.073183544,0,0.2
2023-03-23 10:00:00,0.0,0.14917669,0,0.2
2023-03-23 11:00:00,0.0,0.17568214,0,0.2
2023-03-23 12:00:00,1.0,0.26965746,1,0.2
2023-03-23 13:00:00,0.0,0.30728528,1,0.2
2023-03-23 14:00:00,0.0,0.45598093,1,0.2
2023-03-23 15:00:00,0.0,0.2104092,1,0.2
2023-03-23 16:00:00,0.0,0.044966258,0,0.2
2023-03-23 17:00:00,0.0,0.031021828,0,0.2
2023-03-23 18:00:00,0.0,0.022608923,0,0.2
2023-03-23 19:00:00,0.0,0.032991927,0,0.2
2023-03-23 20:00:00,0.0,0.03618032,0,0.2
2023-03-23 21:00:00,0.0,0.06421391,0,0.2
2023-03-23 22:00:00,0.0,0.041711025,0,0.2
2023-03-23 23:00:00,0.0,0.08005934,0,0.2
2023-03-24 00:00:00,0.0,0.08286588,0,0.2
2023-03-24 01:00:00,0.0,0.07807611,0,0.2
2023-03-24 02:00:00,0.0,0.06943647,0,0.2
2023-03-24 03:00:00,0.0,0.10454314,0,0.2
2023-03-24 04:00:00,0.0,0.12081667,0,0.2
2023-03-24 05:00:00,0.0,0.06465168,0,0.2
2023-03-24 06:00:00,0.0,0.07106465,0,0.2
2023-03-24 07:00:00,0.0,0.043936722,0,0.2
2023-03-24 08:00:00,0.0,0.059256192,0,0.2
2023-03-24 09:00:00,0.0,0.13286242,0,0.2
2023-03-24 10:00:00,0.0,0.29675677,1,0.2
2023-03-24 11:00:00,0.0,0.25331417,1,0.2
2023-03-24 12:00:00,1.0,0.35027316,1,0.2
2023-03-24 13:00:00,1.0,0.29806688,1,0.2
2023-03-24 14:00:00,0.0,0.07881517,0,0.2
2023-03-24 15:00:00,0.0,0.03338637,0,0.2
2023-03-24 16:00:00,0.0,0.021216277,0,0.2
2023-03-24 17:00:00,0.0,0.0099226935,0,0.2
2023-03-24 18:00:00,0.0,0.009494777,0,0.2
2023-03-24 19:00:00,0.0,0.012128628,0,0.2
2023-03-24 20:00:00,0.0,0.013945268,0,0.2
2023-03-24 21:00:00,0.0,0.021266166,0,0.2
2023-03-24 22:00:00,0.0,0.01960396,0,0.2
2023-03-24 23:00:00,0.0,0.021092914,0,0.2
2023-03-25 00:00:00,0.0,0.029410461,0,0.2
2023-03-25 01:00:00,0.0,0.041114774,0,0.2
2023-03-25 02:00:00,0.0,0.057143018,0,0.2
2023-03-25 03:00:00,0.0,0.05009987,0,0.2
2023-03-25 04:00:00,0.0,0.063720055,0,0.2
2023-03-25 05:00:00,0.0,0.059434216,0,0.2
2023-03-25 06:00:00,0.0,0.045553748,0,0.2
2023-03-25 07:00:00,0.0,0.058241624,0,0.2
2023-03-25 08:00:00,0.0,0.041952826,0,0.2
2023-03-25 09:00:00,0.0,0.06114729,0,0.2
2023-03-25 10:00:00,0.0,0.12543836,0,0.2
2023-03-25 11:00:00,0.0,0.31271657,1,0.2
2023-03-25 12:00:00,1.0,0.38548964,1,0.2
2023-03-25 13:00:00,0.0,0.38929978,1,0.2
2023-03-25 14:00:00,0.0,0.33377397,1,0.2
2023-03-25 15:00:00,0.0,0.052158788,0,0.2
2023-03-25 16:00:00,0.0,0.021741005,0,0.2
2023-03-25 17:00:00,0.0,0.02779561,0,0.2
2023-03-25 18:00:00,0.0,0.015990185,0,0.2
2023-03-25 19:00:00,0.0,0.025531238,0,0.2
2023-03-25 20:00:00,0.0,0.029060313,0,0.2
2023-03-25 21:00:00,0.0,0.040926334,0,0.2
2023-03-25 22:00:00,0.0,0.0320497,0,0.2
2023-03-25 23:00:00,0.0,0.020920118,0,0.2
2023-03-26 00:00:00,0.0,0.022929728,0,0.2
2023-03-26 01:00:00,0.0,0.068499394,0,0.2
2023-03-26 02:00:00,0.0,0.07585922,0,0.2
2023-03-26 03:00:00,0.0,0.062346797,0,0.2
2023-03-26 04:00:00,0.0,0.07209614,0,0.2
2023-03-26 05:00:00,0.0,0.06648922,0,0.2
2023-03-26 06:00:00,0.0,0.067917034,0,0.2
2023-03-26 07:00:00,0.0,0.07762964,0,0.2
2023-03-26 08:00:00,0.0,0.169027,0,0.2
2023-03-26 09:00:00,0.0,0.34528914,1,0.2
2023-03-26 10:00:00,0.0,0.28979018,1,0.2
2023-03-26 11:00:00,0.0,0.31584227,1,0.2
2023-03-26 12:00:00,1.0,0.46573302,1,0.2
2023-03-26 13:00:00,0.0,0.41647872,1,0.2
2023-03-26 14:00:00,0.0,0.5046645,1,0.2
2023-03-26 15:00:00,0.0,0.1677323,0,0.2
2023-03-26 16:00:00,0.0,0.027973905,0,0.2
2023-03-26 17:00:00,0.0,0.026172202,0,0.2
2023-03-26 18:00:00,0.0,0.020729026,0,0.2
2023-03-26 19:00:00,0.0,0.024982179,0,0.2
2023-03-26 20:00:00,0.0,0.051437892,0,0.2
2023-03-26 21:00:00,0.0,0.043271657,0,0.2
2023-03-26 22:00:00,0.0,0.06590159,0,0.2
2023-03-26 23:00:00,0.0,0.06107338,0,0.2
2023-03-27 00:00:00,0.0,0.11131928,0,0.2
2023-03-27 01:00:00,0.0,0.08337774,0,0.2
2023-03-27 02:00:00,0.0,0.09573416,0,0.2
2023-03-27 03:00:00,0.0,0.08844377,0,0.2
2023-03-27 04:00:00,0.0,0.04785131,0,0.2
2023-03-27 05:00:00,0.0,0.02165257,0,0.2
2023-03-27 06:00:00,0.0,0.03406035,0,0.2
2023-03-27 07:00:00,0.0,0.028951796,0,0.2
2023-03-27 08:00:00,0.0,0.028502418,0,0.2
2023-03-27 09:00:00,0.0,0.034048986,0,0.2
2023-03-27 10:00:00,0.0,0.08532694,0,0.2
2023-03-27 11:00:00,0.0,0.15309538,0,0.2
2023-03-27 12:00:00,0.0,0.26263946,1,0.2
2023-03-27 13:00:00,0.0,0.27139118,1,0.2
2023-03-27 14:00:00,0.0,0.032555494,0,0.2
2023-03-27 15:00:00,0.0,0.022163529,0,0.2
2023-03-27 16:00:00,0.0,0.010423732,0,0.2
2023-03-27 17:00:00,0.0,0.005315174,0,0.2
2023-03-27 18:00:00,0.0,0.0038525863,0,0.2
2023-03-27 19:00:00,0.0,0.0034221185,0,0.2
2023-03-27 20:00:00,0.0,0.0047509256,0,0.2
2023-03-27 21:00:00,0.0,0.006923665,0,0.2
2023-03-27 22:00:00,0.0,0.011283302,0,0.2
2023-03-27 23:00:00,0.0,0.012005145,0,0.2
2023-03-28 00:00:00,0.0,0.01859852,0,0.2
2023-03-28 01:00:00,0.0,0.017674217,0,0.2
2023-03-28 02:00:00,0.0,0.019059964,0,0.2
2023-03-28 03:00:00,0.0,0.040743988,0,0.2
2023-03-28 04:00:00,0.0,0.017657857,0,0.2
2023-03-28 05:00:00,0.0,0.037412964,0,0.2
2023-03-28 06:00:00,0.0,0.026843466,0,0.2
2023-03-28 07:00:00,0.0,0.024761925,0,0.2
2023-03-28 08:00:00,0.0,0.028694063,0,0.2
2023-03-28 09:00:00,0.0,0.07828188,0,0.2
2023-03-28 10:00:00,0.0,0.23086426,1,0.2
2023-03-28 11:00:00,0.0,0.30813003,1,0.2
2023-03-28 12:00:00,0.0,0.517192,1,0.2
2023-03-28 13:00:00,0.0,0.2762142,1,0.2
2023-03-28 14:00:00,0.0,0.08602016,0,0.2
2023-03-28 15:00:00,0.0,0.0477189,0,0.2
2023-03-28 16:00:00,0.0,0.021813855,0,0.2
2023-03-28 17:00:00,0.0,0.013444601,0,0.2
2023-03-28 18:00:00,0.0,0.010892958,0,0.2
2023-03-28 19:00:00,0.0,0.0078829955,0,0.2
2023-03-28 20:00:00,0.0,0.012075564,0,0.2
2023-03-28 21:00:00,0.0,0.019270966,0,0.2
2023-03-28 22:00:00,0.0,0.025694069,0,0.2
2023-03-28 23:00:00,0.0,0.033564415,0,0.2
2023-03-29 00:00:00,0.0,0.049506936,0,0.2
2023-03-29 01:00:00,0.0,0.04145366,0,0.2
2023-03-29 02:00:00,0.0,0.028587056,0,0.2
2023-03-29 03:00:00,0.0,0.03265237,0,0.2
2023-03-29 04:00:00,0.0,0.031231474,0,0.2
2023-03-29 05:00:00,0.0,0.03204868,0,0.2
2023-03-29 06:00:00,0.0,0.028795473,0,0.2
2023-03-29 07:00:00,0.0,0.02930337,0,0.2
2023-03-29 08:00:00,0.0,0.0502296,0,0.2
2023-03-29 09:00:00,0.0,0.06076737,0,0.2
2023-03-29 10:00:00,0.0,0.24756712,1,0.2
2023-03-29 11:00:00,0.0,0.22494091,1,0.2
2023-03-29 12:00:00,0.0,0.18994863,0,0.2
2023-03-29 13:00:00,0.0,0.13183485,0,0.2
2023-03-29 14:00:00,0.0,0.04066452,0,0.2
2023-03-29 15:00:00,0.0,0.03544287,0,0.2
2023-03-29 16:00:00,0.0,0.0096410345,0,0.2
2023-03-29 17:00:00,0.0,0.005794835,0,0.2
2023-03-29 18:00:00,0.0,0.0073693586,0,0.2
2023-03-29 19:00:00,0.0,0.007669858,0,0.2
2023-03-29 20:00:00,0.0,0.008769798,0,0.2
2023-03-29 21:00:00,0.0,0.011110135,0,0.2
2023-03-29 22:00:00,0.0,0.009290888,0,0.2
2023-03-29 23:00:00,0.0,0.007816728,0,0.2
2023-03-30 00:00:00,0.0,0.019889913,0,0.2
2023-03-30 01:00:00,0.0,0.008290112,0,0.2
2023-03-30 02:00:00,0.0,0.011174637,0,0.2
2023-03-30 03:00:00,0.0,0.012893318,0,0.2
2023-03-30 04:00:00,0.0,0.012029234,0,0.2
2023-03-30 05:00:00,0.0,0.012832825,0,0.2
2023-03-30 06:00:00,0.0,0.0145460805,0,0.2
2023-03-30 07:00:00,0.0,0.023995716,0,0.2
2023-03-30 08:00:00,0.0,0.022510024,0,0.2
2023-03-30 09:00:00,0.0,0.06057264,0,0.2
2023-03-30 10:00:00,0.0,0.08644501,0,0.2
2023-03-30 11:00:00,0.0,0.109137416,0,0.2
2023-03-30 12:00:00,0.0,0.13890108,0,0.2
2023-03-30 13:00:00,0.0,0.09367057,0,0.2
2023-03-30 14:00:00,0.0,0.074260704,0,0.2
2023-03-30 15:00:00,0.0,0.021181691,0,0.2
2023-03-30 16:00:00,0.0,0.015061611,0,0.2
2023-03-30 17:00:00,0.0,0.012817189,0,0.2
2023-03-30 18:00:00,0.0,0.014064645,0,0.2
2023-03-30 19:00:00,0.0,0.011512706,0,0.2
2023-03-30 20:00:00,0.0,0.008597122,0,0.2
2023-03-30 21:00:00,0.0,0.0053351675,0,0.2
2023-03-30 22:00:00,0.0,0.012167717,0,0.2
2023-03-30 23:00:00,0.0,0.010770917,0,0.2
2023-03-31 00:00:00,0.0,0.007962286,0,0.2
2023-03-31 01:00:00,0.0,0.009189898,0,0.2
2023-03-31 02:00:00,0.0,0.010306559,0,0.2
2023-03-31 03:00:00,0.0,0.0070030754,0,0.2
2023-03-31 04:00:00,0.0,0.008497765,0,0.2
2023-03-31 05:00:00,0.0,0.022513622,0,0.2
2023-03-31 06:00:00,0.0,0.024495782,0,0.2
2023-03-31 07:00:00,0.0,0.02068866,0,0.2
2023-03-31 08:00:00,0.0,0.045640692,0,0.2
2023-03-31 09:00:00,0.0,0.04635595,0,0.2
2023-03-31 10:00:00,0.0,0.061268326,0,0.2
2023-03-31 11:00:00,0.0,0.079645135,0,0.2
2023-03-31 12:00:00,1.0,0.037697602,0,0.2
2023-03-31 13:00:00,1.0,0.017050032,0,0.2
2023-03-31 14:00:00,1.0,0.01848644,0,0.2
2023-03-31 15:00:00,0.0,0.016367044,0,0.2
2023-03-31 16:00:00,0.0,0.008264208,0,0.2
2023-03-31 17:00:00,0.0,0.006969941,0,0.2
2023-03-31 18:00:00,0.0,0.006028017,0,0.2
2023-03-31 19:00:00,0.0,0.0072708027,0,0.2
2023-03-31 20:00:00,0.0,0.0048087826,0,0.2
2023-03-31 21:00:00,0.0,0.006251817,0,0.2
2023-03-31 22:00:00,0.0,0.0059094494,0,0.2
2023-03-31 23:00:00,0.0,0.0055213496,0,0.2
2023-04-01 00:00:00,0.0,0.008200268,0,0.2
2023-04-01 01:00:00,0.0,0.02621574,0,0.2
2023-04-01 02:00:00,0.0,0.021885624,0,0.2
2023-04-01 03:00:00,0.0,0.029475091,0,0.2
2023-04-01 04:00:00,0.0,0.0627842,0,0.2
2023-04-01 05:00:00,0.0,0.046450827,0,0.2
2023-04-01 06:00:00,0.0,0.03477525,0,0.2
2023-04-01 07:00:00,0.0,0.03157533,0,0.2
2023-04-01 08:00:00,0.0,0.043966778,0,0.2
2023-04-01 09:00:00,0.0,0.09784559,0,0.2
2023-04-01 10:00:00,0.0,0.19808236,0,0.2
2023-04-01 11:00:00,0.0,0.29296425,1,0.2
2023-04-01 12:00:00,1.0,0.65265,1,0.2
2023-04-01 13:00:00,1.0,0.7616616,1,0.2
2023-04-01 14:00:00,0.0,0.45325255,1,0.2
2023-04-01 15:00:00,0.0,0.5548696,1,0.2
2023-04-01 16:00:00,0.0,0.090275414,0,0.2
2023-04-01 17:00:00,0.0,0.018729527,0,0.2
2023-04-01 18:00:00,0.0,0.014529072,0,0.2
2023-04-01 19:00:00,0.0,0.029117031,0,0.2
2023-04-01 20:00:00,0.0,0.02473504,0,0.2
2023-04-01 21:00:00,0.0,0.025006052,0,0.2
2023-04-01 22:00:00,0.0,0.036760703,0,0.2
2023-04-01 23:00:00,0.0,0.03517932,0,0.2
2023-04-02 00:00:00,0.0,0.040132817,0,0.2
2023-04-02 01:00:00,0.0,0.0527798,0,0.2
2023-04-02 02:00:00,0.0,0.053871695,0,0.2
2023-04-02 03:00:00,0.0,0.05341546,0,0.2
2023-04-02 04:00:00,0.0,0.06079194,0,0.2
2023-04-02 05:00:00,0.0,0.048465535,0,0.2
2023-04-02 06:00:00,0.0,0.03476931,0,0.2
2023-04-02 07:00:00,0.0,0.035632987,0,0.2
2023-04-02 08:00:00,1.0,0.102010846,0,0.2
2023-04-02 09:00:00,1.0,0.20540425,1,0.2
2023-04-02 10:00:00,0.0,0.15046676,0,0.2
2023-04-02 11:00:00,0.0,0.18718153,0,0.2
2023-04-02 12:00:00,0.0,0.5257432,1,0.2
2023-04-02 13:00:00,1.0,0.43573365,1,0.2
2023-04-02 14:00:00,0.0,0.41442996,1,0.2
2023-04-02 15:00:00,0.0,0.16977423,0,0.2
2023-04-02 16:00:00,0.0,0.0367751,0,0.2
2023-04-02 17:00:00,0.0,0.019704843,0,0.2
2023-04-02 18:00:00,0.0,0.030059446,0,0.2
2023-04-02 19:00:00,0.0,0.043365136,0,0.2
2023-04-02 20:00:00,0.0,0.045328278,0,0.2
2023-04-02 21:00:00,0.0,0.07858406,0,0.2
2023-04-02 22:00:00,0.0,0.0817711,0,0.2
2023-04-02 23:00:00,0.0,0.10697023,0,0.2
2023-04-03 00:00:00,0.0,0.11721211,0,0.2
2023-04-03 01:00:00,0.0,0.11309799,0,0.2
2023-04-03 02:00:00,0.0,0.09111301,0,0.2
2023-04-03 03:00:00,0.0,0.08425765,0,0.2
2023-04-03 04:00:00,0.0,0.054058123,0,0.2
2023-04-03 05:00:00,0.0,0.0726523,0,0.2
2023-04-03 06:00:00,0.0,0.093009785,0,0.2
2023-04-03 07:00:00,0.0,0.086213194,0,0.2
2023-04-03 08:00:00,0.0,0.19111411,0,0.2
2023-04-03 09:00:00,0.0,0.19985288,0,0.2
2023-04-03 10:00:00,0.0,0.3245717,1,0.2
2023-04-03 11:00:00,0.0,0.25977582,1,0.2
2023-04-03 12:00:00,0.0,0.22456737,1,0.2
2023-04-03 13:00:00,0.0,0.40364552,1,0.2
2023-04-03 14:00:00,0.0,0.3293162,1,0.2
2023-04-03 15:00:00,0.0,0.05190074,0,0.2
2023-04-03 16:00:00,0.0,0.05004822,0,0.2
2023-04-03 17:00:00,0.0,0.030877167,0,0.2
2023-04-03 18:00:00,0.0,0.019331101,0,0.2
2023-04-03 19:00:00,0.0,0.028925436,0,0.2
2023-04-03 20:00:00,0.0,0.045673683,0,0.2
2023-04-03 21:00:00,0.0,0.051458705,0,0.2
2023-04-03 22:00:00,0.0,0.04543665,0,0.2
2023-04-03 23:00:00,0.0,0.03656724,0,0.2
2023-04-04 00:00:00,0.0,0.044849988,0,0.2
2023-04-04 01:00:00,0.0,0.0760301,0,0.2
2023-04-04 02:00:00,0.0,0.072771095,0,0.2
2023-04-04 03:00:00,0.0,0.07189182,0,0.2
2023-04-04 04:00:00,0.0,0.07654545,0,0.2
2023-04-04 05:00:00,0.0,0.08731183,0,0.2
2023-04-04 06:00:00,0.0,0.06618589,0,0.2
2023-04-04 07:00:00,0.0,0.11280092,0,0.2
2023-04-04 08:00:00,0.0,0.12019309,0,0.2
2023-04-04 09:00:00,0.0,0.09171806,0,0.2
2023-04-04 10:00:00,0.0,0.14214538,0,0.2
2023-04-04 11:00:00,0.0,0.33850917,1,0.2
2023-04-04 12:00:00,0.0,0.56363267,1,0.2
2023-04-04 13:00:00,0.0,0.585401,1,0.2
2023-04-04 14:00:00,0.0,0.22732306,1,0.2
2023-04-04 15:00:00,0.0,0.058163784,0,0.2
2023-04-04 16:00:00,0.0,0.025265256,0,0.2
2023-04-04 17:00:00,0.0,0.016196549,0,0.2
2023-04-04 18:00:00,0.0,0.013402317,0,0.2
2023-04-04 19:00:00,0.0,0.014107456,0,0.2
2023-04-04 20:00:00,0.0,0.016585773,0,0.2
2023-04-04 21:00:00,0.0,0.042769473,0,0.2
2023-04-04 22:00:00,0.0,0.05920174,0,0.2
2023-04-04 23:00:00,0.0,0.0653043,0,0.2
2023-04-05 00:00:00,0.0,0.067706,0,0.2
2023-04-05 01:00:00,0.0,0.046232685,0,0.2
2023-04-05 02:00:00,0.0,0.042014696,0,0.2
2023-04-05 03:00:00,0.0,0.08034397,0,0.2
2023-04-05 04:00:00,0.0,0.1308336,0,0.2
2023-04-05 05:00:00,0.0,0.15332793,0,0.2
2023-04-05 06:00:00,0.0,0.093552835,0,0.2
2023-04-05 07:00:00,0.0,0.05628184,0,0.2
2023-04-05 08:00:00,0.0,0.12951939,0,0.2
2023-04-05 09:00:00,0.0,0.13893373,0,0.2
2023-04-05 10:00:00,0.0,0.09669126,0,0.2
2023-04-05 11:00:00,0.0,0.22811733,1,0.2
2023-04-05 12:00:00,0.0,0.54851246,1,0.2
2023-04-05 13:00:00,0.0,0.34602162,1,0.2
2023-04-05 14:00:00,0.0,0.0808059,0,0.2
2023-04-05 15:00:00,0.0,0.05161033,0,0.2
2023-04-05 16:00:00,0.0,0.01549256,0,0.2
2023-04-05 17:00:00,0.0,0.011304258,0,0.2
2023-04-05 18:00:00,0.0,0.008290752,0,0.2
2023-04-05 19:00:00,0.0,0.0100341495,0,0.2
2023-04-05 20:00:00,0.0,0.013480826,0,0.2
2023-04-05 21:00:00,0.0,0.021514619,0,0.2
2023-04-05 22:00:00,0.0,0.018835183,0,0.2
2023-04-05 23:00:00,0.0,0.024375884,0,0.2
2023-04-06 00:00:00,0.0,0.025476553,0,0.2
2023-04-06 01:00:00,0.0,0.034030218,0,0.2
2023-04-06 02:00:00,0.0,0.04241254,0,0.2
2023-04-06 03:00:00,0.0,0.042258173,0,0.2
2023-04-06 04:00:00,0.0,0.045870386,0,0.2
2023-04-06 05:00:00,0.0,0.041815083,0,0.2
2023-04-06 06:00:00,0.0,0.030953126,0,0.2
2023-04-06 07:00:00,0.0,0.028815541,0,0.2
2023-04-06 08:00:00,0.0,0.058654748,0,0.2
2023-04-06 09:00:00,0.0,0.048502084,0,0.2
2023-04-06 10:00:00,0.0,0.13278015,0,0.2
2023-04-06 11:00:00,0.0,0.088238254,0,0.2
2023-04-06 12:00:00,0.0,0.23816036,1,0.2
2023-04-06 13:00:00,0.0,0.047308438,0,0.2
2023-04-06 14:00:00,0.0,0.009365998,0,0.2
2023-04-06 15:00:00,0.0,0.00969455,0,0.2
2023-04-06 16:00:00,0.0,0.003256465,0,0.2
2023-04-06 17:00:00,0.0,0.002371482,0,0.2
2023-04-06 18:00:00,0.0,0.001370886,0,0.2
2023-04-06 19:00:00,0.0,0.00196861,0,0.2
2023-04-06 20:00:00,0.0,0.0033822414,0,0.2
2023-04-06 21:00:00,0.0,0.0043969536,0,0.2
2023-04-06 22:00:00,0.0,0.0046811113,0,0.2
2023-04-06 23:00:00,0.0,0.012106275,0,0.2
2023-04-07 00:00:00,0.0,0.011634967,0,0.2
2023-04-07 01:00:00,0.0,0.019492934,0,0.2
2023-04-07 02:00:00,0.0,0.02091811,0,0.2
2023-04-07 03:00:00,0.0,0.020084867,0,0.2
2023-04-07 04:00:00,0.0,0.029785398,0,0.2
2023-04-07 05:00:00,0.0,0.04258864,0,0.2
2023-04-07 06:00:00,0.0,0.023300815,0,0.2
2023-04-07 07:00:00,0.0,0.019006101,0,0.2
2023-04-07 08:00:00,0.0,0.047207136,0,0.2
2023-04-07 09:00:00,0.0,0.051050294,0,0.2
2023-04-07 10:00:00,0.0,0.14383347,0,0.2
2023-04-07 11:00:00,0.0,0.17646392,0,0.2
2023-04-07 12:00:00,0.0,0.08815263,0,0.2
2023-04-07 13:00:00,0.0,0.05951511,0,0.2
2023-04-07 14:00:00,0.0,0.024601873,0,0.2
2023-04-07 15:00:00,0.0,0.017349077,0,0.2
2023-04-07 16:00:00,0.0,0.00629996,0,0.2
2023-04-07 17:00:00,0.0,0.0053242296,0,0.2
2023-04-07 18:00:00,0.0,0.0027231264,0,0.2
2023-04-07 19:00:00,0.0,0.0035739562,0,0.2
2023-04-07 20:00:00,0.0,0.004704582,0,0.2
2023-04-07 21:00:00,0.0,0.003353584,0,0.2
2023-04-07 22:00:00,0.0,0.0075993435,0,0.2
2023-04-07 23:00:00,0.0,0.007296845,0,0.2
2023-04-08 00:00:00,0.0,0.0085747605,0,0.2
2023-04-08 01:00:00,0.0,0.011595263,0,0.2
2023-04-08 02:00:00,0.0,0.007382167,0,0.2
2023-04-08 03:00:00,0.0,0.014648333,0,0.2
2023-04-08 04:00:00,0.0,0.013281016,0,0.2
2023-04-08 05:00:00,0.0,0.01656112,0,0.2
2023-04-08 06:00:00,0.0,0.042504955,0,0.2
2023-04-08 07:00:00,0.0,0.053271633,0,0.2
2023-04-08 08:00:00,0.0,0.031018538,0,0.2
2023-04-08 09:00:00,0.0,0.034189206,0,0.2
2023-04-08 10:00:00,0.0,0.049947422,0,0.2
2023-04-08 11:00:00,0.0,0.08575417,0,0.2
2023-04-08 12:00:00,0.0,0.08614808,0,0.2
2023-04-08 13:00:00,0.0,0.016435592,0,0.2
2023-04-08 14:00:00,0.0,0.051918857,0,0.2
2023-04-08 15:00:00,0.0,0.055945184,0,0.2
2023-04-08 16:00:00,0.0,0.018638806,0,0.2
2023-04-08 17:00:00,0.0,0.008213107,0,0.2
2023-04-08 18:00:00,0.0,0.009600539,0,0.2
2023-04-08 19:00:00,0.0,0.010112835,0,0.2
2023-04-08 20:00:00,0.0,0.018892366,0,0.2
2023-04-08 21:00:00,0.0,0.014058298,0,0.2
2023-04-08 22:00:00,0.0,0.009076653,0,0.2
2023-04-08 23:00:00,0.0,0.006030103,0,0.2
2023-04-09 00:00:00,0.0,0.012223144,0,0.2
2023-04-09 01:00:00,0.0,0.012023755,0,0.2
2023-04-09 02:00:00,0.0,0.022357797,0,0.2
2023-04-09 03:00:00,0.0,0.017091181,0,0.2
2023-04-09 04:00:00,0.0,0.029074399,0,0.2
2023-04-09 05:00:00,0.0,0.027450703,0,0.2
2023-04-09 06:00:00,0.0,0.047368024,0,0.2
2023-04-09 07:00:00,0.0,0.07178388,0,0.2
2023-04-09 08:00:00,0.0,0.040926665,0,0.2
2023-04-09 09:00:00,0.0,0.03711816,0,0.2
2023-04-09 10:00:00,0.0,0.05576186,0,0.2
2023-04-09 11:00:00,0.0,0.07659744,0,0.2
2023-04-09 12:00:00,0.0,0.09063363,0,0.2
2023-04-09 13:00:00,0.0,0.07018551,0,0.2
2023-04-09 14:00:00,0.0,0.05550759,0,0.2
2023-04-09 15:00:00,0.0,0.018074345,0,0.2
2023-04-09 16:00:00,0.0,0.008320369,0,0.2
2023-04-09 17:00:00,0.0,0.0020531153,0,0.2
2023-04-09 18:00:00,0.0,0.006198504,0,0.2
2023-04-09 19:00:00,0.0,0.0053397752,0,0.2
2023-04-09 20:00:00,0.0,0.008186021,0,0.2
2023-04-09 21:00:00,0.0,0.003065698,0,0.2
2023-04-09 22:00:00,0.0,0.0067712837,0,0.2
2023-04-09 23:00:00,0.0,0.009273466,0,0.2
2023-04-10 00:00:00,0.0,0.01352609,0,0.2
2023-04-10 01:00:00,0.0,0.015528515,0,0.2
2023-04-10 02:00:00,0.0,0.015924996,0,0.2
2023-04-10 03:00:00,0.0,0.022960644,0,0.2
2023-04-10 04:00:00,0.0,0.03649536,0,0.2
2023-04-10 05:00:00,0.0,0.024945555,0,0.2
2023-04-10 06:00:00,0.0,0.019886011,0,0.2
2023-04-10 07:00:00,0.0,0.019581487,0,0.2
2023-04-10 08:00:00,0.0,0.03483294,0,0.2
2023-04-10 09:00:00,0.0,0.044623174,0,0.2
2023-04-10 10:00:00,0.0,0.04909841,0,0.2
2023-04-10 11:00:00,0.0,0.04166418,0,0.2
2023-04-10 12:00:00,0.0,0.07144004,0,0.2
2023-04-10 13:00:00,0.0,0.019709148,0,0.2
2023-04-10 14:00:00,0.0,0.012977274,0,0.2
2023-04-10 15:00:00,0.0,0.010776955,0,0.2
2023-04-10 16:00:00,0.0,0.0061614485,0,0.2
2023-04-10 17:00:00,0.0,0.005617854,0,0.2
2023-04-10 18:00:00,0.0,0.0035691522,0,0.2
2023-04-10 19:00:00,0.0,0.0044469335,0,0.2
2023-04-10 20:00:00,0.0,0.0044173445,0,0.2
2023-04-10 21:00:00,0.0,0.006879078,0,0.2
2023-04-10 22:00:00,0.0,0.00969906,0,0.2
2023-04-10 23:00:00,0.0,0.008300637,0,0.2
2023-04-11 00:00:00,0.0,0.014084814,0,0.2
2023-04-11 01:00:00,0.0,0.02118667,0,0.2
2023-04-11 02:00:00,0.0,0.033883255,0,0.2
2023-04-11 03:00:00,0.0,0.020936761,0,0.2
2023-04-11 04:00:00,0.0,0.016215814,0,0.2
2023-04-11 05:00:00,0.0,0.013218256,0,0.2
2023-04-11 06:00:00,0.0,0.035513606,0,0.2
2023-04-11 07:00:00,0.0,0.03242671,0,0.2
2023-04-11 08:00:00,0.0,0.04281562,0,0.2
2023-04-11 09:00:00,0.0,0.050429173,0,0.2
2023-04-11 10:00:00,0.0,0.056401618,0,0.2
2023-04-11 11:00:00,0.0,0.1426262,0,0.2
2023-04-11 12:00:00,0.0,0.09196718,0,0.2
2023-04-11 13:00:00,0.0,0.061870504,0,0.2
2023-04-11 14:00:00,0.0,0.017450292,0,0.2
2023-04-11 15:00:00,0.0,0.02575371,0,0.2
2023-04-11 16:00:00,0.0,0.016740983,0,0.2
2023-04-11 17:00:00,0.0,0.012762504,0,0.2
2023-04-11 18:00:00,0.0,0.008170812,0,0.2
2023-04-11 19:00:00,0.0,0.0045005544,0,0.2
2023-04-11 20:00:00,0.0,0.0015634908,0,0.2
2023-04-11 21:00:00,0.0,0.0020823,0,0.2
2023-04-11 22:00:00,0.0,0.0036564018,0,0.2
2023-04-11 23:00:00,0.0,0.002819049,0,0.2
2023-04-12 00:00:00,0.0,0.003665655,0,0.2
2023-04-12 01:00:00,0.0,0.014546607,0,0.2
2023-04-12 02:00:00,0.0,0.0027247819,0,0.2
2023-04-12 03:00:00,0.0,0.008016718,0,0.2
2023-04-12 04:00:00,0.0,0.005925171,0,0.2
2023-04-12 05:00:00,0.0,0.0036542953,0,0.2
2023-04-12 06:00:00,0.0,0.0035622753,0,0.2
2023-04-12 07:00:00,0.0,0.0027794086,0,0.2
2023-04-12 08:00:00,0.0,0.018352792,0,0.2
2023-04-12 09:00:00,0.0,0.013363521,0,0.2
2023-04-12 10:00:00,0.0,0.008815995,0,0.2
2023-04-12 11:00:00,0.0,0.014945463,0,0.2
2023-04-12 12:00:00,0.0,0.010750198,0,0.2
2023-04-12 13:00:00,0.0,0.013610019,0,0.2
2023-04-12 14:00:00,0.0,0.003205456,0,0.2
2023-04-12 15:00:00,0.0,0.0013801293,0,0.2
2023-04-12 16:00:00,0.0,0.0012132158,0,0.2
2023-04-12 17:00:00,0.0,0.0005944598,0,0.2
2023-04-12 18:00:00,0.0,0.00051869836,0,0.2
2023-04-12 19:00:00,0.0,0.00064492354,0,0.2
2023-04-12 20:00:00,0.0,0.0007571818,0,0.2
2023-04-12 21:00:00,0.0,0.0010280213,0,0.2
2023-04-12 22:00:00,0.0,0.0011226989,0,0.2
2023-04-12 23:00:00,0.0,0.001563298,0,0.2
2023-04-13 00:00:00,0.0,0.0014680261,0,0.2
2023-04-13 01:00:00,0.0,0.00090588746,0,0.2
2023-04-13 02:00:00,0.0,0.004141684,0,0.2
2023-04-13 03:00:00,0.0,0.0051874956,0,0.2
2023-04-13 04:00:00,0.0,0.0044000526,0,0.2
2023-04-13 05:00:00,0.0,0.0032925098,0,0.2
2023-04-13 06:00:00,0.0,0.004444209,0,0.2
2023-04-13 07:00:00,0.0,0.007559363,0,0.2
2023-04-13 08:00:00,0.0,0.023963746,0,0.2
2023-04-13 09:00:00,0.0,0.006672754,0,0.2
2023-04-13 10:00:00,0.0,0.0063457764,0,0.2
2023-04-13 11:00:00,0.0,0.0072584236,0,0.2
2023-04-13 12:00:00,0.0,0.005221503,0,0.2
2023-04-13 13:00:00,0.0,0.0063847015,0,0.2
2023-04-13 14:00:00,0.0,0.0057230955,0,0.2
2023-04-13 15:00:00,0.0,0.0021021152,0,0.2
2023-04-13 16:00:00,0.0,0.0013716702,0,0.2
2023-04-13 17:00:00,0.0,0.00080416375,0,0.2
2023-04-13 18:00:00,0.0,0.0012416992,0,0.2
2023-04-13 19:00:00,0.0,0.0010843178,0,0.2
2023-04-13 20:00:00,0.0,0.00079393224,0,0.2
2023-04-13 21:00:00,0.0,0.0011734846,0,0.2
2023-04-13 22:00:00,0.0,0.0013513132,0,0.2
2023-04-13 23:00:00,0.0,0.0018608574,0,0.2
2023-04-14 00:00:00,0.0,0.0013766781,0,0.2
2023-04-14 01:00:00,0.0,0.0010643911,0,0.2
2023-04-14 02:00:00,0.0,0.0013670023,0,0.2
2023-04-14 03:00:00,0.0,0.0032182506,0,0.2
2023-04-14 04:00:00,0.0,0.0035148235,0,0.2
2023-04-14 05:00:00,0.0,0.0031388497,0,0.2
2023-04-14 06:00:00,0.0,0.004354753,0,0.2
2023-04-14 07:00:00,0.0,0.0061545814,0,0.2
2023-04-14 08:00:00,0.0,0.019540412,0,0.2
2023-04-14 09:00:00,0.0,0.007679947,0,0.2
2023-04-14 10:00:00,0.0,0.010998576,0,0.2
2023-04-14 11:00:00,0.0,0.013701278,0,0.2
2023-04-14 12:00:00,0.0,0.008686679,0,0.2
2023-04-14 13:00:00,0.0,0.0035646982,0,0.2
2023-04-14 14:00:00,0.0,0.0025412282,0,0.2
2023-04-14 15:00:00,0.0,0.006631224,0,0.2
2023-04-14 16:00:00,0.0,0.0025347315,0,0.2
2023-04-14 17:00:00,0.0,0.0016104011,0,0.2
2023-04-14 18:00:00,0.0,0.0004930727,0,0.2
2023-04-14 19:00:00,0.0,0.002381912,0,0.2
2023-04-14 20:00:00,0.0,0.0027155755,0,0.2
2023-04-14 21:00:00,0.0,0.0051820693,0,0.2
2023-04-14 22:00:00,0.0,0.002505816,0,0.2
2023-04-14 23:00:00,0.0,0.00590148,0,0.2
2023-04-15 00:00:00,0.0,0.00896001,0,0.2
2023-04-15 01:00:00,0.0,0.006443369,0,0.2
2023-04-15 02:00:00,0.0,0.0069836117,0,0.2
2023-04-15 03:00:00,0.0,0.007443492,0,0.2
2023-04-15 04:00:00,0.0,0.0042409045,0,0.2
2023-04-15 05:00:00,0.0,0.005999136,0,0.2
2023-04-15 06:00:00,0.0,0.0050397348,0,0.2
2023-04-15 07:00:00,0.0,0.004911342,0,0.2
2023-04-15 08:00:00,0.0,0.018216852,0,0.2
2023-04-15 09:00:00,0.0,0.0059191803,0,0.2
2023-04-15 10:00:00,0.0,0.013339732,0,0.2
2023-04-15 11:00:00,0.0,0.023766423,0,0.2
2023-04-15 12:00:00,0.0,0.02425853,0,0.2
2023-04-15 13:00:00,0.0,0.019087411,0,0.2
2023-04-15 14:00:00,0.0,0.013176295,0,0.2
2023-04-15 15:00:00,0.0,0.011902718,0,0.2
2023-04-15 16:00:00,0.0,0.0050928434,0,0.2
2023-04-15 17:00:00,0.0,0.0044852644,0,0.2
2023-04-15 18:00:00,0.0,0.0032252073,0,0.2
2023-04-15 19:00:00,0.0,0.0022385367,0,0.2
2023-04-15 20:00:00,0.0,0.002781167,0,0.2
2023-04-15 21:00:00,0.0,0.004965903,0,0.2
2023-04-15 22:00:00,0.0,0.0050156,0,0.2
2023-04-15 23:00:00,0.0,0.014432564,0,0.2
2023-04-16 00:00:00,0.0,0.009754276,0,0.2
2023-04-16 01:00:00,0.0,0.01009163,0,0.2
2023-04-16 02:00:00,0.0,0.009269756,0,0.2
2023-04-16 03:00:00,0.0,0.0058585885,0,0.2
2023-04-16 04:00:00,0.0,0.0061281403,0,0.2
2023-04-16 05:00:00,0.0,0.008501133,0,0.2
2023-04-16 06:00:00,0.0,0.011107553,0,0.2
2023-04-16 07:00:00,0.0,0.009714644,0,0.2
2023-04-16 08:00:00,0.0,0.012416866,0,0.2
2023-04-16 09:00:00,0.0,0.0051976903,0,0.2
2023-04-16 10:00:00,0.0,0.0072136736,0,0.2
2023-04-16 11:00:00,0.0,0.013866831,0,0.2
2023-04-16 12:00:00,0.0,0.012304645,0,0.2
2023-04-16 13:00:00,0.0,0.032840062,0,0.2
2023-04-16 14:00:00,0.0,0.018428514,0,0.2
2023-04-16 15:00:00,0.0,0.016779408,0,0.2
2023-04-16 16:00:00,0.0,0.008246866,0,0.2
2023-04-16 17:00:00,0.0,0.0126394965,0,0.2
2023-04-16 18:00:00,0.0,0.004421215,0,0.2
2023-04-16 19:00:00,0.0,0.0012287303,0,0.2
2023-04-16 20:00:00,0.0,0.00091870636,0,0.2
2023-04-16 21:00:00,0.0,0.0017507867,0,0.2
2023-04-16 22:00:00,0.0,0.002770374,0,0.2
2023-04-16 23:00:00,0.0,0.0036760685,0,0.2
2023-04-17 00:00:00,0.0,0.0045406725,0,0.2
2023-04-17 01:00:00,0.0,0.0017638274,0,0.2
2023-04-17 02:00:00,0.0,0.0027466372,0,0.2
2023-04-17 03:00:00,0.0,0.0024396158,0,0.2
2023-04-17 04:00:00,0.0,0.0032196166,0,0.2
2023-04-17 05:00:00,0.0,0.0029521172,0,0.2
2023-04-17 06:00:00,0.0,0.0017439015,0,0.2
2023-04-17 07:00:00,0.0,0.004799292,0,0.2
2023-04-17 08:00:00,0.0,0.0040142476,0,0.2
2023-04-17 09:00:00,0.0,0.0033589718,0,0.2
2023-04-17 10:00:00,0.0,0.007294555,0,0.2
2023-04-17 11:00:00,0.0,0.013306497,0,0.2
2023-04-17 12:00:00,0.0,0.0077312314,0,0.2
2023-04-17 13:00:00,0.0,0.00980682,0,0.2
2023-04-17 14:00:00,0.0,0.0041536,0,0.2
2023-04-17 15:00:00,0.0,0.008711034,0,0.2
2023-04-17 16:00:00,0.0,0.0015845621,0,0.2
2023-04-17 17:00:00,0.0,0.0010566778,0,0.2
2023-04-17 18:00:00,0.0,0.0006010211,0,0.2
2023-04-17 19:00:00,0.0,0.0011344159,0,0.2
2023-04-17 20:00:00,0.0,0.0009256084,0,0.2
2023-04-17 21:00:00,0.0,0.0019389099,0,0.2
2023-04-17 22:00:00,0.0,0.002175463,0,0.2
2023-04-17 23:00:00,0.0,0.0030306936,0,0.2
2023-04-18 00:00:00,0.0,0.0020087278,0,0.2
2023-04-18 01:00:00,0.0,0.0024923366,0,0.2
2023-04-18 02:00:00,0.0,0.0032254355,0,0.2
2023-04-18 03:00:00,0.0,0.0039437525,0,0.2
2023-04-18 04:00:00,0.0,0.007012669,0,0.2
2023-04-18 05:00:00,0.0,0.011880389,0,0.2
2023-04-18 06:00:00,0.0,0.005938375,0,0.2
2023-04-18 07:00:00,0.0,0.0230926,0,0.2
2023-04-18 08:00:00,0.0,0.012364048,0,0.2
2023-04-18 09:00:00,0.0,0.01003253,0,0.2
2023-04-18 10:00:00,0.0,0.009663574,0,0.2
2023-04-18 11:00:00,0.0,0.03757127,0,0.2
2023-04-18 12:00:00,0.0,0.006138994,0,0.2
2023-04-18 13:00:00,0.0,0.0064535425,0,0.2
2023-04-18 14:00:00,0.0,0.0026591418,0,0.2
2023-04-18 15:00:00,0.0,0.00494731,0,0.2
2023-04-18 16:00:00,0.0,0.00475993,0,0.2
2023-04-18 17:00:00,0.0,0.0064137992,0,0.2
2023-04-18 18:00:00,0.0,0.0005802659,0,0.2
2023-04-18 19:00:00,0.0,0.0009836719,0,0.2
2023-04-18 20:00:00,0.0,0.001641575,0,0.2
2023-04-18 21:00:00,0.0,0.0028645124,0,0.2
2023-04-18 22:00:00,0.0,0.0031153848,0,0.2
2023-04-18 23:00:00,0.0,0.0043554725,0,0.2
2023-04-19 00:00:00,0.0,0.0035480252,0,0.2
2023-04-19 01:00:00,0.0,0.008053119,0,0.2
2023-04-19 02:00:00,0.0,0.0108108735,0,0.2
2023-04-19 03:00:00,0.0,0.010041849,0,0.2
2023-04-19 04:00:00,0.0,0.015258964,0,0.2
2023-04-19 05:00:00,0.0,0.010596088,0,0.2
2023-04-19 06:00:00,0.0,0.013971171,0,0.2
2023-04-19 07:00:00,0.0,0.020737706,0,0.2
2023-04-19 08:00:00,0.0,0.014445415,0,0.2
2023-04-19 09:00:00,0.0,0.010702479,0,0.2
2023-04-19 10:00:00,0.0,0.004347578,0,0.2
2023-04-19 11:00:00,0.0,0.024960706,0,0.2
2023-04-19 12:00:00,0.0,0.008167269,0,0.2
2023-04-19 13:00:00,0.0,0.0042922287,0,0.2
2023-04-19 14:00:00,0.0,0.007395176,0,0.2
2023-04-19 15:00:00,0.0,0.009613842,0,0.2
2023-04-19 16:00:00,0.0,0.0024379396,0,0.2
2023-04-19 17:00:00,0.0,0.0031201434,0,0.2
2023-04-19 18:00:00,0.0,0.0018372202,0,0.2
2023-04-19 19:00:00,0.0,0.001676548,0,0.2
2023-04-19 20:00:00,0.0,0.0023783816,0,0.2
2023-04-19 21:00:00,0.0,0.0033698587,0,0.2
2023-04-19 22:00:00,0.0,0.0053772335,0,0.2
2023-04-19 23:00:00,0.0,0.005951842,0,0.2
2023-04-20 00:00:00,0.0,0.011747512,0,0.2
2023-04-20 01:00:00,0.0,0.00575404,0,0.2
2023-04-20 02:00:00,0.0,0.013779855,0,0.2
2023-04-20 03:00:00,0.0,0.020886302,0,0.2
2023-04-20 04:00:00,0.0,0.019687096,0,0.2
2023-04-20 05:00:00,0.0,0.02430975,0,0.2
2023-04-20 06:00:00,0.0,0.03203746,0,0.2
2023-04-20 07:00:00,0.0,0.020820105,0,0.2
2023-04-20 08:00:00,0.0,0.013734542,0,0.2
2023-04-20 09:00:00,0.0,0.0032101292,0,0.2
2023-04-20 10:00:00,0.0,0.005011518,0,0.2
2023-04-20 11:00:00,0.0,0.038246702,0,0.2
2023-04-20 12:00:00,0.0,0.027802536,0,0.2
2023-04-20 13:00:00,0.0,0.005542054,0,0.2
2023-04-20 14:00:00,0.0,0.013326402,0,0.2
2023-04-20 15:00:00,0.0,0.015816877,0,0.2
2023-04-20 16:00:00,0.0,0.005995429,0,0.2
2023-04-20 17:00:00,0.0,0.0034017249,0,0.2
2023-04-20 18:00:00,0.0,0.0049115755,0,0.2
2023-04-20 19:00:00,0.0,0.011654334,0,0.2
2023-04-20 20:00:00,0.0,0.010446594,0,0.2
2023-04-20 21:00:00,0.0,0.013679141,0,0.2
2023-04-20 22:00:00,0.0,0.010758254,0,0.2
2023-04-20 23:00:00,0.0,0.017505482,0,0.2
2023-04-21 00:00:00,0.0,0.014875942,0,0.2
2023-04-21 01:00:00,0.0,0.013519024,0,0.2
2023-04-21 02:00:00,0.0,0.011345796,0,0.2
2023-04-21 03:00:00,0.0,0.013834512,0,0.2
2023-04-21 04:00:00,0.0,0.011311104,0,0.2
2023-04-21 05:00:00,0.0,0.013547773,0,0.2
2023-04-21 06:00:00,0.0,0.018910298,0,0.2
2023-04-21 07:00:00,0.0,0.028043378,0,0.2
2023-04-21 08:00:00,0.0,0.003171911,0,0.2
2023-04-21 09:00:00,0.0,0.004111747,0,0.2
2023-04-21 10:00:00,0.0,0.024081834,0,0.2
2023-04-21 11:00:00,0.0,0.055756416,0,0.2
2023-04-21 12:00:00,0.0,0.040882863,0,0.2
2023-04-21 13:00:00,0.0,0.014023094,0,0.2
2023-04-21 14:00:00,0.0,0.01897616,0,0.2
2023-04-21 15:00:00,0.0,0.010057656,0,0.2
2023-04-21 16:00:00,0.0,0.009525981,0,0.2
2023-04-21 17:00:00,0.0,0.011375916,0,0.2
2023-04-21 18:00:00,0.0,0.01499074,0,0.2
2023-04-21 19:00:00,0.0,0.011888083,0,0.2
2023-04-21 20:00:00,0.0,0.015575355,0,0.2
2023-04-21 21:00:00,0.0,0.01047769,0,0.2
2023-04-21 22:00:00,0.0,0.040061228,0,0.2
2023-04-21 23:00:00,0.0,0.035993595,0,0.2
2023-04-22 00:00:00,0.0,0.014099382,0,0.2
2023-04-22 01:00:00,0.0,0.019708116,0,0.2
2023-04-22 02:00:00,0.0,0.016359607,0,0.2
2023-04-22 03:00:00,0.0,0.05144316,0,0.2
2023-04-22 04:00:00,0.0,0.046145283,0,0.2
2023-04-22 05:00:00,0.0,0.02287031,0,0.2
2023-04-22 06:00:00,0.0,0.032391846,0,0.2
2023-04-22 07:00:00,0.0,0.046312336,0,0.2
2023-04-22 08:00:00,0.0,0.014084867,0,0.2
2023-04-22 09:00:00,0.0,0.041847017,0,0.2
2023-04-22 10:00:00,0.0,0.05792559,0,0.2
2023-04-22 11:00:00,1.0,0.14536831,0,0.2
2023-04-22 12:00:00,0.0,0.12331586,0,0.2
2023-04-22 13:00:00,0.0,0.061388083,0,0.2
2023-04-22 14:00:00,0.0,0.104321875,0,0.2
2023-04-22 15:00:00,0.0,0.074123144,0,0.2
2023-04-22 16:00:00,0.0,0.024758391,0,0.2
2023-04-22 17:00:00,0.0,0.020053962,0,0.2
2023-04-22 18:00:00,0.0,0.024281304,0,0.2
2023-04-22 19:00:00,0.0,0.028113106,0,0.2
2023-04-22 20:00:00,0.0,0.06321622,0,0.2
2023-04-22 21:00:00,0.0,0.07227304,0,0.2
2023-04-22 22:00:00,0.0,0.063195325,0,0.2
2023-04-22 23:00:00,0.0,0.088660404,0,0.2
2023-04-23 00:00:00,0.0,0.026178591,0,0.2
2023-04-23 01:00:00,0.0,0.01977504,0,0.2
2023-04-23 02:00:00,0.0,0.04052927,0,0.2
2023-04-23 03:00:00,0.0,0.048625723,0,0.2
2023-04-23 04:00:00,0.0,0.07285349,0,0.2
2023-04-23 05:00:00,0.0,0.08826051,0,0.2
2023-04-23 06:00:00,0.0,0.1018587,0,0.2
2023-04-23 07:00:00,0.0,0.103622265,0,0.2
2023-04-23 08:00:00,0.0,0.07849332,0,0.2
2023-04-23 09:00:00,0.0,0.14966758,0,0.2
2023-04-23 10:00:00,0.0,0.19396749,0,0.2
2023-04-23 11:00:00,0.0,0.5925457,1,0.2
2023-04-23 12:00:00,0.0,0.50821817,1,0.2
2023-04-23 13:00:00,0.0,0.13046399,0,0.2
2023-04-23 14:00:00,0.0,0.05830568,0,0.2
2023-04-23 15:00:00,1.0,0.054039177,0,0.2
2023-04-23 16:00:00,0.0,0.036149055,0,0.2
2023-04-23 17:00:00,0.0,0.029974172,0,0.2
2023-04-23 18:00:00,0.0,0.029709002,0,0.2
2023-04-23 19:00:00,0.0,0.022812774,0,0.2
2023-04-23 20:00:00,0.0,0.05963856,0,0.2
2023-04-23 21:00:00,0.0,0.08902913,0,0.2
2023-04-23 22:00:00,0.0,0.039254766,0,0.2
2023-04-23 23:00:00,0.0,0.054354154,0,0.2
2023-04-24 00:00:00,0.0,0.047432058,0,0.2
2023-04-24 01:00:00,0.0,0.058804903,0,0.2
2023-04-24 02:00:00,0.0,0.048347335,0,0.2
2023-04-24 03:00:00,0.0,0.052425936,0,0.2
2023-04-24 04:00:00,0.0,0.06489965,0,0.2
2023-04-24 05:00:00,0.0,0.10607776,0,0.2
2023-04-24 06:00:00,0.0,0.063760795,0,0.2
2023-04-24 07:00:00,0.0,0.039931722,0,0.2
2023-04-24 08:00:00,0.0,0.052139852,0,0.2
2023-04-24 09:00:00,1.0,0.11362465,0,0.2
2023-04-24 10:00:00,1.0,0.2582684,1,0.2
2023-04-24 11:00:00,1.0,0.46915308,1,0.2
2023-04-24 12:00:00,0.0,0.29408696,1,0.2
2023-04-24 13:00:00,0.0,0.34406424,1,0.2
2023-04-24 14:00:00,0.0,0.07867529,0,0.2
2023-04-24 15:00:00,0.0,0.19684444,0,0.2
2023-04-24 16:00:00,0.0,0.11980867,0,0.2
2023-04-24 17:00:00,0.0,0.03169896,0,0.2
2023-04-24 18:00:00,0.0,0.019411288,0,0.2
2023-04-24 19:00:00,0.0,0.035673596,0,0.2
2023-04-24 20:00:00,0.0,0.027978588,0,0.2
2023-04-24 21:00:00,0.0,0.04308829,0,0.2
2023-04-24 22:00:00,0.0,0.050943654,0,0.2
2023-04-24 23:00:00,0.0,0.037166454,0,0.2
2023-04-25 00:00:00,0.0,0.06507808,0,0.2
2023-04-25 01:00:00,0.0,0.10214808,0,0.2
2023-04-25 02:00:00,0.0,0.090497956,0,0.2
2023-04-25 03:00:00,0.0,0.067209974,0,0.2
2023-04-25 04:00:00,0.0,0.07385032,0,0.2
2023-04-25 05:00:00,0.0,0.06313056,0,0.2
2023-04-25 06:00:00,0.0,0.10412447,0,0.2
2023-04-25 07:00:00,0.0,0.14410421,0,0.2
2023-04-25 08:00:00,0.0,0.30430073,1,0.2
2023-04-25 09:00:00,0.0,0.38932437,1,0.2
2023-04-25 10:00:00,0.0,0.37051767,1,0.2
2023-04-25 11:00:00,0.0,0.50202525,1,0.2
2023-04-25 12:00:00,0.0,0.49708268,1,0.2
2023-04-25 13:00:00,0.0,0.15749256,0,0.2
2023-04-25 14:00:00,0.0,0.040999092,0,0.2
2023-04-25 15:00:00,0.0,0.050779458,0,0.2
2023-04-25 16:00:00,0.0,0.042885505,0,0.2
2023-04-25 17:00:00,0.0,0.033994444,0,0.2
2023-04-25 18:00:00,0.0,0.041077927,0,0.2
2023-04-25 19:00:00,0.0,0.060650762,0,0.2
2023-04-25 20:00:00,0.0,0.064657785,0,0.2
2023-04-25 21:00:00,0.0,0.059457485,0,0.2
2023-04-25 22:00:00,0.0,0.056095134,0,0.2
2023-04-25 23:00:00,0.0,0.042404294,0,0.2
2023-04-26 00:00:00,0.0,0.06268845,0,0.2
2023-04-26 01:00:00,0.0,0.05187522,0,0.2
2023-04-26 02:00:00,0.0,0.047530483,0,0.2
2023-04-26 03:00:00,0.0,0.059398837,0,0.2
2023-04-26 04:00:00,0.0,0.056864567,0,0.2
2023-04-26 05:00:00,0.0,0.05021234,0,0.2
2023-04-26 06:00:00,0.0,0.09985983,0,0.2
2023-04-26 07:00:00,0.0,0.2779248,1,0.2
2023-04-26 08:00:00,0.0,0.30824855,1,0.2
2023-04-26 09:00:00,0.0,0.27053314,1,0.2
2023-04-26 10:00:00,0.0,0.19715859,0,0.2
2023-04-26 11:00:00,0.0,0.15766352,0,0.2
2023-04-26 12:00:00,0.0,0.21636228,1,0.2
2023-04-26 13:00:00,0.0,0.1260576,0,0.2
2023-04-26 14:00:00,0.0,0.04077899,0,0.2
2023-04-26 15:00:00,0.0,0.0340749,0,0.2
2023-04-26 16:00:00,0.0,0.02774787,0,0.2
2023-04-26 17:00:00,0.0,0.023864364,0,0.2
2023-04-26 18:00:00,0.0,0.014446535,0,0.2
2023-04-26 19:00:00,0.0,0.016392872,0,0.2
2023-04-26 20:00:00,0.0,0.02273136,0,0.2
2023-04-26 21:00:00,0.0,0.042439498,0,0.2
2023-04-26 22:00:00,0.0,0.04261154,0,0.2
2023-04-26 23:00:00,0.0,0.04130651,0,0.2
2023-04-27 00:00:00,0.0,0.07087785,0,0.2
2023-04-27 01:00:00,0.0,0.070475586,0,0.2
2023-04-27 02:00:00,0.0,0.069358505,0,0.2
2023-04-27 03:00:00,0.0,0.082006924,0,0.2
2023-04-27 04:00:00,0.0,0.097271696,0,0.2
2023-04-27 05:00:00,0.0,0.17842844,0,0.2
2023-04-27 06:00:00,0.0,0.16511792,0,0.2
2023-04-27 07:00:00,1.0,0.14171281,0,0.2
2023-04-27 08:00:00,0.0,0.11508037,0,0.2
2023-04-27 09:00:00,0.0,0.19717026,0,0.2
2023-04-27 10:00:00,0.0,0.2336423,1,0.2
2023-04-27 11:00:00,1.0,0.2240227,1,0.2
2023-04-27 12:00:00,1.0,0.23158856,1,0.2
2023-04-27 13:00:00,0.0,0.3743004,1,0.2
2023-04-27 14:00:00,0.0,0.20379665,1,0.2
2023-04-27 15:00:00,0.0,0.059648216,0,0.2
2023-04-27 16:00:00,0.0,0.04987137,0,0.2
2023-04-27 17:00:00,0.0,0.018993597,0,0.2
2023-04-27 18:00:00,0.0,0.017237728,0,0.2
2023-04-27 19:00:00,0.0,0.033815358,0,0.2
2023-04-27 20:00:00,0.0,0.042942036,0,0.2
2023-04-27 21:00:00,0.0,0.055038124,0,0.2
2023-04-27 22:00:00,0.0,0.04996441,0,0.2
2023-04-27 23:00:00,0.0,0.07181461,0,0.2
2023-04-28 00:00:00,0.0,0.074441575,0,0.2
2023-04-28 01:00:00,0.0,0.06809204,0,0.2
2023-04-28 02:00:00,0.0,0.072911665,0,0.2
2023-04-28 03:00:00,0.0,0.05104542,0,0.2
2023-04-28 04:00:00,0.0,0.08268275,0,0.2
2023-04-28 05:00:00,0.0,0.113371335,0,0.2
2023-04-28 06:00:00,1.0,0.18373202,0,0.2
2023-04-28 07:00:00,1.0,0.46143177,1,0.2
2023-04-28 08:00:00,0.0,0.23316766,1,0.2
2023-04-28 09:00:00,0.0,0.23993814,1,0.2
2023-04-28 10:00:00,1.0,0.36477455,1,0.2
2023-04-28 11:00:00,0.0,0.5050798,1,0.2
2023-04-28 12:00:00,1.0,0.54472584,1,0.2
2023-04-28 13:00:00,0.0,0.15859899,0,0.2
2023-04-28 14:00:00,0.0,0.06761794,0,0.2
2023-04-28 15:00:00,0.0,0.06589967,0,0.2
2023-04-28 16:00:00,0.0,0.033162437,0,0.2
2023-04-28 17:00:00,0.0,0.026533758,0,0.2
2023-04-28 18:00:00,0.0,0.014012952,0,0.2
2023-04-28 19:00:00,0.0,0.03782451,0,0.2
2023-04-28 20:00:00,0.0,0.04006145,0,0.2
2023-04-28 21:00:00,0.0,0.042649526,0,0.2
2023-04-28 22:00:00,0.0,0.044099275,0,0.2
2023-04-28 23:00:00,0.0,0.023572791,0,0.2
2023-04-29 00:00:00,0.0,0.02646594,0,0.2
2023-04-29 01:00:00,0.0,0.033693887,0,0.2
2023-04-29 02:00:00,0.0,0.052588794,0,0.2
2023-04-29 03:00:00,0.0,0.0513466,0,0.2
2023-04-29 04:00:00,1.0,0.053025406,0,0.2
2023-04-29 05:00:00,1.0,0.07814114,0,0.2
2023-04-29 06:00:00,1.0,0.20515063,1,0.2
2023-04-29 07:00:00,1.0,0.4661325,1,0.2
2023-04-29 08:00:00,0.0,0.23071906,1,0.2
2023-04-29 09:00:00,0.0,0.35605255,1,0.2
2023-04-29 10:00:00,0.0,0.5057012,1,0.2
2023-04-29 11:00:00,0.0,0.53397024,1,0.2
2023-04-29 12:00:00,0.0,0.34978452,1,0.2
2023-04-29 13:00:00,1.0,0.09138549,0,0.2
2023-04-29 14:00:00,0.0,0.03253863,0,0.2
2023-04-29 15:00:00,0.0,0.026266286,0,0.2
2023-04-29 16:00:00,0.0,0.016591715,0,0.2
2023-04-29 17:00:00,0.0,0.013873365,0,0.2
2023-04-29 18:00:00,0.0,0.010865209,0,0.2
2023-04-29 19:00:00,0.0,0.016972512,0,0.2
2023-04-29 20:00:00,0.0,0.024687218,0,0.2
2023-04-29 21:00:00,0.0,0.026177198,0,0.2
2023-04-29 22:00:00,0.0,0.039677296,0,0.2
2023-04-29 23:00:00,0.0,0.073407724,0,0.2
2023-04-30 00:00:00,0.0,0.08610709,0,0.2
2023-04-30 01:00:00,0.0,0.08986123,0,0.2
2023-04-30 02:00:00,0.0,0.22375531,1,0.2
2023-04-30 03:00:00,0.0,0.49561962,1,0.2
2023-04-30 04:00:00,0.0,0.51239675,1,0.2
2023-04-30 05:00:00,1.0,0.3214996,1,0.2
2023-04-30 06:00:00,1.0,0.2591929,1,0.2
2023-04-30 07:00:00,1.0,0.5283389,1,0.2
2023-04-30 08:00:00,1.0,0.219283,1,0.2
2023-04-30 09:00:00,0.0,0.29008242,1,0.2
2023-04-30 10:00:00,1.0,0.20167522,1,0.2
2023-04-30 11:00:00,1.0,0.32826933,1,0.2
2023-04-30 12:00:00,1.0,0.55177116,1,0.2
2023-04-30 13:00:00,1.0,0.64285773,1,0.2
2023-04-30 14:00:00,0.0,0.5310991,1,0.2
2023-04-30 15:00:00,1.0,0.17997925,0,0.2
2023-04-30 16:00:00,0.0,0.041612465,0,0.2
2023-04-30 17:00:00,0.0,0.037510652,0,0.2
2023-04-30 18:00:00,0.0,0.018544044,0,0.2
2023-04-30 19:00:00,0.0,0.024885926,0,0.2
2023-04-30 20:00:00,1.0,0.030576056,0,0.2
2023-04-30 21:00:00,1.0,0.029825611,0,0.2
2023-04-30 22:00:00,1.0,0.03043703,0,0.2
2023-04-30 23:00:00,1.0,0.047400694,0,0.2
2023-05-01 00:00:00,1.0,0.12949473,0,0.2
2023-05-01 01:00:00,1.0,0.12880473,0,0.2
2023-05-01 02:00:00,1.0,0.13963795,0,0.2
2023-05-01 03:00:00,1.0,0.14898029,0,0.2
2023-05-01 04:00:00,1.0,0.22725604,1,0.2
2023-05-01 05:00:00,1.0,0.44866708,1,0.2
2023-05-01 06:00:00,1.0,0.6721137,1,0.2
2023-05-01 07:00:00,0.0,0.56153333,1,0.2
2023-05-01 08:00:00,0.0,0.48271134,1,0.2
2023-05-01 09:00:00,0.0,0.341733,1,0.2
2023-05-01 10:00:00,1.0,0.42083126,1,0.2
2023-05-01 11:00:00,1.0,0.4911952,1,0.2
2023-05-01 12:00:00,1.0,0.51131535,1,0.2
2023-05-01 13:00:00,1.0,0.41167778,1,0.2
2023-05-01 14:00:00,1.0,0.6057923,1,0.2
2023-05-01 15:00:00,1.0,0.47129494,1,0.2
2023-05-01 16:00:00,0.0,0.17341834,0,0.2
2023-05-01 17:00:00,0.0,0.09301606,0,0.2
2023-05-01 18:00:00,0.0,0.17280364,0,0.2
2023-05-01 19:00:00,1.0,0.30824172,1,0.2
2023-05-01 20:00:00,0.0,0.36129925,1,0.2
2023-05-01 21:00:00,0.0,0.44775513,1,0.2
2023-05-01 22:00:00,0.0,0.66776586,1,0.2
2023-05-01 23:00:00,0.0,0.49086547,1,0.2
2023-05-02 00:00:00,0.0,0.35545924,1,0.2
2023-05-02 01:00:00,0.0,0.45225552,1,0.2
2023-05-02 02:00:00,0.0,0.3939504,1,0.2
2023-05-02 03:00:00,0.0,0.47485614,1,0.2
2023-05-02 04:00:00,1.0,0.33903268,1,0.2
2023-05-02 05:00:00,1.0,0.18571733,0,0.2
2023-05-02 06:00:00,0.0,0.28393793,1,0.2
2023-05-02 07:00:00,1.0,0.24977359,1,0.2
2023-05-02 08:00:00,1.0,0.4225007,1,0.2
2023-05-02 09:00:00,1.0,0.4167454,1,0.2
2023-05-02 10:00:00,0.0,0.5287458,1,0.2
2023-05-02 11:00:00,0.0,0.6636784,1,0.2
2023-05-02 12:00:00,0.0,0.54092485,1,0.2
2023-05-02 13:00:00,1.0,0.60219043,1,0.2
2023-05-02 14:00:00,0.0,0.37201712,1,0.2
2023-05-02 15:00:00,0.0,0.3675756,1,0.2
2023-05-02 16:00:00,0.0,0.22556624,1,0.2
2023-05-02 17:00:00,0.0,0.116310924,0,0.2
2023-05-02 18:00:00,1.0,0.23571154,1,0.2
2023-05-02 19:00:00,0.0,0.32719487,1,0.2
2023-05-02 20:00:00,0.0,0.18942042,0,0.2
2023-05-02 21:00:00,0.0,0.15217628,0,0.2
2023-05-02 22:00:00,0.0,0.21975005,1,0.2
2023-05-02 23:00:00,0.0,0.31087857,1,0.2
2023-05-03 00:00:00,0.0,0.35480618,1,0.2
2023-05-03 01:00:00,0.0,0.3215269,1,0.2
2023-05-03 02:00:00,0.0,0.44698238,1,0.2
2023-05-03 03:00:00,0.0,0.32389635,1,0.2
2023-05-03 04:00:00,0.0,0.3982577,1,0.2
2023-05-03 05:00:00,0.0,0.40987387,1,0.2
2023-05-03 06:00:00,0.0,0.40730047,1,0.2
2023-05-03 07:00:00,0.0,0.51708406,1,0.2
2023-05-03 08:00:00,0.0,0.5727272,1,0.2
2023-05-03 09:00:00,0.0,0.6067421,1,0.2
2023-05-03 10:00:00,0.0,0.44441563,1,0.2
2023-05-03 11:00:00,0.0,0.48374385,1,0.2
2023-05-03 12:00:00,0.0,0.45331907,1,0.2
2023-05-03 13:00:00,0.0,0.31927088,1,0.2
2023-05-03 14:00:00,1.0,0.50872034,1,0.2
2023-05-03 15:00:00,0.0,0.3133728,1,0.2
2023-05-03 16:00:00,0.0,0.109011956,0,0.2
2023-05-03 17:00:00,0.0,0.08612526,0,0.2
2023-05-03 18:00:00,0.0,0.22199461,1,0.2
2023-05-03 19:00:00,0.0,0.26854232,1,0.2
2023-05-03 20:00:00,0.0,0.27637076,1,0.2
2023-05-03 21:00:00,0.0,0.30260238,1,0.2
2023-05-03 22:00:00,0.0,0.402083,1,0.2
2023-05-03 23:00:00,1.0,0.3490763,1,0.2
2023-05-04 00:00:00,1.0,0.42750058,1,0.2
2023-05-04 01:00:00,1.0,0.47734076,1,0.2
2023-05-04 02:00:00,1.0,0.36301458,1,0.2
2023-05-04 03:00:00,0.0,0.4144801,1,0.2
2023-05-04 04:00:00,0.0,0.50137144,1,0.2
2023-05-04 05:00:00,0.0,0.44030195,1,0.2
2023-05-04 06:00:00,0.0,0.55649596,1,0.2
2023-05-04 07:00:00,0.0,0.53156716,1,0.2
2023-05-04 08:00:00,0.0,0.39180312,1,0.2
2023-05-04 09:00:00,0.0,0.43649882,1,0.2
2023-05-04 10:00:00,1.0,0.51584667,1,0.2
2023-05-04 11:00:00,1.0,0.41063112,1,0.2
2023-05-04 12:00:00,1.0,0.3294752,1,0.2
2023-05-04 13:00:00,0.0,0.50915647,1,0.2
2023-05-04 14:00:00,1.0,0.47584268,1,0.2
2023-05-04 15:00:00,0.0,0.40879032,1,0.2
2023-05-04 16:00:00,0.0,0.15555799,0,0.2
2023-05-04 17:00:00,0.0,0.120862335,0,0.2
2023-05-04 18:00:00,0.0,0.06875767,0,0.2
2023-05-04 19:00:00,1.0,0.103981815,0,0.2
2023-05-04 20:00:00,1.0,0.11371835,0,0.2
2023-05-04 21:00:00,0.0,0.12643754,0,0.2
2023-05-04 22:00:00,0.0,0.10265035,0,0.2
2023-05-04 23:00:00,0.0,0.27759928,1,0.2
2023-05-05 00:00:00,1.0,0.31102285,1,0.2
2023-05-05 01:00:00,1.0,0.3828892,1,0.2
2023-05-05 02:00:00,1.0,0.5597502,1,0.2
2023-05-05 03:00:00,1.0,0.39672965,1,0.2
2023-05-05 04:00:00,0.0,0.2204457,1,0.2
2023-05-05 05:00:00,0.0,0.20737289,1,0.2
2023-05-05 06:00:00,0.0,0.20017946,1,0.2
2023-05-05 07:00:00,0.0,0.27083415,1,0.2
2023-05-05 08:00:00,0.0,0.24900678,1,0.2
2023-05-05 09:00:00,0.0,0.5862255,1,0.2
2023-05-05 10:00:00,0.0,0.5538002,1,0.2
2023-05-05 11:00:00,1.0,0.5824733,1,0.2
2023-05-05 12:00:00,1.0,0.62935936,1,0.2
2023-05-05 13:00:00,1.0,0.5050879,1,0.2
2023-05-05 14:00:00,0.0,0.56708485,1,0.2
2023-05-05 15:00:00,0.0,0.27651727,1,0.2
2023-05-05 16:00:00,0.0,0.1428426,0,0.2
2023-05-05 17:00:00,0.0,0.21079996,1,0.2
2023-05-05 18:00:00,0.0,0.35177588,1,0.2
2023-05-05 19:00:00,1.0,0.408906,1,0.2
2023-05-05 20:00:00,0.0,0.5222591,1,0.2
2023-05-05 21:00:00,0.0,0.44817987,1,0.2
2023-05-05 22:00:00,0.0,0.42238185,1,0.2
2023-05-05 23:00:00,0.0,0.4820776,1,0.2
2023-05-06 00:00:00,0.0,0.41032383,1,0.2
2023-05-06 01:00:00,0.0,0.6568492,1,0.2
2023-05-06 02:00:00,0.0,0.5319363,1,0.2
2023-05-06 03:00:00,0.0,0.5101904,1,0.2
2023-05-06 04:00:00,0.0,0.42402247,1,0.2
2023-05-06 05:00:00,0.0,0.5687298,1,0.2
2023-05-06 06:00:00,0.0,0.4441899,1,0.2
2023-05-06 07:00:00,0.0,0.40742806,1,0.2
2023-05-06 08:00:00,0.0,0.33732042,1,0.2
2023-05-06 09:00:00,0.0,0.5669338,1,0.2
2023-05-06 10:00:00,0.0,0.6347439,1,0.2
2023-05-06 11:00:00,0.0,0.5215734,1,0.2
2023-05-06 12:00:00,0.0,0.42122978,1,0.2
2023-05-06 13:00:00,0.0,0.5175465,1,0.2
2023-05-06 14:00:00,0.0,0.5174727,1,0.2
2023-05-06 15:00:00,0.0,0.35436225,1,0.2
2023-05-06 16:00:00,0.0,0.13149267,0,0.2
2023-05-06 17:00:00,0.0,0.13392913,0,0.2
2023-05-06 18:00:00,0.0,0.13562194,0,0.2
2023-05-06 19:00:00,0.0,0.16610351,0,0.2
2023-05-06 20:00:00,0.0,0.29035208,1,0.2
2023-05-06 21:00:00,0.0,0.21182032,1,0.2
2023-05-06 22:00:00,0.0,0.3757986,1,0.2
2023-05-06 23:00:00,0.0,0.4138496,1,0.2
2023-05-07 00:00:00,0.0,0.39496568,1,0.2
2023-05-07 01:00:00,0.0,0.36223882,1,0.2
2023-05-07 02:00:00,0.0,0.36577308,1,0.2
2023-05-07 03:00:00,0.0,0.43496406,1,0.2
2023-05-07 04:00:00,0.0,0.4002059,1,0.2
2023-05-07 05:00:00,0.0,0.32000667,1,0.2
2023-05-07 06:00:00,0.0,0.29564175,1,0.2
2023-05-07 07:00:00,0.0,0.3619318,1,0.2
2023-05-07 08:00:00,0.0,0.40859273,1,0.2
2023-05-07 09:00:00,0.0,0.38169453,1,0.2
2023-05-07 10:00:00,0.0,0.23095663,1,0.2
2023-05-07 11:00:00,0.0,0.55368936,1,0.2
2023-05-07 12:00:00,0.0,0.66541386,1,0.2
2023-05-07 13:00:00,0.0,0.5102108,1,0.2
2023-05-07 14:00:00,0.0,0.35449708,1,0.2
2023-05-07 15:00:00,0.0,0.28975794,1,0.2
2023-05-07 16:00:00,0.0,0.16169165,0,0.2
2023-05-07 17:00:00,0.0,0.146477,0,0.2
2023-05-07 18:00:00,0.0,0.14625517,0,0.2
2023-05-07 19:00:00,0.0,0.17541716,0,0.2
2023-05-07 20:00:00,0.0,0.19203985,0,0.2
2023-05-07 21:00:00,0.0,0.20065057,1,0.2
2023-05-07 22:00:00,0.0,0.18789949,0,0.2
2023-05-07 23:00:00,0.0,0.21420951,1,0.2
2023-05-08 00:00:00,0.0,0.36288,1,0.2
2023-05-08 01:00:00,0.0,0.37041894,1,0.2
2023-05-08 02:00:00,0.0,0.41534987,1,0.2
2023-05-08 03:00:00,0.0,0.32329953,1,0.2
2023-05-08 04:00:00,0.0,0.3176521,1,0.2
2023-05-08 05:00:00,0.0,0.25914937,1,0.2
2023-05-08 06:00:00,0.0,0.13388795,0,0.2
2023-05-08 07:00:00,0.0,0.18684945,0,0.2
2023-05-08 08:00:00,0.0,0.14283065,0,0.2
2023-05-08 09:00:00,0.0,0.1805668,0,0.2
2023-05-08 10:00:00,0.0,0.34441772,1,0.2
2023-05-08 11:00:00,0.0,0.29098836,1,0.2
2023-05-08 12:00:00,0.0,0.37035692,1,0.2
2023-05-08 13:00:00,0.0,0.32652366,1,0.2
2023-05-08 14:00:00,0.0,0.32267502,1,0.2
2023-05-08 15:00:00,0.0,0.3344452,1,0.2
2023-05-08 16:00:00,0.0,0.24534473,1,0.2
2023-05-08 17:00:00,0.0,0.25772306,1,0.2
2023-05-08 18:00:00,0.0,0.116483144,0,0.2
2023-05-08 19:00:00,0.0,0.17575985,0,0.2
2023-05-08 20:00:00,0.0,0.16648124,0,0.2
2023-05-08 21:00:00,0.0,0.17095193,0,0.2
2023-05-08 22:00:00,0.0,0.13371973,0,0.2
2023-05-08 23:00:00,0.0,0.05910033,0,0.2
2023-05-09 00:00:00,0.0,0.13296592,0,0.2
2023-05-09 01:00:00,0.0,0.17247634,0,0.2
2023-05-09 02:00:00,0.0,0.35380736,1,0.2
2023-05-09 03:00:00,0.0,0.31073084,1,0.2
2023-05-09 04:00:00,0.0,0.20644835,1,0.2
2023-05-09 05:00:00,0.0,0.16558173,0,0.2
2023-05-09 06:00:00,0.0,0.20410094,1,0.2
2023-05-09 07:00:00,0.0,0.33330587,1,0.2
2023-05-09 08:00:00,0.0,0.24235263,1,0.2
2023-05-09 09:00:00,0.0,0.37139782,1,0.2
2023-05-09 10:00:00,0.0,0.222705,1,0.2
2023-05-09 11:00:00,0.0,0.537239,1,0.2
2023-05-09 12:00:00,0.0,0.48919487,1,0.2
2023-05-09 13:00:00,0.0,0.15509531,0,0.2
2023-05-09 14:00:00,0.0,0.27996862,1,0.2
2023-05-09 15:00:00,0.0,0.29839215,1,0.2
2023-05-09 16:00:00,0.0,0.22200263,1,0.2
2023-05-09 17:00:00,0.0,0.13452704,0,0.2
2023-05-09 18:00:00,0.0,0.07045655,0,0.2
2023-05-09 19:00:00,0.0,0.0823212,0,0.2
2023-05-09 20:00:00,0.0,0.14806294,0,0.2
2023-05-09 21:00:00,0.0,0.16750856,0,0.2
2023-05-09 22:00:00,0.0,0.13213767,0,0.2
2023-05-09 23:00:00,0.0,0.10636246,0,0.2
2023-05-10 00:00:00,0.0,0.2912708,1,0.2
2023-05-10 01:00:00,0.0,0.17663902,0,0.2
2023-05-10 02:00:00,0.0,0.13116224,0,0.2
2023-05-10 03:00:00,0.0,0.21910821,1,0.2
2023-05-10 04:00:00,0.0,0.18209712,0,0.2
2023-05-10 05:00:00,0.0,0.2931935,1,0.2
2023-05-10 06:00:00,0.0,0.26592395,1,0.2
2023-05-10 07:00:00,0.0,0.31709954,1,0.2
2023-05-10 08:00:00,0.0,0.31438205,1,0.2
2023-05-10 09:00:00,0.0,0.36815566,1,0.2
2023-05-10 10:00:00,0.0,0.27315176,1,0.2
2023-05-10 11:00:00,0.0,0.2764091,1,0.2
2023-05-10 12:00:00,0.0,0.39017394,1,0.2
2023-05-10 13:00:00,0.0,0.2547977,1,0.2
2023-05-10 14:00:00,0.0,0.35142928,1,0.2
2023-05-10 15:00:00,0.0,0.3443886,1,0.2
2023-05-10 16:00:00,0.0,0.27903092,1,0.2
2023-05-10 17:00:00,0.0,0.09603217,0,0.2
2023-05-10 18:00:00,0.0,0.050432816,0,0.2
2023-05-10 19:00:00,0.0,0.07175693,0,0.2
2023-05-10 20:00:00,0.0,0.07384574,0,0.2
2023-05-10 21:00:00,0.0,0.17267454,0,0.2
2023-05-10 22:00:00,0.0,0.18185574,0,0.2
2023-05-10 23:00:00,0.0,0.16968288,0,0.2
2023-05-11 00:00:00,0.0,0.15947014,0,0.2
2023-05-11 01:00:00,0.0,0.1409641,0,0.2
2023-05-11 02:00:00,0.0,0.137922,0,0.2
2023-05-11 03:00:00,0.0,0.1691844,0,0.2
2023-05-11 04:00:00,0.0,0.19402893,0,0.2
2023-05-11 05:00:00,0.0,0.18589039,0,0.2
2023-05-11 06:00:00,0.0,0.17234793,0,0.2
2023-05-11 07:00:00,0.0,0.18906762,0,0.2
2023-05-11 08:00:00,0.0,0.22711262,1,0.2
2023-05-11 09:00:00,0.0,0.11333244,0,0.2
2023-05-11 10:00:00,0.0,0.16030285,0,0.2
2023-05-11 11:00:00,0.0,0.092818886,0,0.2
2023-05-11 12:00:00,0.0,0.46369407,1,0.2
2023-05-11 13:00:00,0.0,0.26509458,1,0.2
2023-05-11 14:00:00,0.0,0.21995614,1,0.2
2023-05-11 15:00:00,0.0,0.2598418,1,0.2
2023-05-11 16:00:00,0.0,0.15765996,0,0.2
2023-05-11 17:00:00,0.0,0.07273828,0,0.2
2023-05-11 18:00:00,0.0,0.032689422,0,0.2
2023-05-11 19:00:00,0.0,0.098177604,0,0.2
2023-05-11 20:00:00,0.0,0.16968949,0,0.2
2023-05-11 21:00:00,0.0,0.22290748,1,0.2
2023-05-11 22:00:00,0.0,0.21081327,1,0.2
2023-05-11 23:00:00,0.0,0.2768653,1,0.2
2023-05-12 00:00:00,0.0,0.17581543,0,0.2
2023-05-12 01:00:00,0.0,0.20816462,1,0.2
2023-05-12 02:00:00,0.0,0.1925774,0,0.2
2023-05-12 03:00:00,0.0,0.17710239,0,0.2
2023-05-12 04:00:00,0.0,0.1805815,0,0.2
2023-05-12 05:00:00,0.0,0.19645008,0,0.2
2023-05-12 06:00:00,0.0,0.16230966,0,0.2
2023-05-12 07:00:00,0.0,0.1624872,0,0.2
2023-05-12 08:00:00,0.0,0.08574407,0,0.2
2023-05-12 09:00:00,0.0,0.12201742,0,0.2
2023-05-12 10:00:00,0.0,0.13766733,0,0.2
2023-05-12 11:00:00,0.0,0.11510707,0,0.2
2023-05-12 12:00:00,0.0,0.19297865,0,0.2
2023-05-12 13:00:00,0.0,0.24522905,1,0.2
2023-05-12 14:00:00,0.0,0.16208977,0,0.2
2023-05-12 15:00:00,0.0,0.09037076,0,0.2
2023-05-12 16:00:00,0.0,0.059250902,0,0.2
2023-05-12 17:00:00,0.0,0.047608096,0,0.2
2023-05-12 18:00:00,0.0,0.032313067,0,0.2
2023-05-12 19:00:00,0.0,0.022312857,0,0.2
2023-05-12 20:00:00,0.0,0.0370746,0,0.2
2023-05-12 21:00:00,0.0,0.015378801,0,0.2
2023-05-12 22:00:00,0.0,0.047549676,0,0.2
2023-05-12 23:00:00,0.0,0.048831638,0,0.2
2023-05-13 00:00:00,0.0,0.08477737,0,0.2
2023-05-13 01:00:00,0.0,0.053332385,0,0.2
2023-05-13 02:00:00,0.0,0.032066673,0,0.2
2023-05-13 03:00:00,0.0,0.02438869,0,0.2
2023-05-13 04:00:00,0.0,0.023499519,0,0.2
2023-05-13 05:00:00,0.0,0.023157915,0,0.2
2023-05-13 06:00:00,0.0,0.024219591,0,0.2
2023-05-13 07:00:00,0.0,0.020447426,0,0.2
2023-05-13 08:00:00,0.0,0.013243706,0,0.2
2023-05-13 09:00:00,0.0,0.012974361,0,0.2
2023-05-13 10:00:00,0.0,0.011499387,0,0.2
2023-05-13 11:00:00,0.0,0.014992529,0,0.2
2023-05-13 12:00:00,0.0,0.008184982,0,0.2
2023-05-13 13:00:00,0.0,0.008254057,0,0.2
2023-05-13 14:00:00,0.0,0.011467078,0,0.2
2023-05-13 15:00:00,0.0,0.012754161,0,0.2
2023-05-13 16:00:00,0.0,0.017807458,0,0.2
2023-05-13 17:00:00,0.0,0.09593952,0,0.2
2023-05-13 18:00:00,0.0,0.10465855,0,0.2
2023-05-13 19:00:00,0.0,0.053669155,0,0.2
2023-05-13 20:00:00,0.0,0.00586404,0,0.2
2023-05-13 21:00:00,0.0,0.006247496,0,0.2
2023-05-13 22:00:00,0.0,0.0038012175,0,0.2
2023-05-13 23:00:00,0.0,0.0013390528,0,0.2
2023-05-14 00:00:00,0.0,0.0019396823,0,0.2
2023-05-14 01:00:00,0.0,0.0056773135,0,0.2
2023-05-14 02:00:00,0.0,0.0041837594,0,0.2
2023-05-14 03:00:00,0.0,0.0029748657,0,0.2
2023-05-14 04:00:00,0.0,0.0039392556,0,0.2
2023-05-14 05:00:00,0.0,0.010397466,0,0.2
2023-05-14 06:00:00,0.0,0.009606744,0,0.2
2023-05-14 07:00:00,0.0,0.004403473,0,0.2
2023-05-14 08:00:00,0.0,0.0026576219,0,0.2
2023-05-14 09:00:00,0.0,0.0020151513,0,0.2
2023-05-14 10:00:00,0.0,0.00082920113,0,0.2
2023-05-14 11:00:00,0.0,0.001892888,0,0.2
2023-05-14 12:00:00,0.0,0.0022210113,0,0.2
2023-05-14 13:00:00,0.0,0.0063925716,0,0.2
2023-05-14 14:00:00,0.0,0.022473546,0,0.2
2023-05-14 15:00:00,0.0,0.0054271105,0,0.2
2023-05-14 16:00:00,0.0,0.005317804,0,0.2
2023-05-14 17:00:00,0.0,0.007985434,0,0.2
2023-05-14 18:00:00,0.0,0.006865361,0,0.2
2023-05-14 19:00:00,0.0,0.015037599,0,0.2
2023-05-14 20:00:00,0.0,0.006125507,0,0.2
2023-05-14 21:00:00,0.0,0.009208944,0,0.2
2023-05-14 22:00:00,0.0,0.007021889,0,0.2
2023-05-14 23:00:00,0.0,0.0039135017,0,0.2
2023-05-15 00:00:00,0.0,0.0064538945,0,0.2
2023-05-15 01:00:00,0.0,0.0054093907,0,0.2
2023-05-15 02:00:00,0.0,0.015091724,0,0.2
2023-05-15 03:00:00,0.0,0.008788458,0,0.2
2023-05-15 04:00:00,0.0,0.012224405,0,0.2
2023-05-15 05:00:00,0.0,0.010225155,0,0.2
2023-05-15 06:00:00,0.0,0.0072644595,0,0.2
2023-05-15 07:00:00,0.0,0.008352977,0,0.2
2023-05-15 08:00:00,0.0,0.003114866,0,0.2
2023-05-15 09:00:00,0.0,0.0022111738,0,0.2
2023-05-15 10:00:00,0.0,0.0036521102,0,0.2
2023-05-15 11:00:00,0.0,0.007364567,0,0.2
2023-05-15 12:00:00,0.0,0.019720312,0,0.2
2023-05-15 13:00:00,0.0,0.029266171,0,0.2
2023-05-15 14:00:00,0.0,0.04776516,0,0.2
2023-05-15 15:00:00,0.0,0.02301678,0,0.2
2023-05-15 16:00:00,0.0,0.013290317,0,0.2
2023-05-15 17:00:00,0.0,0.017181749,0,0.2
2023-05-15 18:00:00,0.0,0.014711533,0,0.2
2023-05-15 19:00:00,0.0,0.013725881,0,0.2
2023-05-15 20:00:00,0.0,0.014787519,0,0.2
2023-05-15 21:00:00,0.0,0.022300461,0,0.2
2023-05-15 22:00:00,0.0,0.040619757,0,0.2
2023-05-15 23:00:00,0.0,0.05523818,0,0.2
2023-05-16 00:00:00,0.0,0.043403756,0,0.2
2023-05-16 01:00:00,0.0,0.07612796,0,0.2
2023-05-16 02:00:00,0.0,0.06717259,0,0.2
2023-05-16 03:00:00,0.0,0.043085914,0,0.2
2023-05-16 04:00:00,0.0,0.040914267,0,0.2
2023-05-16 05:00:00,0.0,0.04347253,0,0.2
2023-05-16 06:00:00,0.0,0.09801647,0,0.2
2023-05-16 07:00:00,0.0,0.052897487,0,0.2
2023-05-16 08:00:00,0.0,0.0113619445,0,0.2
2023-05-16 09:00:00,0.0,0.005761519,0,0.2
2023-05-16 10:00:00,0.0,0.012791621,0,0.2
2023-05-16 11:00:00,0.0,0.021091051,0,0.2
2023-05-16 12:00:00,0.0,0.035201028,0,0.2
2023-05-16 13:00:00,0.0,0.06956373,0,0.2
2023-05-16 14:00:00,0.0,0.05954797,0,0.2
2023-05-16 15:00:00,0.0,0.02780942,0,0.2
2023-05-16 16:00:00,0.0,0.0137560535,0,0.2
2023-05-16 17:00:00,0.0,0.012676218,0,0.2
2023-05-16 18:00:00,0.0,0.0048022014,0,0.2
2023-05-16 19:00:00,0.0,0.010081141,0,0.2
2023-05-16 20:00:00,0.0,0.004749433,0,0.2
2023-05-16 21:00:00,0.0,0.004702189,0,0.2
2023-05-16 22:00:00,0.0,0.008044218,0,0.2
2023-05-16 23:00:00,0.0,0.009423435,0,0.2
2023-05-17 00:00:00,0.0,0.018513598,0,0.2
2023-05-17 01:00:00,0.0,0.014726601,0,0.2
2023-05-17 02:00:00,0.0,0.025146263,0,0.2
2023-05-17 03:00:00,0.0,0.015077294,0,0.2
2023-05-17 04:00:00,0.0,0.01686885,0,0.2
2023-05-17 05:00:00,0.0,0.0076918644,0,0.2
2023-05-17 06:00:00,0.0,0.019195914,0,0.2
2023-05-17 07:00:00,0.0,0.018207273,0,0.2
2023-05-17 08:00:00,0.0,0.013332391,0,0.2
2023-05-17 09:00:00,0.0,0.0062396717,0,0.2
2023-05-17 10:00:00,0.0,0.009983132,0,0.2
2023-05-17 11:00:00,0.0,0.041792072,0,0.2
2023-05-17 12:00:00,0.0,0.041339748,0,0.2
2023-05-17 13:00:00,0.0,0.029875213,0,0.2
2023-05-17 14:00:00,0.0,0.0118927555,0,0.2
2023-05-17 15:00:00,0.0,0.0054926337,0,0.2
2023-05-17 16:00:00,0.0,0.01912449,0,0.2
2023-05-17 17:00:00,0.0,0.024806723,0,0.2
2023-05-17 18:00:00,1.0,0.021153066,0,0.2
2023-05-17 19:00:00,0.0,0.041873086,0,0.2
2023-05-17 20:00:00,0.0,0.025709562,0,0.2
2023-05-17 21:00:00,0.0,0.039725672,0,0.2
2023-05-17 22:00:00,0.0,0.043907657,0,0.2
2023-05-17 23:00:00,0.0,0.02629733,0,0.2
2023-05-18 00:00:00,0.0,0.04453859,0,0.2
2023-05-18 01:00:00,0.0,0.068864055,0,0.2
2023-05-18 02:00:00,0.0,0.026563987,0,0.2
2023-05-18 03:00:00,0.0,0.032223858,0,0.2
2023-05-18 04:00:00,0.0,0.027049098,0,0.2
2023-05-18 05:00:00,0.0,0.027284177,0,0.2
2023-05-18 06:00:00,0.0,0.03313598,0,0.2
2023-05-18 07:00:00,0.0,0.051469237,0,0.2
2023-05-18 08:00:00,0.0,0.03178157,0,0.2
2023-05-18 09:00:00,0.0,0.03588675,0,0.2
2023-05-18 10:00:00,0.0,0.056838896,0,0.2
2023-05-18 11:00:00,0.0,0.024844062,0,0.2
2023-05-18 12:00:00,0.0,0.012168812,0,0.2
2023-05-18 13:00:00,0.0,0.11051729,0,0.2
2023-05-18 14:00:00,0.0,0.06090666,0,0.2
2023-05-18 15:00:00,0.0,0.037630502,0,0.2
2023-05-18 16:00:00,0.0,0.019441083,0,0.2
2023-05-18 17:00:00,0.0,0.04423945,0,0.2
2023-05-18 18:00:00,0.0,0.2815788,1,0.2
2023-05-18 19:00:00,0.0,0.07510221,0,0.2
2023-05-18 20:00:00,0.0,0.038158763,0,0.2
2023-05-18 21:00:00,0.0,0.04334983,0,0.2
2023-05-18 22:00:00,0.0,0.075058416,0,0.2
2023-05-18 23:00:00,0.0,0.07811995,0,0.2
2023-05-19 00:00:00,0.0,0.044960443,0,0.2
2023-05-19 01:00:00,0.0,0.014117946,0,0.2
2023-05-19 02:00:00,0.0,0.059115134,0,0.2
2023-05-19 03:00:00,0.0,0.055948008,0,0.2
2023-05-19 04:00:00,0.0,0.043436393,0,0.2
2023-05-19 05:00:00,0.0,0.037116244,0,0.2
2023-05-19 06:00:00,0.0,0.03658833,0,0.2
2023-05-19 07:00:00,0.0,0.048837673,0,0.2
2023-05-19 08:00:00,0.0,0.02326379,0,0.2
2023-05-19 09:00:00,0.0,0.025873484,0,0.2
2023-05-19 10:00:00,0.0,0.014056785,0,0.2
2023-05-19 11:00:00,0.0,0.054829597,0,0.2
2023-05-19 12:00:00,0.0,0.17716011,0,0.2
2023-05-19 13:00:00,0.0,0.21606068,1,0.2
2023-05-19 14:00:00,0.0,0.0655753,0,0.2
2023-05-19 15:00:00,0.0,0.010251751,0,0.2
2023-05-19 16:00:00,0.0,0.008365864,0,0.2
2023-05-19 17:00:00,0.0,0.0043861787,0,0.2
2023-05-19 18:00:00,0.0,0.0042964024,0,0.2
2023-05-19 19:00:00,0.0,0.004557232,0,0.2
2023-05-19 20:00:00,0.0,0.0047069737,0,0.2
2023-05-19 21:00:00,0.0,0.0072618015,0,0.2
2023-05-19 22:00:00,0.0,0.007284914,0,0.2
2023-05-19 23:00:00,0.0,0.010982679,0,0.2
2023-05-20 00:00:00,0.0,0.022947235,0,0.2
2023-05-20 01:00:00,0.0,0.009629236,0,0.2
2023-05-20 02:00:00,0.0,0.019545397,0,0.2
2023-05-20 03:00:00,0.0,0.01789897,0,0.2
2023-05-20 04:00:00,0.0,0.0065709003,0,0.2
2023-05-20 05:00:00,0.0,0.007983677,0,0.2
2023-05-20 06:00:00,0.0,0.0060684932,0,0.2
2023-05-20 07:00:00,0.0,0.009269791,0,0.2
2023-05-20 08:00:00,0.0,0.0075619025,0,0.2
2023-05-20 09:00:00,0.0,0.012542162,0,0.2
2023-05-20 10:00:00,0.0,0.016253794,0,0.2
2023-05-20 11:00:00,0.0,0.031906154,0,0.2
2023-05-20 12:00:00,0.0,0.037130885,0,0.2
2023-05-20 13:00:00,0.0,0.02314321,0,0.2
2023-05-20 14:00:00,0.0,0.013609546,0,0.2
2023-05-20 15:00:00,0.0,0.01798557,0,0.2
2023-05-20 16:00:00,0.0,0.010152556,0,0.2
2023-05-20 17:00:00,0.0,0.018779686,0,0.2
2023-05-20 18:00:00,0.0,0.0052684937,0,0.2
2023-05-20 19:00:00,0.0,0.01054303,0,0.2
2023-05-20 20:00:00,0.0,0.008378226,0,0.2
2023-05-20 21:00:00,0.0,0.011943967,0,0.2
2023-05-20 22:00:00,0.0,0.019917922,0,0.2
2023-05-20 23:00:00,0.0,0.057449527,0,0.2
2023-05-21 00:00:00,1.0,0.018428802,0,0.2
2023-05-21 01:00:00,0.0,0.02094233,0,0.2
2023-05-21 02:00:00,0.0,0.016051687,0,0.2
2023-05-21 03:00:00,0.0,0.057213828,0,0.2
2023-05-21 04:00:00,0.0,0.012288066,0,0.2
2023-05-21 05:00:00,0.0,0.046026446,0,0.2
2023-05-21 06:00:00,0.0,0.048102897,0,0.2
2023-05-21 07:00:00,0.0,0.089948446,0,0.2
2023-05-21 08:00:00,0.0,0.077894524,0,0.2
2023-05-21 09:00:00,0.0,0.11117616,0,0.2
2023-05-21 10:00:00,0.0,0.14736441,0,0.2
2023-05-21 11:00:00,0.0,0.10832658,0,0.2
2023-05-21 12:00:00,0.0,0.090293884,0,0.2
2023-05-21 13:00:00,0.0,0.032267615,0,0.2
2023-05-21 14:00:00,1.0,0.02282185,0,0.2
2023-05-21 15:00:00,0.0,0.008982122,0,0.2
2023-05-21 16:00:00,0.0,0.034630723,0,0.2
2023-05-21 17:00:00,0.0,0.04692528,0,0.2
2023-05-21 18:00:00,0.0,0.019853104,0,0.2
2023-05-21 19:00:00,0.0,0.013805865,0,0.2
2023-05-21 20:00:00,0.0,0.014055338,0,0.2
2023-05-21 21:00:00,0.0,0.01744689,0,0.2
2023-05-21 22:00:00,0.0,0.044167537,0,0.2
2023-05-21 23:00:00,0.0,0.057142906,0,0.2
2023-05-22 00:00:00,0.0,0.09307974,0,0.2
2023-05-22 01:00:00,0.0,0.13797687,0,0.2
2023-05-22 02:00:00,0.0,0.057401955,0,0.2
2023-05-22 03:00:00,0.0,0.031122906,0,0.2
2023-05-22 04:00:00,0.0,0.024101464,0,0.2
2023-05-22 05:00:00,0.0,0.037001505,0,0.2
2023-05-22 06:00:00,0.0,0.048954908,0,0.2
2023-05-22 07:00:00,0.0,0.16242053,0,0.2
2023-05-22 08:00:00,0.0,0.12667175,0,0.2
2023-05-22 09:00:00,0.0,0.08353666,0,0.2
2023-05-22 10:00:00,0.0,0.14641906,0,0.2
2023-05-22 11:00:00,0.0,0.061872512,0,0.2
2023-05-22 12:00:00,0.0,0.049621608,0,0.2
2023-05-22 13:00:00,0.0,0.04637418,0,0.2
2023-05-22 14:00:00,0.0,0.22877404,1,0.2
2023-05-22 15:00:00,0.0,0.36426604,1,0.2
2023-05-22 16:00:00,0.0,0.08766716,0,0.2
2023-05-22 17:00:00,0.0,0.04156564,0,0.2
2023-05-22 18:00:00,0.0,0.007010524,0,0.2
2023-05-22 19:00:00,0.0,0.009497405,0,0.2
2023-05-22 20:00:00,0.0,0.023532989,0,0.2
2023-05-22 21:00:00,0.0,0.06382243,0,0.2
2023-05-22 22:00:00,0.0,0.04012318,0,0.2
2023-05-22 23:00:00,0.0,0.03957213,0,0.2
2023-05-23 00:00:00,0.0,0.03730735,0,0.2
2023-05-23 01:00:00,0.0,0.030993283,0,0.2
2023-05-23 02:00:00,0.0,0.021964582,0,0.2
2023-05-23 03:00:00,0.0,0.01674673,0,0.2
2023-05-23 04:00:00,0.0,0.013396839,0,0.2
2023-05-23 05:00:00,0.0,0.021377759,0,0.2
2023-05-23 06:00:00,0.0,0.024772752,0,0.2
2023-05-23 07:00:00,0.0,0.034724724,0,0.2
2023-05-23 08:00:00,0.0,0.017029146,0,0.2
2023-05-23 09:00:00,0.0,0.0152207855,0,0.2
2023-05-23 10:00:00,0.0,0.07693273,0,0.2
2023-05-23 11:00:00,0.0,0.13940729,0,0.2
2023-05-23 12:00:00,0.0,0.15366061,0,0.2
2023-05-23 13:00:00,0.0,0.08504597,0,0.2
2023-05-23 14:00:00,0.0,0.04200425,0,0.2
2023-05-23 15:00:00,0.0,0.045741968,0,0.2
2023-05-23 16:00:00,0.0,0.028467266,0,0.2
2023-05-23 17:00:00,0.0,0.033729468,0,0.2
2023-05-23 18:00:00,0.0,0.016832938,0,0.2
2023-05-23 19:00:00,0.0,0.028284134,0,0.2
2023-05-23 20:00:00,0.0,0.03151326,0,0.2
2023-05-23 21:00:00,0.0,0.02101719,0,0.2
2023-05-23 22:00:00,0.0,0.026322482,0,0.2
2023-05-23 23:00:00,0.0,0.012370465,0,0.2
2023-05-24 00:00:00,0.0,0.026456458,0,0.2
2023-05-24 01:00:00,0.0,0.046337944,0,0.2
2023-05-24 02:00:00,0.0,0.011908107,0,0.2
2023-05-24 03:00:00,0.0,0.008115991,0,0.2
2023-05-24 04:00:00,0.0,0.007747354,0,0.2
2023-05-24 05:00:00,0.0,0.008666448,0,0.2
2023-05-24 06:00:00,0.0,0.009679884,0,0.2
2023-05-24 07:00:00,0.0,0.009206051,0,0.2
2023-05-24 08:00:00,0.0,0.019900765,0,0.2
2023-05-24 09:00:00,0.0,0.0055451556,0,0.2
2023-05-24 10:00:00,0.0,0.021165352,0,0.2
2023-05-24 11:00:00,0.0,0.07032665,0,0.2
2023-05-24 12:00:00,0.0,0.028907146,0,0.2
2023-05-24 13:00:00,0.0,0.078598015,0,0.2
2023-05-24 14:00:00,0.0,0.05871087,0,0.2
2023-05-24 15:00:00,0.0,0.013380096,0,0.2
2023-05-24 16:00:00,1.0,0.007822366,0,0.2
2023-05-24 17:00:00,0.0,0.027614493,0,0.2
2023-05-24 18:00:00,0.0,0.00651099,0,0.2
2023-05-24 19:00:00,0.0,0.010666983,0,0.2
2023-05-24 20:00:00,0.0,0.007942915,0,0.2
2023-05-24 21:00:00,0.0,0.0096145,0,0.2
2023-05-24 22:00:00,0.0,0.014404544,0,0.2
2023-05-24 23:00:00,0.0,0.008218686,0,0.2
2023-05-25 00:00:00,0.0,0.02059346,0,0.2
2023-05-25 01:00:00,0.0,0.022600384,0,0.2
2023-05-25 02:00:00,0.0,0.038194187,0,0.2
2023-05-25 03:00:00,0.0,0.026125412,0,0.2
2023-05-25 04:00:00,0.0,0.010194937,0,0.2
2023-05-25 05:00:00,0.0,0.016449273,0,0.2
2023-05-25 06:00:00,0.0,0.028071225,0,0.2
2023-05-25 07:00:00,0.0,0.021480447,0,0.2
2023-05-25 08:00:00,0.0,0.0047518006,0,0.2
2023-05-25 09:00:00,0.0,0.008007815,0,0.2
2023-05-25 10:00:00,0.0,0.009211411,0,0.2
2023-05-25 11:00:00,0.0,0.0095823025,0,0.2
2023-05-25 12:00:00,0.0,0.01966971,0,0.2
2023-05-25 13:00:00,1.0,0.023463702,0,0.2
2023-05-25 14:00:00,0.0,0.018293496,0,0.2
2023-05-25 15:00:00,0.0,0.019080644,0,0.2
2023-05-25 16:00:00,0.0,0.034334663,0,0.2
2023-05-25 17:00:00,0.0,0.018931309,0,0.2
2023-05-25 18:00:00,0.0,0.0075925933,0,0.2
2023-05-25 19:00:00,0.0,0.01135166,0,0.2
2023-05-25 20:00:00,0.0,0.020480398,0,0.2
2023-05-25 21:00:00,0.0,0.0049503413,0,0.2
2023-05-25 22:00:00,0.0,0.0064081224,0,0.2
2023-05-25 23:00:00,0.0,0.0042252853,0,0.2
2023-05-26 00:00:00,0.0,0.0047429577,0,0.2
2023-05-26 01:00:00,0.0,0.01014821,0,0.2
2023-05-26 02:00:00,0.0,0.028102607,0,0.2
2023-05-26 03:00:00,0.0,0.017444324,0,0.2
2023-05-26 04:00:00,0.0,0.022435542,0,0.2
2023-05-26 05:00:00,0.0,0.012396336,0,0.2
2023-05-26 06:00:00,0.0,0.0075467518,0,0.2
2023-05-26 07:00:00,0.0,0.0064565516,0,0.2
2023-05-26 08:00:00,0.0,0.0032813824,0,0.2
2023-05-26 09:00:00,0.0,0.0027315137,0,0.2
2023-05-26 10:00:00,0.0,0.019977912,0,0.2
2023-05-26 11:00:00,0.0,0.0052481885,0,0.2
2023-05-26 12:00:00,0.0,0.009044505,0,0.2
2023-05-26 13:00:00,0.0,0.029088434,0,0.2
2023-05-26 14:00:00,0.0,0.01954472,0,0.2
2023-05-26 15:00:00,0.0,0.007277494,0,0.2
2023-05-26 16:00:00,0.0,0.004506696,0,0.2
2023-05-26 17:00:00,0.0,0.007685102,0,0.2
2023-05-26 18:00:00,0.0,0.0069448506,0,0.2
2023-05-26 19:00:00,0.0,0.02564447,0,0.2
2023-05-26 20:00:00,0.0,0.007919941,0,0.2
2023-05-26 21:00:00,0.0,0.0054001706,0,0.2
2023-05-26 22:00:00,0.0,0.008207826,0,0.2
2023-05-26 23:00:00,0.0,0.019836029,0,0.2
2023-05-27 00:00:00,0.0,0.014102868,0,0.2
2023-05-27 01:00:00,0.0,0.010919957,0,0.2
2023-05-27 02:00:00,0.0,0.008209033,0,0.2
2023-05-27 03:00:00,0.0,0.0054522217,0,0.2
2023-05-27 04:00:00,0.0,0.0051326915,0,0.2
2023-05-27 05:00:00,0.0,0.012833979,0,0.2
2023-05-27 06:00:00,0.0,0.012273715,0,0.2
2023-05-27 07:00:00,1.0,0.0040677977,0,0.2
2023-05-27 08:00:00,1.0,0.0015078211,0,0.2
2023-05-27 09:00:00,0.0,0.002424904,0,0.2
2023-05-27 10:00:00,0.0,0.006201225,0,0.2
2023-05-27 11:00:00,0.0,0.007881963,0,0.2
2023-05-27 12:00:00,0.0,0.009866621,0,0.2
2023-05-27 13:00:00,0.0,0.01296235,0,0.2
2023-05-27 14:00:00,0.0,0.018088555,0,0.2
2023-05-27 15:00:00,0.0,0.0092795845,0,0.2
2023-05-27 16:00:00,0.0,0.011235848,0,0.2
2023-05-27 17:00:00,0.0,0.012973458,0,0.2
2023-05-27 18:00:00,0.0,0.007529158,0,0.2
2023-05-27 19:00:00,0.0,0.0065463935,0,0.2
2023-05-27 20:00:00,0.0,0.0076798345,0,0.2
2023-05-27 21:00:00,0.0,0.0060734856,0,0.2
2023-05-27 22:00:00,0.0,0.0055991774,0,0.2
2023-05-27 23:00:00,0.0,0.011760357,0,0.2
2023-05-28 00:00:00,0.0,0.014870458,0,0.2
2023-05-28 01:00:00,0.0,0.027812174,0,0.2
2023-05-28 02:00:00,0.0,0.028671652,0,0.2
2023-05-28 03:00:00,0.0,0.030280797,0,0.2
2023-05-28 04:00:00,0.0,0.016693398,0,0.2
2023-05-28 05:00:00,0.0,0.017394481,0,0.2
2023-05-28 06:00:00,0.0,0.030018765,0,0.2
2023-05-28 07:00:00,0.0,0.1397499,0,0.2
2023-05-28 08:00:00,0.0,0.05582613,0,0.2
2023-05-28 09:00:00,0.0,0.028413601,0,0.2
2023-05-28 10:00:00,0.0,0.030273145,0,0.2
2023-05-28 11:00:00,0.0,0.015663767,0,0.2
2023-05-28 12:00:00,0.0,0.04757037,0,0.2
2023-05-28 13:00:00,0.0,0.10041272,0,0.2
2023-05-28 14:00:00,0.0,0.14917436,0,0.2
2023-05-28 15:00:00,0.0,0.13237375,0,0.2
2023-05-28 16:00:00,0.0,0.09986768,0,0.2
2023-05-28 17:00:00,0.0,0.035132453,0,0.2
2023-05-28 18:00:00,0.0,0.03443138,0,0.2
2023-05-28 19:00:00,0.0,0.03915716,0,0.2
2023-05-28 20:00:00,0.0,0.045064498,0,0.2
2023-05-28 21:00:00,0.0,0.02138172,0,0.2
2023-05-28 22:00:00,0.0,0.055912603,0,0.2
2023-05-28 23:00:00,0.0,0.056680262,0,0.2
2023-05-29 00:00:00,0.0,0.07544737,0,0.2
2023-05-29 01:00:00,0.0,0.08909484,0,0.2
2023-05-29 02:00:00,0.0,0.09015006,0,0.2
2023-05-29 03:00:00,0.0,0.04915933,0,0.2
2023-05-29 04:00:00,0.0,0.029209154,0,0.2
2023-05-29 05:00:00,0.0,0.03687231,0,0.2
2023-05-29 06:00:00,0.0,0.037483882,0,0.2
2023-05-29 07:00:00,0.0,0.03984307,0,0.2
2023-05-29 08:00:00,0.0,0.012180488,0,0.2
2023-05-29 09:00:00,0.0,0.01379454,0,0.2
2023-05-29 10:00:00,0.0,0.033249993,0,0.2
2023-05-29 11:00:00,0.0,0.013576332,0,0.2
2023-05-29 12:00:00,0.0,0.016011903,0,0.2
2023-05-29 13:00:00,0.0,0.014406061,0,0.2
2023-05-29 14:00:00,0.0,0.0067223297,0,0.2
2023-05-29 15:00:00,0.0,0.006183023,0,0.2
2023-05-29 16:00:00,0.0,0.003373329,0,0.2
2023-05-29 17:00:00,1.0,0.055379257,0,0.2
2023-05-29 18:00:00,0.0,0.057010718,0,0.2
2023-05-29 19:00:00,0.0,0.031692546,0,0.2
2023-05-29 20:00:00,0.0,0.04223637,0,0.2
2023-05-29 21:00:00,0.0,0.031996198,0,0.2
2023-05-29 22:00:00,0.0,0.032195378,0,0.2
2023-05-29 23:00:00,0.0,0.05433797,0,0.2
2023-05-30 00:00:00,0.0,0.050811462,0,0.2
2023-05-30 01:00:00,0.0,0.061365407,0,0.2
2023-05-30 02:00:00,0.0,0.06864248,0,0.2
2023-05-30 03:00:00,0.0,0.053181857,0,0.2
2023-05-30 04:00:00,0.0,0.029230434,0,0.2
2023-05-30 05:00:00,0.0,0.019056136,0,0.2
2023-05-30 06:00:00,0.0,0.026117077,0,0.2
2023-05-30 07:00:00,0.0,0.041274138,0,0.2
2023-05-30 08:00:00,0.0,0.032713607,0,0.2
2023-05-30 09:00:00,0.0,0.054410677,0,0.2
2023-05-30 10:00:00,0.0,0.03474868,0,0.2
2023-05-30 11:00:00,0.0,0.044555623,0,0.2
2023-05-30 12:00:00,0.0,0.075172424,0,0.2
2023-05-30 13:00:00,0.0,0.056165423,0,0.2
2023-05-30 14:00:00,0.0,0.06733845,0,0.2
2023-05-30 15:00:00,0.0,0.042876672,0,0.2
2023-05-30 16:00:00,0.0,0.07235624,0,0.2
2023-05-30 17:00:00,0.0,0.57079244,1,0.2
2023-05-30 18:00:00,0.0,0.14695437,0,0.2
2023-05-30 19:00:00,0.0,0.07911284,0,0.2
2023-05-30 20:00:00,0.0,0.0639418,0,0.2
2023-05-30 21:00:00,0.0,0.10518755,0,0.2
2023-05-30 22:00:00,0.0,0.12214177,0,0.2
2023-05-30 23:00:00,0.0,0.1466935,0,0.2
2023-05-31 00:00:00,0.0,0.2491779,1,0.2
2023-05-31 01:00:00,0.0,0.10583082,0,0.2
2023-05-31 02:00:00,0.0,0.099977195,0,0.2
2023-05-31 03:00:00,0.0,0.109440945,0,0.2
2023-05-31 04:00:00,0.0,0.09081201,0,0.2
2023-05-31 05:00:00,0.0,0.06183308,0,0.2
2023-05-31 06:00:00,0.0,0.03725717,0,0.2
2023-05-31 07:00:00,0.0,0.034333076,0,0.2
2023-05-31 08:00:00,0.0,0.030294681,0,0.2
2023-05-31 09:00:00,0.0,0.04742047,0,0.2
2023-05-31 10:00:00,0.0,0.031014377,0,0.2
2023-05-31 11:00:00,0.0,0.13169302,0,0.2
2023-05-31 12:00:00,0.0,0.22863252,1,0.2
2023-05-31 13:00:00,0.0,0.13242318,0,0.2
2023-05-31 14:00:00,0.0,0.15859564,0,0.2
2023-05-31 15:00:00,0.0,0.2090628,1,0.2
2023-05-31 16:00:00,0.0,0.08377709,0,0.2
2023-05-31 17:00:00,0.0,0.042522717,0,0.2
2023-05-31 18:00:00,0.0,0.053302225,0,0.2
2023-05-31 19:00:00,0.0,0.053124174,0,0.2
2023-05-31 20:00:00,0.0,0.12655607,0,0.2
2023-05-31 21:00:00,0.0,0.104062654,0,0.2
2023-05-31 22:00:00,0.0,0.167078,0,0.2
2023-05-31 23:00:00,0.0,0.14490478,0,0.2
2023-06-01 00:00:00,0.0,0.30035,1,0.2
2023-06-01 01:00:00,0.0,0.19118892,0,0.2
2023-06-01 02:00:00,0.0,0.14716873,0,0.2
2023-06-01 03:00:00,0.0,0.1860852,0,0.2
2023-06-01 04:00:00,0.0,0.2492034,1,0.2
2023-06-01 05:00:00,0.0,0.21193317,1,0.2
2023-06-01 06:00:00,0.0,0.15371531,0,0.2
2023-06-01 07:00:00,0.0,0.1607402,0,0.2
2023-06-01 08:00:00,0.0,0.05277613,0,0.2
2023-06-01 09:00:00,0.0,0.029190607,0,0.2
2023-06-01 10:00:00,0.0,0.03045008,0,0.2
2023-06-01 11:00:00,0.0,0.08709743,0,0.2
2023-06-01 12:00:00,0.0,0.09713662,0,0.2
2023-06-01 13:00:00,0.0,0.14110592,0,0.2
2023-06-01 14:00:00,0.0,0.23287818,1,0.2
2023-06-01 15:00:00,0.0,0.068907365,0,0.2
2023-06-01 16:00:00,0.0,0.028495818,0,0.2
2023-06-01 17:00:00,0.0,0.028316522,0,0.2
2023-06-01 18:00:00,0.0,0.054251954,0,0.2
2023-06-01 19:00:00,0.0,0.013799692,0,0.2
2023-06-01 20:00:00,0.0,0.011808279,0,0.2
2023-06-01 21:00:00,0.0,0.017063286,0,0.2
2023-06-01 22:00:00,0.0,0.02954624,0,0.2
2023-06-01 23:00:00,0.0,0.027199585,0,0.2
2023-06-02 00:00:00,0.0,0.040870823,0,0.2
2023-06-02 01:00:00,0.0,0.033498187,0,0.2
2023-06-02 02:00:00,0.0,0.03191835,0,0.2
2023-06-02 03:00:00,0.0,0.026880993,0,0.2
2023-06-02 04:00:00,0.0,0.03533796,0,0.2
2023-06-02 05:00:00,0.0,0.06133385,0,0.2
2023-06-02 06:00:00,0.0,0.065931305,0,0.2
2023-06-02 07:00:00,0.0,0.009548178,0,0.2
2023-06-02 08:00:00,0.0,0.005306884,0,0.2
2023-06-02 09:00:00,0.0,0.005947561,0,0.2
2023-06-02 10:00:00,0.0,0.004653418,0,0.2
2023-06-02 11:00:00,0.0,0.0055894717,0,0.2
2023-06-02 12:00:00,0.0,0.026317533,0,0.2
2023-06-02 13:00:00,0.0,0.06218907,0,0.2
2023-06-02 14:00:00,0.0,0.019316869,0,0.2
2023-06-02 15:00:00,0.0,0.01067175,0,0.2
2023-06-02 16:00:00,0.0,0.012089851,0,0.2
2023-06-02 17:00:00,0.0,0.014597271,0,0.2
2023-06-02 18:00:00,0.0,0.024445614,0,0.2
2023-06-02 19:00:00,0.0,0.007907767,0,0.2
2023-06-02 20:00:00,0.0,0.012726734,0,0.2
2023-06-02 21:00:00,0.0,0.0067951726,0,0.2
2023-06-02 22:00:00,0.0,0.0072388537,0,0.2
2023-06-02 23:00:00,0.0,0.02204401,0,0.2
2023-06-03 00:00:00,0.0,0.042166125,0,0.2
2023-06-03 01:00:00,0.0,0.072118394,0,0.2
2023-06-03 02:00:00,0.0,0.07236435,0,0.2
2023-06-03 03:00:00,0.0,0.06521562,0,0.2
2023-06-03 04:00:00,0.0,0.034218,0,0.2
2023-06-03 05:00:00,0.0,0.03829875,0,0.2
2023-06-03 06:00:00,0.0,0.032664023,0,0.2
2023-06-03 07:00:00,0.0,0.014780115,0,0.2
2023-06-03 08:00:00,0.0,0.004632228,0,0.2
2023-06-03 09:00:00,0.0,0.004082521,0,0.2
2023-06-03 10:00:00,0.0,0.0043381,0,0.2
2023-06-03 11:00:00,0.0,0.0031913316,0,0.2
2023-06-03 12:00:00,0.0,0.009330896,0,0.2
2023-06-03 13:00:00,1.0,0.06867053,0,0.2
2023-06-03 14:00:00,0.0,0.05149161,0,0.2
2023-06-03 15:00:00,0.0,0.028097542,0,0.2
2023-06-03 16:00:00,0.0,0.014091464,0,0.2
2023-06-03 17:00:00,0.0,0.073920876,0,0.2
2023-06-03 18:00:00,0.0,0.009092296,0,0.2
2023-06-03 19:00:00,0.0,0.012617255,0,0.2
2023-06-03 20:00:00,0.0,0.006580688,0,0.2
2023-06-03 21:00:00,0.0,0.007822584,0,0.2
2023-06-03 22:00:00,0.0,0.0036031546,0,0.2
2023-06-03 23:00:00,0.0,0.024350947,0,0.2
2023-06-04 00:00:00,0.0,0.036509655,0,0.2
2023-06-04 01:00:00,0.0,0.02478976,0,0.2
2023-06-04 02:00:00,0.0,0.05449781,0,0.2
2023-06-04 03:00:00,0.0,0.037009355,0,0.2
2023-06-04 04:00:00,0.0,0.017076615,0,0.2
2023-06-04 05:00:00,0.0,0.021028701,0,0.2
2023-06-04 06:00:00,0.0,0.021233577,0,0.2
2023-06-04 07:00:00,0.0,0.011709723,0,0.2
2023-06-04 08:00:00,0.0,0.0016534636,0,0.2
2023-06-04 09:00:00,0.0,0.0030953458,0,0.2
2023-06-04 10:00:00,0.0,0.0058769886,0,0.2
2023-06-04 11:00:00,0.0,0.011109972,0,0.2
2023-06-04 12:00:00,0.0,0.006385198,0,0.2
2023-06-04 13:00:00,1.0,0.084476896,0,0.2
2023-06-04 14:00:00,0.0,0.02550798,0,0.2
2023-06-04 15:00:00,0.0,0.01074608,0,0.2
2023-06-04 16:00:00,0.0,0.0064755105,0,0.2
2023-06-04 17:00:00,0.0,0.028092561,0,0.2
2023-06-04 18:00:00,0.0,0.059676606,0,0.2
2023-06-04 19:00:00,0.0,0.049215876,0,0.2
2023-06-04 20:00:00,0.0,0.008194577,0,0.2
2023-06-04 21:00:00,0.0,0.00829838,0,0.2
2023-06-04 22:00:00,0.0,0.005905487,0,0.2
2023-06-04 23:00:00,0.0,0.022228794,0,0.2
2023-06-05 00:00:00,0.0,0.01747414,0,0.2
2023-06-05 01:00:00,0.0,0.028397888,0,0.2
2023-06-05 02:00:00,0.0,0.015984902,0,0.2
2023-06-05 03:00:00,0.0,0.011087092,0,0.2
2023-06-05 04:00:00,0.0,0.025539817,0,0.2
2023-06-05 05:00:00,0.0,0.018551717,0,0.2
2023-06-05 06:00:00,0.0,0.016284907,0,0.2
2023-06-05 07:00:00,0.0,0.008028671,0,0.2
2023-06-05 08:00:00,0.0,0.001924232,0,0.2
2023-06-05 09:00:00,0.0,0.0023033482,0,0.2
2023-06-05 10:00:00,0.0,0.00165494,0,0.2
2023-06-05 11:00:00,0.0,0.0033590214,0,0.2
2023-06-05 12:00:00,0.0,0.008415659,0,0.2
2023-06-05 13:00:00,0.0,0.038062826,0,0.2
2023-06-05 14:00:00,0.0,0.067541316,0,0.2
2023-06-05 15:00:00,0.0,0.02402872,0,0.2
2023-06-05 16:00:00,0.0,0.009193559,0,0.2
2023-06-05 17:00:00,0.0,0.022106964,0,0.2
2023-06-05 18:00:00,0.0,0.019432673,0,0.2
2023-06-05 19:00:00,0.0,0.023068279,0,0.2
2023-06-05 20:00:00,0.0,0.013741358,0,0.2
2023-06-05 21:00:00,0.0,0.011758389,0,0.2
2023-06-05 22:00:00,0.0,0.010276587,0,0.2
2023-06-05 23:00:00,0.0,0.015952032,0,0.2
2023-06-06 00:00:00,0.0,0.015839191,0,0.2
2023-06-06 01:00:00,0.0,0.066270284,0,0.2
2023-06-06 02:00:00,0.0,0.051311642,0,0.2
2023-06-06 03:00:00,0.0,0.021316007,0,0.2
2023-06-06 04:00:00,0.0,0.019934839,0,0.2
2023-06-06 05:00:00,0.0,0.010969702,0,0.2
2023-06-06 06:00:00,1.0,0.014851853,0,0.2
2023-06-06 07:00:00,1.0,0.005623395,0,0.2
2023-06-06 08:00:00,1.0,0.0030190386,0,0.2
2023-06-06 09:00:00,1.0,0.003200703,0,0.2
2023-06-06 10:00:00,0.0,0.0032389066,0,0.2
2023-06-06 11:00:00,0.0,0.0022427645,0,0.2
2023-06-06 12:00:00,0.0,0.003239298,0,0.2
2023-06-06 13:00:00,0.0,0.056778155,0,0.2
2023-06-06 14:00:00,0.0,0.105700634,0,0.2
2023-06-06 15:00:00,0.0,0.21256687,1,0.2
2023-06-06 16:00:00,0.0,0.06334443,0,0.2
2023-06-06 17:00:00,0.0,0.071692795,0,0.2
2023-06-06 18:00:00,0.0,0.06450161,0,0.2
2023-06-06 19:00:00,0.0,0.020968346,0,0.2
2023-06-06 20:00:00,0.0,0.008500349,0,0.2
2023-06-06 21:00:00,0.0,0.009757501,0,0.2
2023-06-06 22:00:00,0.0,0.0065332144,0,0.2
2023-06-06 23:00:00,0.0,0.006456585,0,0.2
2023-06-07 00:00:00,0.0,0.009401739,0,0.2
2023-06-07 01:00:00,0.0,0.005893884,0,0.2
2023-06-07 02:00:00,0.0,0.012566239,0,0.2
2023-06-07 03:00:00,0.0,0.008682029,0,0.2
2023-06-07 04:00:00,0.0,0.016714316,0,0.2
2023-06-07 05:00:00,0.0,0.034247007,0,0.2
2023-06-07 06:00:00,0.0,0.22128859,1,0.2
2023-06-07 07:00:00,0.0,0.084005475,0,0.2
2023-06-07 08:00:00,0.0,0.054625176,0,0.2
2023-06-07 09:00:00,0.0,0.027513698,0,0.2
2023-06-07 10:00:00,0.0,0.015814116,0,0.2
2023-06-07 11:00:00,0.0,0.021087715,0,0.2
2023-06-07 12:00:00,0.0,0.010151952,0,0.2
2023-06-07 13:00:00,0.0,0.023335768,0,0.2
2023-06-07 14:00:00,0.0,0.04662084,0,0.2
2023-06-07 15:00:00,0.0,0.17448917,0,0.2
2023-06-07 16:00:00,0.0,0.11790865,0,0.2
2023-06-07 17:00:00,0.0,0.117304765,0,0.2
2023-06-07 18:00:00,0.0,0.11466589,0,0.2
2023-06-07 19:00:00,0.0,0.020969229,0,0.2
2023-06-07 20:00:00,0.0,0.01008811,0,0.2
2023-06-07 21:00:00,0.0,0.028146805,0,0.2
2023-06-07 22:00:00,0.0,0.02685749,0,0.2
2023-06-07 23:00:00,0.0,0.026957508,0,0.2
2023-06-08 00:00:00,0.0,0.028659731,0,0.2
2023-06-08 01:00:00,0.0,0.030927746,0,0.2
2023-06-08 02:00:00,0.0,0.042932767,0,0.2
2023-06-08 03:00:00,0.0,0.039170504,0,0.2
2023-06-08 04:00:00,0.0,0.023287142,0,0.2
2023-06-08 05:00:00,0.0,0.010321579,0,0.2
2023-06-08 06:00:00,0.0,0.021666495,0,0.2
2023-06-08 07:00:00,0.0,0.017083004,0,0.2
2023-06-08 08:00:00,0.0,0.01722757,0,0.2
2023-06-08 09:00:00,0.0,0.014184996,0,0.2
2023-06-08 10:00:00,0.0,0.011909146,0,0.2
2023-06-08 11:00:00,0.0,0.009068277,0,0.2
2023-06-08 12:00:00,0.0,0.07021992,0,0.2
2023-06-08 13:00:00,0.0,0.12096808,0,0.2
2023-06-08 14:00:00,0.0,0.12845878,0,0.2
2023-06-08 15:00:00,0.0,0.032952197,0,0.2
2023-06-08 16:00:00,0.0,0.009728972,0,0.2
2023-06-08 17:00:00,0.0,0.01454833,0,0.2
2023-06-08 18:00:00,0.0,0.020986253,0,0.2
2023-06-08 19:00:00,0.0,0.032629073,0,0.2
2023-06-08 20:00:00,0.0,0.023322834,0,0.2
2023-06-08 21:00:00,0.0,0.016897906,0,0.2
2023-06-08 22:00:00,0.0,0.021206293,0,0.2
2023-06-08 23:00:00,1.0,0.010864056,0,0.2
2023-06-09 00:00:00,0.0,0.014852886,0,0.2
2023-06-09 01:00:00,0.0,0.0340341,0,0.2
2023-06-09 02:00:00,0.0,0.042012867,0,0.2
2023-06-09 03:00:00,0.0,0.045113925,0,0.2
2023-06-09 04:00:00,0.0,0.035487972,0,0.2
2023-06-09 05:00:00,0.0,0.032229226,0,0.2
2023-06-09 06:00:00,0.0,0.013648636,0,0.2
2023-06-09 07:00:00,0.0,0.016311534,0,0.2
2023-06-09 08:00:00,0.0,0.00331614,0,0.2
2023-06-09 09:00:00,0.0,0.0056648967,0,0.2
2023-06-09 10:00:00,0.0,0.0100529855,0,0.2
2023-06-09 11:00:00,0.0,0.026555788,0,0.2
2023-06-09 12:00:00,0.0,0.020702524,0,0.2
2023-06-09 13:00:00,0.0,0.13659813,0,0.2
2023-06-09 14:00:00,0.0,0.15953416,0,0.2
2023-06-09 15:00:00,1.0,0.019564485,0,0.2
2023-06-09 16:00:00,0.0,0.037687797,0,0.2
2023-06-09 17:00:00,0.0,0.08880549,0,0.2
2023-06-09 18:00:00,1.0,0.03558161,0,0.2
2023-06-09 19:00:00,0.0,0.08154416,0,0.2
2023-06-09 20:00:00,0.0,0.036831766,0,0.2
2023-06-09 21:00:00,0.0,0.014506333,0,0.2
2023-06-09 22:00:00,0.0,0.02332947,0,0.2
2023-06-09 23:00:00,0.0,0.1093702,0,0.2
2023-06-10 00:00:00,0.0,0.06840444,0,0.2
2023-06-10 01:00:00,0.0,0.0480637,0,0.2
2023-06-10 02:00:00,0.0,0.04062729,0,0.2
2023-06-10 03:00:00,0.0,0.017921574,0,0.2
2023-06-10 04:00:00,0.0,0.02603268,0,0.2
2023-06-10 05:00:00,0.0,0.030373061,0,0.2
2023-06-10 06:00:00,0.0,0.03687937,0,0.2
2023-06-10 07:00:00,0.0,0.012392418,0,0.2
2023-06-10 08:00:00,0.0,0.0054061413,0,0.2
2023-06-10 09:00:00,0.0,0.0032659527,0,0.2
2023-06-10 10:00:00,0.0,0.0020809923,0,0.2
2023-06-10 11:00:00,0.0,0.01011105,0,0.2
2023-06-10 12:00:00,0.0,0.006598058,0,0.2
2023-06-10 13:00:00,0.0,0.022180602,0,0.2
2023-06-10 14:00:00,0.0,0.15380044,0,0.2
2023-06-10 15:00:00,1.0,0.1187635,0,0.2
2023-06-10 16:00:00,1.0,0.030113572,0,0.2
2023-06-10 17:00:00,0.0,0.16346914,0,0.2
2023-06-10 18:00:00,0.0,0.028026368,0,0.2
2023-06-10 19:00:00,0.0,0.112837926,0,0.2
2023-06-10 20:00:00,1.0,0.021816282,0,0.2
2023-06-10 21:00:00,0.0,0.008496793,0,0.2
2023-06-10 22:00:00,0.0,0.009540042,0,0.2
2023-06-10 23:00:00,0.0,0.007296151,0,0.2
2023-06-11 00:00:00,0.0,0.008029936,0,0.2
2023-06-11 01:00:00,0.0,0.0057791034,0,0.2
2023-06-11 02:00:00,0.0,0.0065353564,0,0.2
2023-06-11 03:00:00,0.0,0.010360435,0,0.2
2023-06-11 04:00:00,0.0,0.007180692,0,0.2
2023-06-11 05:00:00,0.0,0.022676956,0,0.2
2023-06-11 06:00:00,0.0,0.011737474,0,0.2
2023-06-11 07:00:00,0.0,0.00573528,0,0.2
2023-06-11 08:00:00,0.0,0.0018820569,0,0.2
2023-06-11 09:00:00,0.0,0.0024280201,0,0.2
2023-06-11 10:00:00,0.0,0.001807683,0,0.2
2023-06-11 11:00:00,0.0,0.0035457585,0,0.2
2023-06-11 12:00:00,0.0,0.0032119395,0,0.2
2023-06-11 13:00:00,0.0,0.009515045,0,0.2
2023-06-11 14:00:00,0.0,0.086948395,0,0.2
2023-06-11 15:00:00,0.0,0.095330074,0,0.2
2023-06-11 16:00:00,0.0,0.043084037,0,0.2
2023-06-11 17:00:00,0.0,0.06696832,0,0.2
2023-06-11 18:00:00,0.0,0.09608501,0,0.2
2023-06-11 19:00:00,0.0,0.08829135,0,0.2
2023-06-11 20:00:00,0.0,0.035534877,0,0.2
2023-06-11 21:00:00,0.0,0.09657963,0,0.2
2023-06-11 22:00:00,1.0,0.07784674,0,0.2
2023-06-11 23:00:00,0.0,0.07420925,0,0.2
2023-06-12 00:00:00,0.0,0.029428046,0,0.2
2023-06-12 01:00:00,0.0,0.033102892,0,0.2
2023-06-12 02:00:00,0.0,0.016268095,0,0.2
2023-06-12 03:00:00,0.0,0.02332652,0,0.2
2023-06-12 04:00:00,0.0,0.038290847,0,0.2
2023-06-12 05:00:00,0.0,0.02432104,0,0.2
2023-06-12 06:00:00,0.0,0.023753708,0,0.2
2023-06-12 07:00:00,0.0,0.009029973,0,0.2
2023-06-12 08:00:00,0.0,0.004114292,0,0.2
2023-06-12 09:00:00,0.0,0.0032843251,0,0.2
2023-06-12 10:00:00,0.0,0.0057838648,0,0.2
2023-06-12 11:00:00,0.0,0.0033591634,0,0.2
2023-06-12 12:00:00,0.0,0.0035018758,0,0.2
2023-06-12 13:00:00,0.0,0.01319802,0,0.2
2023-06-12 14:00:00,0.0,0.03350755,0,0.2
2023-06-12 15:00:00,0.0,0.045795813,0,0.2
2023-06-12 16:00:00,0.0,0.020715624,0,0.2
2023-06-12 17:00:00,0.0,0.07327775,0,0.2
2023-06-12 18:00:00,0.0,0.23423624,1,0.2
2023-06-12 19:00:00,0.0,0.1358777,0,0.2
2023-06-12 20:00:00,0.0,0.014285895,0,0.2
2023-06-12 21:00:00,0.0,0.018923718,0,0.2
2023-06-12 22:00:00,0.0,0.04464252,0,0.2
2023-06-12 23:00:00,0.0,0.011772971,0,0.2
2023-06-13 00:00:00,0.0,0.013102372,0,0.2
2023-06-13 01:00:00,0.0,0.008512394,0,0.2
2023-06-13 02:00:00,0.0,0.0057467227,0,0.2
2023-06-13 03:00:00,0.0,0.0031635421,0,0.2
2023-06-13 04:00:00,0.0,0.0033519205,0,0.2
2023-06-13 05:00:00,0.0,0.007981657,0,0.2
2023-06-13 06:00:00,0.0,0.014214881,0,0.2
2023-06-13 07:00:00,0.0,0.0066189254,0,0.2
2023-06-13 08:00:00,0.0,0.003064553,0,0.2
2023-06-13 09:00:00,0.0,0.0016215816,0,0.2
2023-06-13 10:00:00,0.0,0.00311646,0,0.2
2023-06-13 11:00:00,0.0,0.0022293695,0,0.2
2023-06-13 12:00:00,0.0,0.004558227,0,0.2
2023-06-13 13:00:00,0.0,0.016444651,0,0.2
2023-06-13 14:00:00,0.0,0.067659795,0,0.2
2023-06-13 15:00:00,0.0,0.04532446,0,0.2
2023-06-13 16:00:00,0.0,0.031384416,0,0.2
2023-06-13 17:00:00,0.0,0.06503792,0,0.2
2023-06-13 18:00:00,0.0,0.055706166,0,0.2
2023-06-13 19:00:00,0.0,0.0194507,0,0.2
2023-06-13 20:00:00,0.0,0.013800334,0,0.2
2023-06-13 21:00:00,0.0,0.010159219,0,0.2
2023-06-13 22:00:00,0.0,0.011682258,0,0.2
2023-06-13 23:00:00,0.0,0.008501559,0,0.2
2023-06-14 00:00:00,0.0,0.017660514,0,0.2
2023-06-14 01:00:00,0.0,0.019957228,0,0.2
2023-06-14 02:00:00,0.0,0.041170195,0,0.2
2023-06-14 03:00:00,0.0,0.01928247,0,0.2
2023-06-14 04:00:00,0.0,0.015329549,0,0.2
2023-06-14 05:00:00,0.0,0.01954733,0,0.2
2023-06-14 06:00:00,0.0,0.016543794,0,0.2
2023-06-14 07:00:00,0.0,0.006052718,0,0.2
2023-06-14 08:00:00,0.0,0.0035218818,0,0.2
2023-06-14 09:00:00,0.0,0.0012229304,0,0.2
2023-06-14 10:00:00,0.0,0.0036794876,0,0.2
2023-06-14 11:00:00,0.0,0.0035773234,0,0.2
2023-06-14 12:00:00,0.0,0.005819849,0,0.2
2023-06-14 13:00:00,0.0,0.014659741,0,0.2
2023-06-14 14:00:00,0.0,0.005950669,0,0.2
2023-06-14 15:00:00,0.0,0.05170974,0,0.2
2023-06-14 16:00:00,0.0,0.030816028,0,0.2
2023-06-14 17:00:00,0.0,0.019126842,0,0.2
2023-06-14 18:00:00,0.0,0.022737393,0,0.2
2023-06-14 19:00:00,0.0,0.014234913,0,0.2
2023-06-14 20:00:00,0.0,0.013442558,0,0.2
2023-06-14 21:00:00,0.0,0.009077147,0,0.2
2023-06-14 22:00:00,0.0,0.0070166145,0,0.2
2023-06-14 23:00:00,0.0,0.0057652052,0,0.2
2023-06-15 00:00:00,0.0,0.007409832,0,0.2
2023-06-15 01:00:00,0.0,0.010659226,0,0.2
2023-06-15 02:00:00,0.0,0.011757868,0,0.2
2023-06-15 03:00:00,0.0,0.008563798,0,0.2
2023-06-15 04:00:00,0.0,0.0082739685,0,0.2
2023-06-15 05:00:00,0.0,0.008701553,0,0.2
2023-06-15 06:00:00,0.0,0.013329938,0,0.2
2023-06-15 07:00:00,0.0,0.005606872,0,0.2
2023-06-15 08:00:00,0.0,0.0044964054,0,0.2
2023-06-15 09:00:00,0.0,0.0036458415,0,0.2
2023-06-15 10:00:00,0.0,0.0037507853,0,0.2
2023-06-15 11:00:00,0.0,0.004672435,0,0.2
2023-06-15 12:00:00,0.0,0.006577799,0,0.2
2023-06-15 13:00:00,0.0,0.0230706,0,0.2
2023-06-15 14:00:00,0.0,0.047945358,0,0.2
2023-06-15 15:00:00,0.0,0.009169215,0,0.2
2023-06-15 16:00:00,0.0,0.010082949,0,0.2
2023-06-15 17:00:00,0.0,0.015287702,0,0.2
2023-06-15 18:00:00,1.0,0.012701685,0,0.2
2023-06-15 19:00:00,0.0,0.0090438,0,0.2
2023-06-15 20:00:00,0.0,0.008197802,0,0.2
2023-06-15 21:00:00,0.0,0.009642355,0,0.2
2023-06-15 22:00:00,0.0,0.012765364,0,0.2
2023-06-15 23:00:00,0.0,0.0353395,0,0.2
2023-06-16 00:00:00,0.0,0.045736123,0,0.2
2023-06-16 01:00:00,0.0,0.038778253,0,0.2
2023-06-16 02:00:00,0.0,0.04414384,0,0.2
2023-06-16 03:00:00,0.0,0.03992722,0,0.2
2023-06-16 04:00:00,0.0,0.026271084,0,0.2
2023-06-16 05:00:00,0.0,0.02215906,0,0.2
2023-06-16 06:00:00,0.0,0.013166008,0,0.2
2023-06-16 07:00:00,0.0,0.0051974044,0,0.2
2023-06-16 08:00:00,0.0,0.0026876593,0,0.2
2023-06-16 09:00:00,0.0,0.0070696706,0,0.2
2023-06-16 10:00:00,0.0,0.0031561884,0,0.2
2023-06-16 11:00:00,0.0,0.0038099778,0,0.2
2023-06-16 12:00:00,0.0,0.003221342,0,0.2
2023-06-16 13:00:00,0.0,0.012632928,0,0.2
2023-06-16 14:00:00,0.0,0.10566963,0,0.2
2023-06-16 15:00:00,0.0,0.020870754,0,0.2
2023-06-16 16:00:00,0.0,0.026188133,0,0.2
2023-06-16 17:00:00,0.0,0.06167537,0,0.2
2023-06-16 18:00:00,0.0,0.059139956,0,0.2
2023-06-16 19:00:00,0.0,0.11892549,0,0.2
2023-06-16 20:00:00,0.0,0.011334259,0,0.2
2023-06-16 21:00:00,0.0,0.0054515726,0,0.2
2023-06-16 22:00:00,0.0,0.0034217688,0,0.2
2023-06-16 23:00:00,0.0,0.0020630518,0,0.2
2023-06-17 00:00:00,0.0,0.0082122795,0,0.2
2023-06-17 01:00:00,1.0,0.006671317,0,0.2
2023-06-17 02:00:00,1.0,0.0055841445,0,0.2
2023-06-17 03:00:00,0.0,0.005779695,0,0.2
2023-06-17 04:00:00,0.0,0.005756526,0,0.2
2023-06-17 05:00:00,0.0,0.0050364695,0,0.2
2023-06-17 06:00:00,0.0,0.013899118,0,0.2
2023-06-17 07:00:00,1.0,0.0076121236,0,0.2
2023-06-17 08:00:00,0.0,0.009780514,0,0.2
2023-06-17 09:00:00,0.0,0.00695071,0,0.2
2023-06-17 10:00:00,0.0,0.01276218,0,0.2
2023-06-17 11:00:00,1.0,0.009813297,0,0.2
2023-06-17 12:00:00,0.0,0.009937414,0,0.2
2023-06-17 13:00:00,0.0,0.024296543,0,0.2
2023-06-17 14:00:00,1.0,0.056411594,0,0.2
2023-06-17 15:00:00,0.0,0.010935027,0,0.2
2023-06-17 16:00:00,0.0,0.0074027157,0,0.2
2023-06-17 17:00:00,0.0,0.022495518,0,0.2
2023-06-17 18:00:00,1.0,0.012066687,0,0.2
2023-06-17 19:00:00,0.0,0.016000278,0,0.2
2023-06-17 20:00:00,0.0,0.031534173,0,0.2
2023-06-17 21:00:00,0.0,0.020465838,0,0.2
2023-06-17 22:00:00,0.0,0.03760436,0,0.2
2023-06-17 23:00:00,0.0,0.068487056,0,0.2
2023-06-18 00:00:00,0.0,0.031566862,0,0.2
2023-06-18 01:00:00,0.0,0.13704222,0,0.2
2023-06-18 02:00:00,1.0,0.3751427,1,0.2
2023-06-18 03:00:00,1.0,0.18938075,0,0.2
2023-06-18 04:00:00,0.0,0.06995307,0,0.2
2023-06-18 05:00:00,1.0,0.120862335,0,0.2
2023-06-18 06:00:00,1.0,0.120193444,0,0.2
2023-06-18 07:00:00,1.0,0.17687753,0,0.2
2023-06-18 08:00:00,1.0,0.12667602,0,0.2
2023-06-18 09:00:00,1.0,0.09631153,0,0.2
2023-06-18 10:00:00,1.0,0.10331692,0,0.2
2023-06-18 11:00:00,0.0,0.11203379,0,0.2
2023-06-18 12:00:00,0.0,0.25652283,1,0.2
2023-06-18 13:00:00,0.0,0.31205323,1,0.2
2023-06-18 14:00:00,0.0,0.67266065,1,0.2
2023-06-18 15:00:00,0.0,0.6899867,1,0.2
2023-06-18 16:00:00,0.0,0.49022335,1,0.2
2023-06-18 17:00:00,0.0,0.4028337,1,0.2
2023-06-18 18:00:00,0.0,0.47669524,1,0.2
2023-06-18 19:00:00,0.0,0.3919681,1,0.2
2023-06-18 20:00:00,0.0,0.15790617,0,0.2
2023-06-18 21:00:00,0.0,0.14256905,0,0.2
2023-06-18 22:00:00,0.0,0.1300438,0,0.2
2023-06-18 23:00:00,0.0,0.2602951,1,0.2
2023-06-19 00:00:00,0.0,0.20799951,1,0.2
2023-06-19 01:00:00,0.0,0.14649495,0,0.2
2023-06-19 02:00:00,0.0,0.3417878,1,0.2
2023-06-19 03:00:00,0.0,0.47362205,1,0.2
2023-06-19 04:00:00,1.0,0.2894101,1,0.2
2023-06-19 05:00:00,0.0,0.40996814,1,0.2
2023-06-19 06:00:00,0.0,0.6196861,1,0.2
2023-06-19 07:00:00,0.0,0.39636806,1,0.2
2023-06-19 08:00:00,0.0,0.44965664,1,0.2
2023-06-19 09:00:00,0.0,0.47185022,1,0.2
2023-06-19 10:00:00,0.0,0.37844244,1,0.2
2023-06-19 11:00:00,0.0,0.14158921,0,0.2
2023-06-19 12:00:00,0.0,0.244006,1,0.2
2023-06-19 13:00:00,0.0,0.13602965,0,0.2
2023-06-19 14:00:00,0.0,0.27079824,1,0.2
2023-06-19 15:00:00,0.0,0.3049762,1,0.2
2023-06-19 16:00:00,0.0,0.42583954,1,0.2
2023-06-19 17:00:00,0.0,0.5297258,1,0.2
2023-06-19 18:00:00,0.0,0.26897243,1,0.2
2023-06-19 19:00:00,0.0,0.3696102,1,0.2
2023-06-19 20:00:00,0.0,0.34089556,1,0.2
2023-06-19 21:00:00,0.0,0.3436758,1,0.2
2023-06-19 22:00:00,0.0,0.3432205,1,0.2
2023-06-19 23:00:00,0.0,0.28907236,1,0.2
2023-06-20 00:00:00,0.0,0.2877372,1,0.2
2023-06-20 01:00:00,0.0,0.17537369,0,0.2
2023-06-20 02:00:00,0.0,0.29166448,1,0.2
2023-06-20 03:00:00,0.0,0.23646486,1,0.2
2023-06-20 04:00:00,0.0,0.19247042,0,0.2
2023-06-20 05:00:00,0.0,0.18879615,0,0.2
2023-06-20 06:00:00,0.0,0.19111581,0,0.2
2023-06-20 07:00:00,0.0,0.3284313,1,0.2
2023-06-20 08:00:00,0.0,0.2037179,1,0.2
2023-06-20 09:00:00,0.0,0.06920662,0,0.2
2023-06-20 10:00:00,0.0,0.1623875,0,0.2
2023-06-20 11:00:00,0.0,0.110599704,0,0.2
2023-06-20 12:00:00,1.0,0.19525202,0,0.2
2023-06-20 13:00:00,1.0,0.31450137,1,0.2
2023-06-20 14:00:00,1.0,0.43991297,1,0.2
2023-06-20 15:00:00,1.0,0.5018787,1,0.2
2023-06-20 16:00:00,0.0,0.47502667,1,0.2
2023-06-20 17:00:00,0.0,0.34684542,1,0.2
2023-06-20 18:00:00,0.0,0.29583466,1,0.2
2023-06-20 19:00:00,0.0,0.34376103,1,0.2
2023-06-20 20:00:00,0.0,0.20851412,1,0.2
2023-06-20 21:00:00,0.0,0.123764746,0,0.2
2023-06-20 22:00:00,0.0,0.10673339,0,0.2
2023-06-20 23:00:00,0.0,0.13263279,0,0.2
2023-06-21 00:00:00,0.0,0.15741324,0,0.2
2023-06-21 01:00:00,1.0,0.1429512,0,0.2
2023-06-21 02:00:00,0.0,0.16409193,0,0.2
2023-06-21 03:00:00,0.0,0.16653249,0,0.2
2023-06-21 04:00:00,0.0,0.137815,0,0.2
2023-06-21 05:00:00,0.0,0.14367753,0,0.2
2023-06-21 06:00:00,0.0,0.18221773,0,0.2
2023-06-21 07:00:00,0.0,0.15031907,0,0.2
2023-06-21 08:00:00,0.0,0.17929244,0,0.2
2023-06-21 09:00:00,0.0,0.14438525,0,0.2
2023-06-21 10:00:00,0.0,0.14579743,0,0.2
2023-06-21 11:00:00,0.0,0.12884559,0,0.2
2023-06-21 12:00:00,0.0,0.36518297,1,0.2
2023-06-21 13:00:00,1.0,0.6260258,1,0.2
2023-06-21 14:00:00,0.0,0.59886676,1,0.2
2023-06-21 15:00:00,0.0,0.5300745,1,0.2
2023-06-21 16:00:00,0.0,0.51492614,1,0.2
2023-06-21 17:00:00,0.0,0.24817187,1,0.2
2023-06-21 18:00:00,0.0,0.2411229,1,0.2
2023-06-21 19:00:00,0.0,0.19952187,0,0.2
2023-06-21 20:00:00,0.0,0.24708323,1,0.2
2023-06-21 21:00:00,0.0,0.2770867,1,0.2
2023-06-21 22:00:00,0.0,0.32945737,1,0.2
2023-06-21 23:00:00,0.0,0.4096205,1,0.2
2023-06-22 00:00:00,0.0,0.300182,1,0.2
2023-06-22 01:00:00,0.0,0.4381901,1,0.2
2023-06-22 02:00:00,1.0,0.49355182,1,0.2
2023-06-22 03:00:00,0.0,0.4436067,1,0.2
2023-06-22 04:00:00,0.0,0.31585622,1,0.2
2023-06-22 05:00:00,0.0,0.3287651,1,0.2
2023-06-22 06:00:00,0.0,0.24359904,1,0.2
2023-06-22 07:00:00,0.0,0.3052566,1,0.2
2023-06-22 08:00:00,0.0,0.24187985,1,0.2
2023-06-22 09:00:00,0.0,0.1043756,0,0.2
2023-06-22 10:00:00,0.0,0.0988713,0,0.2
2023-06-22 11:00:00,0.0,0.1825488,0,0.2
2023-06-22 12:00:00,0.0,0.4422369,1,0.2
2023-06-22 13:00:00,0.0,0.59322953,1,0.2
2023-06-22 14:00:00,0.0,0.5136137,1,0.2
2023-06-22 15:00:00,0.0,0.37877634,1,0.2
2023-06-22 16:00:00,0.0,0.3517006,1,0.2
2023-06-22 17:00:00,0.0,0.26463276,1,0.2
2023-06-22 18:00:00,0.0,0.16809152,0,0.2
2023-06-22 19:00:00,0.0,0.259995,1,0.2
2023-06-22 20:00:00,0.0,0.35318136,1,0.2
2023-06-22 21:00:00,0.0,0.31945267,1,0.2
2023-06-22 22:00:00,0.0,0.3716335,1,0.2
2023-06-22 23:00:00,0.0,0.47134876,1,0.2
2023-06-23 00:00:00,0.0,0.37209243,1,0.2
2023-06-23 01:00:00,0.0,0.5349755,1,0.2
2023-06-23 02:00:00,0.0,0.57039297,1,0.2
2023-06-23 03:00:00,0.0,0.44405273,1,0.2
2023-06-23 04:00:00,0.0,0.22616427,1,0.2
2023-06-23 05:00:00,0.0,0.26572996,1,0.2
2023-06-23 06:00:00,0.0,0.24221262,1,0.2
2023-06-23 07:00:00,0.0,0.26932365,1,0.2
2023-06-23 08:00:00,0.0,0.18043938,0,0.2
2023-06-23 09:00:00,0.0,0.16423196,0,0.2
2023-06-23 10:00:00,0.0,0.091031745,0,0.2
2023-06-23 11:00:00,0.0,0.24951825,1,0.2
2023-06-23 12:00:00,0.0,0.5260229,1,0.2
2023-06-23 13:00:00,1.0,0.5643375,1,0.2
2023-06-23 14:00:00,0.0,0.49654573,1,0.2
2023-06-23 15:00:00,0.0,0.33762667,1,0.2
2023-06-23 16:00:00,0.0,0.29758325,1,0.2
2023-06-23 17:00:00,0.0,0.18527885,0,0.2
2023-06-23 18:00:00,0.0,0.117006764,0,0.2
2023-06-23 19:00:00,0.0,0.21742769,1,0.2
2023-06-23 20:00:00,0.0,0.30686852,1,0.2
2023-06-23 21:00:00,0.0,0.37183133,1,0.2
2023-06-23 22:00:00,0.0,0.2547496,1,0.2
2023-06-23 23:00:00,0.0,0.3040888,1,0.2
2023-06-24 00:00:00,0.0,0.3014657,1,0.2
2023-06-24 01:00:00,0.0,0.31193686,1,0.2
2023-06-24 02:00:00,0.0,0.19872373,0,0.2
2023-06-24 03:00:00,0.0,0.15157047,0,0.2
2023-06-24 04:00:00,0.0,0.1708329,0,0.2
2023-06-24 05:00:00,0.0,0.121752985,0,0.2
2023-06-24 06:00:00,0.0,0.19861008,0,0.2
2023-06-24 07:00:00,0.0,0.16723008,0,0.2
2023-06-24 08:00:00,0.0,0.13134098,0,0.2
2023-06-24 09:00:00,0.0,0.0593658,0,0.2
2023-06-24 10:00:00,0.0,0.065032735,0,0.2
2023-06-24 11:00:00,0.0,0.058676485,0,0.2
2023-06-24 12:00:00,0.0,0.13152078,0,0.2
2023-06-24 13:00:00,0.0,0.2673334,1,0.2
2023-06-24 14:00:00,0.0,0.5313446,1,0.2
2023-06-24 15:00:00,0.0,0.3193752,1,0.2
2023-06-24 16:00:00,0.0,0.2920996,1,0.2
2023-06-24 17:00:00,0.0,0.21260312,1,0.2
2023-06-24 18:00:00,0.0,0.16874981,0,0.2
2023-06-24 19:00:00,0.0,0.21393336,1,0.2
2023-06-24 20:00:00,0.0,0.1049209,0,0.2
2023-06-24 21:00:00,0.0,0.17218083,0,0.2
2023-06-24 22:00:00,0.0,0.29086182,1,0.2
2023-06-24 23:00:00,0.0,0.42825302,1,0.2
2023-06-25 00:00:00,0.0,0.3557767,1,0.2
2023-06-25 01:00:00,0.0,0.26430354,1,0.2
2023-06-25 02:00:00,0.0,0.23674329,1,0.2
2023-06-25 03:00:00,0.0,0.2260234,1,0.2
2023-06-25 04:00:00,0.0,0.120323084,0,0.2
2023-06-25 05:00:00,0.0,0.12424552,0,0.2
2023-06-25 06:00:00,0.0,0.088754244,0,0.2
2023-06-25 07:00:00,0.0,0.053621527,0,0.2
2023-06-25 08:00:00,0.0,0.05085221,0,0.2
2023-06-25 09:00:00,0.0,0.02444693,0,0.2
2023-06-25 10:00:00,0.0,0.08501555,0,0.2
2023-06-25 11:00:00,0.0,0.14520161,0,0.2
2023-06-25 12:00:00,0.0,0.21539648,1,0.2
2023-06-25 13:00:00,0.0,0.25795117,1,0.2
2023-06-25 14:00:00,0.0,0.25972188,1,0.2
2023-06-25 15:00:00,0.0,0.31514078,1,0.2
2023-06-25 16:00:00,0.0,0.21609177,1,0.2
2023-06-25 17:00:00,0.0,0.18239886,0,0.2
2023-06-25 18:00:00,1.0,0.093068,0,0.2
2023-06-25 19:00:00,1.0,0.07507642,0,0.2
2023-06-25 20:00:00,0.0,0.08940676,0,0.2
2023-06-25 21:00:00,0.0,0.30572972,1,0.2
2023-06-25 22:00:00,0.0,0.34372157,1,0.2
2023-06-25 23:00:00,0.0,0.271257,1,0.2
2023-06-26 00:00:00,0.0,0.31062856,1,0.2
2023-06-26 01:00:00,0.0,0.22260454,1,0.2
2023-06-26 02:00:00,0.0,0.23212598,1,0.2
2023-06-26 03:00:00,0.0,0.19926654,0,0.2
2023-06-26 04:00:00,0.0,0.1685887,0,0.2
2023-06-26 05:00:00,0.0,0.20832244,1,0.2
2023-06-26 06:00:00,0.0,0.23199482,1,0.2
2023-06-26 07:00:00,0.0,0.20826507,1,0.2
2023-06-26 08:00:00,0.0,0.114667445,0,0.2
2023-06-26 09:00:00,0.0,0.085379146,0,0.2
2023-06-26 10:00:00,0.0,0.048574436,0,0.2
2023-06-26 11:00:00,0.0,0.11657852,0,0.2
2023-06-26 12:00:00,0.0,0.1815877,0,0.2
2023-06-26 13:00:00,0.0,0.25604394,1,0.2
2023-06-26 14:00:00,0.0,0.2850565,1,0.2
2023-06-26 15:00:00,0.0,0.31388777,1,0.2
2023-06-26 16:00:00,0.0,0.570264,1,0.2
2023-06-26 17:00:00,0.0,0.17803608,0,0.2
2023-06-26 18:00:00,0.0,0.32751802,1,0.2
2023-06-26 19:00:00,0.0,0.11170367,0,0.2
2023-06-26 20:00:00,0.0,0.07916725,0,0.2
2023-06-26 21:00:00,0.0,0.08783469,0,0.2
2023-06-26 22:00:00,0.0,0.27739716,1,0.2
2023-06-26 23:00:00,0.0,0.18326478,0,0.2
2023-06-27 00:00:00,0.0,0.3390176,1,0.2
2023-06-27 01:00:00,0.0,0.22685882,1,0.2
2023-06-27 02:00:00,0.0,0.22574319,1,0.2
2023-06-27 03:00:00,0.0,0.1556476,0,0.2
2023-06-27 04:00:00,0.0,0.11041302,0,0.2
2023-06-27 05:00:00,0.0,0.1438704,0,0.2
2023-06-27 06:00:00,0.0,0.19167586,0,0.2
2023-06-27 07:00:00,0.0,0.11675988,0,0.2
2023-06-27 08:00:00,0.0,0.072133504,0,0.2
2023-06-27 09:00:00,0.0,0.049302176,0,0.2
2023-06-27 10:00:00,0.0,0.028452644,0,0.2
2023-06-27 11:00:00,0.0,0.08059855,0,0.2
2023-06-27 12:00:00,0.0,0.16213576,0,0.2
2023-06-27 13:00:00,0.0,0.28215644,1,0.2
2023-06-27 14:00:00,1.0,0.46482638,1,0.2
2023-06-27 15:00:00,1.0,0.4053961,1,0.2
2023-06-27 16:00:00,1.0,0.15691717,0,0.2
2023-06-27 17:00:00,0.0,0.1520903,0,0.2
2023-06-27 18:00:00,0.0,0.11583406,0,0.2
2023-06-27 19:00:00,1.0,0.039777845,0,0.2
2023-06-27 20:00:00,0.0,0.030629301,0,0.2
2023-06-27 21:00:00,0.0,0.041208215,0,0.2
2023-06-27 22:00:00,0.0,0.08494315,0,0.2
2023-06-27 23:00:00,0.0,0.15190995,0,0.2
2023-06-28 00:00:00,0.0,0.17977785,0,0.2
2023-06-28 01:00:00,1.0,0.096931584,0,0.2
2023-06-28 02:00:00,0.0,0.082345404,0,0.2
2023-06-28 03:00:00,0.0,0.029616728,0,0.2
2023-06-28 04:00:00,0.0,0.043872934,0,0.2
2023-06-28 05:00:00,0.0,0.041900113,0,0.2
2023-06-28 06:00:00,0.0,0.050013058,0,0.2
2023-06-28 07:00:00,0.0,0.030890113,0,0.2
2023-06-28 08:00:00,0.0,0.017239522,0,0.2
2023-06-28 09:00:00,0.0,0.007552472,0,0.2
2023-06-28 10:00:00,0.0,0.01648792,0,0.2
2023-06-28 11:00:00,0.0,0.014760894,0,0.2
2023-06-28 12:00:00,0.0,0.05061037,0,0.2
2023-06-28 13:00:00,1.0,0.23504348,1,0.2
2023-06-28 14:00:00,0.0,0.24649426,1,0.2
2023-06-28 15:00:00,0.0,0.36694902,1,0.2
2023-06-28 16:00:00,0.0,0.14946759,0,0.2
2023-06-28 17:00:00,0.0,0.0532316,0,0.2
2023-06-28 18:00:00,0.0,0.10299865,0,0.2
2023-06-28 19:00:00,0.0,0.15606594,0,0.2
2023-06-28 20:00:00,0.0,0.05119771,0,0.2
2023-06-28 21:00:00,0.0,0.03981189,0,0.2
2023-06-28 22:00:00,0.0,0.11058683,0,0.2
2023-06-28 23:00:00,0.0,0.14658159,0,0.2
2023-06-29 00:00:00,0.0,0.4937184,1,0.2
2023-06-29 01:00:00,0.0,0.52869344,1,0.2
2023-06-29 02:00:00,0.0,0.27056295,1,0.2
2023-06-29 03:00:00,0.0,0.052119635,0,0.2
2023-06-29 04:00:00,0.0,0.041596293,0,0.2
2023-06-29 05:00:00,0.0,0.08240192,0,0.2
2023-06-29 06:00:00,0.0,0.08499322,0,0.2
2023-06-29 07:00:00,0.0,0.1090558,0,0.2
2023-06-29 08:00:00,0.0,0.019658716,0,0.2
2023-06-29 09:00:00,0.0,0.0076708826,0,0.2
2023-06-29 10:00:00,0.0,0.016293038,0,0.2
2023-06-29 11:00:00,0.0,0.035039105,0,0.2
2023-06-29 12:00:00,0.0,0.057432353,0,0.2
2023-06-29 13:00:00,0.0,0.31675223,1,0.2
2023-06-29 14:00:00,0.0,0.20723608,1,0.2
2023-06-29 15:00:00,0.0,0.410099,1,0.2
2023-06-29 16:00:00,0.0,0.3548504,1,0.2
2023-06-29 17:00:00,0.0,0.31099552,1,0.2
2023-06-29 18:00:00,0.0,0.14705619,0,0.2
2023-06-29 19:00:00,0.0,0.06501276,0,0.2
2023-06-29 20:00:00,0.0,0.042240404,0,0.2
2023-06-29 21:00:00,0.0,0.022285048,0,0.2
2023-06-29 22:00:00,0.0,0.046354465,0,0.2
2023-06-29 23:00:00,0.0,0.13579711,0,0.2
2023-06-30 00:00:00,0.0,0.06175557,0,0.2
2023-06-30 01:00:00,0.0,0.050587885,0,0.2
2023-06-30 02:00:00,0.0,0.04646775,0,0.2
2023-06-30 03:00:00,0.0,0.046578214,0,0.2
2023-06-30 04:00:00,0.0,0.04341927,0,0.2
2023-06-30 05:00:00,0.0,0.06557925,0,0.2
2023-06-30 06:00:00,0.0,0.11167046,0,0.2
2023-06-30 07:00:00,0.0,0.041193824,0,0.2
2023-06-30 08:00:00,0.0,0.020576617,0,0.2
2023-06-30 09:00:00,0.0,0.017475646,0,0.2
2023-06-30 10:00:00,0.0,0.025404282,0,0.2
2023-06-30 11:00:00,0.0,0.03245282,0,0.2
2023-06-30 12:00:00,0.0,0.059521366,0,0.2
2023-06-30 13:00:00,0.0,0.1791398,0,0.2
2023-06-30 14:00:00,0.0,0.17242336,0,0.2
2023-06-30 15:00:00,0.0,0.29108614,1,0.2
2023-06-30 16:00:00,1.0,0.18569916,0,0.2
2023-06-30 17:00:00,0.0,0.25216052,1,0.2
2023-06-30 18:00:00,0.0,0.076622956,0,0.2
2023-06-30 19:00:00,0.0,0.047194846,0,0.2
2023-06-30 20:00:00,0.0,0.03978452,0,0.2
2023-06-30 21:00:00,0.0,0.035293616,0,0.2
2023-06-30 22:00:00,0.0,0.039504543,0,0.2
2023-06-30 23:00:00,0.0,0.16150548,0,0.2
2023-07-01 00:00:00,0.0,0.43320152,1,0.2
2023-07-01 01:00:00,1.0,0.3340023,1,0.2
2023-07-01 02:00:00,1.0,0.21253103,1,0.2
2023-07-01 03:00:00,1.0,0.079009436,0,0.2
2023-07-01 04:00:00,0.0,0.0412086,0,0.2
2023-07-01 05:00:00,1.0,0.05582015,0,0.2
2023-07-01 06:00:00,0.0,0.07752572,0,0.2
2023-07-01 07:00:00,0.0,0.041749265,0,0.2
2023-07-01 08:00:00,0.0,0.027915135,0,0.2
2023-07-01 09:00:00,0.0,0.010655276,0,0.2
2023-07-01 10:00:00,0.0,0.02164596,0,0.2
2023-07-01 11:00:00,0.0,0.009512745,0,0.2
2023-07-01 12:00:00,0.0,0.020300772,0,0.2
2023-07-01 13:00:00,0.0,0.0822763,0,0.2
2023-07-01 14:00:00,0.0,0.22176911,1,0.2
2023-07-01 15:00:00,0.0,0.1695976,0,0.2
2023-07-01 16:00:00,0.0,0.21923101,1,0.2
2023-07-01 17:00:00,0.0,0.22627275,1,0.2
2023-07-01 18:00:00,0.0,0.13692515,0,0.2
2023-07-01 19:00:00,0.0,0.2191998,1,0.2
2023-07-01 20:00:00,0.0,0.06846721,0,0.2
2023-07-01 21:00:00,0.0,0.0599031,0,0.2
2023-07-01 22:00:00,0.0,0.10205221,0,0.2
2023-07-01 23:00:00,0.0,0.13515513,0,0.2
2023-07-02 00:00:00,0.0,0.08373812,0,0.2
2023-07-02 01:00:00,0.0,0.40657255,1,0.2
2023-07-02 02:00:00,1.0,0.5718175,1,0.2
2023-07-02 03:00:00,1.0,0.59813845,1,0.2
2023-07-02 04:00:00,1.0,0.67447114,1,0.2
2023-07-02 05:00:00,1.0,0.47066918,1,0.2
2023-07-02 06:00:00,1.0,0.40878877,1,0.2
2023-07-02 07:00:00,1.0,0.43922487,1,0.2
2023-07-02 08:00:00,1.0,0.43445417,1,0.2
2023-07-02 09:00:00,1.0,0.47897375,1,0.2
2023-07-02 10:00:00,0.0,0.52891177,1,0.2
2023-07-02 11:00:00,0.0,0.20721278,1,0.2
2023-07-02 12:00:00,0.0,0.082377784,0,0.2
2023-07-02 13:00:00,0.0,0.17060153,0,0.2
2023-07-02 14:00:00,0.0,0.41580567,1,0.2
2023-07-02 15:00:00,0.0,0.52672213,1,0.2
2023-07-02 16:00:00,0.0,0.5653352,1,0.2
2023-07-02 17:00:00,0.0,0.3673304,1,0.2
2023-07-02 18:00:00,1.0,0.10843269,0,0.2
2023-07-02 19:00:00,0.0,0.14227676,0,0.2
2023-07-02 20:00:00,0.0,0.3263868,1,0.2
2023-07-02 21:00:00,0.0,0.44582227,1,0.2
2023-07-02 22:00:00,0.0,0.68034405,1,0.2
2023-07-02 23:00:00,0.0,0.5701372,1,0.2
2023-07-03 00:00:00,0.0,0.5216584,1,0.2
2023-07-03 01:00:00,0.0,0.52442205,1,0.2
2023-07-03 02:00:00,0.0,0.5642846,1,0.2
2023-07-03 03:00:00,0.0,0.8247894,1,0.2
2023-07-03 04:00:00,0.0,0.69857484,1,0.2
2023-07-03 05:00:00,0.0,0.4221787,1,0.2
2023-07-03 06:00:00,0.0,0.6240467,1,0.2
2023-07-03 07:00:00,0.0,0.69241387,1,0.2
2023-07-03 08:00:00,0.0,0.6970206,1,0.2
2023-07-03 09:00:00,0.0,0.4764627,1,0.2
2023-07-03 10:00:00,0.0,0.428265,1,0.2
2023-07-03 11:00:00,0.0,0.44817778,1,0.2
2023-07-03 12:00:00,0.0,0.21950343,1,0.2
2023-07-03 13:00:00,1.0,0.24993794,1,0.2
2023-07-03 14:00:00,0.0,0.54788315,1,0.2
2023-07-03 15:00:00,1.0,0.56307185,1,0.2
2023-07-03 16:00:00,1.0,0.566831,1,0.2
2023-07-03 17:00:00,1.0,0.48276746,1,0.2
2023-07-03 18:00:00,1.0,0.35360032,1,0.2
2023-07-03 19:00:00,1.0,0.31096345,1,0.2
2023-07-03 20:00:00,1.0,0.37191755,1,0.2
2023-07-03 21:00:00,1.0,0.34364083,1,0.2
2023-07-03 22:00:00,1.0,0.46001464,1,0.2
2023-07-03 23:00:00,1.0,0.47418192,1,0.2
2023-07-04 00:00:00,0.0,0.36472312,1,0.2
2023-07-04 01:00:00,0.0,0.32960692,1,0.2
2023-07-04 02:00:00,0.0,0.36444625,1,0.2
2023-07-04 03:00:00,0.0,0.2727917,1,0.2
2023-07-04 04:00:00,0.0,0.3203144,1,0.2
2023-07-04 05:00:00,0.0,0.49401826,1,0.2
2023-07-04 06:00:00,0.0,0.31287742,1,0.2
2023-07-04 07:00:00,0.0,0.33675033,1,0.2
2023-07-04 08:00:00,0.0,0.23582424,1,0.2
2023-07-04 09:00:00,0.0,0.18025279,0,0.2
2023-07-04 10:00:00,0.0,0.19710957,0,0.2
2023-07-04 11:00:00,0.0,0.2574194,1,0.2
2023-07-04 12:00:00,1.0,0.29049146,1,0.2
2023-07-04 13:00:00,0.0,0.5923095,1,0.2
2023-07-04 14:00:00,1.0,0.6162376,1,0.2
2023-07-04 15:00:00,0.0,0.78185004,1,0.2
2023-07-04 16:00:00,1.0,0.6865488,1,0.2
2023-07-04 17:00:00,1.0,0.52914375,1,0.2
2023-07-04 18:00:00,1.0,0.45539525,1,0.2
2023-07-04 19:00:00,1.0,0.5678103,1,0.2
2023-07-04 20:00:00,1.0,0.57415587,1,0.2
2023-07-04 21:00:00,0.0,0.53949195,1,0.2
2023-07-04 22:00:00,0.0,0.5969266,1,0.2
2023-07-04 23:00:00,0.0,0.60967153,1,0.2
2023-07-05 00:00:00,0.0,0.49205443,1,0.2
2023-07-05 01:00:00,0.0,0.31959307,1,0.2
2023-07-05 02:00:00,0.0,0.35294434,1,0.2
2023-07-05 03:00:00,0.0,0.38335186,1,0.2
2023-07-05 04:00:00,0.0,0.330696,1,0.2
2023-07-05 05:00:00,0.0,0.26193568,1,0.2
2023-07-05 06:00:00,0.0,0.40221474,1,0.2
2023-07-05 07:00:00,0.0,0.4063003,1,0.2
2023-07-05 08:00:00,0.0,0.3217624,1,0.2
2023-07-05 09:00:00,0.0,0.2864725,1,0.2
2023-07-05 10:00:00,0.0,0.16026512,0,0.2
2023-07-05 11:00:00,0.0,0.09613133,0,0.2
2023-07-05 12:00:00,0.0,0.32111683,1,0.2
2023-07-05 13:00:00,0.0,0.40101498,1,0.2
2023-07-05 14:00:00,0.0,0.51790565,1,0.2
2023-07-05 15:00:00,0.0,0.56468683,1,0.2
2023-07-05 16:00:00,0.0,0.7619852,1,0.2
2023-07-05 17:00:00,0.0,0.42167497,1,0.2
2023-07-05 18:00:00,0.0,0.24608198,1,0.2
2023-07-05 19:00:00,0.0,0.15915594,0,0.2
2023-07-05 20:00:00,0.0,0.45782706,1,0.2
2023-07-05 21:00:00,0.0,0.43571886,1,0.2
2023-07-05 22:00:00,0.0,0.5200015,1,0.2
2023-07-05 23:00:00,0.0,0.5898598,1,0.2
2023-07-06 00:00:00,0.0,0.33900172,1,0.2
2023-07-06 01:00:00,0.0,0.3025718,1,0.2
2023-07-06 02:00:00,0.0,0.28878286,1,0.2
2023-07-06 03:00:00,0.0,0.26658192,1,0.2
2023-07-06 04:00:00,0.0,0.3470995,1,0.2
2023-07-06 05:00:00,0.0,0.18455453,0,0.2
2023-07-06 06:00:00,0.0,0.3454472,1,0.2
2023-07-06 07:00:00,0.0,0.2576243,1,0.2
2023-07-06 08:00:00,0.0,0.16563259,0,0.2
2023-07-06 09:00:00,0.0,0.193408,0,0.2
2023-07-06 10:00:00,0.0,0.2946517,1,0.2
2023-07-06 11:00:00,0.0,0.41347802,1,0.2
2023-07-06 12:00:00,0.0,0.23080379,1,0.2
2023-07-06 13:00:00,0.0,0.3859728,1,0.2
2023-07-06 14:00:00,0.0,0.4529481,1,0.2
2023-07-06 15:00:00,1.0,0.4634816,1,0.2
2023-07-06 16:00:00,0.0,0.42272562,1,0.2
2023-07-06 17:00:00,0.0,0.34259474,1,0.2
2023-07-06 18:00:00,0.0,0.39660865,1,0.2
2023-07-06 19:00:00,0.0,0.42940363,1,0.2
2023-07-06 20:00:00,0.0,0.37626436,1,0.2
2023-07-06 21:00:00,0.0,0.38245657,1,0.2
2023-07-06 22:00:00,0.0,0.42376012,1,0.2
2023-07-06 23:00:00,0.0,0.6171293,1,0.2
2023-07-07 00:00:00,0.0,0.4655333,1,0.2
2023-07-07 01:00:00,0.0,0.38729876,1,0.2
2023-07-07 02:00:00,0.0,0.24911,1,0.2
2023-07-07 03:00:00,0.0,0.36046448,1,0.2
2023-07-07 04:00:00,0.0,0.38932037,1,0.2
2023-07-07 05:00:00,0.0,0.4347011,1,0.2
2023-07-07 06:00:00,0.0,0.39332074,1,0.2
2023-07-07 07:00:00,0.0,0.31126022,1,0.2
2023-07-07 08:00:00,0.0,0.19116089,0,0.2
2023-07-07 09:00:00,0.0,0.10511077,0,0.2
2023-07-07 10:00:00,0.0,0.08962452,0,0.2
2023-07-07 11:00:00,0.0,0.07114641,0,0.2
2023-07-07 12:00:00,0.0,0.14002638,0,0.2
2023-07-07 13:00:00,0.0,0.35129598,1,0.2
2023-07-07 14:00:00,0.0,0.33469757,1,0.2
2023-07-07 15:00:00,1.0,0.4138618,1,0.2
2023-07-07 16:00:00,0.0,0.43552414,1,0.2
2023-07-07 17:00:00,0.0,0.23276845,1,0.2
2023-07-07 18:00:00,0.0,0.20576502,1,0.2
2023-07-07 19:00:00,0.0,0.15076952,0,0.2
2023-07-07 20:00:00,0.0,0.16244227,0,0.2
2023-07-07 21:00:00,0.0,0.24334471,1,0.2
2023-07-07 22:00:00,0.0,0.3815414,1,0.2
2023-07-07 23:00:00,0.0,0.30688027,1,0.2
2023-07-08 00:00:00,0.0,0.33865124,1,0.2
2023-07-08 01:00:00,0.0,0.41110092,1,0.2
2023-07-08 02:00:00,0.0,0.36185288,1,0.2
2023-07-08 03:00:00,0.0,0.28332734,1,0.2
2023-07-08 04:00:00,0.0,0.33941635,1,0.2
2023-07-08 05:00:00,0.0,0.18139681,0,0.2
2023-07-08 06:00:00,0.0,0.17568126,0,0.2
2023-07-08 07:00:00,0.0,0.11051286,0,0.2
2023-07-08 08:00:00,0.0,0.100068666,0,0.2
2023-07-08 09:00:00,0.0,0.12637092,0,0.2
2023-07-08 10:00:00,0.0,0.050627645,0,0.2
2023-07-08 11:00:00,0.0,0.020660432,0,0.2
2023-07-08 12:00:00,0.0,0.10344703,0,0.2
2023-07-08 13:00:00,0.0,0.2715691,1,0.2
2023-07-08 14:00:00,1.0,0.3027271,1,0.2
2023-07-08 15:00:00,0.0,0.49993742,1,0.2
2023-07-08 16:00:00,0.0,0.43866545,1,0.2
2023-07-08 17:00:00,0.0,0.1863422,0,0.2
2023-07-08 18:00:00,1.0,0.14310403,0,0.2
2023-07-08 19:00:00,1.0,0.14292687,0,0.2
2023-07-08 20:00:00,0.0,0.10596487,0,0.2
2023-07-08 21:00:00,0.0,0.24670339,1,0.2
2023-07-08 22:00:00,1.0,0.2646355,1,0.2
2023-07-08 23:00:00,0.0,0.39563853,1,0.2
2023-07-09 00:00:00,0.0,0.47929284,1,0.2
2023-07-09 01:00:00,0.0,0.4782922,1,0.2
2023-07-09 02:00:00,0.0,0.44632635,1,0.2
2023-07-09 03:00:00,1.0,0.28705922,1,0.2
2023-07-09 04:00:00,0.0,0.2855509,1,0.2
2023-07-09 05:00:00,0.0,0.13769782,0,0.2
2023-07-09 06:00:00,0.0,0.12929802,0,0.2
2023-07-09 07:00:00,0.0,0.10537207,0,0.2
2023-07-09 08:00:00,0.0,0.066109985,0,0.2
2023-07-09 09:00:00,1.0,0.048197623,0,0.2
2023-07-09 10:00:00,1.0,0.12785424,0,0.2
2023-07-09 11:00:00,0.0,0.109998226,0,0.2
2023-07-09 12:00:00,1.0,0.1763369,0,0.2
2023-07-09 13:00:00,1.0,0.5786257,1,0.2
2023-07-09 14:00:00,0.0,0.5679101,1,0.2
2023-07-09 15:00:00,0.0,0.48369777,1,0.2
2023-07-09 16:00:00,0.0,0.38842422,1,0.2
2023-07-09 17:00:00,0.0,0.38130707,1,0.2
2023-07-09 18:00:00,0.0,0.18181072,0,0.2
2023-07-09 19:00:00,0.0,0.2521682,1,0.2
2023-07-09 20:00:00,0.0,0.2186447,1,0.2
2023-07-09 21:00:00,0.0,0.332034,1,0.2
2023-07-09 22:00:00,0.0,0.35386917,1,0.2
2023-07-09 23:00:00,1.0,0.4496005,1,0.2
2023-07-10 00:00:00,1.0,0.53460133,1,0.2
2023-07-10 01:00:00,1.0,0.3479008,1,0.2
2023-07-10 02:00:00,1.0,0.326679,1,0.2
2023-07-10 03:00:00,1.0,0.6520562,1,0.2
2023-07-10 04:00:00,1.0,0.36180624,1,0.2
2023-07-10 05:00:00,1.0,0.1859557,0,0.2
2023-07-10 06:00:00,0.0,0.18871601,0,0.2
2023-07-10 07:00:00,1.0,0.1796346,0,0.2
2023-07-10 08:00:00,1.0,0.18200691,0,0.2
2023-07-10 09:00:00,0.0,0.360228,1,0.2
2023-07-10 10:00:00,0.0,0.3162214,1,0.2
2023-07-10 11:00:00,0.0,0.39999336,1,0.2
2023-07-10 12:00:00,0.0,0.48245844,1,0.2
2023-07-10 13:00:00,0.0,0.2698113,1,0.2
2023-07-10 14:00:00,0.0,0.35630783,1,0.2
2023-07-10 15:00:00,0.0,0.5289446,1,0.2
2023-07-10 16:00:00,0.0,0.42544216,1,0.2
2023-07-10 17:00:00,0.0,0.5430232,1,0.2
2023-07-10 18:00:00,0.0,0.44580412,1,0.2
2023-07-10 19:00:00,0.0,0.38201398,1,0.2
2023-07-10 20:00:00,0.0,0.621761,1,0.2
2023-07-10 21:00:00,0.0,0.681384,1,0.2
2023-07-10 22:00:00,0.0,0.60178727,1,0.2
2023-07-10 23:00:00,0.0,0.71270716,1,0.2
2023-07-11 00:00:00,1.0,0.80565476,1,0.2
2023-07-11 01:00:00,1.0,0.69902694,1,0.2
2023-07-11 02:00:00,1.0,0.7097223,1,0.2
2023-07-11 03:00:00,1.0,0.6492454,1,0.2
2023-07-11 04:00:00,1.0,0.5600305,1,0.2
2023-07-11 05:00:00,1.0,0.44414908,1,0.2
2023-07-11 06:00:00,1.0,0.40335417,1,0.2
2023-07-11 07:00:00,1.0,0.45907155,1,0.2
2023-07-11 08:00:00,0.0,0.47673857,1,0.2
2023-07-11 09:00:00,0.0,0.41693968,1,0.2
2023-07-11 10:00:00,0.0,0.3135973,1,0.2
2023-07-11 11:00:00,0.0,0.32090878,1,0.2
2023-07-11 12:00:00,0.0,0.29604772,1,0.2
2023-07-11 13:00:00,0.0,0.2598079,1,0.2
2023-07-11 14:00:00,0.0,0.40896386,1,0.2
2023-07-11 15:00:00,1.0,0.5545721,1,0.2
2023-07-11 16:00:00,1.0,0.59589356,1,0.2
2023-07-11 17:00:00,1.0,0.41416028,1,0.2
2023-07-11 18:00:00,0.0,0.35041222,1,0.2
2023-07-11 19:00:00,0.0,0.33006242,1,0.2
2023-07-11 20:00:00,0.0,0.37095255,1,0.2
2023-07-11 21:00:00,0.0,0.40571442,1,0.2
2023-07-11 22:00:00,0.0,0.40845388,1,0.2
2023-07-11 23:00:00,0.0,0.3410375,1,0.2
2023-07-12 00:00:00,0.0,0.69392556,1,0.2
2023-07-12 01:00:00,0.0,0.7466784,1,0.2
2023-07-12 02:00:00,0.0,0.72057486,1,0.2
2023-07-12 03:00:00,0.0,0.76016724,1,0.2
2023-07-12 04:00:00,0.0,0.72111773,1,0.2
2023-07-12 05:00:00,0.0,0.4327684,1,0.2
2023-07-12 06:00:00,0.0,0.58111566,1,0.2
2023-07-12 07:00:00,0.0,0.41867235,1,0.2
2023-07-12 08:00:00,0.0,0.44272658,1,0.2
2023-07-12 09:00:00,0.0,0.30446997,1,0.2
2023-07-12 10:00:00,0.0,0.29337835,1,0.2
2023-07-12 11:00:00,0.0,0.25246578,1,0.2
2023-07-12 12:00:00,0.0,0.47308558,1,0.2
2023-07-12 13:00:00,0.0,0.48256856,1,0.2
2023-07-12 14:00:00,0.0,0.6221026,1,0.2
2023-07-12 15:00:00,0.0,0.61044955,1,0.2
2023-07-12 16:00:00,0.0,0.42906308,1,0.2
2023-07-12 17:00:00,0.0,0.5999244,1,0.2
2023-07-12 18:00:00,1.0,0.29621145,1,0.2
2023-07-12 19:00:00,0.0,0.31770924,1,0.2
2023-07-12 20:00:00,0.0,0.3245571,1,0.2
2023-07-12 21:00:00,0.0,0.5188242,1,0.2
2023-07-12 22:00:00,0.0,0.43151408,1,0.2
2023-07-12 23:00:00,0.0,0.51912814,1,0.2
2023-07-13 00:00:00,0.0,0.29056972,1,0.2
2023-07-13 01:00:00,0.0,0.4163291,1,0.2
2023-07-13 02:00:00,0.0,0.3916839,1,0.2
2023-07-13 03:00:00,0.0,0.37444273,1,0.2
2023-07-13 04:00:00,0.0,0.2737749,1,0.2
2023-07-13 05:00:00,0.0,0.4152538,1,0.2
2023-07-13 06:00:00,0.0,0.330719,1,0.2
2023-07-13 07:00:00,0.0,0.23318571,1,0.2
2023-07-13 08:00:00,0.0,0.31831697,1,0.2
2023-07-13 09:00:00,0.0,0.2271172,1,0.2
2023-07-13 10:00:00,0.0,0.27212194,1,0.2
2023-07-13 11:00:00,0.0,0.36814797,1,0.2
2023-07-13 12:00:00,1.0,0.3351122,1,0.2
2023-07-13 13:00:00,0.0,0.35201952,1,0.2
2023-07-13 14:00:00,0.0,0.518755,1,0.2
2023-07-13 15:00:00,0.0,0.56931615,1,0.2
2023-07-13 16:00:00,0.0,0.4596221,1,0.2
2023-07-13 17:00:00,0.0,0.4409601,1,0.2
2023-07-13 18:00:00,0.0,0.31825274,1,0.2
2023-07-13 19:00:00,0.0,0.21543112,1,0.2
2023-07-13 20:00:00,0.0,0.40043133,1,0.2
2023-07-13 21:00:00,0.0,0.26330563,1,0.2
2023-07-13 22:00:00,0.0,0.4288495,1,0.2
2023-07-13 23:00:00,0.0,0.46421397,1,0.2
2023-07-14 00:00:00,0.0,0.5104276,1,0.2
2023-07-14 01:00:00,0.0,0.39130235,1,0.2
2023-07-14 02:00:00,0.0,0.3886731,1,0.2
2023-07-14 03:00:00,0.0,0.34453267,1,0.2
2023-07-14 04:00:00,0.0,0.24013953,1,0.2
2023-07-14 05:00:00,0.0,0.2729034,1,0.2
2023-07-14 06:00:00,0.0,0.24814709,1,0.2
2023-07-14 07:00:00,0.0,0.1756407,0,0.2
2023-07-14 08:00:00,0.0,0.16427116,0,0.2
2023-07-14 09:00:00,0.0,0.16253349,0,0.2
2023-07-14 10:00:00,0.0,0.17901456,0,0.2
2023-07-14 11:00:00,0.0,0.14348583,0,0.2
2023-07-14 12:00:00,0.0,0.39215004,1,0.2
2023-07-14 13:00:00,0.0,0.12217143,0,0.2
2023-07-14 14:00:00,0.0,0.23029348,1,0.2
2023-07-14 15:00:00,0.0,0.4411383,1,0.2
2023-07-14 16:00:00,0.0,0.4331211,1,0.2
2023-07-14 17:00:00,0.0,0.35405403,1,0.2
2023-07-14 18:00:00,0.0,0.07837708,0,0.2
2023-07-14 19:00:00,0.0,0.095018335,0,0.2
2023-07-14 20:00:00,0.0,0.14254142,0,0.2
2023-07-14 21:00:00,0.0,0.17514546,0,0.2
2023-07-14 22:00:00,0.0,0.3295521,1,0.2
2023-07-14 23:00:00,0.0,0.24240221,1,0.2
2023-07-15 00:00:00,0.0,0.46477583,1,0.2
2023-07-15 01:00:00,0.0,0.4426962,1,0.2
2023-07-15 02:00:00,0.0,0.43897268,1,0.2
2023-07-15 03:00:00,0.0,0.22243775,1,0.2
2023-07-15 04:00:00,0.0,0.24708715,1,0.2
2023-07-15 05:00:00,0.0,0.25396764,1,0.2
2023-07-15 06:00:00,0.0,0.22967069,1,0.2
2023-07-15 07:00:00,0.0,0.13429238,0,0.2
2023-07-15 08:00:00,0.0,0.10480077,0,0.2
2023-07-15 09:00:00,0.0,0.0888987,0,0.2
2023-07-15 10:00:00,0.0,0.06269424,0,0.2
2023-07-15 11:00:00,0.0,0.03625393,0,0.2
2023-07-15 12:00:00,0.0,0.1280916,0,0.2
2023-07-15 13:00:00,0.0,0.16311093,0,0.2
2023-07-15 14:00:00,0.0,0.23031034,1,0.2
2023-07-15 15:00:00,0.0,0.31870952,1,0.2
2023-07-15 16:00:00,0.0,0.49152786,1,0.2
2023-07-15 17:00:00,1.0,0.22051872,1,0.2
2023-07-15 18:00:00,0.0,0.32071063,1,0.2
2023-07-15 19:00:00,0.0,0.18395464,0,0.2
2023-07-15 20:00:00,0.0,0.15272059,0,0.2
2023-07-15 21:00:00,0.0,0.12525742,0,0.2
2023-07-15 22:00:00,0.0,0.14703281,0,0.2
2023-07-15 23:00:00,0.0,0.18661857,0,0.2
2023-07-16 00:00:00,0.0,0.37472785,1,0.2
2023-07-16 01:00:00,0.0,0.36717725,1,0.2
2023-07-16 02:00:00,0.0,0.44505525,1,0.2
2023-07-16 03:00:00,0.0,0.39035687,1,0.2
2023-07-16 04:00:00,0.0,0.20340987,1,0.2
2023-07-16 05:00:00,0.0,0.15245453,0,0.2
2023-07-16 06:00:00,0.0,0.2589112,1,0.2
2023-07-16 07:00:00,0.0,0.26094016,1,0.2
2023-07-16 08:00:00,0.0,0.20938036,1,0.2
2023-07-16 09:00:00,0.0,0.037302084,0,0.2
2023-07-16 10:00:00,0.0,0.030809676,0,0.2
2023-07-16 11:00:00,0.0,0.061008543,0,0.2
2023-07-16 12:00:00,0.0,0.021377744,0,0.2
2023-07-16 13:00:00,0.0,0.040927723,0,0.2
2023-07-16 14:00:00,0.0,0.057688013,0,0.2
2023-07-16 15:00:00,0.0,0.2780782,1,0.2
2023-07-16 16:00:00,1.0,0.2967108,1,0.2
2023-07-16 17:00:00,0.0,0.50620437,1,0.2
2023-07-16 18:00:00,0.0,0.24159218,1,0.2
2023-07-16 19:00:00,0.0,0.1701731,0,0.2
2023-07-16 20:00:00,0.0,0.2581883,1,0.2
2023-07-16 21:00:00,0.0,0.19110154,0,0.2
2023-07-16 22:00:00,0.0,0.22484425,1,0.2
2023-07-16 23:00:00,0.0,0.4800981,1,0.2
2023-07-17 00:00:00,0.0,0.33820868,1,0.2
2023-07-17 01:00:00,0.0,0.38940465,1,0.2
2023-07-17 02:00:00,0.0,0.36538628,1,0.2
2023-07-17 03:00:00,0.0,0.20649743,1,0.2
2023-07-17 04:00:00,0.0,0.14277668,0,0.2
2023-07-17 05:00:00,0.0,0.14853615,0,0.2
2023-07-17 06:00:00,0.0,0.16556822,0,0.2
2023-07-17 07:00:00,0.0,0.14556968,0,0.2
2023-07-17 08:00:00,0.0,0.11411281,0,0.2
2023-07-17 09:00:00,0.0,0.022635086,0,0.2
2023-07-17 10:00:00,0.0,0.030824093,0,0.2
2023-07-17 11:00:00,0.0,0.039732583,0,0.2
2023-07-17 12:00:00,0.0,0.09421834,0,0.2
2023-07-17 13:00:00,0.0,0.07684979,0,0.2
2023-07-17 14:00:00,0.0,0.19147415,0,0.2
2023-07-17 15:00:00,0.0,0.5169379,1,0.2
2023-07-17 16:00:00,0.0,0.4181948,1,0.2
2023-07-17 17:00:00,0.0,0.42516917,1,0.2
2023-07-17 18:00:00,0.0,0.11059455,0,0.2
2023-07-17 19:00:00,0.0,0.08971219,0,0.2
2023-07-17 20:00:00,0.0,0.11137244,0,0.2
2023-07-17 21:00:00,0.0,0.19999927,0,0.2
2023-07-17 22:00:00,0.0,0.53598076,1,0.2
2023-07-17 23:00:00,0.0,0.48408553,1,0.2
2023-07-18 00:00:00,0.0,0.31889406,1,0.2
2023-07-18 01:00:00,0.0,0.2936385,1,0.2
2023-07-18 02:00:00,0.0,0.32664302,1,0.2
2023-07-18 03:00:00,0.0,0.19164641,0,0.2
2023-07-18 04:00:00,0.0,0.19301835,0,0.2
2023-07-18 05:00:00,0.0,0.12687409,0,0.2
2023-07-18 06:00:00,0.0,0.0994828,0,0.2
2023-07-18 07:00:00,0.0,0.07916278,0,0.2
2023-07-18 08:00:00,0.0,0.04713888,0,0.2
2023-07-18 09:00:00,0.0,0.028405368,0,0.2
2023-07-18 10:00:00,0.0,0.047230463,0,0.2
2023-07-18 11:00:00,0.0,0.06830878,0,0.2
2023-07-18 12:00:00,0.0,0.4559491,1,0.2
2023-07-18 13:00:00,0.0,0.2592294,1,0.2
2023-07-18 14:00:00,0.0,0.35662478,1,0.2
2023-07-18 15:00:00,0.0,0.507442,1,0.2
2023-07-18 16:00:00,0.0,0.597888,1,0.2
2023-07-18 17:00:00,0.0,0.36421686,1,0.2
2023-07-18 18:00:00,1.0,0.28627473,1,0.2
2023-07-18 19:00:00,0.0,0.5114376,1,0.2
2023-07-18 20:00:00,0.0,0.057353392,0,0.2
2023-07-18 21:00:00,0.0,0.056898717,0,0.2
2023-07-18 22:00:00,0.0,0.14530088,0,0.2
2023-07-18 23:00:00,0.0,0.27494675,1,0.2
2023-07-19 00:00:00,0.0,0.08852437,0,0.2
2023-07-19 01:00:00,0.0,0.07694134,0,0.2
2023-07-19 02:00:00,0.0,0.045022827,0,0.2
2023-07-19 03:00:00,0.0,0.031435613,0,0.2
2023-07-19 04:00:00,0.0,0.035801742,0,0.2
2023-07-19 05:00:00,0.0,0.027689109,0,0.2
2023-07-19 06:00:00,0.0,0.059392236,0,0.2
2023-07-19 07:00:00,0.0,0.036767624,0,0.2
2023-07-19 08:00:00,0.0,0.061157633,0,0.2
2023-07-19 09:00:00,0.0,0.03421725,0,0.2
2023-07-19 10:00:00,0.0,0.012549209,0,0.2
2023-07-19 11:00:00,0.0,0.026088286,0,0.2
2023-07-19 12:00:00,0.0,0.0121517945,0,0.2
2023-07-19 13:00:00,0.0,0.08620371,0,0.2
2023-07-19 14:00:00,0.0,0.09449423,0,0.2
2023-07-19 15:00:00,0.0,0.14753431,0,0.2
2023-07-19 16:00:00,0.0,0.32778314,1,0.2
2023-07-19 17:00:00,0.0,0.18921168,0,0.2
2023-07-19 18:00:00,0.0,0.4069175,1,0.2
2023-07-19 19:00:00,0.0,0.33737516,1,0.2
2023-07-19 20:00:00,0.0,0.21775778,1,0.2
2023-07-19 21:00:00,0.0,0.10519936,0,0.2
2023-07-19 22:00:00,0.0,0.0847493,0,0.2
2023-07-19 23:00:00,0.0,0.24777922,1,0.2
2023-07-20 00:00:00,0.0,0.07935296,0,0.2
2023-07-20 01:00:00,0.0,0.06444631,0,0.2
2023-07-20 02:00:00,0.0,0.12726183,0,0.2
2023-07-20 03:00:00,0.0,0.111184865,0,0.2
2023-07-20 04:00:00,0.0,0.08840856,0,0.2
2023-07-20 05:00:00,0.0,0.14581813,0,0.2
2023-07-20 06:00:00,0.0,0.18193658,0,0.2
2023-07-20 07:00:00,0.0,0.086128056,0,0.2
2023-07-20 08:00:00,0.0,0.08591251,0,0.2
2023-07-20 09:00:00,0.0,0.06384819,0,0.2
2023-07-20 10:00:00,0.0,0.030297475,0,0.2
2023-07-20 11:00:00,0.0,0.022709083,0,0.2
2023-07-20 12:00:00,0.0,0.041828915,0,0.2
2023-07-20 13:00:00,0.0,0.029390983,0,0.2
2023-07-20 14:00:00,0.0,0.1458465,0,0.2
2023-07-20 15:00:00,0.0,0.34639218,1,0.2
2023-07-20 16:00:00,0.0,0.62088966,1,0.2
2023-07-20 17:00:00,0.0,0.38949007,1,0.2
2023-07-20 18:00:00,0.0,0.24431106,1,0.2
2023-07-20 19:00:00,0.0,0.19561967,0,0.2
2023-07-20 20:00:00,0.0,0.0987182,0,0.2
2023-07-20 21:00:00,0.0,0.07221447,0,0.2
2023-07-20 22:00:00,0.0,0.027324758,0,0.2
2023-07-20 23:00:00,0.0,0.025202248,0,0.2
2023-07-21 00:00:00,0.0,0.02683846,0,0.2
2023-07-21 01:00:00,0.0,0.05481806,0,0.2
2023-07-21 02:00:00,0.0,0.02762687,0,0.2
2023-07-21 03:00:00,0.0,0.024852226,0,0.2
2023-07-21 04:00:00,0.0,0.021463519,0,0.2
2023-07-21 05:00:00,0.0,0.029483454,0,0.2
2023-07-21 06:00:00,0.0,0.059135873,0,0.2
2023-07-21 07:00:00,0.0,0.038126532,0,0.2
2023-07-21 08:00:00,0.0,0.029125154,0,0.2
2023-07-21 09:00:00,0.0,0.023924103,0,0.2
2023-07-21 10:00:00,0.0,0.0067546475,0,0.2
2023-07-21 11:00:00,0.0,0.0060820547,0,0.2
2023-07-21 12:00:00,0.0,0.008259356,0,0.2
2023-07-21 13:00:00,1.0,0.06298776,0,0.2
2023-07-21 14:00:00,0.0,0.08588587,0,0.2
2023-07-21 15:00:00,0.0,0.13433865,0,0.2
2023-07-21 16:00:00,0.0,0.14171323,0,0.2
2023-07-21 17:00:00,0.0,0.0851022,0,0.2
2023-07-21 18:00:00,0.0,0.036963753,0,0.2
2023-07-21 19:00:00,0.0,0.06456394,0,0.2
2023-07-21 20:00:00,0.0,0.0279396,0,0.2
2023-07-21 21:00:00,0.0,0.021775458,0,0.2
2023-07-21 22:00:00,0.0,0.02153019,0,0.2
2023-07-21 23:00:00,0.0,0.018594306,0,0.2
2023-07-22 00:00:00,0.0,0.027459705,0,0.2
2023-07-22 01:00:00,1.0,0.05946679,0,0.2
2023-07-22 02:00:00,1.0,0.05375072,0,0.2
2023-07-22 03:00:00,1.0,0.045514114,0,0.2
2023-07-22 04:00:00,1.0,0.023863314,0,0.2
2023-07-22 05:00:00,1.0,0.014354096,0,0.2
2023-07-22 06:00:00,1.0,0.018320058,0,0.2
2023-07-22 07:00:00,1.0,0.026055565,0,0.2
2023-07-22 08:00:00,1.0,0.019063424,0,0.2
2023-07-22 09:00:00,1.0,0.009308236,0,0.2
2023-07-22 10:00:00,1.0,0.024893409,0,0.2
2023-07-22 11:00:00,1.0,0.03368153,0,0.2
2023-07-22 12:00:00,1.0,0.014422332,0,0.2
2023-07-22 13:00:00,1.0,0.04865391,0,0.2
2023-07-22 14:00:00,1.0,0.040179312,0,0.2
2023-07-22 15:00:00,1.0,0.05105711,0,0.2
2023-07-22 16:00:00,1.0,0.12328569,0,0.2
2023-07-22 17:00:00,0.0,0.21070573,1,0.2
2023-07-22 18:00:00,1.0,0.1685528,0,0.2
2023-07-22 19:00:00,1.0,0.36647427,1,0.2
2023-07-22 20:00:00,0.0,0.19440149,0,0.2
2023-07-22 21:00:00,0.0,0.055616323,0,0.2
2023-07-22 22:00:00,0.0,0.06279952,0,0.2
2023-07-22 23:00:00,0.0,0.202845,1,0.2
2023-07-23 00:00:00,1.0,0.1415376,0,0.2
2023-07-23 01:00:00,0.0,0.39473912,1,0.2
2023-07-23 02:00:00,1.0,0.55032974,1,0.2
2023-07-23 03:00:00,1.0,0.48417696,1,0.2
2023-07-23 04:00:00,1.0,0.48490262,1,0.2
2023-07-23 05:00:00,1.0,0.62970316,1,0.2
2023-07-23 06:00:00,0.0,0.6073928,1,0.2
2023-07-23 07:00:00,0.0,0.4132946,1,0.2
2023-07-23 08:00:00,0.0,0.49555662,1,0.2
2023-07-23 09:00:00,0.0,0.5698198,1,0.2
2023-07-23 10:00:00,0.0,0.50880134,1,0.2
2023-07-23 11:00:00,0.0,0.5125329,1,0.2
2023-07-23 12:00:00,0.0,0.5127096,1,0.2
2023-07-23 13:00:00,1.0,0.48009783,1,0.2
2023-07-23 14:00:00,1.0,0.6278935,1,0.2
2023-07-23 15:00:00,1.0,0.44933683,1,0.2
2023-07-23 16:00:00,0.0,0.51514596,1,0.2
2023-07-23 17:00:00,0.0,0.8098302,1,0.2
2023-07-23 18:00:00,1.0,0.7029974,1,0.2
2023-07-23 19:00:00,1.0,0.7260215,1,0.2
2023-07-23 20:00:00,1.0,0.642529,1,0.2
2023-07-23 21:00:00,1.0,0.724903,1,0.2
2023-07-23 22:00:00,1.0,0.60661465,1,0.2
2023-07-23 23:00:00,1.0,0.6482342,1,0.2
2023-07-24 00:00:00,1.0,0.5605471,1,0.2
2023-07-24 01:00:00,0.0,0.5297861,1,0.2
2023-07-24 02:00:00,1.0,0.57834935,1,0.2
2023-07-24 03:00:00,1.0,0.5907872,1,0.2
2023-07-24 04:00:00,1.0,0.5150681,1,0.2
2023-07-24 05:00:00,1.0,0.37479308,1,0.2
2023-07-24 06:00:00,1.0,0.3381288,1,0.2
2023-07-24 07:00:00,0.0,0.26913232,1,0.2
2023-07-24 08:00:00,0.0,0.22086802,1,0.2
2023-07-24 09:00:00,0.0,0.25785318,1,0.2
2023-07-24 10:00:00,1.0,0.20706673,1,0.2
2023-07-24 11:00:00,1.0,0.24334645,1,0.2
2023-07-24 12:00:00,1.0,0.4249233,1,0.2
2023-07-24 13:00:00,1.0,0.5577107,1,0.2
2023-07-24 14:00:00,1.0,0.6167053,1,0.2
2023-07-24 15:00:00,1.0,0.5464375,1,0.2
2023-07-24 16:00:00,1.0,0.5696031,1,0.2
2023-07-24 17:00:00,1.0,0.5329969,1,0.2
2023-07-24 18:00:00,1.0,0.64627063,1,0.2
2023-07-24 19:00:00,1.0,0.67629486,1,0.2
2023-07-24 20:00:00,1.0,0.7563349,1,0.2
2023-07-24 21:00:00,1.0,0.6781916,1,0.2
2023-07-24 22:00:00,1.0,0.7661582,1,0.2
2023-07-24 23:00:00,1.0,0.7066665,1,0.2
2023-07-25 00:00:00,1.0,0.574125,1,0.2
2023-07-25 01:00:00,1.0,0.47076833,1,0.2
2023-07-25 02:00:00,1.0,0.5626346,1,0.2
2023-07-25 03:00:00,1.0,0.5425252,1,0.2
2023-07-25 04:00:00,1.0,0.46529934,1,0.2
2023-07-25 05:00:00,1.0,0.38268954,1,0.2
2023-07-25 06:00:00,0.0,0.28901142,1,0.2
2023-07-25 07:00:00,1.0,0.3854595,1,0.2
2023-07-25 08:00:00,1.0,0.30540046,1,0.2
2023-07-25 09:00:00,1.0,0.34835982,1,0.2
2023-07-25 10:00:00,1.0,0.4709779,1,0.2
2023-07-25 11:00:00,1.0,0.5219743,1,0.2
2023-07-25 12:00:00,1.0,0.5603592,1,0.2
2023-07-25 13:00:00,0.0,0.5411212,1,0.2
2023-07-25 14:00:00,0.0,0.49753812,1,0.2
2023-07-25 15:00:00,0.0,0.4404565,1,0.2
2023-07-25 16:00:00,0.0,0.48119748,1,0.2
2023-07-25 17:00:00,0.0,0.567919,1,0.2
2023-07-25 18:00:00,0.0,0.68320143,1,0.2
2023-07-25 19:00:00,0.0,0.6394302,1,0.2
2023-07-25 20:00:00,0.0,0.6792091,1,0.2
2023-07-25 21:00:00,1.0,0.6912818,1,0.2
2023-07-25 22:00:00,1.0,0.6554932,1,0.2
2023-07-25 23:00:00,0.0,0.62484056,1,0.2
2023-07-26 00:00:00,0.0,0.62432015,1,0.2
2023-07-26 01:00:00,0.0,0.5737331,1,0.2
2023-07-26 02:00:00,0.0,0.5468459,1,0.2
2023-07-26 03:00:00,0.0,0.46492746,1,0.2
2023-07-26 04:00:00,0.0,0.32270128,1,0.2
2023-07-26 05:00:00,0.0,0.37447432,1,0.2
2023-07-26 06:00:00,0.0,0.40350658,1,0.2
2023-07-26 07:00:00,0.0,0.38599923,1,0.2
2023-07-26 08:00:00,0.0,0.39240256,1,0.2
2023-07-26 09:00:00,0.0,0.48007601,1,0.2
2023-07-26 10:00:00,0.0,0.41801772,1,0.2
2023-07-26 11:00:00,0.0,0.43158305,1,0.2
2023-07-26 12:00:00,0.0,0.3804725,1,0.2
2023-07-26 13:00:00,0.0,0.4158167,1,0.2
2023-07-26 14:00:00,0.0,0.35296,1,0.2
2023-07-26 15:00:00,0.0,0.39652598,1,0.2
2023-07-26 16:00:00,0.0,0.27004692,1,0.2
2023-07-26 17:00:00,0.0,0.13603878,0,0.2
2023-07-26 18:00:00,0.0,0.16323207,0,0.2
2023-07-26 19:00:00,0.0,0.29567578,1,0.2
2023-07-26 20:00:00,0.0,0.26831132,1,0.2
2023-07-26 21:00:00,0.0,0.3311957,1,0.2
2023-07-26 22:00:00,0.0,0.46874112,1,0.2
2023-07-26 23:00:00,0.0,0.5035448,1,0.2
2023-07-27 00:00:00,0.0,0.36436412,1,0.2
2023-07-27 01:00:00,0.0,0.30725792,1,0.2
2023-07-27 02:00:00,0.0,0.27630597,1,0.2
2023-07-27 03:00:00,0.0,0.27000043,1,0.2
2023-07-27 04:00:00,0.0,0.18932217,0,0.2
2023-07-27 05:00:00,0.0,0.15578906,0,0.2
2023-07-27 06:00:00,0.0,0.20737481,1,0.2
2023-07-27 07:00:00,0.0,0.123850375,0,0.2
2023-07-27 08:00:00,0.0,0.06495442,0,0.2
2023-07-27 09:00:00,0.0,0.26120377,1,0.2
2023-07-27 10:00:00,0.0,0.22285002,1,0.2
2023-07-27 11:00:00,0.0,0.13078634,0,0.2
2023-07-27 12:00:00,0.0,0.116471045,0,0.2
2023-07-27 13:00:00,0.0,0.08990027,0,0.2
2023-07-27 14:00:00,0.0,0.432478,1,0.2
2023-07-27 15:00:00,0.0,0.5953862,1,0.2
2023-07-27 16:00:00,0.0,0.53079724,1,0.2
2023-07-27 17:00:00,0.0,0.23080076,1,0.2
2023-07-27 18:00:00,1.0,0.061412014,0,0.2
2023-07-27 19:00:00,1.0,0.07306566,0,0.2
2023-07-27 20:00:00,0.0,0.106295586,0,0.2
2023-07-27 21:00:00,0.0,0.12409507,0,0.2
2023-07-27 22:00:00,0.0,0.1262886,0,0.2
2023-07-27 23:00:00,0.0,0.21760021,1,0.2
2023-07-28 00:00:00,0.0,0.37758058,1,0.2
2023-07-28 01:00:00,0.0,0.33625928,1,0.2
2023-07-28 02:00:00,0.0,0.23027362,1,0.2
2023-07-28 03:00:00,0.0,0.19341032,0,0.2
2023-07-28 04:00:00,0.0,0.12349808,0,0.2
2023-07-28 05:00:00,0.0,0.118723035,0,0.2
2023-07-28 06:00:00,0.0,0.11616173,0,0.2
2023-07-28 07:00:00,0.0,0.07121583,0,0.2
2023-07-28 08:00:00,0.0,0.071641415,0,0.2
2023-07-28 09:00:00,0.0,0.02842942,0,0.2
2023-07-28 10:00:00,0.0,0.02823397,0,0.2
2023-07-28 11:00:00,0.0,0.051460262,0,0.2
2023-07-28 12:00:00,0.0,0.062136248,0,0.2
2023-07-28 13:00:00,0.0,0.27090672,1,0.2
2023-07-28 14:00:00,0.0,0.46844596,1,0.2
2023-07-28 15:00:00,0.0,0.55477524,1,0.2
2023-07-28 16:00:00,0.0,0.5372161,1,0.2
2023-07-28 17:00:00,0.0,0.2544843,1,0.2
2023-07-28 18:00:00,0.0,0.22621125,1,0.2
2023-07-28 19:00:00,0.0,0.16861755,0,0.2
2023-07-28 20:00:00,0.0,0.17691596,0,0.2
2023-07-28 21:00:00,0.0,0.08145248,0,0.2
2023-07-28 22:00:00,0.0,0.059604313,0,0.2
2023-07-28 23:00:00,0.0,0.0791691,0,0.2
2023-07-29 00:00:00,0.0,0.18013671,0,0.2
2023-07-29 01:00:00,0.0,0.15440083,0,0.2
2023-07-29 02:00:00,0.0,0.16681857,0,0.2
2023-07-29 03:00:00,0.0,0.07261031,0,0.2
2023-07-29 04:00:00,0.0,0.07138123,0,0.2
2023-07-29 05:00:00,0.0,0.053870156,0,0.2
2023-07-29 06:00:00,0.0,0.063619085,0,0.2
2023-07-29 07:00:00,0.0,0.045178387,0,0.2
2023-07-29 08:00:00,0.0,0.056522816,0,0.2
2023-07-29 09:00:00,0.0,0.03319937,0,0.2
2023-07-29 10:00:00,0.0,0.02198803,0,0.2
2023-07-29 11:00:00,0.0,0.03232672,0,0.2
2023-07-29 12:00:00,0.0,0.04257716,0,0.2
2023-07-29 13:00:00,0.0,0.19574589,0,0.2
2023-07-29 14:00:00,0.0,0.41506332,1,0.2
2023-07-29 15:00:00,0.0,0.46201485,1,0.2
2023-07-29 16:00:00,0.0,0.6061975,1,0.2
2023-07-29 17:00:00,0.0,0.20473582,1,0.2
2023-07-29 18:00:00,0.0,0.1152198,0,0.2
2023-07-29 19:00:00,0.0,0.13615729,0,0.2
2023-07-29 20:00:00,0.0,0.058500625,0,0.2
2023-07-29 21:00:00,0.0,0.08353277,0,0.2
2023-07-29 22:00:00,0.0,0.06141508,0,0.2
2023-07-29 23:00:00,0.0,0.045630798,0,0.2
2023-07-30 00:00:00,0.0,0.11878322,0,0.2
2023-07-30 01:00:00,0.0,0.15515362,0,0.2
2023-07-30 02:00:00,0.0,0.16105162,0,0.2
2023-07-30 03:00:00,0.0,0.10493074,0,0.2
2023-07-30 04:00:00,0.0,0.046967756,0,0.2
2023-07-30 05:00:00,0.0,0.021706333,0,0.2
2023-07-30 06:00:00,0.0,0.033098422,0,0.2
2023-07-30 07:00:00,0.0,0.030104864,0,0.2
2023-07-30 08:00:00,0.0,0.015367758,0,0.2
2023-07-30 09:00:00,0.0,0.006023933,0,0.2
2023-07-30 10:00:00,0.0,0.012175354,0,0.2
2023-07-30 11:00:00,0.0,0.01825656,0,0.2
2023-07-30 12:00:00,0.0,0.03457703,0,0.2
2023-07-30 13:00:00,0.0,0.08565765,0,0.2
2023-07-30 14:00:00,0.0,0.21958044,1,0.2
2023-07-30 15:00:00,1.0,0.3374403,1,0.2
2023-07-30 16:00:00,0.0,0.4935432,1,0.2
2023-07-30 17:00:00,0.0,0.098847464,0,0.2
2023-07-30 18:00:00,1.0,0.2105661,1,0.2
2023-07-30 19:00:00,0.0,0.09371775,0,0.2
2023-07-30 20:00:00,0.0,0.3017359,1,0.2
2023-07-30 21:00:00,0.0,0.09739568,0,0.2
2023-07-30 22:00:00,0.0,0.11228426,0,0.2
2023-07-30 23:00:00,0.0,0.29203114,1,0.2
2023-07-31 00:00:00,0.0,0.3027069,1,0.2
2023-07-31 01:00:00,0.0,0.19457595,0,0.2
2023-07-31 02:00:00,0.0,0.06764586,0,0.2
2023-07-31 03:00:00,0.0,0.08586794,0,0.2
2023-07-31 04:00:00,0.0,0.056816697,0,0.2
2023-07-31 05:00:00,0.0,0.045034744,0,0.2
2023-07-31 06:00:00,0.0,0.07397383,0,0.2
2023-07-31 07:00:00,0.0,0.05839969,0,0.2
2023-07-31 08:00:00,0.0,0.051598057,0,0.2
2023-07-31 09:00:00,0.0,0.035081834,0,0.2
2023-07-31 10:00:00,0.0,0.027294513,0,0.2
2023-07-31 11:00:00,0.0,0.03576048,0,0.2
2023-07-31 12:00:00,0.0,0.05583,0,0.2
2023-07-31 13:00:00,0.0,0.16284229,0,0.2
2023-07-31 14:00:00,0.0,0.23163533,1,0.2
2023-07-31 15:00:00,1.0,0.13037525,0,0.2
2023-07-31 16:00:00,0.0,0.28489807,1,0.2
2023-07-31 17:00:00,0.0,0.32325953,1,0.2
2023-07-31 18:00:00,0.0,0.2131807,1,0.2
2023-07-31 19:00:00,0.0,0.14209758,0,0.2
2023-07-31 20:00:00,0.0,0.08613781,0,0.2
2023-07-31 21:00:00,0.0,0.21822229,1,0.2
2023-07-31 22:00:00,0.0,0.22142854,1,0.2
2023-07-31 23:00:00,0.0,0.4217637,1,0.2
2023-08-01 00:00:00,0.0,0.3848979,1,0.2
2023-08-01 01:00:00,0.0,0.397561,1,0.2
2023-08-01 02:00:00,0.0,0.3404634,1,0.2
2023-08-01 03:00:00,0.0,0.22102545,1,0.2
2023-08-01 04:00:00,0.0,0.15183826,0,0.2
2023-08-01 05:00:00,0.0,0.08189768,0,0.2
2023-08-01 06:00:00,0.0,0.13285771,0,0.2
2023-08-01 07:00:00,0.0,0.14522657,0,0.2
2023-08-01 08:00:00,0.0,0.09280167,0,0.2
2023-08-01 09:00:00,0.0,0.07558234,0,0.2
2023-08-01 10:00:00,0.0,0.06140094,0,0.2
2023-08-01 11:00:00,0.0,0.077899136,0,0.2
2023-08-01 12:00:00,0.0,0.14322644,0,0.2
2023-08-01 13:00:00,0.0,0.39828438,1,0.2
2023-08-01 14:00:00,0.0,0.47946268,1,0.2
2023-08-01 15:00:00,0.0,0.52732015,1,0.2
2023-08-01 16:00:00,0.0,0.23372911,1,0.2
2023-08-01 17:00:00,0.0,0.10574421,0,0.2
2023-08-01 18:00:00,0.0,0.2907224,1,0.2
2023-08-01 19:00:00,0.0,0.28488955,1,0.2
2023-08-01 20:00:00,0.0,0.20711774,1,0.2
2023-08-01 21:00:00,0.0,0.10594763,0,0.2
2023-08-01 22:00:00,0.0,0.13828537,0,0.2
2023-08-01 23:00:00,0.0,0.086205065,0,0.2
2023-08-02 00:00:00,0.0,0.13981716,0,0.2
2023-08-02 01:00:00,0.0,0.052612096,0,0.2
2023-08-02 02:00:00,0.0,0.057172224,0,0.2
2023-08-02 03:00:00,0.0,0.039333016,0,0.2
2023-08-02 04:00:00,0.0,0.0650502,0,0.2
2023-08-02 05:00:00,0.0,0.044676792,0,0.2
2023-08-02 06:00:00,0.0,0.039422933,0,0.2
2023-08-02 07:00:00,0.0,0.034347862,0,0.2
2023-08-02 08:00:00,0.0,0.012328992,0,0.2
2023-08-02 09:00:00,0.0,0.008725598,0,0.2
2023-08-02 10:00:00,0.0,0.008455739,0,0.2
2023-08-02 11:00:00,1.0,0.0098814275,0,0.2
2023-08-02 12:00:00,0.0,0.020045081,0,0.2
2023-08-02 13:00:00,0.0,0.06988547,0,0.2
2023-08-02 14:00:00,0.0,0.16582501,0,0.2
2023-08-02 15:00:00,0.0,0.20021565,1,0.2
2023-08-02 16:00:00,0.0,0.18200718,0,0.2
2023-08-02 17:00:00,0.0,0.10494136,0,0.2
2023-08-02 18:00:00,0.0,0.16956016,0,0.2
2023-08-02 19:00:00,0.0,0.099229805,0,0.2
2023-08-02 20:00:00,0.0,0.06325739,0,0.2
2023-08-02 21:00:00,0.0,0.06338562,0,0.2
2023-08-02 22:00:00,0.0,0.033101533,0,0.2
2023-08-02 23:00:00,0.0,0.018726183,0,0.2
2023-08-03 00:00:00,0.0,0.0318676,0,0.2
2023-08-03 01:00:00,0.0,0.024100617,0,0.2
2023-08-03 02:00:00,0.0,0.042595085,0,0.2
2023-08-03 03:00:00,0.0,0.020097112,0,0.2
2023-08-03 04:00:00,0.0,0.029841803,0,0.2
2023-08-03 05:00:00,0.0,0.028083768,0,0.2
2023-08-03 06:00:00,0.0,0.0375388,0,0.2
2023-08-03 07:00:00,0.0,0.02840659,0,0.2
2023-08-03 08:00:00,0.0,0.01282771,0,0.2
2023-08-03 09:00:00,0.0,0.0064262515,0,0.2
2023-08-03 10:00:00,0.0,0.0037526495,0,0.2
2023-08-03 11:00:00,0.0,0.042522915,0,0.2
2023-08-03 12:00:00,0.0,0.01489448,0,0.2
2023-08-03 13:00:00,0.0,0.030522555,0,0.2
2023-08-03 14:00:00,0.0,0.08923505,0,0.2
2023-08-03 15:00:00,1.0,0.09308111,0,0.2
2023-08-03 16:00:00,1.0,0.0784058,0,0.2
2023-08-03 17:00:00,0.0,0.12421711,0,0.2
2023-08-03 18:00:00,0.0,0.09268646,0,0.2
2023-08-03 19:00:00,0.0,0.07621537,0,0.2
2023-08-03 20:00:00,0.0,0.095597155,0,0.2
2023-08-03 21:00:00,0.0,0.057932243,0,0.2
2023-08-03 22:00:00,0.0,0.0463292,0,0.2
2023-08-03 23:00:00,0.0,0.42329732,1,0.2
2023-08-04 00:00:00,0.0,0.27924463,1,0.2
2023-08-04 01:00:00,0.0,0.186664,0,0.2
2023-08-04 02:00:00,0.0,0.11115986,0,0.2
2023-08-04 03:00:00,0.0,0.04698319,0,0.2
2023-08-04 04:00:00,0.0,0.029543085,0,0.2
2023-08-04 05:00:00,0.0,0.025634512,0,0.2
2023-08-04 06:00:00,0.0,0.037651755,0,0.2
2023-08-04 07:00:00,0.0,0.032242585,0,0.2
2023-08-04 08:00:00,0.0,0.011300016,0,0.2
2023-08-04 09:00:00,0.0,0.017036028,0,0.2
2023-08-04 10:00:00,0.0,0.010235531,0,0.2
2023-08-04 11:00:00,0.0,0.003418544,0,0.2
2023-08-04 12:00:00,0.0,0.0071635176,0,0.2
2023-08-04 13:00:00,0.0,0.024093267,0,0.2
2023-08-04 14:00:00,0.0,0.23783179,1,0.2
2023-08-04 15:00:00,1.0,0.5159248,1,0.2
2023-08-04 16:00:00,1.0,0.37298346,1,0.2
2023-08-04 17:00:00,0.0,0.34829023,1,0.2
2023-08-04 18:00:00,0.0,0.13092399,0,0.2
2023-08-04 19:00:00,0.0,0.08674193,0,0.2
2023-08-04 20:00:00,0.0,0.091804996,0,0.2
2023-08-04 21:00:00,0.0,0.23458213,1,0.2
2023-08-04 22:00:00,0.0,0.1818051,0,0.2
2023-08-04 23:00:00,0.0,0.18102305,0,0.2
2023-08-05 00:00:00,0.0,0.31591517,1,0.2
2023-08-05 01:00:00,1.0,0.17345993,0,0.2
2023-08-05 02:00:00,1.0,0.20132467,1,0.2
2023-08-05 03:00:00,1.0,0.06818477,0,0.2
2023-08-05 04:00:00,1.0,0.046026416,0,0.2
2023-08-05 05:00:00,0.0,0.037505366,0,0.2
2023-08-05 06:00:00,1.0,0.039144106,0,0.2
2023-08-05 07:00:00,0.0,0.040832613,0,0.2
2023-08-05 08:00:00,0.0,0.014927111,0,0.2
2023-08-05 09:00:00,0.0,0.012287665,0,0.2
2023-08-05 10:00:00,0.0,0.02600658,0,0.2
2023-08-05 11:00:00,0.0,0.029389719,0,0.2
2023-08-05 12:00:00,0.0,0.033837073,0,0.2
2023-08-05 13:00:00,0.0,0.082740255,0,0.2
2023-08-05 14:00:00,0.0,0.715123,1,0.2
2023-08-05 15:00:00,0.0,0.56839764,1,0.2
2023-08-05 16:00:00,0.0,0.5107495,1,0.2
2023-08-05 17:00:00,0.0,0.29959264,1,0.2
2023-08-05 18:00:00,0.0,0.1086187,0,0.2
2023-08-05 19:00:00,0.0,0.049327,0,0.2
2023-08-05 20:00:00,0.0,0.01544804,0,0.2
2023-08-05 21:00:00,0.0,0.032678407,0,0.2
2023-08-05 22:00:00,1.0,0.14885227,0,0.2
2023-08-05 23:00:00,1.0,0.35124186,1,0.2
2023-08-06 00:00:00,0.0,0.33053422,1,0.2
2023-08-06 01:00:00,0.0,0.6073251,1,0.2
2023-08-06 02:00:00,0.0,0.49861056,1,0.2
2023-08-06 03:00:00,1.0,0.4085048,1,0.2
2023-08-06 04:00:00,0.0,0.31732425,1,0.2
2023-08-06 05:00:00,0.0,0.20405886,1,0.2
2023-08-06 06:00:00,0.0,0.20316774,1,0.2
2023-08-06 07:00:00,0.0,0.17233847,0,0.2
2023-08-06 08:00:00,0.0,0.081251726,0,0.2
2023-08-06 09:00:00,0.0,0.037201766,0,0.2
2023-08-06 10:00:00,0.0,0.0135466885,0,0.2
2023-08-06 11:00:00,0.0,0.035918184,0,0.2
2023-08-06 12:00:00,0.0,0.09262867,0,0.2
2023-08-06 13:00:00,0.0,0.25470766,1,0.2
2023-08-06 14:00:00,0.0,0.44220853,1,0.2
2023-08-06 15:00:00,0.0,0.39800313,1,0.2
2023-08-06 16:00:00,0.0,0.21867864,1,0.2
2023-08-06 17:00:00,0.0,0.18929435,0,0.2
2023-08-06 18:00:00,0.0,0.18982704,0,0.2
2023-08-06 19:00:00,0.0,0.12952426,0,0.2
2023-08-06 20:00:00,0.0,0.09460647,0,0.2
2023-08-06 21:00:00,0.0,0.07720448,0,0.2
2023-08-06 22:00:00,0.0,0.26866078,1,0.2
2023-08-06 23:00:00,0.0,0.30782267,1,0.2
2023-08-07 00:00:00,0.0,0.26835752,1,0.2
2023-08-07 01:00:00,0.0,0.1933509,0,0.2
2023-08-07 02:00:00,0.0,0.3126224,1,0.2
2023-08-07 03:00:00,0.0,0.27628884,1,0.2
2023-08-07 04:00:00,0.0,0.12573765,0,0.2
2023-08-07 05:00:00,0.0,0.119387634,0,0.2
2023-08-07 06:00:00,1.0,0.1354873,0,0.2
2023-08-07 07:00:00,1.0,0.0844053,0,0.2
2023-08-07 08:00:00,0.0,0.0371214,0,0.2
2023-08-07 09:00:00,0.0,0.039194144,0,0.2
2023-08-07 10:00:00,0.0,0.016880646,0,0.2
2023-08-07 11:00:00,0.0,0.032392915,0,0.2
2023-08-07 12:00:00,0.0,0.05402443,0,0.2
2023-08-07 13:00:00,0.0,0.15586111,0,0.2
2023-08-07 14:00:00,0.0,0.6237829,1,0.2
2023-08-07 15:00:00,0.0,0.4789098,1,0.2
2023-08-07 16:00:00,0.0,0.48309886,1,0.2
2023-08-07 17:00:00,0.0,0.26519543,1,0.2
2023-08-07 18:00:00,0.0,0.14729448,0,0.2
2023-08-07 19:00:00,0.0,0.09521125,0,0.2
2023-08-07 20:00:00,0.0,0.111185804,0,0.2
2023-08-07 21:00:00,0.0,0.18033645,0,0.2
2023-08-07 22:00:00,0.0,0.40419725,1,0.2
2023-08-07 23:00:00,0.0,0.5191648,1,0.2
2023-08-08 00:00:00,0.0,0.48097235,1,0.2
2023-08-08 01:00:00,0.0,0.39492926,1,0.2
2023-08-08 02:00:00,0.0,0.40001932,1,0.2
2023-08-08 03:00:00,0.0,0.27400753,1,0.2
2023-08-08 04:00:00,0.0,0.17947192,0,0.2
2023-08-08 05:00:00,0.0,0.37020993,1,0.2
2023-08-08 06:00:00,0.0,0.25118613,1,0.2
2023-08-08 07:00:00,0.0,0.37012482,1,0.2
2023-08-08 08:00:00,0.0,0.17383204,0,0.2
2023-08-08 09:00:00,0.0,0.066197164,0,0.2
2023-08-08 10:00:00,0.0,0.045529135,0,0.2
2023-08-08 11:00:00,0.0,0.12836573,0,0.2
2023-08-08 12:00:00,0.0,0.07632538,0,0.2
2023-08-08 13:00:00,0.0,0.7148336,1,0.2
2023-08-08 14:00:00,1.0,0.7791597,1,0.2
2023-08-08 15:00:00,0.0,0.59673184,1,0.2
2023-08-08 16:00:00,0.0,0.4692054,1,0.2
2023-08-08 17:00:00,0.0,0.17409542,0,0.2
2023-08-08 18:00:00,0.0,0.10034257,0,0.2
2023-08-08 19:00:00,0.0,0.10579727,0,0.2
2023-08-08 20:00:00,0.0,0.09520004,0,0.2
2023-08-08 21:00:00,0.0,0.18817739,0,0.2
2023-08-08 22:00:00,0.0,0.26081538,1,0.2
2023-08-08 23:00:00,0.0,0.42916435,1,0.2
2023-08-09 00:00:00,0.0,0.38335004,1,0.2
2023-08-09 01:00:00,0.0,0.34264806,1,0.2
2023-08-09 02:00:00,0.0,0.43426597,1,0.2
2023-08-09 03:00:00,0.0,0.37774843,1,0.2
2023-08-09 04:00:00,0.0,0.35614458,1,0.2
2023-08-09 05:00:00,0.0,0.1308396,0,0.2
2023-08-09 06:00:00,0.0,0.2926081,1,0.2
2023-08-09 07:00:00,0.0,0.22936645,1,0.2
2023-08-09 08:00:00,0.0,0.1533536,0,0.2
2023-08-09 09:00:00,0.0,0.071154766,0,0.2
2023-08-09 10:00:00,0.0,0.04450927,0,0.2
2023-08-09 11:00:00,0.0,0.2013787,1,0.2
2023-08-09 12:00:00,0.0,0.30709705,1,0.2
2023-08-09 13:00:00,0.0,0.61968637,1,0.2
2023-08-09 14:00:00,1.0,0.6345217,1,0.2
2023-08-09 15:00:00,0.0,0.60650456,1,0.2
2023-08-09 16:00:00,0.0,0.5034933,1,0.2
2023-08-09 17:00:00,0.0,0.13668193,0,0.2
2023-08-09 18:00:00,0.0,0.13067456,0,0.2
2023-08-09 19:00:00,0.0,0.09184343,0,0.2
2023-08-09 20:00:00,0.0,0.10553094,0,0.2
2023-08-09 21:00:00,0.0,0.14073738,0,0.2
2023-08-09 22:00:00,0.0,0.18201177,0,0.2
2023-08-09 23:00:00,0.0,0.32194072,1,0.2
2023-08-10 00:00:00,0.0,0.3563183,1,0.2
2023-08-10 01:00:00,0.0,0.37099946,1,0.2
2023-08-10 02:00:00,0.0,0.35530552,1,0.2
2023-08-10 03:00:00,0.0,0.27375612,1,0.2
2023-08-10 04:00:00,0.0,0.24297711,1,0.2
2023-08-10 05:00:00,0.0,0.079179116,0,0.2
2023-08-10 06:00:00,0.0,0.3450036,1,0.2
2023-08-10 07:00:00,0.0,0.2814359,1,0.2
2023-08-10 08:00:00,0.0,0.19141118,0,0.2
2023-08-10 09:00:00,0.0,0.10035844,0,0.2
2023-08-10 10:00:00,0.0,0.05348122,0,0.2
2023-08-10 11:00:00,0.0,0.3908598,1,0.2
2023-08-10 12:00:00,0.0,0.17439654,0,0.2
2023-08-10 13:00:00,1.0,0.47279283,1,0.2
2023-08-10 14:00:00,1.0,0.69581807,1,0.2
2023-08-10 15:00:00,0.0,0.7990654,1,0.2
2023-08-10 16:00:00,0.0,0.44522724,1,0.2
2023-08-10 17:00:00,0.0,0.3299565,1,0.2
2023-08-10 18:00:00,0.0,0.079712234,0,0.2
2023-08-10 19:00:00,1.0,0.058944475,0,0.2
2023-08-10 20:00:00,0.0,0.16972975,0,0.2
2023-08-10 21:00:00,0.0,0.24204232,1,0.2
2023-08-10 22:00:00,0.0,0.35361746,1,0.2
2023-08-10 23:00:00,0.0,0.38044223,1,0.2
2023-08-11 00:00:00,0.0,0.30794767,1,0.2
2023-08-11 01:00:00,1.0,0.32071474,1,0.2
2023-08-11 02:00:00,0.0,0.41071126,1,0.2
2023-08-11 03:00:00,1.0,0.33843803,1,0.2
2023-08-11 04:00:00,1.0,0.27543268,1,0.2
2023-08-11 05:00:00,1.0,0.26285163,1,0.2
2023-08-11 06:00:00,1.0,0.2710758,1,0.2
2023-08-11 07:00:00,0.0,0.21650293,1,0.2
2023-08-11 08:00:00,0.0,0.063990735,0,0.2
2023-08-11 09:00:00,0.0,0.03014847,0,0.2
2023-08-11 10:00:00,0.0,0.08228098,0,0.2
2023-08-11 11:00:00,0.0,0.21736893,1,0.2
2023-08-11 12:00:00,0.0,0.17216246,0,0.2
2023-08-11 13:00:00,0.0,0.61661434,1,0.2
2023-08-11 14:00:00,0.0,0.75784093,1,0.2
2023-08-11 15:00:00,0.0,0.5961147,1,0.2
2023-08-11 16:00:00,0.0,0.27048105,1,0.2
2023-08-11 17:00:00,1.0,0.22450615,1,0.2
2023-08-11 18:00:00,1.0,0.10198666,0,0.2
2023-08-11 19:00:00,1.0,0.23049654,1,0.2
2023-08-11 20:00:00,1.0,0.40373418,1,0.2
2023-08-11 21:00:00,1.0,0.2526374,1,0.2
2023-08-11 22:00:00,1.0,0.21558404,1,0.2
2023-08-11 23:00:00,0.0,0.46928802,1,0.2
2023-08-12 00:00:00,0.0,0.3618181,1,0.2
2023-08-12 01:00:00,0.0,0.4815357,1,0.2
2023-08-12 02:00:00,0.0,0.66655344,1,0.2
2023-08-12 03:00:00,0.0,0.5939417,1,0.2
2023-08-12 04:00:00,0.0,0.6457745,1,0.2
2023-08-12 05:00:00,0.0,0.49853298,1,0.2
2023-08-12 06:00:00,1.0,0.4656567,1,0.2
2023-08-12 07:00:00,1.0,0.42789555,1,0.2
2023-08-12 08:00:00,0.0,0.3208727,1,0.2
2023-08-12 09:00:00,0.0,0.1478174,0,0.2
2023-08-12 10:00:00,0.0,0.12609465,0,0.2
2023-08-12 11:00:00,0.0,0.31438628,1,0.2
2023-08-12 12:00:00,0.0,0.46080709,1,0.2
2023-08-12 13:00:00,0.0,0.37042654,1,0.2
2023-08-12 14:00:00,0.0,0.24942003,1,0.2
2023-08-12 15:00:00,0.0,0.4098411,1,0.2
2023-08-12 16:00:00,0.0,0.21847828,1,0.2
2023-08-12 17:00:00,0.0,0.33442396,1,0.2
2023-08-12 18:00:00,0.0,0.10692777,0,0.2
2023-08-12 19:00:00,0.0,0.15040098,0,0.2
2023-08-12 20:00:00,0.0,0.18888609,0,0.2
2023-08-12 21:00:00,0.0,0.35561392,1,0.2
2023-08-12 22:00:00,0.0,0.35273707,1,0.2
2023-08-12 23:00:00,0.0,0.28867656,1,0.2
2023-08-13 00:00:00,0.0,0.36923054,1,0.2
2023-08-13 01:00:00,0.0,0.398456,1,0.2
2023-08-13 02:00:00,1.0,0.37347996,1,0.2
2023-08-13 03:00:00,1.0,0.36335027,1,0.2
2023-08-13 04:00:00,0.0,0.30227315,1,0.2
2023-08-13 05:00:00,0.0,0.2195074,1,0.2
2023-08-13 06:00:00,0.0,0.5822135,1,0.2
2023-08-13 07:00:00,1.0,0.23641214,1,0.2
2023-08-13 08:00:00,1.0,0.24388534,1,0.2
2023-08-13 09:00:00,0.0,0.13942812,0,0.2
2023-08-13 10:00:00,0.0,0.09742341,0,0.2
2023-08-13 11:00:00,0.0,0.0763853,0,0.2
2023-08-13 12:00:00,0.0,0.09825766,0,0.2
2023-08-13 13:00:00,0.0,0.14349042,0,0.2
2023-08-13 14:00:00,1.0,0.39106464,1,0.2
2023-08-13 15:00:00,1.0,0.54047215,1,0.2
2023-08-13 16:00:00,0.0,0.46236527,1,0.2
2023-08-13 17:00:00,0.0,0.26703817,1,0.2
2023-08-13 18:00:00,1.0,0.1070797,0,0.2
2023-08-13 19:00:00,1.0,0.08538762,0,0.2
2023-08-13 20:00:00,0.0,0.05797854,0,0.2
2023-08-13 21:00:00,0.0,0.123200566,0,0.2
2023-08-13 22:00:00,0.0,0.17347737,0,0.2
2023-08-13 23:00:00,0.0,0.49216494,1,0.2
2023-08-14 00:00:00,0.0,0.3557412,1,0.2
2023-08-14 01:00:00,0.0,0.22463746,1,0.2
2023-08-14 02:00:00,0.0,0.44359604,1,0.2
2023-08-14 03:00:00,0.0,0.6657367,1,0.2
2023-08-14 04:00:00,0.0,0.44240913,1,0.2
2023-08-14 05:00:00,0.0,0.44739214,1,0.2
2023-08-14 06:00:00,1.0,0.34354183,1,0.2
2023-08-14 07:00:00,0.0,0.48631597,1,0.2
2023-08-14 08:00:00,0.0,0.31927425,1,0.2
2023-08-14 09:00:00,1.0,0.24537764,1,0.2
2023-08-14 10:00:00,0.0,0.09904038,0,0.2
2023-08-14 11:00:00,0.0,0.12414308,0,0.2
2023-08-14 12:00:00,0.0,0.18517119,0,0.2
2023-08-14 13:00:00,0.0,0.7116337,1,0.2
2023-08-14 14:00:00,0.0,0.778162,1,0.2
2023-08-14 15:00:00,0.0,0.54484063,1,0.2
2023-08-14 16:00:00,1.0,0.58919376,1,0.2
2023-08-14 17:00:00,0.0,0.59324527,1,0.2
2023-08-14 18:00:00,0.0,0.4085861,1,0.2
2023-08-14 19:00:00,0.0,0.14059068,0,0.2
2023-08-14 20:00:00,0.0,0.32383204,1,0.2
2023-08-14 21:00:00,0.0,0.43230924,1,0.2
2023-08-14 22:00:00,0.0,0.35971487,1,0.2
2023-08-14 23:00:00,0.0,0.4158296,1,0.2
2023-08-15 00:00:00,0.0,0.53234965,1,0.2
2023-08-15 01:00:00,0.0,0.5620099,1,0.2
2023-08-15 02:00:00,0.0,0.5721614,1,0.2
2023-08-15 03:00:00,0.0,0.4625746,1,0.2
2023-08-15 04:00:00,0.0,0.52822524,1,0.2
2023-08-15 05:00:00,0.0,0.1797579,0,0.2
2023-08-15 06:00:00,0.0,0.43089187,1,0.2
2023-08-15 07:00:00,0.0,0.43938655,1,0.2
2023-08-15 08:00:00,0.0,0.56037277,1,0.2
2023-08-15 09:00:00,0.0,0.5296465,1,0.2
2023-08-15 10:00:00,0.0,0.6143763,1,0.2
2023-08-15 11:00:00,0.0,0.5840993,1,0.2
2023-08-15 12:00:00,0.0,0.39426228,1,0.2
2023-08-15 13:00:00,0.0,0.6290651,1,0.2
2023-08-15 14:00:00,0.0,0.5984384,1,0.2
2023-08-15 15:00:00,1.0,0.6831532,1,0.2
2023-08-15 16:00:00,0.0,0.65747046,1,0.2
2023-08-15 17:00:00,0.0,0.31698075,1,0.2
2023-08-15 18:00:00,0.0,0.17603737,0,0.2
2023-08-15 19:00:00,0.0,0.14685854,0,0.2
2023-08-15 20:00:00,0.0,0.20147724,1,0.2
2023-08-15 21:00:00,0.0,0.13488267,0,0.2
2023-08-15 22:00:00,0.0,0.26328024,1,0.2
2023-08-15 23:00:00,0.0,0.37129983,1,0.2
2023-08-16 00:00:00,0.0,0.30814376,1,0.2
2023-08-16 01:00:00,0.0,0.27870512,1,0.2
2023-08-16 02:00:00,0.0,0.2987997,1,0.2
2023-08-16 03:00:00,0.0,0.24641879,1,0.2
2023-08-16 04:00:00,0.0,0.15697812,0,0.2
2023-08-16 05:00:00,0.0,0.17350008,0,0.2
2023-08-16 06:00:00,0.0,0.28823864,1,0.2
2023-08-16 07:00:00,0.0,0.23728807,1,0.2
2023-08-16 08:00:00,0.0,0.20311329,1,0.2
2023-08-16 09:00:00,0.0,0.10643743,0,0.2
2023-08-16 10:00:00,0.0,0.056655277,0,0.2
2023-08-16 11:00:00,0.0,0.14129657,0,0.2
2023-08-16 12:00:00,0.0,0.21953395,1,0.2
2023-08-16 13:00:00,0.0,0.24979906,1,0.2
2023-08-16 14:00:00,0.0,0.7899992,1,0.2
2023-08-16 15:00:00,0.0,0.67480505,1,0.2
2023-08-16 16:00:00,0.0,0.5020241,1,0.2
2023-08-16 17:00:00,0.0,0.15549663,0,0.2
2023-08-16 18:00:00,1.0,0.08798799,0,0.2
2023-08-16 19:00:00,1.0,0.100127354,0,0.2
2023-08-16 20:00:00,1.0,0.09655973,0,0.2
2023-08-16 21:00:00,1.0,0.23995118,1,0.2
2023-08-16 22:00:00,1.0,0.30581757,1,0.2
2023-08-16 23:00:00,1.0,0.39433286,1,0.2
2023-08-17 00:00:00,0.0,0.4940844,1,0.2
2023-08-17 01:00:00,0.0,0.40911028,1,0.2
2023-08-17 02:00:00,0.0,0.43328178,1,0.2
2023-08-17 03:00:00,0.0,0.37891945,1,0.2
2023-08-17 04:00:00,0.0,0.30664784,1,0.2
2023-08-17 05:00:00,0.0,0.34283724,1,0.2
2023-08-17 06:00:00,0.0,0.24562348,1,0.2
2023-08-17 07:00:00,0.0,0.14688104,0,0.2
2023-08-17 08:00:00,0.0,0.09898008,0,0.2
2023-08-17 09:00:00,0.0,0.08602179,0,0.2
2023-08-17 10:00:00,0.0,0.12958811,0,0.2
2023-08-17 11:00:00,0.0,0.13843401,0,0.2
2023-08-17 12:00:00,0.0,0.19335864,0,0.2
2023-08-17 13:00:00,0.0,0.2767186,1,0.2
2023-08-17 14:00:00,0.0,0.6625719,1,0.2
2023-08-17 15:00:00,0.0,0.34138095,1,0.2
2023-08-17 16:00:00,0.0,0.43754983,1,0.2
2023-08-17 17:00:00,0.0,0.21358383,1,0.2
2023-08-17 18:00:00,1.0,0.41592762,1,0.2
2023-08-17 19:00:00,0.0,0.34117863,1,0.2
2023-08-17 20:00:00,0.0,0.3489614,1,0.2
2023-08-17 21:00:00,0.0,0.24402349,1,0.2
2023-08-17 22:00:00,0.0,0.3802166,1,0.2
2023-08-17 23:00:00,0.0,0.31657025,1,0.2
2023-08-18 00:00:00,0.0,0.25207254,1,0.2
2023-08-18 01:00:00,0.0,0.22226155,1,0.2
2023-08-18 02:00:00,0.0,0.18678816,0,0.2
2023-08-18 03:00:00,0.0,0.13650613,0,0.2
2023-08-18 04:00:00,0.0,0.093593545,0,0.2
2023-08-18 05:00:00,0.0,0.19787036,0,0.2
2023-08-18 06:00:00,0.0,0.2062422,1,0.2
2023-08-18 07:00:00,0.0,0.28179032,1,0.2
2023-08-18 08:00:00,0.0,0.15555339,0,0.2
2023-08-18 09:00:00,0.0,0.12733176,0,0.2
2023-08-18 10:00:00,0.0,0.051320523,0,0.2
2023-08-18 11:00:00,0.0,0.023578536,0,0.2
2023-08-18 12:00:00,0.0,0.040862832,0,0.2
2023-08-18 13:00:00,0.0,0.05917266,0,0.2
2023-08-18 14:00:00,0.0,0.13535157,0,0.2
2023-08-18 15:00:00,1.0,0.22814067,1,0.2
2023-08-18 16:00:00,1.0,0.22176245,1,0.2
2023-08-18 17:00:00,0.0,0.38140622,1,0.2
2023-08-18 18:00:00,0.0,0.1851265,0,0.2
2023-08-18 19:00:00,0.0,0.07484114,0,0.2
2023-08-18 20:00:00,0.0,0.06893907,0,0.2
2023-08-18 21:00:00,0.0,0.078318976,0,0.2
2023-08-18 22:00:00,0.0,0.11857703,0,0.2
2023-08-18 23:00:00,0.0,0.22865333,1,0.2
2023-08-19 00:00:00,0.0,0.18248366,0,0.2
2023-08-19 01:00:00,0.0,0.21661499,1,0.2
2023-08-19 02:00:00,0.0,0.22953263,1,0.2
2023-08-19 03:00:00,0.0,0.19298755,0,0.2
2023-08-19 04:00:00,0.0,0.17528482,0,0.2
2023-08-19 05:00:00,0.0,0.17430782,0,0.2
2023-08-19 06:00:00,0.0,0.17087576,0,0.2
2023-08-19 07:00:00,0.0,0.13419326,0,0.2
2023-08-19 08:00:00,0.0,0.13592467,0,0.2
2023-08-19 09:00:00,0.0,0.07060542,0,0.2
2023-08-19 10:00:00,0.0,0.08012098,0,0.2
2023-08-19 11:00:00,0.0,0.07137161,0,0.2
2023-08-19 12:00:00,0.0,0.20684665,1,0.2
2023-08-19 13:00:00,1.0,0.36109528,1,0.2
2023-08-19 14:00:00,1.0,0.7012557,1,0.2
2023-08-19 15:00:00,0.0,0.45401844,1,0.2
2023-08-19 16:00:00,0.0,0.6546987,1,0.2
2023-08-19 17:00:00,0.0,0.50702524,1,0.2
2023-08-19 18:00:00,0.0,0.3390444,1,0.2
2023-08-19 19:00:00,0.0,0.3093122,1,0.2
2023-08-19 20:00:00,0.0,0.29418334,1,0.2
2023-08-19 21:00:00,0.0,0.29396072,1,0.2
2023-08-19 22:00:00,0.0,0.538544,1,0.2
2023-08-19 23:00:00,0.0,0.66503847,1,0.2
2023-08-20 00:00:00,0.0,0.7063334,1,0.2
2023-08-20 01:00:00,0.0,0.5512136,1,0.2
2023-08-20 02:00:00,0.0,0.47974652,1,0.2
2023-08-20 03:00:00,0.0,0.37130925,1,0.2
2023-08-20 04:00:00,0.0,0.31868416,1,0.2
2023-08-20 05:00:00,0.0,0.30325744,1,0.2
2023-08-20 06:00:00,0.0,0.36018568,1,0.2
2023-08-20 07:00:00,0.0,0.18327868,0,0.2
2023-08-20 08:00:00,0.0,0.12656716,0,0.2
2023-08-20 09:00:00,0.0,0.07763678,0,0.2
2023-08-20 10:00:00,0.0,0.0825668,0,0.2
2023-08-20 11:00:00,0.0,0.18208365,0,0.2
2023-08-20 12:00:00,0.0,0.27435133,1,0.2
2023-08-20 13:00:00,1.0,0.6422948,1,0.2
2023-08-20 14:00:00,1.0,0.80434746,1,0.2
2023-08-20 15:00:00,0.0,0.7574996,1,0.2
2023-08-20 16:00:00,0.0,0.6591282,1,0.2
2023-08-20 17:00:00,0.0,0.20764005,1,0.2
2023-08-20 18:00:00,0.0,0.1108727,0,0.2
2023-08-20 19:00:00,0.0,0.10543317,0,0.2
2023-08-20 20:00:00,0.0,0.14291179,0,0.2
2023-08-20 21:00:00,0.0,0.38561788,1,0.2
2023-08-20 22:00:00,0.0,0.45497674,1,0.2
2023-08-20 23:00:00,0.0,0.5708338,1,0.2
2023-08-21 00:00:00,0.0,0.56675404,1,0.2
2023-08-21 01:00:00,0.0,0.5748153,1,0.2
2023-08-21 02:00:00,0.0,0.4448121,1,0.2
2023-08-21 03:00:00,0.0,0.44995517,1,0.2
2023-08-21 04:00:00,0.0,0.3294085,1,0.2
2023-08-21 05:00:00,1.0,0.38591748,1,0.2
2023-08-21 06:00:00,1.0,0.4469888,1,0.2
2023-08-21 07:00:00,1.0,0.2472217,1,0.2
2023-08-21 08:00:00,0.0,0.17808025,0,0.2
2023-08-21 09:00:00,0.0,0.20852001,1,0.2
2023-08-21 10:00:00,1.0,0.10633609,0,0.2
2023-08-21 11:00:00,0.0,0.24603897,1,0.2
2023-08-21 12:00:00,0.0,0.49258104,1,0.2
2023-08-21 13:00:00,0.0,0.74901927,1,0.2
2023-08-21 14:00:00,1.0,0.8031205,1,0.2
2023-08-21 15:00:00,0.0,0.5950371,1,0.2
2023-08-21 16:00:00,0.0,0.36108494,1,0.2
2023-08-21 17:00:00,0.0,0.19980967,0,0.2
2023-08-21 18:00:00,0.0,0.09916089,0,0.2
2023-08-21 19:00:00,0.0,0.099665865,0,0.2
2023-08-21 20:00:00,0.0,0.40853572,1,0.2
2023-08-21 21:00:00,0.0,0.369729,1,0.2
2023-08-21 22:00:00,0.0,0.40634668,1,0.2
2023-08-21 23:00:00,1.0,0.48016888,1,0.2
2023-08-22 00:00:00,0.0,0.5617961,1,0.2
2023-08-22 01:00:00,1.0,0.54509234,1,0.2
2023-08-22 02:00:00,1.0,0.64190114,1,0.2
2023-08-22 03:00:00,1.0,0.62955266,1,0.2
2023-08-22 04:00:00,0.0,0.6717485,1,0.2
2023-08-22 05:00:00,0.0,0.7179636,1,0.2
2023-08-22 06:00:00,1.0,0.631795,1,0.2
2023-08-22 07:00:00,1.0,0.4349134,1,0.2
2023-08-22 08:00:00,0.0,0.35597724,1,0.2
2023-08-22 09:00:00,0.0,0.29177102,1,0.2
2023-08-22 10:00:00,0.0,0.2469006,1,0.2
2023-08-22 11:00:00,0.0,0.23487696,1,0.2
2023-08-22 12:00:00,0.0,0.40433994,1,0.2
2023-08-22 13:00:00,0.0,0.63282204,1,0.2
2023-08-22 14:00:00,0.0,0.77686,1,0.2
2023-08-22 15:00:00,0.0,0.6827253,1,0.2
2023-08-22 16:00:00,0.0,0.56302494,1,0.2
2023-08-22 17:00:00,0.0,0.3571603,1,0.2
2023-08-22 18:00:00,0.0,0.15503992,0,0.2
2023-08-22 19:00:00,0.0,0.22966541,1,0.2
2023-08-22 20:00:00,0.0,0.38140744,1,0.2
2023-08-22 21:00:00,0.0,0.46035585,1,0.2
2023-08-22 22:00:00,0.0,0.43235987,1,0.2
2023-08-22 23:00:00,0.0,0.7465843,1,0.2
2023-08-23 00:00:00,0.0,0.7873516,1,0.2
2023-08-23 01:00:00,0.0,0.8101521,1,0.2
2023-08-23 02:00:00,0.0,0.851875,1,0.2
2023-08-23 03:00:00,0.0,0.8116219,1,0.2
2023-08-23 04:00:00,0.0,0.6824042,1,0.2
2023-08-23 05:00:00,0.0,0.47579837,1,0.2
2023-08-23 06:00:00,0.0,0.37029624,1,0.2
2023-08-23 07:00:00,0.0,0.44938368,1,0.2
2023-08-23 08:00:00,0.0,0.23381819,1,0.2
2023-08-23 09:00:00,0.0,0.25483024,1,0.2
2023-08-23 10:00:00,0.0,0.22157441,1,0.2
2023-08-23 11:00:00,0.0,0.3237981,1,0.2
2023-08-23 12:00:00,0.0,0.50824505,1,0.2
2023-08-23 13:00:00,0.0,0.6459415,1,0.2
2023-08-23 14:00:00,0.0,0.7825648,1,0.2
2023-08-23 15:00:00,0.0,0.6465134,1,0.2
2023-08-23 16:00:00,1.0,0.60389096,1,0.2
2023-08-23 17:00:00,0.0,0.2939788,1,0.2
2023-08-23 18:00:00,0.0,0.11074327,0,0.2
2023-08-23 19:00:00,0.0,0.08959824,0,0.2
2023-08-23 20:00:00,0.0,0.3092085,1,0.2
2023-08-23 21:00:00,0.0,0.37085918,1,0.2
2023-08-23 22:00:00,0.0,0.43355843,1,0.2
2023-08-23 23:00:00,0.0,0.6394711,1,0.2
2023-08-24 00:00:00,0.0,0.55136055,1,0.2
2023-08-24 01:00:00,0.0,0.5030324,1,0.2
2023-08-24 02:00:00,0.0,0.29461426,1,0.2
2023-08-24 03:00:00,0.0,0.32676336,1,0.2
2023-08-24 04:00:00,0.0,0.24206518,1,0.2
2023-08-24 05:00:00,0.0,0.37955853,1,0.2
2023-08-24 06:00:00,0.0,0.5797588,1,0.2
2023-08-24 07:00:00,0.0,0.4492871,1,0.2
2023-08-24 08:00:00,0.0,0.29038006,1,0.2
2023-08-24 09:00:00,0.0,0.315407,1,0.2
2023-08-24 10:00:00,0.0,0.2276006,1,0.2
2023-08-24 11:00:00,0.0,0.27532625,1,0.2
2023-08-24 12:00:00,0.0,0.24438617,1,0.2
2023-08-24 13:00:00,0.0,0.5677234,1,0.2
2023-08-24 14:00:00,0.0,0.6997064,1,0.2
2023-08-24 15:00:00,0.0,0.72411114,1,0.2
2023-08-24 16:00:00,0.0,0.68463606,1,0.2
2023-08-24 17:00:00,0.0,0.44624168,1,0.2
2023-08-24 18:00:00,0.0,0.10741585,0,0.2
2023-08-24 19:00:00,0.0,0.10247688,0,0.2
2023-08-24 20:00:00,0.0,0.14499983,0,0.2
2023-08-24 21:00:00,0.0,0.2974125,1,0.2
2023-08-24 22:00:00,0.0,0.4683859,1,0.2
2023-08-24 23:00:00,0.0,0.54521275,1,0.2
2023-08-25 00:00:00,0.0,0.3880601,1,0.2
2023-08-25 01:00:00,0.0,0.33370945,1,0.2
2023-08-25 02:00:00,0.0,0.3387004,1,0.2
2023-08-25 03:00:00,0.0,0.32450336,1,0.2
2023-08-25 04:00:00,0.0,0.25538146,1,0.2
2023-08-25 05:00:00,0.0,0.4359541,1,0.2
2023-08-25 06:00:00,0.0,0.3521749,1,0.2
2023-08-25 07:00:00,0.0,0.320379,1,0.2
2023-08-25 08:00:00,0.0,0.22029214,1,0.2
2023-08-25 09:00:00,0.0,0.14410053,0,0.2
2023-08-25 10:00:00,0.0,0.09809809,0,0.2
2023-08-25 11:00:00,0.0,0.26611665,1,0.2
2023-08-25 12:00:00,0.0,0.61006224,1,0.2
2023-08-25 13:00:00,0.0,0.78678066,1,0.2
2023-08-25 14:00:00,1.0,0.76048934,1,0.2
2023-08-25 15:00:00,0.0,0.64378506,1,0.2
2023-08-25 16:00:00,0.0,0.33028758,1,0.2
2023-08-25 17:00:00,0.0,0.2275121,1,0.2
2023-08-25 18:00:00,0.0,0.05870923,0,0.2
2023-08-25 19:00:00,1.0,0.07329671,0,0.2
2023-08-25 20:00:00,0.0,0.1865503,0,0.2
2023-08-25 21:00:00,0.0,0.31671673,1,0.2
2023-08-25 22:00:00,0.0,0.41363227,1,0.2
2023-08-25 23:00:00,0.0,0.6752225,1,0.2
2023-08-26 00:00:00,1.0,0.506672,1,0.2
2023-08-26 01:00:00,1.0,0.36594895,1,0.2
2023-08-26 02:00:00,1.0,0.26352486,1,0.2
2023-08-26 03:00:00,1.0,0.14040081,0,0.2
2023-08-26 04:00:00,0.0,0.19977032,0,0.2
2023-08-26 05:00:00,0.0,0.21328126,1,0.2
2023-08-26 06:00:00,0.0,0.16304967,0,0.2
2023-08-26 07:00:00,1.0,0.096106894,0,0.2
2023-08-26 08:00:00,0.0,0.13352835,0,0.2
2023-08-26 09:00:00,0.0,0.13488868,0,0.2
2023-08-26 10:00:00,0.0,0.053317446,0,0.2
2023-08-26 11:00:00,1.0,0.24100855,1,0.2
2023-08-26 12:00:00,1.0,0.55039066,1,0.2
2023-08-26 13:00:00,0.0,0.72008514,1,0.2
2023-08-26 14:00:00,0.0,0.73076785,1,0.2
2023-08-26 15:00:00,0.0,0.5716119,1,0.2
2023-08-26 16:00:00,0.0,0.3633207,1,0.2
2023-08-26 17:00:00,0.0,0.12037063,0,0.2
2023-08-26 18:00:00,0.0,0.25259924,1,0.2
2023-08-26 19:00:00,0.0,0.3962295,1,0.2
2023-08-26 20:00:00,0.0,0.5781476,1,0.2
2023-08-26 21:00:00,0.0,0.3293643,1,0.2
2023-08-26 22:00:00,0.0,0.3054469,1,0.2
2023-08-26 23:00:00,0.0,0.5395924,1,0.2
2023-08-27 00:00:00,0.0,0.59756035,1,0.2
2023-08-27 01:00:00,0.0,0.7921083,1,0.2
2023-08-27 02:00:00,0.0,0.8269006,1,0.2
2023-08-27 03:00:00,0.0,0.70240664,1,0.2
2023-08-27 04:00:00,0.0,0.5147595,1,0.2
2023-08-27 05:00:00,0.0,0.48493347,1,0.2
2023-08-27 06:00:00,0.0,0.39595726,1,0.2
2023-08-27 07:00:00,0.0,0.40041792,1,0.2
2023-08-27 08:00:00,0.0,0.40123588,1,0.2
2023-08-27 09:00:00,0.0,0.2634714,1,0.2
2023-08-27 10:00:00,0.0,0.16179566,0,0.2
2023-08-27 11:00:00,0.0,0.18882309,0,0.2
2023-08-27 12:00:00,0.0,0.46399325,1,0.2
2023-08-27 13:00:00,0.0,0.4361075,1,0.2
2023-08-27 14:00:00,0.0,0.5817169,1,0.2
2023-08-27 15:00:00,0.0,0.5960383,1,0.2
2023-08-27 16:00:00,0.0,0.56269497,1,0.2
2023-08-27 17:00:00,0.0,0.3097693,1,0.2
2023-08-27 18:00:00,0.0,0.19059226,0,0.2
2023-08-27 19:00:00,1.0,0.1499093,0,0.2
2023-08-27 20:00:00,1.0,0.16824013,0,0.2
2023-08-27 21:00:00,0.0,0.20021783,1,0.2
2023-08-27 22:00:00,0.0,0.43160126,1,0.2
2023-08-27 23:00:00,0.0,0.4708029,1,0.2
2023-08-28 00:00:00,0.0,0.4769706,1,0.2
2023-08-28 01:00:00,0.0,0.3653169,1,0.2
2023-08-28 02:00:00,0.0,0.3915619,1,0.2
2023-08-28 03:00:00,0.0,0.2738657,1,0.2
2023-08-28 04:00:00,0.0,0.29509094,1,0.2
2023-08-28 05:00:00,0.0,0.29045945,1,0.2
2023-08-28 06:00:00,0.0,0.26626572,1,0.2
2023-08-28 07:00:00,0.0,0.16770005,0,0.2
2023-08-28 08:00:00,0.0,0.102836646,0,0.2
2023-08-28 09:00:00,0.0,0.07313609,0,0.2
2023-08-28 10:00:00,0.0,0.07346807,0,0.2
2023-08-28 11:00:00,0.0,0.025984982,0,0.2
2023-08-28 12:00:00,0.0,0.19149649,0,0.2
2023-08-28 13:00:00,0.0,0.16677402,0,0.2
2023-08-28 14:00:00,1.0,0.6082695,1,0.2
2023-08-28 15:00:00,1.0,0.60408497,1,0.2
2023-08-28 16:00:00,0.0,0.3323103,1,0.2
2023-08-28 17:00:00,0.0,0.08814009,0,0.2
2023-08-28 18:00:00,0.0,0.05675881,0,0.2
2023-08-28 19:00:00,0.0,0.5518961,1,0.2
2023-08-28 20:00:00,0.0,0.18112239,0,0.2
2023-08-28 21:00:00,0.0,0.17087387,0,0.2
2023-08-28 22:00:00,0.0,0.22840175,1,0.2
2023-08-28 23:00:00,0.0,0.5057161,1,0.2
2023-08-29 00:00:00,1.0,0.5149475,1,0.2
2023-08-29 01:00:00,0.0,0.32573152,1,0.2
2023-08-29 02:00:00,0.0,0.2765756,1,0.2
2023-08-29 03:00:00,0.0,0.22828518,1,0.2
2023-08-29 04:00:00,0.0,0.19390468,0,0.2
2023-08-29 05:00:00,0.0,0.42239246,1,0.2
2023-08-29 06:00:00,0.0,0.33160487,1,0.2
2023-08-29 07:00:00,0.0,0.19713765,0,0.2
2023-08-29 08:00:00,0.0,0.12120544,0,0.2
2023-08-29 09:00:00,0.0,0.08171385,0,0.2
2023-08-29 10:00:00,0.0,0.08006514,0,0.2
2023-08-29 11:00:00,1.0,0.076064885,0,0.2
2023-08-29 12:00:00,0.0,0.3092723,1,0.2
2023-08-29 13:00:00,0.0,0.45794514,1,0.2
2023-08-29 14:00:00,1.0,0.6067827,1,0.2
2023-08-29 15:00:00,0.0,0.6734664,1,0.2
2023-08-29 16:00:00,0.0,0.6294568,1,0.2
2023-08-29 17:00:00,0.0,0.14627478,0,0.2
2023-08-29 18:00:00,0.0,0.17878985,0,0.2
2023-08-29 19:00:00,0.0,0.23237143,1,0.2
2023-08-29 20:00:00,0.0,0.30559802,1,0.2
2023-08-29 21:00:00,1.0,0.28609815,1,0.2
2023-08-29 22:00:00,1.0,0.3618806,1,0.2
2023-08-29 23:00:00,0.0,0.41664717,1,0.2
2023-08-30 00:00:00,0.0,0.5708497,1,0.2
2023-08-30 01:00:00,1.0,0.7544955,1,0.2
2023-08-30 02:00:00,0.0,0.73582834,1,0.2
2023-08-30 03:00:00,0.0,0.6666372,1,0.2
2023-08-30 04:00:00,0.0,0.57074624,1,0.2
2023-08-30 05:00:00,0.0,0.3746765,1,0.2
2023-08-30 06:00:00,0.0,0.34430003,1,0.2
2023-08-30 07:00:00,0.0,0.30619162,1,0.2
2023-08-30 08:00:00,0.0,0.19844346,0,0.2
2023-08-30 09:00:00,0.0,0.12237699,0,0.2
2023-08-30 10:00:00,0.0,0.15925807,0,0.2
2023-08-30 11:00:00,0.0,0.41275996,1,0.2
2023-08-30 12:00:00,0.0,0.5581046,1,0.2
2023-08-30 13:00:00,0.0,0.80171984,1,0.2
2023-08-30 14:00:00,0.0,0.22013886,1,0.2
2023-08-30 15:00:00,1.0,0.15413336,0,0.2
2023-08-30 16:00:00,0.0,0.077963635,0,0.2
2023-08-30 17:00:00,0.0,0.07611754,0,0.2
2023-08-30 18:00:00,0.0,0.15662748,0,0.2
2023-08-30 19:00:00,0.0,0.17178169,0,0.2
2023-08-30 20:00:00,0.0,0.22951797,1,0.2
2023-08-30 21:00:00,0.0,0.1409453,0,0.2
2023-08-30 22:00:00,0.0,0.28556624,1,0.2
2023-08-30 23:00:00,0.0,0.29943028,1,0.2
2023-08-31 00:00:00,1.0,0.26176178,1,0.2
2023-08-31 01:00:00,0.0,0.5806503,1,0.2
2023-08-31 02:00:00,0.0,0.50735587,1,0.2
2023-08-31 03:00:00,0.0,0.40801442,1,0.2
2023-08-31 04:00:00,0.0,0.3298282,1,0.2
2023-08-31 05:00:00,0.0,0.19487071,0,0.2
2023-08-31 06:00:00,0.0,0.2533123,1,0.2
2023-08-31 07:00:00,0.0,0.17580473,0,0.2
2023-08-31 08:00:00,0.0,0.08751549,0,0.2
2023-08-31 09:00:00,0.0,0.0587801,0,0.2
2023-08-31 10:00:00,0.0,0.030425481,0,0.2
2023-08-31 11:00:00,0.0,0.033519704,0,0.2
2023-08-31 12:00:00,1.0,0.10995551,0,0.2
2023-08-31 13:00:00,1.0,0.10959497,0,0.2
2023-08-31 14:00:00,0.0,0.39387184,1,0.2
2023-08-31 15:00:00,0.0,0.22416775,1,0.2
2023-08-31 16:00:00,0.0,0.14775895,0,0.2
2023-08-31 17:00:00,0.0,0.15519978,0,0.2
2023-08-31 18:00:00,0.0,0.08136678,0,0.2
2023-08-31 19:00:00,0.0,0.12849447,0,0.2
2023-08-31 20:00:00,0.0,0.05186394,0,0.2
2023-08-31 21:00:00,0.0,0.11390864,0,0.2
2023-08-31 22:00:00,0.0,0.14763589,0,0.2
2023-08-31 23:00:00,0.0,0.21398701,1,0.2
2023-09-01 00:00:00,0.0,0.24628405,1,0.2
2023-09-01 01:00:00,0.0,0.21476458,1,0.2
2023-09-01 02:00:00,0.0,0.22371066,1,0.2
2023-09-01 03:00:00,0.0,0.3805795,1,0.2
2023-09-01 04:00:00,0.0,0.4079005,1,0.2
2023-09-01 05:00:00,0.0,0.23489043,1,0.2
2023-09-01 06:00:00,0.0,0.26759267,1,0.2
2023-09-01 07:00:00,0.0,0.2567453,1,0.2
2023-09-01 08:00:00,0.0,0.14564513,0,0.2
2023-09-01 09:00:00,0.0,0.17831536,0,0.2
2023-09-01 10:00:00,0.0,0.17092314,0,0.2
2023-09-01 11:00:00,1.0,0.40217355,1,0.2
2023-09-01 12:00:00,0.0,0.67431784,1,0.2
2023-09-01 13:00:00,0.0,0.70094466,1,0.2
2023-09-01 14:00:00,0.0,0.59736335,1,0.2
2023-09-01 15:00:00,0.0,0.5770202,1,0.2
2023-09-01 16:00:00,0.0,0.30023512,1,0.2
2023-09-01 17:00:00,1.0,0.11791414,0,0.2
2023-09-01 18:00:00,0.0,0.092971414,0,0.2
2023-09-01 19:00:00,0.0,0.15195827,0,0.2
2023-09-01 20:00:00,0.0,0.24722794,1,0.2
2023-09-01 21:00:00,0.0,0.27492878,1,0.2
2023-09-01 22:00:00,0.0,0.36982274,1,0.2
2023-09-01 23:00:00,0.0,0.47795644,1,0.2
2023-09-02 00:00:00,1.0,0.29986507,1,0.2
2023-09-02 01:00:00,1.0,0.3058157,1,0.2
2023-09-02 02:00:00,0.0,0.33871222,1,0.2
2023-09-02 03:00:00,0.0,0.38664883,1,0.2
2023-09-02 04:00:00,0.0,0.26042214,1,0.2
2023-09-02 05:00:00,0.0,0.30532917,1,0.2
2023-09-02 06:00:00,0.0,0.12900741,0,0.2
2023-09-02 07:00:00,0.0,0.07701332,0,0.2
2023-09-02 08:00:00,0.0,0.094245024,0,0.2
2023-09-02 09:00:00,0.0,0.14255103,0,0.2
2023-09-02 10:00:00,0.0,0.16535227,0,0.2
2023-09-02 11:00:00,0.0,0.46954,1,0.2
2023-09-02 12:00:00,0.0,0.6816264,1,0.2
2023-09-02 13:00:00,0.0,0.6795403,1,0.2
2023-09-02 14:00:00,0.0,0.6411916,1,0.2
2023-09-02 15:00:00,0.0,0.50750023,1,0.2
2023-09-02 16:00:00,0.0,0.23852985,1,0.2
2023-09-02 17:00:00,0.0,0.33638227,1,0.2
2023-09-02 18:00:00,0.0,0.27787897,1,0.2
2023-09-02 19:00:00,0.0,0.20576745,1,0.2
2023-09-02 20:00:00,0.0,0.3202522,1,0.2
2023-09-02 21:00:00,0.0,0.4897708,1,0.2
2023-09-02 22:00:00,0.0,0.6575386,1,0.2
2023-09-02 23:00:00,0.0,0.4449171,1,0.2
2023-09-03 00:00:00,0.0,0.5966191,1,0.2
2023-09-03 01:00:00,0.0,0.68882847,1,0.2
2023-09-03 02:00:00,0.0,0.6572369,1,0.2
2023-09-03 03:00:00,0.0,0.4574584,1,0.2
2023-09-03 04:00:00,0.0,0.3540381,1,0.2
2023-09-03 05:00:00,0.0,0.4293454,1,0.2
2023-09-03 06:00:00,0.0,0.42145067,1,0.2
2023-09-03 07:00:00,0.0,0.34172747,1,0.2
2023-09-03 08:00:00,0.0,0.38922244,1,0.2
2023-09-03 09:00:00,0.0,0.3101506,1,0.2
2023-09-03 10:00:00,0.0,0.1088819,0,0.2
2023-09-03 11:00:00,0.0,0.08360757,0,0.2
2023-09-03 12:00:00,0.0,0.04199761,0,0.2
2023-09-03 13:00:00,0.0,0.2157879,1,0.2
2023-09-03 14:00:00,0.0,0.5515149,1,0.2
2023-09-03 15:00:00,0.0,0.43632445,1,0.2
2023-09-03 16:00:00,1.0,0.42960098,1,0.2
2023-09-03 17:00:00,1.0,0.38133857,1,0.2
2023-09-03 18:00:00,0.0,0.38307154,1,0.2
2023-09-03 19:00:00,0.0,0.07886699,0,0.2
2023-09-03 20:00:00,0.0,0.13017055,0,0.2
2023-09-03 21:00:00,1.0,0.14627364,0,0.2
2023-09-03 22:00:00,1.0,0.31418523,1,0.2
2023-09-03 23:00:00,1.0,0.41612583,1,0.2
2023-09-04 00:00:00,0.0,0.37414503,1,0.2
2023-09-04 01:00:00,0.0,0.40140745,1,0.2
2023-09-04 02:00:00,0.0,0.33070722,1,0.2
2023-09-04 03:00:00,0.0,0.3068495,1,0.2
2023-09-04 04:00:00,0.0,0.2975411,1,0.2
2023-09-04 05:00:00,0.0,0.32577103,1,0.2
2023-09-04 06:00:00,0.0,0.2402405,1,0.2
2023-09-04 07:00:00,0.0,0.24046431,1,0.2
2023-09-04 08:00:00,0.0,0.23050895,1,0.2
2023-09-04 09:00:00,0.0,0.21939537,1,0.2
2023-09-04 10:00:00,0.0,0.25540113,1,0.2
2023-09-04 11:00:00,0.0,0.38365567,1,0.2
2023-09-04 12:00:00,0.0,0.34332582,1,0.2
2023-09-04 13:00:00,0.0,0.30403307,1,0.2
2023-09-04 14:00:00,0.0,0.39713877,1,0.2
2023-09-04 15:00:00,0.0,0.483654,1,0.2
2023-09-04 16:00:00,0.0,0.51458734,1,0.2
2023-09-04 17:00:00,0.0,0.5044475,1,0.2
2023-09-04 18:00:00,0.0,0.28641918,1,0.2
2023-09-04 19:00:00,0.0,0.24861434,1,0.2
2023-09-04 20:00:00,0.0,0.44803062,1,0.2
2023-09-04 21:00:00,0.0,0.6026127,1,0.2
2023-09-04 22:00:00,0.0,0.5780083,1,0.2
2023-09-04 23:00:00,0.0,0.5448162,1,0.2
2023-09-05 00:00:00,0.0,0.41242227,1,0.2
2023-09-05 01:00:00,0.0,0.4265819,1,0.2
2023-09-05 02:00:00,0.0,0.3405864,1,0.2
2023-09-05 03:00:00,0.0,0.3627003,1,0.2
2023-09-05 04:00:00,0.0,0.4288414,1,0.2
2023-09-05 05:00:00,0.0,0.40304032,1,0.2
2023-09-05 06:00:00,0.0,0.5982218,1,0.2
2023-09-05 07:00:00,0.0,0.48742718,1,0.2
2023-09-05 08:00:00,0.0,0.20167331,1,0.2
2023-09-05 09:00:00,0.0,0.19794518,0,0.2
2023-09-05 10:00:00,0.0,0.22780423,1,0.2
2023-09-05 11:00:00,0.0,0.18550906,0,0.2
2023-09-05 12:00:00,0.0,0.32542846,1,0.2
2023-09-05 13:00:00,0.0,0.18330088,0,0.2
2023-09-05 14:00:00,0.0,0.17309539,0,0.2
2023-09-05 15:00:00,1.0,0.16942327,0,0.2
2023-09-05 16:00:00,1.0,0.5058742,1,0.2
2023-09-05 17:00:00,1.0,0.47938332,1,0.2
2023-09-05 18:00:00,0.0,0.3751577,1,0.2
2023-09-05 19:00:00,0.0,0.36986202,1,0.2
2023-09-05 20:00:00,0.0,0.38272962,1,0.2
2023-09-05 21:00:00,0.0,0.32906795,1,0.2
2023-09-05 22:00:00,0.0,0.4468425,1,0.2
2023-09-05 23:00:00,0.0,0.51240456,1,0.2
2023-09-06 00:00:00,0.0,0.41692692,1,0.2
2023-09-06 01:00:00,0.0,0.40115237,1,0.2
2023-09-06 02:00:00,0.0,0.34488288,1,0.2
2023-09-06 03:00:00,0.0,0.290557,1,0.2
2023-09-06 04:00:00,0.0,0.2468462,1,0.2
2023-09-06 05:00:00,0.0,0.21933857,1,0.2
2023-09-06 06:00:00,0.0,0.32956225,1,0.2
2023-09-06 07:00:00,0.0,0.33536857,1,0.2
2023-09-06 08:00:00,0.0,0.27320224,1,0.2
2023-09-06 09:00:00,0.0,0.24460429,1,0.2
2023-09-06 10:00:00,0.0,0.2520999,1,0.2
2023-09-06 11:00:00,0.0,0.3074745,1,0.2
2023-09-06 12:00:00,0.0,0.36643016,1,0.2
2023-09-06 13:00:00,1.0,0.4475525,1,0.2
2023-09-06 14:00:00,1.0,0.69623053,1,0.2
2023-09-06 15:00:00,0.0,0.67432874,1,0.2
2023-09-06 16:00:00,1.0,0.55968803,1,0.2
2023-09-06 17:00:00,0.0,0.11077229,0,0.2
2023-09-06 18:00:00,1.0,0.20206115,1,0.2
2023-09-06 19:00:00,1.0,0.19070897,0,0.2
2023-09-06 20:00:00,1.0,0.29911253,1,0.2
2023-09-06 21:00:00,1.0,0.36422703,1,0.2
2023-09-06 22:00:00,1.0,0.3314707,1,0.2
2023-09-06 23:00:00,1.0,0.43353322,1,0.2
2023-09-07 00:00:00,1.0,0.38717923,1,0.2
2023-09-07 01:00:00,1.0,0.30679858,1,0.2
2023-09-07 02:00:00,1.0,0.2863075,1,0.2
2023-09-07 03:00:00,0.0,0.24601988,1,0.2
2023-09-07 04:00:00,0.0,0.18949345,0,0.2
2023-09-07 05:00:00,0.0,0.23657885,1,0.2
2023-09-07 06:00:00,0.0,0.2014183,1,0.2
2023-09-07 07:00:00,0.0,0.14603928,0,0.2
2023-09-07 08:00:00,0.0,0.121907,0,0.2
2023-09-07 09:00:00,0.0,0.117746405,0,0.2
2023-09-07 10:00:00,0.0,0.08490775,0,0.2
2023-09-07 11:00:00,0.0,0.082256734,0,0.2
2023-09-07 12:00:00,0.0,0.14567275,0,0.2
2023-09-07 13:00:00,0.0,0.40467983,1,0.2
2023-09-07 14:00:00,1.0,0.48007187,1,0.2
2023-09-07 15:00:00,0.0,0.46207508,1,0.2
2023-09-07 16:00:00,0.0,0.42487758,1,0.2
2023-09-07 17:00:00,0.0,0.42424268,1,0.2
2023-09-07 18:00:00,0.0,0.25049907,1,0.2
2023-09-07 19:00:00,0.0,0.38577017,1,0.2
2023-09-07 20:00:00,0.0,0.511716,1,0.2
2023-09-07 21:00:00,0.0,0.577305,1,0.2
2023-09-07 22:00:00,0.0,0.61951727,1,0.2
2023-09-07 23:00:00,0.0,0.72937524,1,0.2
2023-09-08 00:00:00,0.0,0.78165287,1,0.2
2023-09-08 01:00:00,0.0,0.77323776,1,0.2
2023-09-08 02:00:00,0.0,0.8119545,1,0.2
2023-09-08 03:00:00,0.0,0.49569824,1,0.2
2023-09-08 04:00:00,0.0,0.31124178,1,0.2
2023-09-08 05:00:00,0.0,0.29998776,1,0.2
2023-09-08 06:00:00,0.0,0.315492,1,0.2
2023-09-08 07:00:00,0.0,0.22097676,1,0.2
2023-09-08 08:00:00,0.0,0.13841861,0,0.2
2023-09-08 09:00:00,0.0,0.21568358,1,0.2
2023-09-08 10:00:00,0.0,0.16861176,0,0.2
2023-09-08 11:00:00,0.0,0.13915132,0,0.2
2023-09-08 12:00:00,0.0,0.15575628,0,0.2
2023-09-08 13:00:00,0.0,0.501954,1,0.2
2023-09-08 14:00:00,0.0,0.66028,1,0.2
2023-09-08 15:00:00,1.0,0.6256003,1,0.2
2023-09-08 16:00:00,0.0,0.57610613,1,0.2
2023-09-08 17:00:00,0.0,0.28288257,1,0.2
2023-09-08 18:00:00,0.0,0.1061433,0,0.2
2023-09-08 19:00:00,0.0,0.12897559,0,0.2
2023-09-08 20:00:00,0.0,0.10205167,0,0.2
2023-09-08 21:00:00,0.0,0.27596468,1,0.2
2023-09-08 22:00:00,0.0,0.40277702,1,0.2
2023-09-08 23:00:00,0.0,0.42079604,1,0.2
2023-09-09 00:00:00,0.0,0.36238053,1,0.2
2023-09-09 01:00:00,0.0,0.3327379,1,0.2
2023-09-09 02:00:00,0.0,0.3363116,1,0.2
2023-09-09 03:00:00,0.0,0.20865893,1,0.2
2023-09-09 04:00:00,0.0,0.24873117,1,0.2
2023-09-09 05:00:00,0.0,0.22623223,1,0.2
2023-09-09 06:00:00,0.0,0.29954043,1,0.2
2023-09-09 07:00:00,0.0,0.23699693,1,0.2
2023-09-09 08:00:00,0.0,0.15957576,0,0.2
2023-09-09 09:00:00,0.0,0.09198605,0,0.2
2023-09-09 10:00:00,0.0,0.12109496,0,0.2
2023-09-09 11:00:00,0.0,0.10371495,0,0.2
2023-09-09 12:00:00,0.0,0.23061532,1,0.2
2023-09-09 13:00:00,0.0,0.4862607,1,0.2
2023-09-09 14:00:00,0.0,0.4337143,1,0.2
2023-09-09 15:00:00,0.0,0.5084118,1,0.2
2023-09-09 16:00:00,0.0,0.51153797,1,0.2
2023-09-09 17:00:00,0.0,0.14042063,0,0.2
2023-09-09 18:00:00,0.0,0.17419179,0,0.2
2023-09-09 19:00:00,0.0,0.07348948,0,0.2
2023-09-09 20:00:00,0.0,0.09058192,0,0.2
2023-09-09 21:00:00,0.0,0.3642683,1,0.2
2023-09-09 22:00:00,0.0,0.40780985,1,0.2
2023-09-09 23:00:00,0.0,0.53489274,1,0.2
2023-09-10 00:00:00,0.0,0.46164498,1,0.2
2023-09-10 01:00:00,0.0,0.48660076,1,0.2
2023-09-10 02:00:00,0.0,0.39996478,1,0.2
2023-09-10 03:00:00,0.0,0.35545605,1,0.2
2023-09-10 04:00:00,0.0,0.23298438,1,0.2
2023-09-10 05:00:00,0.0,0.1552039,0,0.2
2023-09-10 06:00:00,0.0,0.15478036,0,0.2
2023-09-10 07:00:00,0.0,0.10745124,0,0.2
2023-09-10 08:00:00,0.0,0.16453542,0,0.2
2023-09-10 09:00:00,0.0,0.18978351,0,0.2
2023-09-10 10:00:00,0.0,0.21409498,1,0.2
2023-09-10 11:00:00,0.0,0.1880627,0,0.2
2023-09-10 12:00:00,0.0,0.2193581,1,0.2
2023-09-10 13:00:00,0.0,0.19724683,0,0.2
2023-09-10 14:00:00,0.0,0.23978654,1,0.2
2023-09-10 15:00:00,0.0,0.3200177,1,0.2
2023-09-10 16:00:00,0.0,0.46345875,1,0.2
2023-09-10 17:00:00,0.0,0.2058245,1,0.2
2023-09-10 18:00:00,0.0,0.21818392,1,0.2
2023-09-10 19:00:00,0.0,0.19350156,0,0.2
2023-09-10 20:00:00,0.0,0.22057587,1,0.2
2023-09-10 21:00:00,0.0,0.112972274,0,0.2
2023-09-10 22:00:00,0.0,0.17203581,0,0.2
2023-09-10 23:00:00,0.0,0.4592512,1,0.2
2023-09-11 00:00:00,0.0,0.5328899,1,0.2
2023-09-11 01:00:00,0.0,0.3810424,1,0.2
2023-09-11 02:00:00,0.0,0.44361505,1,0.2
2023-09-11 03:00:00,0.0,0.3320761,1,0.2
2023-09-11 04:00:00,0.0,0.3017049,1,0.2
2023-09-11 05:00:00,0.0,0.3670479,1,0.2
2023-09-11 06:00:00,0.0,0.27412593,1,0.2
2023-09-11 07:00:00,0.0,0.34981558,1,0.2
2023-09-11 08:00:00,0.0,0.1951779,0,0.2
2023-09-11 09:00:00,0.0,0.08454624,0,0.2
2023-09-11 10:00:00,0.0,0.050643314,0,0.2
2023-09-11 11:00:00,0.0,0.088052444,0,0.2
2023-09-11 12:00:00,0.0,0.15715699,0,0.2
2023-09-11 13:00:00,0.0,0.50330186,1,0.2
2023-09-11 14:00:00,0.0,0.4961663,1,0.2
2023-09-11 15:00:00,1.0,0.37124068,1,0.2
2023-09-11 16:00:00,0.0,0.42677554,1,0.2
2023-09-11 17:00:00,0.0,0.18993275,0,0.2
2023-09-11 18:00:00,0.0,0.10529741,0,0.2
2023-09-11 19:00:00,0.0,0.09832311,0,0.2
2023-09-11 20:00:00,0.0,0.07904481,0,0.2
2023-09-11 21:00:00,0.0,0.18809254,0,0.2
2023-09-11 22:00:00,0.0,0.36499232,1,0.2
2023-09-11 23:00:00,0.0,0.5754185,1,0.2
2023-09-12 00:00:00,0.0,0.4697439,1,0.2
2023-09-12 01:00:00,0.0,0.3010774,1,0.2
2023-09-12 02:00:00,0.0,0.3350663,1,0.2
2023-09-12 03:00:00,0.0,0.24162853,1,0.2
2023-09-12 04:00:00,0.0,0.20856242,1,0.2
2023-09-12 05:00:00,0.0,0.12390765,0,0.2
2023-09-12 06:00:00,0.0,0.31592056,1,0.2
2023-09-12 07:00:00,0.0,0.20865516,1,0.2
2023-09-12 08:00:00,0.0,0.1445166,0,0.2
2023-09-12 09:00:00,0.0,0.07877095,0,0.2
2023-09-12 10:00:00,0.0,0.06211684,0,0.2
2023-09-12 11:00:00,0.0,0.1404062,0,0.2
2023-09-12 12:00:00,0.0,0.19453228,0,0.2
2023-09-12 13:00:00,0.0,0.6469412,1,0.2
2023-09-12 14:00:00,0.0,0.31443855,1,0.2
2023-09-12 15:00:00,0.0,0.13436104,0,0.2
2023-09-12 16:00:00,1.0,0.47728238,1,0.2
2023-09-12 17:00:00,0.0,0.31652364,1,0.2
2023-09-12 18:00:00,0.0,0.08734527,0,0.2
2023-09-12 19:00:00,0.0,0.06241627,0,0.2
2023-09-12 20:00:00,0.0,0.12690166,0,0.2
2023-09-12 21:00:00,0.0,0.32645094,1,0.2
2023-09-12 22:00:00,0.0,0.38926223,1,0.2
2023-09-12 23:00:00,0.0,0.43026045,1,0.2
2023-09-13 00:00:00,0.0,0.34615418,1,0.2
2023-09-13 01:00:00,0.0,0.30341628,1,0.2
2023-09-13 02:00:00,0.0,0.23447548,1,0.2
2023-09-13 03:00:00,0.0,0.29669243,1,0.2
2023-09-13 04:00:00,0.0,0.30709916,1,0.2
2023-09-13 05:00:00,0.0,0.38720173,1,0.2
2023-09-13 06:00:00,0.0,0.24787138,1,0.2
2023-09-13 07:00:00,0.0,0.13059711,0,0.2
2023-09-13 08:00:00,0.0,0.105969615,0,0.2
2023-09-13 09:00:00,0.0,0.08506855,0,0.2
2023-09-13 10:00:00,0.0,0.068406984,0,0.2
2023-09-13 11:00:00,0.0,0.09276492,0,0.2
2023-09-13 12:00:00,0.0,0.221148,1,0.2
2023-09-13 13:00:00,0.0,0.6299587,1,0.2
2023-09-13 14:00:00,0.0,0.6700256,1,0.2
2023-09-13 15:00:00,0.0,0.47614002,1,0.2
2023-09-13 16:00:00,0.0,0.41898075,1,0.2
2023-09-13 17:00:00,1.0,0.33388332,1,0.2
2023-09-13 18:00:00,0.0,0.252883,1,0.2
2023-09-13 19:00:00,1.0,0.11189629,0,0.2
2023-09-13 20:00:00,1.0,0.22425495,1,0.2
2023-09-13 21:00:00,0.0,0.09595146,0,0.2
2023-09-13 22:00:00,0.0,0.3534706,1,0.2
2023-09-13 23:00:00,0.0,0.38721886,1,0.2
2023-09-14 00:00:00,0.0,0.39772877,1,0.2
2023-09-14 01:00:00,0.0,0.29786596,1,0.2
2023-09-14 02:00:00,0.0,0.26743647,1,0.2
2023-09-14 03:00:00,0.0,0.18118893,0,0.2
2023-09-14 04:00:00,0.0,0.22282758,1,0.2
2023-09-14 05:00:00,0.0,0.16318133,0,0.2
2023-09-14 06:00:00,0.0,0.19633488,0,0.2
2023-09-14 07:00:00,0.0,0.113830455,0,0.2
2023-09-14 08:00:00,0.0,0.08422787,0,0.2
2023-09-14 09:00:00,0.0,0.029816557,0,0.2
2023-09-14 10:00:00,0.0,0.039430175,0,0.2
2023-09-14 11:00:00,0.0,0.0672283,0,0.2
2023-09-14 12:00:00,0.0,0.1562214,0,0.2
2023-09-14 13:00:00,0.0,0.3207047,1,0.2
2023-09-14 14:00:00,0.0,0.6389622,1,0.2
2023-09-14 15:00:00,1.0,0.6617777,1,0.2
2023-09-14 16:00:00,0.0,0.70139533,1,0.2
2023-09-14 17:00:00,0.0,0.50286067,1,0.2
2023-09-14 18:00:00,0.0,0.15443246,0,0.2
2023-09-14 19:00:00,0.0,0.20242494,1,0.2
2023-09-14 20:00:00,0.0,0.16022426,0,0.2
2023-09-14 21:00:00,0.0,0.18138048,0,0.2
2023-09-14 22:00:00,0.0,0.16157931,0,0.2
2023-09-14 23:00:00,0.0,0.268926,1,0.2
2023-09-15 00:00:00,0.0,0.19033591,0,0.2
2023-09-15 01:00:00,0.0,0.20071763,1,0.2
2023-09-15 02:00:00,0.0,0.1599565,0,0.2
2023-09-15 03:00:00,0.0,0.10952113,0,0.2
2023-09-15 04:00:00,0.0,0.098958895,0,0.2
2023-09-15 05:00:00,0.0,0.11307955,0,0.2
2023-09-15 06:00:00,0.0,0.17315389,0,0.2
2023-09-15 07:00:00,0.0,0.10432805,0,0.2
2023-09-15 08:00:00,0.0,0.042982895,0,0.2
2023-09-15 09:00:00,0.0,0.037004672,0,0.2
2023-09-15 10:00:00,0.0,0.023914658,0,0.2
2023-09-15 11:00:00,0.0,0.017636811,0,0.2
2023-09-15 12:00:00,0.0,0.11290881,0,0.2
2023-09-15 13:00:00,0.0,0.26602566,1,0.2
2023-09-15 14:00:00,1.0,0.24798323,1,0.2
2023-09-15 15:00:00,1.0,0.10424066,0,0.2
2023-09-15 16:00:00,1.0,0.1567775,0,0.2
2023-09-15 17:00:00,1.0,0.32404965,1,0.2
2023-09-15 18:00:00,1.0,0.06458786,0,0.2
2023-09-15 19:00:00,1.0,0.11312637,0,0.2
2023-09-15 20:00:00,1.0,0.24170874,1,0.2
2023-09-15 21:00:00,1.0,0.25818005,1,0.2
2023-09-15 22:00:00,0.0,0.49944854,1,0.2
2023-09-15 23:00:00,1.0,0.5475704,1,0.2
2023-09-16 00:00:00,1.0,0.45209432,1,0.2
2023-09-16 01:00:00,1.0,0.3775901,1,0.2
2023-09-16 02:00:00,1.0,0.4567096,1,0.2
2023-09-16 03:00:00,1.0,0.28979245,1,0.2
2023-09-16 04:00:00,0.0,0.3712175,1,0.2
2023-09-16 05:00:00,0.0,0.21140426,1,0.2
2023-09-16 06:00:00,0.0,0.23750456,1,0.2
2023-09-16 07:00:00,0.0,0.20283735,1,0.2
2023-09-16 08:00:00,0.0,0.08055774,0,0.2
2023-09-16 09:00:00,0.0,0.074075215,0,0.2
2023-09-16 10:00:00,0.0,0.07274568,0,0.2
2023-09-16 11:00:00,0.0,0.059083506,0,0.2
2023-09-16 12:00:00,0.0,0.3388228,1,0.2
2023-09-16 13:00:00,0.0,0.46108532,1,0.2
2023-09-16 14:00:00,0.0,0.44830707,1,0.2
2023-09-16 15:00:00,0.0,0.54325944,1,0.2
2023-09-16 16:00:00,0.0,0.39412683,1,0.2
2023-09-16 17:00:00,0.0,0.14207354,0,0.2
2023-09-16 18:00:00,1.0,0.27197313,1,0.2
2023-09-16 19:00:00,1.0,0.5562183,1,0.2
2023-09-16 20:00:00,0.0,0.6300349,1,0.2
2023-09-16 21:00:00,0.0,0.76580346,1,0.2
2023-09-16 22:00:00,0.0,0.6897826,1,0.2
2023-09-16 23:00:00,0.0,0.46632156,1,0.2
2023-09-17 00:00:00,0.0,0.5762174,1,0.2
2023-09-17 01:00:00,0.0,0.83033675,1,0.2
2023-09-17 02:00:00,0.0,0.8995355,1,0.2
2023-09-17 03:00:00,0.0,0.7774983,1,0.2
2023-09-17 04:00:00,1.0,0.8147029,1,0.2
2023-09-17 05:00:00,0.0,0.6549356,1,0.2
2023-09-17 06:00:00,0.0,0.45387673,1,0.2
2023-09-17 07:00:00,0.0,0.38655433,1,0.2
2023-09-17 08:00:00,0.0,0.32301795,1,0.2
2023-09-17 09:00:00,0.0,0.46335292,1,0.2
2023-09-17 10:00:00,0.0,0.31398943,1,0.2
2023-09-17 11:00:00,0.0,0.36767703,1,0.2
2023-09-17 12:00:00,0.0,0.31931436,1,0.2
2023-09-17 13:00:00,0.0,0.5506425,1,0.2
2023-09-17 14:00:00,0.0,0.6273967,1,0.2
2023-09-17 15:00:00,1.0,0.7180853,1,0.2
2023-09-17 16:00:00,0.0,0.6063281,1,0.2
2023-09-17 17:00:00,1.0,0.6088082,1,0.2
2023-09-17 18:00:00,1.0,0.31041065,1,0.2
2023-09-17 19:00:00,1.0,0.3773576,1,0.2
2023-09-17 20:00:00,0.0,0.46768925,1,0.2
2023-09-17 21:00:00,1.0,0.5607561,1,0.2
2023-09-17 22:00:00,0.0,0.54261273,1,0.2
2023-09-17 23:00:00,0.0,0.74644196,1,0.2
2023-09-18 00:00:00,0.0,0.74922377,1,0.2
2023-09-18 01:00:00,0.0,0.6596248,1,0.2
2023-09-18 02:00:00,0.0,0.53663975,1,0.2
2023-09-18 03:00:00,0.0,0.6903662,1,0.2
2023-09-18 04:00:00,0.0,0.64891213,1,0.2
2023-09-18 05:00:00,0.0,0.7390113,1,0.2
2023-09-18 06:00:00,1.0,0.49391413,1,0.2
2023-09-18 07:00:00,0.0,0.35848466,1,0.2
2023-09-18 08:00:00,0.0,0.33819747,1,0.2
2023-09-18 09:00:00,0.0,0.2831476,1,0.2
2023-09-18 10:00:00,0.0,0.39700118,1,0.2
2023-09-18 11:00:00,0.0,0.3510123,1,0.2
2023-09-18 12:00:00,0.0,0.365043,1,0.2
2023-09-18 13:00:00,0.0,0.4758561,1,0.2
2023-09-18 14:00:00,0.0,0.72651577,1,0.2
2023-09-18 15:00:00,0.0,0.47800985,1,0.2
2023-09-18 16:00:00,0.0,0.54975176,1,0.2
2023-09-18 17:00:00,0.0,0.2598406,1,0.2
2023-09-18 18:00:00,0.0,0.50619984,1,0.2
2023-09-18 19:00:00,0.0,0.39596698,1,0.2
2023-09-18 20:00:00,0.0,0.44877508,1,0.2
2023-09-18 21:00:00,0.0,0.6915974,1,0.2
2023-09-18 22:00:00,0.0,0.601852,1,0.2
2023-09-18 23:00:00,0.0,0.5741403,1,0.2
2023-09-19 00:00:00,0.0,0.54927284,1,0.2
2023-09-19 01:00:00,0.0,0.54179126,1,0.2
2023-09-19 02:00:00,0.0,0.6321216,1,0.2
2023-09-19 03:00:00,0.0,0.559261,1,0.2
2023-09-19 04:00:00,0.0,0.5108032,1,0.2
2023-09-19 05:00:00,0.0,0.36681214,1,0.2
2023-09-19 06:00:00,1.0,0.60805714,1,0.2
2023-09-19 07:00:00,0.0,0.50727946,1,0.2
2023-09-19 08:00:00,0.0,0.42297417,1,0.2
2023-09-19 09:00:00,0.0,0.31179607,1,0.2
2023-09-19 10:00:00,0.0,0.27355427,1,0.2
2023-09-19 11:00:00,0.0,0.22133867,1,0.2
2023-09-19 12:00:00,0.0,0.3127276,1,0.2
2023-09-19 13:00:00,0.0,0.095534,0,0.2
2023-09-19 14:00:00,0.0,0.26976994,1,0.2
2023-09-19 15:00:00,0.0,0.65390587,1,0.2
2023-09-19 16:00:00,0.0,0.6981363,1,0.2
2023-09-19 17:00:00,0.0,0.32555813,1,0.2
2023-09-19 18:00:00,0.0,0.20674188,1,0.2
2023-09-19 19:00:00,0.0,0.16728553,0,0.2
2023-09-19 20:00:00,0.0,0.13883516,0,0.2
2023-09-19 21:00:00,0.0,0.365938,1,0.2
2023-09-19 22:00:00,0.0,0.31005746,1,0.2
2023-09-19 23:00:00,0.0,0.37819344,1,0.2
2023-09-20 00:00:00,0.0,0.35831207,1,0.2
2023-09-20 01:00:00,0.0,0.29529846,1,0.2
2023-09-20 02:00:00,0.0,0.22182773,1,0.2
2023-09-20 03:00:00,0.0,0.16365957,0,0.2
2023-09-20 04:00:00,0.0,0.24010572,1,0.2
2023-09-20 05:00:00,0.0,0.35200348,1,0.2
2023-09-20 06:00:00,1.0,0.44167846,1,0.2
2023-09-20 07:00:00,1.0,0.18388219,0,0.2
2023-09-20 08:00:00,1.0,0.11473279,0,0.2
2023-09-20 09:00:00,1.0,0.19245502,0,0.2
2023-09-20 10:00:00,0.0,0.22431035,1,0.2
2023-09-20 11:00:00,0.0,0.11469341,0,0.2
2023-09-20 12:00:00,1.0,0.1481647,0,0.2
2023-09-20 13:00:00,1.0,0.49848586,1,0.2
2023-09-20 14:00:00,0.0,0.5031919,1,0.2
2023-09-20 15:00:00,1.0,0.63982654,1,0.2
2023-09-20 16:00:00,0.0,0.50859463,1,0.2
2023-09-20 17:00:00,0.0,0.31811813,1,0.2
2023-09-20 18:00:00,0.0,0.11542382,0,0.2
2023-09-20 19:00:00,0.0,0.12322125,0,0.2
2023-09-20 20:00:00,0.0,0.1400377,0,0.2
2023-09-20 21:00:00,0.0,0.2519794,1,0.2
2023-09-20 22:00:00,0.0,0.5006315,1,0.2
2023-09-20 23:00:00,0.0,0.54622513,1,0.2
2023-09-21 00:00:00,0.0,0.42588148,1,0.2
2023-09-21 01:00:00,1.0,0.3444599,1,0.2
2023-09-21 02:00:00,0.0,0.42100814,1,0.2
2023-09-21 03:00:00,0.0,0.42190766,1,0.2
2023-09-21 04:00:00,1.0,0.47699246,1,0.2
2023-09-21 05:00:00,0.0,0.14885601,0,0.2
2023-09-21 06:00:00,0.0,0.45530048,1,0.2
2023-09-21 07:00:00,0.0,0.5187934,1,0.2
2023-09-21 08:00:00,0.0,0.40529665,1,0.2
2023-09-21 09:00:00,0.0,0.36391476,1,0.2
2023-09-21 10:00:00,0.0,0.4468703,1,0.2
2023-09-21 11:00:00,0.0,0.31305543,1,0.2
2023-09-21 12:00:00,0.0,0.54751253,1,0.2
2023-09-21 13:00:00,1.0,0.52743083,1,0.2
2023-09-21 14:00:00,1.0,0.5597761,1,0.2
2023-09-21 15:00:00,0.0,0.7868302,1,0.2
2023-09-21 16:00:00,0.0,0.63303894,1,0.2
2023-09-21 17:00:00,0.0,0.3998543,1,0.2
2023-09-21 18:00:00,0.0,0.32474923,1,0.2
2023-09-21 19:00:00,0.0,0.33841434,1,0.2
2023-09-21 20:00:00,0.0,0.3388744,1,0.2
2023-09-21 21:00:00,0.0,0.35111833,1,0.2
2023-09-21 22:00:00,0.0,0.51661205,1,0.2
2023-09-21 23:00:00,0.0,0.58059716,1,0.2
2023-09-22 00:00:00,0.0,0.52149886,1,0.2
2023-09-22 01:00:00,0.0,0.7861343,1,0.2
2023-09-22 02:00:00,0.0,0.6841034,1,0.2
2023-09-22 03:00:00,0.0,0.60851175,1,0.2
2023-09-22 04:00:00,0.0,0.7097791,1,0.2
2023-09-22 05:00:00,0.0,0.39936063,1,0.2
2023-09-22 06:00:00,0.0,0.31543663,1,0.2
2023-09-22 07:00:00,0.0,0.27366433,1,0.2
2023-09-22 08:00:00,0.0,0.1941351,0,0.2
2023-09-22 09:00:00,0.0,0.1341436,0,0.2
2023-09-22 10:00:00,0.0,0.18137367,0,0.2
2023-09-22 11:00:00,1.0,0.29031432,1,0.2
2023-09-22 12:00:00,1.0,0.6412253,1,0.2
2023-09-22 13:00:00,1.0,0.8041273,1,0.2
2023-09-22 14:00:00,0.0,0.82937026,1,0.2
2023-09-22 15:00:00,0.0,0.7446852,1,0.2
2023-09-22 16:00:00,0.0,0.4199484,1,0.2
2023-09-22 17:00:00,0.0,0.15909478,0,0.2
2023-09-22 18:00:00,0.0,0.11394382,0,0.2
2023-09-22 19:00:00,0.0,0.1813436,0,0.2
2023-09-22 20:00:00,0.0,0.31174415,1,0.2
2023-09-22 21:00:00,1.0,0.37249836,1,0.2
2023-09-22 22:00:00,1.0,0.55861306,1,0.2
2023-09-22 23:00:00,1.0,0.65814155,1,0.2
2023-09-23 00:00:00,0.0,0.345737,1,0.2
2023-09-23 01:00:00,0.0,0.60365105,1,0.2
2023-09-23 02:00:00,1.0,0.6284346,1,0.2
2023-09-23 03:00:00,0.0,0.5924846,1,0.2
2023-09-23 04:00:00,0.0,0.5683666,1,0.2
2023-09-23 05:00:00,0.0,0.50720227,1,0.2
2023-09-23 06:00:00,1.0,0.32205033,1,0.2
2023-09-23 07:00:00,1.0,0.2401617,1,0.2
2023-09-23 08:00:00,0.0,0.3569072,1,0.2
2023-09-23 09:00:00,0.0,0.3828428,1,0.2
2023-09-23 10:00:00,0.0,0.63462174,1,0.2
2023-09-23 11:00:00,0.0,0.6919062,1,0.2
2023-09-23 12:00:00,0.0,0.8625866,1,0.2
2023-09-23 13:00:00,0.0,0.8468498,1,0.2
2023-09-23 14:00:00,0.0,0.83801925,1,0.2
2023-09-23 15:00:00,1.0,0.73054826,1,0.2
2023-09-23 16:00:00,0.0,0.47044387,1,0.2
2023-09-23 17:00:00,0.0,0.32103863,1,0.2
2023-09-23 18:00:00,0.0,0.11352887,0,0.2
2023-09-23 19:00:00,1.0,0.16802545,0,0.2
2023-09-23 20:00:00,1.0,0.30518928,1,0.2
2023-09-23 21:00:00,1.0,0.54258406,1,0.2
2023-09-23 22:00:00,1.0,0.45974836,1,0.2
2023-09-23 23:00:00,1.0,0.70330536,1,0.2
2023-09-24 00:00:00,1.0,0.707147,1,0.2
2023-09-24 01:00:00,1.0,0.6217154,1,0.2
2023-09-24 02:00:00,0.0,0.8049611,1,0.2
2023-09-24 03:00:00,0.0,0.7236459,1,0.2
2023-09-24 04:00:00,0.0,0.6200708,1,0.2
2023-09-24 05:00:00,0.0,0.31272316,1,0.2
2023-09-24 06:00:00,0.0,0.6652453,1,0.2
2023-09-24 07:00:00,0.0,0.7533305,1,0.2
2023-09-24 08:00:00,0.0,0.83094966,1,0.2
2023-09-24 09:00:00,0.0,0.47516787,1,0.2
2023-09-24 10:00:00,0.0,0.516453,1,0.2
2023-09-24 11:00:00,0.0,0.5182068,1,0.2
2023-09-24 12:00:00,0.0,0.47324696,1,0.2
2023-09-24 13:00:00,0.0,0.49033734,1,0.2
2023-09-24 14:00:00,0.0,0.48999217,1,0.2
2023-09-24 15:00:00,1.0,0.62333804,1,0.2
2023-09-24 16:00:00,0.0,0.45303813,1,0.2
2023-09-24 17:00:00,0.0,0.26072094,1,0.2
2023-09-24 18:00:00,0.0,0.10153658,0,0.2
2023-09-24 19:00:00,0.0,0.2959557,1,0.2
2023-09-24 20:00:00,0.0,0.35926557,1,0.2
2023-09-24 21:00:00,0.0,0.4537932,1,0.2
2023-09-24 22:00:00,0.0,0.6406922,1,0.2
2023-09-24 23:00:00,1.0,0.66658074,1,0.2
2023-09-25 00:00:00,1.0,0.5699051,1,0.2
2023-09-25 01:00:00,0.0,0.73299813,1,0.2
2023-09-25 02:00:00,0.0,0.71964115,1,0.2
2023-09-25 03:00:00,0.0,0.5172739,1,0.2
2023-09-25 04:00:00,0.0,0.5789559,1,0.2
2023-09-25 05:00:00,0.0,0.54210246,1,0.2
2023-09-25 06:00:00,1.0,0.62566197,1,0.2
2023-09-25 07:00:00,0.0,0.5848603,1,0.2
2023-09-25 08:00:00,0.0,0.48141122,1,0.2
2023-09-25 09:00:00,0.0,0.4302888,1,0.2
2023-09-25 10:00:00,0.0,0.4185542,1,0.2
2023-09-25 11:00:00,0.0,0.44353586,1,0.2
2023-09-25 12:00:00,0.0,0.5538607,1,0.2
2023-09-25 13:00:00,0.0,0.5429972,1,0.2
2023-09-25 14:00:00,0.0,0.61650395,1,0.2
2023-09-25 15:00:00,1.0,0.6839286,1,0.2
2023-09-25 16:00:00,0.0,0.7261206,1,0.2
2023-09-25 17:00:00,0.0,0.5433441,1,0.2
2023-09-25 18:00:00,0.0,0.22667664,1,0.2
2023-09-25 19:00:00,0.0,0.37765217,1,0.2
2023-09-25 20:00:00,1.0,0.50495964,1,0.2
2023-09-25 21:00:00,1.0,0.6347181,1,0.2
2023-09-25 22:00:00,1.0,0.7236763,1,0.2
2023-09-25 23:00:00,1.0,0.78487915,1,0.2
2023-09-26 00:00:00,1.0,0.7381345,1,0.2
2023-09-26 01:00:00,1.0,0.5807871,1,0.2
2023-09-26 02:00:00,0.0,0.6483895,1,0.2
2023-09-26 03:00:00,0.0,0.59070003,1,0.2
2023-09-26 04:00:00,0.0,0.43827572,1,0.2
2023-09-26 05:00:00,0.0,0.42198205,1,0.2
2023-09-26 06:00:00,0.0,0.5248346,1,0.2
2023-09-26 07:00:00,0.0,0.6444555,1,0.2
2023-09-26 08:00:00,0.0,0.4389564,1,0.2
2023-09-26 09:00:00,0.0,0.32356492,1,0.2
2023-09-26 10:00:00,0.0,0.3494897,1,0.2
2023-09-26 11:00:00,0.0,0.26500282,1,0.2
2023-09-26 12:00:00,0.0,0.3918772,1,0.2
2023-09-26 13:00:00,0.0,0.580156,1,0.2
2023-09-26 14:00:00,1.0,0.683962,1,0.2
2023-09-26 15:00:00,0.0,0.7467494,1,0.2
2023-09-26 16:00:00,0.0,0.6334971,1,0.2
2023-09-26 17:00:00,0.0,0.36392468,1,0.2
2023-09-26 18:00:00,1.0,0.23614027,1,0.2
2023-09-26 19:00:00,0.0,0.2171919,1,0.2
2023-09-26 20:00:00,0.0,0.3607879,1,0.2
2023-09-26 21:00:00,0.0,0.7195547,1,0.2
2023-09-26 22:00:00,0.0,0.6980974,1,0.2
2023-09-26 23:00:00,0.0,0.81987286,1,0.2
2023-09-27 00:00:00,0.0,0.7546033,1,0.2
2023-09-27 01:00:00,0.0,0.74827296,1,0.2
2023-09-27 02:00:00,0.0,0.69720656,1,0.2
2023-09-27 03:00:00,0.0,0.6539707,1,0.2
2023-09-27 04:00:00,0.0,0.4975209,1,0.2
2023-09-27 05:00:00,0.0,0.41900504,1,0.2
2023-09-27 06:00:00,0.0,0.5997165,1,0.2
2023-09-27 07:00:00,0.0,0.46159497,1,0.2
2023-09-27 08:00:00,0.0,0.4054044,1,0.2
2023-09-27 09:00:00,0.0,0.31653094,1,0.2
2023-09-27 10:00:00,0.0,0.34095696,1,0.2
2023-09-27 11:00:00,0.0,0.40171894,1,0.2
2023-09-27 12:00:00,0.0,0.5834655,1,0.2
2023-09-27 13:00:00,0.0,0.6102357,1,0.2
2023-09-27 14:00:00,1.0,0.72700167,1,0.2
2023-09-27 15:00:00,0.0,0.76628697,1,0.2
2023-09-27 16:00:00,1.0,0.72528994,1,0.2
2023-09-27 17:00:00,0.0,0.4530667,1,0.2
2023-09-27 18:00:00,1.0,0.27666363,1,0.2
2023-09-27 19:00:00,0.0,0.49946442,1,0.2
2023-09-27 20:00:00,0.0,0.697229,1,0.2
2023-09-27 21:00:00,1.0,0.6067229,1,0.2
2023-09-27 22:00:00,0.0,0.63727117,1,0.2
2023-09-27 23:00:00,0.0,0.49609575,1,0.2
2023-09-28 00:00:00,0.0,0.46933806,1,0.2
2023-09-28 01:00:00,0.0,0.51604295,1,0.2
2023-09-28 02:00:00,0.0,0.5031538,1,0.2
2023-09-28 03:00:00,0.0,0.36858633,1,0.2
2023-09-28 04:00:00,0.0,0.39935085,1,0.2
2023-09-28 05:00:00,0.0,0.43651634,1,0.2
2023-09-28 06:00:00,0.0,0.46823144,1,0.2
2023-09-28 07:00:00,0.0,0.33920968,1,0.2
2023-09-28 08:00:00,0.0,0.25197092,1,0.2
2023-09-28 09:00:00,0.0,0.24138807,1,0.2
2023-09-28 10:00:00,0.0,0.26491207,1,0.2
2023-09-28 11:00:00,0.0,0.20028186,1,0.2
2023-09-28 12:00:00,0.0,0.10986595,0,0.2
2023-09-28 13:00:00,0.0,0.28014484,1,0.2
2023-09-28 14:00:00,0.0,0.58271426,1,0.2
2023-09-28 15:00:00,1.0,0.5778119,1,0.2
2023-09-28 16:00:00,1.0,0.5581328,1,0.2
2023-09-28 17:00:00,1.0,0.47489047,1,0.2
2023-09-28 18:00:00,1.0,0.16478796,0,0.2
2023-09-28 19:00:00,1.0,0.25766817,1,0.2
2023-09-28 20:00:00,1.0,0.49052474,1,0.2
2023-09-28 21:00:00,0.0,0.6030469,1,0.2
2023-09-28 22:00:00,0.0,0.7299627,1,0.2
2023-09-28 23:00:00,0.0,0.76212037,1,0.2
2023-09-29 00:00:00,0.0,0.60863113,1,0.2
2023-09-29 01:00:00,0.0,0.6311716,1,0.2
2023-09-29 02:00:00,0.0,0.41523618,1,0.2
2023-09-29 03:00:00,0.0,0.35616398,1,0.2
2023-09-29 04:00:00,0.0,0.31195423,1,0.2
2023-09-29 05:00:00,0.0,0.2551448,1,0.2
2023-09-29 06:00:00,0.0,0.25328928,1,0.2
2023-09-29 07:00:00,0.0,0.1419846,0,0.2
2023-09-29 08:00:00,0.0,0.13037938,0,0.2
2023-09-29 09:00:00,0.0,0.21085423,1,0.2
2023-09-29 10:00:00,0.0,0.18561803,0,0.2
2023-09-29 11:00:00,0.0,0.227076,1,0.2
2023-09-29 12:00:00,0.0,0.3986231,1,0.2
2023-09-29 13:00:00,0.0,0.45787737,1,0.2
2023-09-29 14:00:00,0.0,0.7094158,1,0.2
2023-09-29 15:00:00,1.0,0.7718832,1,0.2
2023-09-29 16:00:00,0.0,0.6187453,1,0.2
2023-09-29 17:00:00,0.0,0.52218765,1,0.2
2023-09-29 18:00:00,0.0,0.5103813,1,0.2
2023-09-29 19:00:00,0.0,0.42579174,1,0.2
2023-09-29 20:00:00,0.0,0.50484926,1,0.2
2023-09-29 21:00:00,0.0,0.5558108,1,0.2
2023-09-29 22:00:00,0.0,0.59332234,1,0.2
2023-09-29 23:00:00,0.0,0.5531411,1,0.2
2023-09-30 00:00:00,0.0,0.5225273,1,0.2
2023-09-30 01:00:00,0.0,0.51670057,1,0.2
2023-09-30 02:00:00,0.0,0.47826487,1,0.2
2023-09-30 03:00:00,0.0,0.5211587,1,0.2
2023-09-30 04:00:00,0.0,0.52904797,1,0.2
2023-09-30 05:00:00,0.0,0.45312172,1,0.2
2023-09-30 06:00:00,0.0,0.3215721,1,0.2
2023-09-30 07:00:00,0.0,0.2154924,1,0.2
2023-09-30 08:00:00,0.0,0.1945266,0,0.2
2023-09-30 09:00:00,0.0,0.22313869,1,0.2
2023-09-30 10:00:00,0.0,0.32096216,1,0.2
2023-09-30 11:00:00,0.0,0.45806697,1,0.2
2023-09-30 12:00:00,0.0,0.6222047,1,0.2
2023-09-30 13:00:00,0.0,0.64563316,1,0.2
2023-09-30 14:00:00,0.0,0.7222908,1,0.2
2023-09-30 15:00:00,1.0,0.6776808,1,0.2
2023-09-30 16:00:00,0.0,0.42598754,1,0.2
2023-09-30 17:00:00,0.0,0.26330224,1,0.2
2023-09-30 18:00:00,0.0,0.25268298,1,0.2
2023-09-30 19:00:00,0.0,0.26532835,1,0.2
2023-09-30 20:00:00,0.0,0.35915297,1,0.2
2023-09-30 21:00:00,0.0,0.48568627,1,0.2
2023-09-30 22:00:00,0.0,0.6609781,1,0.2
2023-09-30 23:00:00,0.0,0.5811271,1,0.2
2023-10-01 00:00:00,0.0,0.4179029,1,0.2
2023-10-01 01:00:00,0.0,0.39890832,1,0.2
2023-10-01 02:00:00,0.0,0.35953873,1,0.2
2023-10-01 03:00:00,0.0,0.28187937,1,0.2
2023-10-01 04:00:00,0.0,0.34785149,1,0.2
2023-10-01 05:00:00,0.0,0.22029963,1,0.2
2023-10-01 06:00:00,0.0,0.19436708,0,0.2
2023-10-01 07:00:00,0.0,0.15482828,0,0.2
2023-10-01 08:00:00,0.0,0.13024329,0,0.2
2023-10-01 09:00:00,0.0,0.16119878,0,0.2
2023-10-01 10:00:00,0.0,0.23769537,1,0.2
2023-10-01 11:00:00,0.0,0.2245292,1,0.2
2023-10-01 12:00:00,0.0,0.4137934,1,0.2
2023-10-01 13:00:00,0.0,0.45043764,1,0.2
2023-10-01 14:00:00,1.0,0.7270929,1,0.2
2023-10-01 15:00:00,0.0,0.52216846,1,0.2
2023-10-01 16:00:00,0.0,0.52706534,1,0.2
2023-10-01 17:00:00,0.0,0.2923552,1,0.2
2023-10-01 18:00:00,0.0,0.13434568,0,0.2
2023-10-01 19:00:00,0.0,0.15660128,0,0.2
2023-10-01 20:00:00,0.0,0.26858538,1,0.2
2023-10-01 21:00:00,0.0,0.25609416,1,0.2
2023-10-01 22:00:00,0.0,0.39772993,1,0.2
2023-10-01 23:00:00,0.0,0.37356797,1,0.2
2023-10-02 00:00:00,0.0,0.41135302,1,0.2
2023-10-02 01:00:00,0.0,0.38028267,1,0.2
2023-10-02 02:00:00,0.0,0.3438966,1,0.2
2023-10-02 03:00:00,0.0,0.274595,1,0.2
2023-10-02 04:00:00,0.0,0.2948128,1,0.2
2023-10-02 05:00:00,0.0,0.21337162,1,0.2
2023-10-02 06:00:00,0.0,0.25716275,1,0.2
2023-10-02 07:00:00,0.0,0.15442073,0,0.2
2023-10-02 08:00:00,0.0,0.09981844,0,0.2
2023-10-02 09:00:00,0.0,0.082697906,0,0.2
2023-10-02 10:00:00,0.0,0.13291594,0,0.2
2023-10-02 11:00:00,0.0,0.122405306,0,0.2
2023-10-02 12:00:00,0.0,0.21526043,1,0.2
2023-10-02 13:00:00,0.0,0.40285933,1,0.2
2023-10-02 14:00:00,0.0,0.48237497,1,0.2
2023-10-02 15:00:00,0.0,0.39328298,1,0.2
2023-10-02 16:00:00,0.0,0.4064234,1,0.2
2023-10-02 17:00:00,0.0,0.14826787,0,0.2
2023-10-02 18:00:00,0.0,0.07149127,0,0.2
2023-10-02 19:00:00,0.0,0.09188656,0,0.2
2023-10-02 20:00:00,0.0,0.11825151,0,0.2
2023-10-02 21:00:00,0.0,0.22307797,1,0.2
2023-10-02 22:00:00,0.0,0.26704794,1,0.2
2023-10-02 23:00:00,0.0,0.32332042,1,0.2
2023-10-03 00:00:00,0.0,0.31630555,1,0.2
2023-10-03 01:00:00,0.0,0.29362258,1,0.2
2023-10-03 02:00:00,0.0,0.30480394,1,0.2
2023-10-03 03:00:00,0.0,0.33738467,1,0.2
2023-10-03 04:00:00,0.0,0.17726806,0,0.2
2023-10-03 05:00:00,0.0,0.17914917,0,0.2
2023-10-03 06:00:00,0.0,0.40735608,1,0.2
2023-10-03 07:00:00,0.0,0.1583189,0,0.2
2023-10-03 08:00:00,0.0,0.118726574,0,0.2
2023-10-03 09:00:00,0.0,0.13833526,0,0.2
2023-10-03 10:00:00,0.0,0.12391316,0,0.2
2023-10-03 11:00:00,0.0,0.04612301,0,0.2
2023-10-03 12:00:00,0.0,0.115790926,0,0.2
2023-10-03 13:00:00,0.0,0.29950014,1,0.2
2023-10-03 14:00:00,0.0,0.57205707,1,0.2
2023-10-03 15:00:00,0.0,0.5496827,1,0.2
2023-10-03 16:00:00,1.0,0.22724935,1,0.2
2023-10-03 17:00:00,0.0,0.0924687,0,0.2
2023-10-03 18:00:00,1.0,0.051342793,0,0.2
2023-10-03 19:00:00,1.0,0.02694459,0,0.2
2023-10-03 20:00:00,0.0,0.050594185,0,0.2
2023-10-03 21:00:00,0.0,0.0776104,0,0.2
2023-10-03 22:00:00,0.0,0.10751679,0,0.2
2023-10-03 23:00:00,0.0,0.20054558,1,0.2
2023-10-04 00:00:00,0.0,0.31477782,1,0.2
2023-10-04 01:00:00,0.0,0.33090293,1,0.2
2023-10-04 02:00:00,0.0,0.39399865,1,0.2
2023-10-04 03:00:00,0.0,0.44756597,1,0.2
2023-10-04 04:00:00,0.0,0.3559137,1,0.2
2023-10-04 05:00:00,0.0,0.26092774,1,0.2
2023-10-04 06:00:00,0.0,0.2122643,1,0.2
2023-10-04 07:00:00,0.0,0.14881673,0,0.2
2023-10-04 08:00:00,0.0,0.13233319,0,0.2
2023-10-04 09:00:00,0.0,0.084421396,0,0.2
2023-10-04 10:00:00,0.0,0.115412764,0,0.2
2023-10-04 11:00:00,0.0,0.16661099,0,0.2
2023-10-04 12:00:00,0.0,0.26197594,1,0.2
2023-10-04 13:00:00,0.0,0.44515368,1,0.2
2023-10-04 14:00:00,0.0,0.20100565,1,0.2
2023-10-04 15:00:00,1.0,0.24125533,1,0.2
2023-10-04 16:00:00,1.0,0.3659174,1,0.2
2023-10-04 17:00:00,0.0,0.25656047,1,0.2
2023-10-04 18:00:00,0.0,0.08686963,0,0.2
2023-10-04 19:00:00,0.0,0.31113487,1,0.2
2023-10-04 20:00:00,0.0,0.13333131,0,0.2
2023-10-04 21:00:00,0.0,0.074595466,0,0.2
2023-10-04 22:00:00,0.0,0.19715339,0,0.2
2023-10-04 23:00:00,0.0,0.4408961,1,0.2
2023-10-05 00:00:00,0.0,0.28624532,1,0.2
2023-10-05 01:00:00,0.0,0.266997,1,0.2
2023-10-05 02:00:00,0.0,0.29288235,1,0.2
2023-10-05 03:00:00,0.0,0.2934472,1,0.2
2023-10-05 04:00:00,0.0,0.1916949,0,0.2
2023-10-05 05:00:00,0.0,0.18035878,0,0.2
2023-10-05 06:00:00,0.0,0.17410795,0,0.2
2023-10-05 07:00:00,0.0,0.2151963,1,0.2
2023-10-05 08:00:00,0.0,0.10497615,0,0.2
2023-10-05 09:00:00,0.0,0.07576547,0,0.2
2023-10-05 10:00:00,0.0,0.08159087,0,0.2
2023-10-05 11:00:00,0.0,0.10519801,0,0.2
2023-10-05 12:00:00,0.0,0.1828812,0,0.2
2023-10-05 13:00:00,0.0,0.38905278,1,0.2
2023-10-05 14:00:00,1.0,0.37772524,1,0.2
2023-10-05 15:00:00,1.0,0.27850673,1,0.2
2023-10-05 16:00:00,0.0,0.43943462,1,0.2
2023-10-05 17:00:00,0.0,0.2142744,1,0.2
2023-10-05 18:00:00,0.0,0.099765174,0,0.2
2023-10-05 19:00:00,0.0,0.26780403,1,0.2
2023-10-05 20:00:00,0.0,0.14757976,0,0.2
2023-10-05 21:00:00,0.0,0.24692078,1,0.2
2023-10-05 22:00:00,0.0,0.5744053,1,0.2
2023-10-05 23:00:00,0.0,0.513323,1,0.2
2023-10-06 00:00:00,0.0,0.32025307,1,0.2
2023-10-06 01:00:00,0.0,0.24629487,1,0.2
2023-10-06 02:00:00,0.0,0.24386075,1,0.2
2023-10-06 03:00:00,0.0,0.2841451,1,0.2
2023-10-06 04:00:00,0.0,0.22450759,1,0.2
2023-10-06 05:00:00,0.0,0.19739737,0,0.2
2023-10-06 06:00:00,0.0,0.21207851,1,0.2
2023-10-06 07:00:00,0.0,0.14691602,0,0.2
2023-10-06 08:00:00,0.0,0.3043384,1,0.2
2023-10-06 09:00:00,0.0,0.5764738,1,0.2
2023-10-06 10:00:00,0.0,0.26887238,1,0.2
2023-10-06 11:00:00,0.0,0.096456245,0,0.2
2023-10-06 12:00:00,0.0,0.28576216,1,0.2
2023-10-06 13:00:00,1.0,0.55698824,1,0.2
2023-10-06 14:00:00,1.0,0.62619644,1,0.2
2023-10-06 15:00:00,0.0,0.5363846,1,0.2
2023-10-06 16:00:00,0.0,0.30718973,1,0.2
2023-10-06 17:00:00,0.0,0.122934416,0,0.2
2023-10-06 18:00:00,0.0,0.08872737,0,0.2
2023-10-06 19:00:00,0.0,0.08240785,0,0.2
2023-10-06 20:00:00,0.0,0.22968598,1,0.2
2023-10-06 21:00:00,0.0,0.34453595,1,0.2
2023-10-06 22:00:00,0.0,0.48973098,1,0.2
2023-10-06 23:00:00,0.0,0.5135435,1,0.2
2023-10-07 00:00:00,0.0,0.39650765,1,0.2
2023-10-07 01:00:00,0.0,0.47821596,1,0.2
2023-10-07 02:00:00,0.0,0.42934713,1,0.2
2023-10-07 03:00:00,0.0,0.35853788,1,0.2
2023-10-07 04:00:00,0.0,0.37501445,1,0.2
2023-10-07 05:00:00,0.0,0.5340197,1,0.2
2023-10-07 06:00:00,0.0,0.3047738,1,0.2
2023-10-07 07:00:00,0.0,0.20951536,1,0.2
2023-10-07 08:00:00,0.0,0.19375928,0,0.2
2023-10-07 09:00:00,0.0,0.24010721,1,0.2
2023-10-07 10:00:00,0.0,0.3339891,1,0.2
2023-10-07 11:00:00,0.0,0.58076566,1,0.2
2023-10-07 12:00:00,0.0,0.6655007,1,0.2
2023-10-07 13:00:00,0.0,0.47984874,1,0.2
2023-10-07 14:00:00,0.0,0.66674316,1,0.2
2023-10-07 15:00:00,0.0,0.7349956,1,0.2
2023-10-07 16:00:00,0.0,0.40248004,1,0.2
2023-10-07 17:00:00,0.0,0.10842464,0,0.2
2023-10-07 18:00:00,0.0,0.104049094,0,0.2
2023-10-07 19:00:00,0.0,0.15569824,0,0.2
2023-10-07 20:00:00,0.0,0.1474981,0,0.2
2023-10-07 21:00:00,0.0,0.14145795,0,0.2
2023-10-07 22:00:00,0.0,0.24346986,1,0.2
2023-10-07 23:00:00,0.0,0.37741104,1,0.2
2023-10-08 00:00:00,0.0,0.3473304,1,0.2
2023-10-08 01:00:00,0.0,0.41326848,1,0.2
2023-10-08 02:00:00,0.0,0.5330347,1,0.2
2023-10-08 03:00:00,0.0,0.40456125,1,0.2
2023-10-08 04:00:00,0.0,0.2833828,1,0.2
2023-10-08 05:00:00,0.0,0.21612276,1,0.2
2023-10-08 06:00:00,1.0,0.19002047,0,0.2
2023-10-08 07:00:00,0.0,0.10036554,0,0.2
2023-10-08 08:00:00,0.0,0.18973468,0,0.2
2023-10-08 09:00:00,0.0,0.18012929,0,0.2
2023-10-08 10:00:00,0.0,0.2539932,1,0.2
2023-10-08 11:00:00,0.0,0.448182,1,0.2
2023-10-08 12:00:00,0.0,0.55463094,1,0.2
2023-10-08 13:00:00,1.0,0.57370836,1,0.2
2023-10-08 14:00:00,0.0,0.5528807,1,0.2
2023-10-08 15:00:00,0.0,0.41038752,1,0.2
2023-10-08 16:00:00,0.0,0.1924782,0,0.2
2023-10-08 17:00:00,0.0,0.07175624,0,0.2
2023-10-08 18:00:00,0.0,0.058333322,0,0.2
2023-10-08 19:00:00,0.0,0.059072696,0,0.2
2023-10-08 20:00:00,0.0,0.07148136,0,0.2
2023-10-08 21:00:00,0.0,0.13367073,0,0.2
2023-10-08 22:00:00,0.0,0.06620513,0,0.2
2023-10-08 23:00:00,0.0,0.109188415,0,0.2
2023-10-09 00:00:00,0.0,0.19206868,0,0.2
2023-10-09 01:00:00,0.0,0.16492482,0,0.2
2023-10-09 02:00:00,0.0,0.37590125,1,0.2
2023-10-09 03:00:00,0.0,0.13542832,0,0.2
2023-10-09 04:00:00,0.0,0.19661967,0,0.2
2023-10-09 05:00:00,0.0,0.105457604,0,0.2
2023-10-09 06:00:00,0.0,0.3601236,1,0.2
2023-10-09 07:00:00,0.0,0.1662601,0,0.2
2023-10-09 08:00:00,0.0,0.22433737,1,0.2
2023-10-09 09:00:00,0.0,0.22855668,1,0.2
2023-10-09 10:00:00,0.0,0.3783431,1,0.2
2023-10-09 11:00:00,0.0,0.7140584,1,0.2
2023-10-09 12:00:00,0.0,0.74431926,1,0.2
2023-10-09 13:00:00,0.0,0.82799476,1,0.2
2023-10-09 14:00:00,0.0,0.59323746,1,0.2
2023-10-09 15:00:00,0.0,0.45397666,1,0.2
2023-10-09 16:00:00,0.0,0.29784292,1,0.2
2023-10-09 17:00:00,0.0,0.13212135,0,0.2
2023-10-09 18:00:00,0.0,0.025296682,0,0.2
2023-10-09 19:00:00,0.0,0.033949096,0,0.2
2023-10-09 20:00:00,0.0,0.040984735,0,0.2
2023-10-09 21:00:00,0.0,0.15904129,0,0.2
2023-10-09 22:00:00,0.0,0.20220195,1,0.2
2023-10-09 23:00:00,1.0,0.44075307,1,0.2
2023-10-10 00:00:00,0.0,0.47636816,1,0.2
2023-10-10 01:00:00,0.0,0.5332706,1,0.2
2023-10-10 02:00:00,0.0,0.45002422,1,0.2
2023-10-10 03:00:00,0.0,0.36542836,1,0.2
2023-10-10 04:00:00,0.0,0.31645393,1,0.2
2023-10-10 05:00:00,0.0,0.17943116,0,0.2
2023-10-10 06:00:00,0.0,0.1364127,0,0.2
2023-10-10 07:00:00,0.0,0.09432127,0,0.2
2023-10-10 08:00:00,0.0,0.26663274,1,0.2
2023-10-10 09:00:00,0.0,0.29762006,1,0.2
2023-10-10 10:00:00,0.0,0.6242917,1,0.2
2023-10-10 11:00:00,0.0,0.6029728,1,0.2
2023-10-10 12:00:00,0.0,0.6566296,1,0.2
2023-10-10 13:00:00,0.0,0.6435474,1,0.2
2023-10-10 14:00:00,0.0,0.8001376,1,0.2
2023-10-10 15:00:00,0.0,0.6451119,1,0.2
2023-10-10 16:00:00,0.0,0.3272643,1,0.2
2023-10-10 17:00:00,0.0,0.19872567,0,0.2
2023-10-10 18:00:00,0.0,0.056304183,0,0.2
2023-10-10 19:00:00,0.0,0.096565634,0,0.2
2023-10-10 20:00:00,0.0,0.18465383,0,0.2
2023-10-10 21:00:00,0.0,0.3400052,1,0.2
2023-10-10 22:00:00,0.0,0.23218587,1,0.2
2023-10-10 23:00:00,0.0,0.6676888,1,0.2
2023-10-11 00:00:00,0.0,0.46069342,1,0.2
2023-10-11 01:00:00,0.0,0.47423375,1,0.2
2023-10-11 02:00:00,0.0,0.41522452,1,0.2
2023-10-11 03:00:00,0.0,0.3439091,1,0.2
2023-10-11 04:00:00,0.0,0.16846108,0,0.2
2023-10-11 05:00:00,0.0,0.1164481,0,0.2
2023-10-11 06:00:00,0.0,0.13663392,0,0.2
2023-10-11 07:00:00,0.0,0.25478488,1,0.2
2023-10-11 08:00:00,0.0,0.19742969,0,0.2
2023-10-11 09:00:00,0.0,0.21543194,1,0.2
2023-10-11 10:00:00,0.0,0.365957,1,0.2
2023-10-11 11:00:00,0.0,0.6888417,1,0.2
2023-10-11 12:00:00,0.0,0.68005395,1,0.2
2023-10-11 13:00:00,0.0,0.57184047,1,0.2
2023-10-11 14:00:00,0.0,0.316587,1,0.2
2023-10-11 15:00:00,0.0,0.21097574,1,0.2
2023-10-11 16:00:00,0.0,0.051495966,0,0.2
2023-10-11 17:00:00,0.0,0.033299267,0,0.2
2023-10-11 18:00:00,0.0,0.11691054,0,0.2
2023-10-11 19:00:00,0.0,0.19826382,0,0.2
2023-10-11 20:00:00,0.0,0.20466334,1,0.2
2023-10-11 21:00:00,0.0,0.21566997,1,0.2
2023-10-11 22:00:00,0.0,0.19307688,0,0.2
2023-10-11 23:00:00,0.0,0.31277522,1,0.2
2023-10-12 00:00:00,0.0,0.5916678,1,0.2
2023-10-12 01:00:00,0.0,0.50168145,1,0.2
2023-10-12 02:00:00,0.0,0.3874267,1,0.2
2023-10-12 03:00:00,0.0,0.22642104,1,0.2
2023-10-12 04:00:00,0.0,0.23661853,1,0.2
2023-10-12 05:00:00,0.0,0.18800142,0,0.2
2023-10-12 06:00:00,1.0,0.34160656,1,0.2
2023-10-12 07:00:00,1.0,0.49778387,1,0.2
2023-10-12 08:00:00,1.0,0.5732234,1,0.2
2023-10-12 09:00:00,0.0,0.7101983,1,0.2
2023-10-12 10:00:00,0.0,0.6377725,1,0.2
2023-10-12 11:00:00,0.0,0.66231537,1,0.2
2023-10-12 12:00:00,0.0,0.66401356,1,0.2
2023-10-12 13:00:00,0.0,0.6483293,1,0.2
2023-10-12 14:00:00,0.0,0.64841104,1,0.2
2023-10-12 15:00:00,0.0,0.57252866,1,0.2
2023-10-12 16:00:00,0.0,0.050869424,0,0.2
2023-10-12 17:00:00,0.0,0.11714572,0,0.2
2023-10-12 18:00:00,0.0,0.2501099,1,0.2
2023-10-12 19:00:00,0.0,0.34871456,1,0.2
2023-10-12 20:00:00,0.0,0.507617,1,0.2
2023-10-12 21:00:00,0.0,0.4288757,1,0.2
2023-10-12 22:00:00,0.0,0.4638624,1,0.2
2023-10-12 23:00:00,0.0,0.47970143,1,0.2
2023-10-13 00:00:00,0.0,0.61255074,1,0.2
2023-10-13 01:00:00,0.0,0.65334207,1,0.2
2023-10-13 02:00:00,1.0,0.6196645,1,0.2
2023-10-13 03:00:00,1.0,0.42217752,1,0.2
2023-10-13 04:00:00,1.0,0.43609998,1,0.2
2023-10-13 05:00:00,0.0,0.5597784,1,0.2
2023-10-13 06:00:00,1.0,0.6504764,1,0.2
2023-10-13 07:00:00,1.0,0.85984504,1,0.2
2023-10-13 08:00:00,1.0,0.7623908,1,0.2
2023-10-13 09:00:00,1.0,0.78143257,1,0.2
2023-10-13 10:00:00,0.0,0.6822053,1,0.2
2023-10-13 11:00:00,0.0,0.69756365,1,0.2
2023-10-13 12:00:00,0.0,0.8428775,1,0.2
2023-10-13 13:00:00,0.0,0.87598836,1,0.2
2023-10-13 14:00:00,0.0,0.8556528,1,0.2
2023-10-13 15:00:00,0.0,0.6329667,1,0.2
2023-10-13 16:00:00,0.0,0.2466091,1,0.2
2023-10-13 17:00:00,0.0,0.1492587,0,0.2
2023-10-13 18:00:00,0.0,0.12967154,0,0.2
2023-10-13 19:00:00,0.0,0.28237772,1,0.2
2023-10-13 20:00:00,0.0,0.30462065,1,0.2
2023-10-13 21:00:00,0.0,0.4065038,1,0.2
2023-10-13 22:00:00,0.0,0.47271353,1,0.2
2023-10-13 23:00:00,0.0,0.5389373,1,0.2
2023-10-14 00:00:00,0.0,0.7077747,1,0.2
2023-10-14 01:00:00,0.0,0.70291466,1,0.2
2023-10-14 02:00:00,0.0,0.8408608,1,0.2
2023-10-14 03:00:00,0.0,0.7535707,1,0.2
2023-10-14 04:00:00,1.0,0.5706454,1,0.2
2023-10-14 05:00:00,0.0,0.4846319,1,0.2
2023-10-14 06:00:00,1.0,0.3121225,1,0.2
2023-10-14 07:00:00,1.0,0.60799146,1,0.2
2023-10-14 08:00:00,1.0,0.57098675,1,0.2
2023-10-14 09:00:00,0.0,0.4312032,1,0.2
2023-10-14 10:00:00,0.0,0.75361055,1,0.2
2023-10-14 11:00:00,0.0,0.7153421,1,0.2
2023-10-14 12:00:00,0.0,0.6213014,1,0.2
2023-10-14 13:00:00,0.0,0.670251,1,0.2
2023-10-14 14:00:00,0.0,0.6820439,1,0.2
2023-10-14 15:00:00,0.0,0.7310879,1,0.2
2023-10-14 16:00:00,0.0,0.5680636,1,0.2
2023-10-14 17:00:00,0.0,0.3904813,1,0.2
2023-10-14 18:00:00,0.0,0.18661079,0,0.2
2023-10-14 19:00:00,0.0,0.22009668,1,0.2
2023-10-14 20:00:00,0.0,0.31097558,1,0.2
2023-10-14 21:00:00,0.0,0.30735487,1,0.2
2023-10-14 22:00:00,0.0,0.49823818,1,0.2
2023-10-14 23:00:00,0.0,0.44152233,1,0.2
2023-10-15 00:00:00,0.0,0.5909524,1,0.2
2023-10-15 01:00:00,0.0,0.49838743,1,0.2
2023-10-15 02:00:00,0.0,0.66175485,1,0.2
2023-10-15 03:00:00,0.0,0.63572156,1,0.2
2023-10-15 04:00:00,0.0,0.5803314,1,0.2
2023-10-15 05:00:00,0.0,0.62080723,1,0.2
2023-10-15 06:00:00,1.0,0.741253,1,0.2
2023-10-15 07:00:00,1.0,0.9037146,1,0.2
2023-10-15 08:00:00,1.0,0.88344014,1,0.2
2023-10-15 09:00:00,0.0,0.8878873,1,0.2
2023-10-15 10:00:00,0.0,0.819749,1,0.2
2023-10-15 11:00:00,0.0,0.76970124,1,0.2
2023-10-15 12:00:00,0.0,0.70683825,1,0.2
2023-10-15 13:00:00,0.0,0.8423911,1,0.2
2023-10-15 14:00:00,0.0,0.7779846,1,0.2
2023-10-15 15:00:00,0.0,0.6428773,1,0.2
2023-10-15 16:00:00,0.0,0.5370532,1,0.2
2023-10-15 17:00:00,0.0,0.35855174,1,0.2
2023-10-15 18:00:00,0.0,0.28549516,1,0.2
2023-10-15 19:00:00,0.0,0.28403082,1,0.2
2023-10-15 20:00:00,0.0,0.41768348,1,0.2
2023-10-15 21:00:00,0.0,0.6028984,1,0.2
2023-10-15 22:00:00,0.0,0.7530508,1,0.2
2023-10-15 23:00:00,0.0,0.7595736,1,0.2
2023-10-16 00:00:00,0.0,0.79471827,1,0.2
2023-10-16 01:00:00,0.0,0.7793108,1,0.2
2023-10-16 02:00:00,0.0,0.73637664,1,0.2
2023-10-16 03:00:00,0.0,0.7198266,1,0.2
2023-10-16 04:00:00,0.0,0.78766304,1,0.2
2023-10-16 05:00:00,0.0,0.78106344,1,0.2
2023-10-16 06:00:00,0.0,0.85445327,1,0.2
2023-10-16 07:00:00,0.0,0.69885904,1,0.2
2023-10-16 08:00:00,0.0,0.66806847,1,0.2
2023-10-16 09:00:00,0.0,0.39682847,1,0.2
2023-10-16 10:00:00,0.0,0.44697478,1,0.2
2023-10-16 11:00:00,0.0,0.81157714,1,0.2
2023-10-16 12:00:00,0.0,0.7323445,1,0.2
2023-10-16 13:00:00,0.0,0.6593612,1,0.2
2023-10-16 14:00:00,0.0,0.7174706,1,0.2
2023-10-16 15:00:00,0.0,0.6713615,1,0.2
2023-10-16 16:00:00,0.0,0.53113616,1,0.2
2023-10-16 17:00:00,0.0,0.30808365,1,0.2
2023-10-16 18:00:00,0.0,0.29800978,1,0.2
2023-10-16 19:00:00,0.0,0.46014827,1,0.2
2023-10-16 20:00:00,0.0,0.53214645,1,0.2
2023-10-16 21:00:00,0.0,0.61565083,1,0.2
2023-10-16 22:00:00,0.0,0.70807153,1,0.2
2023-10-16 23:00:00,0.0,0.67885,1,0.2
2023-10-17 00:00:00,0.0,0.60547316,1,0.2
2023-10-17 01:00:00,0.0,0.7085589,1,0.2
2023-10-17 02:00:00,0.0,0.7366781,1,0.2
2023-10-17 03:00:00,0.0,0.57495165,1,0.2
2023-10-17 04:00:00,0.0,0.6492201,1,0.2
2023-10-17 05:00:00,0.0,0.7914572,1,0.2
2023-10-17 06:00:00,0.0,0.7202736,1,0.2
2023-10-17 07:00:00,0.0,0.6317155,1,0.2
2023-10-17 08:00:00,0.0,0.8267026,1,0.2
2023-10-17 09:00:00,0.0,0.73925555,1,0.2
2023-10-17 10:00:00,0.0,0.6483588,1,0.2
2023-10-17 11:00:00,0.0,0.6254588,1,0.2
2023-10-17 12:00:00,0.0,0.6947161,1,0.2
2023-10-17 13:00:00,0.0,0.5989285,1,0.2
2023-10-17 14:00:00,0.0,0.5248327,1,0.2
2023-10-17 15:00:00,0.0,0.4543828,1,0.2
2023-10-17 16:00:00,0.0,0.28951305,1,0.2
2023-10-17 17:00:00,0.0,0.12754221,0,0.2
2023-10-17 18:00:00,0.0,0.13634658,0,0.2
2023-10-17 19:00:00,0.0,0.1336238,0,0.2
2023-10-17 20:00:00,0.0,0.05229109,0,0.2
2023-10-17 21:00:00,0.0,0.07002267,0,0.2
2023-10-17 22:00:00,0.0,0.16412494,0,0.2
2023-10-17 23:00:00,0.0,0.22428459,1,0.2
2023-10-18 00:00:00,0.0,0.57711905,1,0.2
2023-10-18 01:00:00,0.0,0.5510561,1,0.2
2023-10-18 02:00:00,0.0,0.478859,1,0.2
2023-10-18 03:00:00,0.0,0.53608704,1,0.2
2023-10-18 04:00:00,0.0,0.56522155,1,0.2
2023-10-18 05:00:00,0.0,0.45998266,1,0.2
2023-10-18 06:00:00,0.0,0.47686502,1,0.2
2023-10-18 07:00:00,0.0,0.7564565,1,0.2
2023-10-18 08:00:00,0.0,0.5722955,1,0.2
2023-10-18 09:00:00,0.0,0.51505333,1,0.2
2023-10-18 10:00:00,0.0,0.5423403,1,0.2
2023-10-18 11:00:00,0.0,0.6359231,1,0.2
2023-10-18 12:00:00,0.0,0.6449828,1,0.2
2023-10-18 13:00:00,0.0,0.57725865,1,0.2
2023-10-18 14:00:00,0.0,0.7120082,1,0.2
2023-10-18 15:00:00,0.0,0.69076747,1,0.2
2023-10-18 16:00:00,0.0,0.45933664,1,0.2
2023-10-18 17:00:00,0.0,0.20936646,1,0.2
2023-10-18 18:00:00,0.0,0.22936994,1,0.2
2023-10-18 19:00:00,0.0,0.2528928,1,0.2
2023-10-18 20:00:00,0.0,0.28432578,1,0.2
2023-10-18 21:00:00,0.0,0.22051422,1,0.2
2023-10-18 22:00:00,0.0,0.30182606,1,0.2
2023-10-18 23:00:00,0.0,0.057892997,0,0.2
2023-10-19 00:00:00,0.0,0.1381486,0,0.2
2023-10-19 01:00:00,0.0,0.7009522,1,0.2
2023-10-19 02:00:00,0.0,0.5324553,1,0.2
2023-10-19 03:00:00,0.0,0.33204716,1,0.2
2023-10-19 04:00:00,0.0,0.4237176,1,0.2
2023-10-19 05:00:00,0.0,0.5270542,1,0.2
2023-10-19 06:00:00,0.0,0.3845088,1,0.2
2023-10-19 07:00:00,0.0,0.35653922,1,0.2
2023-10-19 08:00:00,0.0,0.5764657,1,0.2
2023-10-19 09:00:00,0.0,0.7827618,1,0.2
2023-10-19 10:00:00,0.0,0.61467296,1,0.2
2023-10-19 11:00:00,0.0,0.48153344,1,0.2
2023-10-19 12:00:00,0.0,0.40162098,1,0.2
2023-10-19 13:00:00,0.0,0.09502659,0,0.2
2023-10-19 14:00:00,0.0,0.07720035,0,0.2
2023-10-19 15:00:00,0.0,0.039441913,0,0.2
2023-10-19 16:00:00,0.0,0.020981586,0,0.2
2023-10-19 17:00:00,0.0,0.02953585,0,0.2
2023-10-19 18:00:00,0.0,0.17009342,0,0.2
2023-10-19 19:00:00,0.0,0.16031376,0,0.2
2023-10-19 20:00:00,0.0,0.12499344,0,0.2
2023-10-19 21:00:00,0.0,0.11308072,0,0.2
2023-10-19 22:00:00,0.0,0.25468737,1,0.2
2023-10-19 23:00:00,0.0,0.21661597,1,0.2
2023-10-20 00:00:00,0.0,0.4669389,1,0.2
2023-10-20 01:00:00,1.0,0.3694409,1,0.2
2023-10-20 02:00:00,0.0,0.3743395,1,0.2
2023-10-20 03:00:00,0.0,0.40538943,1,0.2
2023-10-20 04:00:00,1.0,0.39212486,1,0.2
2023-10-20 05:00:00,1.0,0.2959517,1,0.2
2023-10-20 06:00:00,1.0,0.214422,1,0.2
2023-10-20 07:00:00,0.0,0.4459952,1,0.2
2023-10-20 08:00:00,0.0,0.7744822,1,0.2
2023-10-20 09:00:00,0.0,0.4470075,1,0.2
2023-10-20 10:00:00,1.0,0.59732807,1,0.2
2023-10-20 11:00:00,0.0,0.5136233,1,0.2
2023-10-20 12:00:00,0.0,0.5409398,1,0.2
2023-10-20 13:00:00,1.0,0.62196726,1,0.2
2023-10-20 14:00:00,1.0,0.626043,1,0.2
2023-10-20 15:00:00,0.0,0.42570844,1,0.2
2023-10-20 16:00:00,0.0,0.22124648,1,0.2
2023-10-20 17:00:00,0.0,0.18317579,0,0.2
2023-10-20 18:00:00,0.0,0.09861084,0,0.2
2023-10-20 19:00:00,0.0,0.07779112,0,0.2
2023-10-20 20:00:00,0.0,0.137207,0,0.2
2023-10-20 21:00:00,0.0,0.19601728,0,0.2
2023-10-20 22:00:00,0.0,0.19403744,0,0.2
2023-10-20 23:00:00,0.0,0.1376649,0,0.2
2023-10-21 00:00:00,0.0,0.43694818,1,0.2
2023-10-21 01:00:00,0.0,0.56729966,1,0.2
2023-10-21 02:00:00,0.0,0.63995624,1,0.2
2023-10-21 03:00:00,0.0,0.644343,1,0.2
2023-10-21 04:00:00,0.0,0.6241385,1,0.2
2023-10-21 05:00:00,0.0,0.77588534,1,0.2
2023-10-21 06:00:00,0.0,0.6813987,1,0.2
2023-10-21 07:00:00,0.0,0.42232952,1,0.2
2023-10-21 08:00:00,1.0,0.46466205,1,0.2
2023-10-21 09:00:00,1.0,0.8232411,1,0.2
2023-10-21 10:00:00,1.0,0.71147037,1,0.2
2023-10-21 11:00:00,0.0,0.6820321,1,0.2
2023-10-21 12:00:00,0.0,0.7542178,1,0.2
2023-10-21 13:00:00,0.0,0.91589516,1,0.2
2023-10-21 14:00:00,1.0,0.90835553,1,0.2
2023-10-21 15:00:00,1.0,0.6812837,1,0.2
2023-10-21 16:00:00,0.0,0.49786493,1,0.2
2023-10-21 17:00:00,0.0,0.37011886,1,0.2
2023-10-21 18:00:00,0.0,0.2544613,1,0.2
2023-10-21 19:00:00,0.0,0.20542619,1,0.2
2023-10-21 20:00:00,0.0,0.3001812,1,0.2
2023-10-21 21:00:00,0.0,0.3373585,1,0.2
2023-10-21 22:00:00,0.0,0.4734001,1,0.2
2023-10-21 23:00:00,0.0,0.51360893,1,0.2
2023-10-22 00:00:00,0.0,0.55005866,1,0.2
2023-10-22 01:00:00,0.0,0.5174235,1,0.2
2023-10-22 02:00:00,0.0,0.51465076,1,0.2
2023-10-22 03:00:00,0.0,0.6468996,1,0.2
2023-10-22 04:00:00,0.0,0.63679564,1,0.2
2023-10-22 05:00:00,0.0,0.42281997,1,0.2
2023-10-22 06:00:00,0.0,0.70597947,1,0.2
2023-10-22 07:00:00,0.0,0.64733785,1,0.2
2023-10-22 08:00:00,0.0,0.49479407,1,0.2
2023-10-22 09:00:00,1.0,0.80102044,1,0.2
2023-10-22 10:00:00,0.0,0.68355906,1,0.2
2023-10-22 11:00:00,0.0,0.59502935,1,0.2
2023-10-22 12:00:00,0.0,0.79096216,1,0.2
2023-10-22 13:00:00,0.0,0.6662859,1,0.2
2023-10-22 14:00:00,0.0,0.81470597,1,0.2
2023-10-22 15:00:00,0.0,0.79560685,1,0.2
2023-10-22 16:00:00,0.0,0.5823273,1,0.2
2023-10-22 17:00:00,0.0,0.3829218,1,0.2
2023-10-22 18:00:00,0.0,0.22369416,1,0.2
2023-10-22 19:00:00,0.0,0.19111682,0,0.2
2023-10-22 20:00:00,0.0,0.23949252,1,0.2
2023-10-22 21:00:00,0.0,0.4074238,1,0.2
2023-10-22 22:00:00,0.0,0.2905855,1,0.2
2023-10-22 23:00:00,0.0,0.38634512,1,0.2
2023-10-23 00:00:00,0.0,0.53181154,1,0.2
2023-10-23 01:00:00,0.0,0.38389963,1,0.2
2023-10-23 02:00:00,0.0,0.27005103,1,0.2
2023-10-23 03:00:00,0.0,0.26487568,1,0.2
2023-10-23 04:00:00,0.0,0.17516077,0,0.2
2023-10-23 05:00:00,0.0,0.24439397,1,0.2
2023-10-23 06:00:00,0.0,0.14993353,0,0.2
2023-10-23 07:00:00,0.0,0.10077284,0,0.2
2023-10-23 08:00:00,0.0,0.30101186,1,0.2
2023-10-23 09:00:00,0.0,0.48852435,1,0.2
2023-10-23 10:00:00,0.0,0.23864977,1,0.2
2023-10-23 11:00:00,0.0,0.1967122,0,0.2
2023-10-23 12:00:00,0.0,0.23780118,1,0.2
2023-10-23 13:00:00,0.0,0.260162,1,0.2
2023-10-23 14:00:00,0.0,0.37009963,1,0.2
2023-10-23 15:00:00,0.0,0.31130135,1,0.2
2023-10-23 16:00:00,0.0,0.10257123,0,0.2
2023-10-23 17:00:00,0.0,0.039987743,0,0.2
2023-10-23 18:00:00,0.0,0.012924324,0,0.2
2023-10-23 19:00:00,0.0,0.04052756,0,0.2
2023-10-23 20:00:00,0.0,0.0820665,0,0.2
2023-10-23 21:00:00,0.0,0.06985223,0,0.2
2023-10-23 22:00:00,0.0,0.16390656,0,0.2
2023-10-23 23:00:00,0.0,0.09421778,0,0.2
2023-10-24 00:00:00,0.0,0.09485527,0,0.2
2023-10-24 01:00:00,0.0,0.07001988,0,0.2
2023-10-24 02:00:00,0.0,0.07699248,0,0.2
2023-10-24 03:00:00,0.0,0.049221814,0,0.2
2023-10-24 04:00:00,0.0,0.067551464,0,0.2
2023-10-24 05:00:00,0.0,0.121739835,0,0.2
2023-10-24 06:00:00,1.0,0.059856568,0,0.2
2023-10-24 07:00:00,0.0,0.19417205,0,0.2
2023-10-24 08:00:00,0.0,0.10678768,0,0.2
2023-10-24 09:00:00,0.0,0.07141071,0,0.2
2023-10-24 10:00:00,0.0,0.027713249,0,0.2
2023-10-24 11:00:00,0.0,0.056889135,0,0.2
2023-10-24 12:00:00,0.0,0.11276361,0,0.2
2023-10-24 13:00:00,0.0,0.10726115,0,0.2
2023-10-24 14:00:00,0.0,0.20819318,1,0.2
2023-10-24 15:00:00,0.0,0.16052783,0,0.2
2023-10-24 16:00:00,0.0,0.05381739,0,0.2
2023-10-24 17:00:00,0.0,0.03168724,0,0.2
2023-10-24 18:00:00,0.0,0.007948594,0,0.2
2023-10-24 19:00:00,0.0,0.010584956,0,0.2
2023-10-24 20:00:00,0.0,0.029366378,0,0.2
2023-10-24 21:00:00,0.0,0.06691903,0,0.2
2023-10-24 22:00:00,0.0,0.099713795,0,0.2
2023-10-24 23:00:00,0.0,0.0829905,0,0.2
2023-10-25 00:00:00,0.0,0.059180863,0,0.2
2023-10-25 01:00:00,0.0,0.06444112,0,0.2
2023-10-25 02:00:00,0.0,0.045775805,0,0.2
2023-10-25 03:00:00,0.0,0.051958445,0,0.2
2023-10-25 04:00:00,0.0,0.023562394,0,0.2
2023-10-25 05:00:00,0.0,0.020902451,0,0.2
2023-10-25 06:00:00,1.0,0.12644732,0,0.2
2023-10-25 07:00:00,1.0,0.17256698,0,0.2
2023-10-25 08:00:00,0.0,0.13309419,0,0.2
2023-10-25 09:00:00,0.0,0.13871539,0,0.2
2023-10-25 10:00:00,0.0,0.11482908,0,0.2
2023-10-25 11:00:00,0.0,0.16636641,0,0.2
2023-10-25 12:00:00,0.0,0.1617699,0,0.2
2023-10-25 13:00:00,0.0,0.16986191,0,0.2
2023-10-25 14:00:00,0.0,0.07950605,0,0.2
2023-10-25 15:00:00,0.0,0.044007365,0,0.2
2023-10-25 16:00:00,0.0,0.022707712,0,0.2
2023-10-25 17:00:00,0.0,0.017318888,0,0.2
2023-10-25 18:00:00,0.0,0.008874597,0,0.2
2023-10-25 19:00:00,0.0,0.006038609,0,0.2
2023-10-25 20:00:00,0.0,0.008804594,0,0.2
2023-10-25 21:00:00,0.0,0.15585434,0,0.2
2023-10-25 22:00:00,0.0,0.0625313,0,0.2
2023-10-25 23:00:00,0.0,0.06718681,0,0.2
2023-10-26 00:00:00,0.0,0.1912585,0,0.2
2023-10-26 01:00:00,0.0,0.15234569,0,0.2
2023-10-26 02:00:00,0.0,0.20814157,1,0.2
2023-10-26 03:00:00,0.0,0.090016775,0,0.2
2023-10-26 04:00:00,0.0,0.08875145,0,0.2
2023-10-26 05:00:00,0.0,0.05417896,0,0.2
2023-10-26 06:00:00,1.0,0.3126941,1,0.2
2023-10-26 07:00:00,1.0,0.4108113,1,0.2
2023-10-26 08:00:00,1.0,0.12653936,0,0.2
2023-10-26 09:00:00,1.0,0.23769122,1,0.2
2023-10-26 10:00:00,0.0,0.5442933,1,0.2
2023-10-26 11:00:00,0.0,0.3758929,1,0.2
2023-10-26 12:00:00,0.0,0.53429496,1,0.2
2023-10-26 13:00:00,0.0,0.43013066,1,0.2
2023-10-26 14:00:00,0.0,0.5636817,1,0.2
2023-10-26 15:00:00,0.0,0.37306073,1,0.2
2023-10-26 16:00:00,0.0,0.23539533,1,0.2
2023-10-26 17:00:00,0.0,0.19247529,0,0.2
2023-10-26 18:00:00,0.0,0.22485395,1,0.2
2023-10-26 19:00:00,1.0,0.22906323,1,0.2
2023-10-26 20:00:00,0.0,0.14985652,0,0.2
2023-10-26 21:00:00,0.0,0.15542264,0,0.2
2023-10-26 22:00:00,0.0,0.12950794,0,0.2
2023-10-26 23:00:00,1.0,0.086609185,0,0.2
2023-10-27 00:00:00,1.0,0.12189816,0,0.2
2023-10-27 01:00:00,0.0,0.19126348,0,0.2
2023-10-27 02:00:00,0.0,0.33381754,1,0.2
2023-10-27 03:00:00,0.0,0.55449605,1,0.2
2023-10-27 04:00:00,0.0,0.5174297,1,0.2
2023-10-27 05:00:00,0.0,0.5254252,1,0.2
2023-10-27 06:00:00,0.0,0.7216666,1,0.2
2023-10-27 07:00:00,0.0,0.7743742,1,0.2
2023-10-27 08:00:00,0.0,0.77771324,1,0.2
2023-10-27 09:00:00,1.0,0.80066293,1,0.2
2023-10-27 10:00:00,1.0,0.6965855,1,0.2
2023-10-27 11:00:00,0.0,0.7151263,1,0.2
2023-10-27 12:00:00,0.0,0.7472006,1,0.2
2023-10-27 13:00:00,0.0,0.654219,1,0.2
2023-10-27 14:00:00,0.0,0.6057345,1,0.2
2023-10-27 15:00:00,0.0,0.5512699,1,0.2
2023-10-27 16:00:00,0.0,0.2956261,1,0.2
2023-10-27 17:00:00,0.0,0.21028769,1,0.2
2023-10-27 18:00:00,0.0,0.40827677,1,0.2
2023-10-27 19:00:00,0.0,0.45075542,1,0.2
2023-10-27 20:00:00,0.0,0.40472335,1,0.2
2023-10-27 21:00:00,0.0,0.32751578,1,0.2
2023-10-27 22:00:00,0.0,0.7603607,1,0.2
2023-10-27 23:00:00,0.0,0.8111692,1,0.2
2023-10-28 00:00:00,0.0,0.41355526,1,0.2
2023-10-28 01:00:00,0.0,0.41188037,1,0.2
2023-10-28 02:00:00,0.0,0.4451144,1,0.2
2023-10-28 03:00:00,0.0,0.4175189,1,0.2
2023-10-28 04:00:00,1.0,0.6696713,1,0.2
2023-10-28 05:00:00,1.0,0.44554403,1,0.2
2023-10-28 06:00:00,1.0,0.5220653,1,0.2
2023-10-28 07:00:00,1.0,0.48469317,1,0.2
2023-10-28 08:00:00,1.0,0.8040454,1,0.2
2023-10-28 09:00:00,1.0,0.798858,1,0.2
2023-10-28 10:00:00,0.0,0.68148685,1,0.2
2023-10-28 11:00:00,1.0,0.6120364,1,0.2
2023-10-28 12:00:00,0.0,0.65441537,1,0.2
2023-10-28 13:00:00,0.0,0.5228936,1,0.2
2023-10-28 14:00:00,0.0,0.78181666,1,0.2
2023-10-28 15:00:00,1.0,0.7434093,1,0.2
2023-10-28 16:00:00,1.0,0.64621323,1,0.2
2023-10-28 17:00:00,0.0,0.42413372,1,0.2
2023-10-28 18:00:00,0.0,0.23502636,1,0.2
2023-10-28 19:00:00,1.0,0.3400784,1,0.2
2023-10-28 20:00:00,0.0,0.3601905,1,0.2
2023-10-28 21:00:00,0.0,0.7089921,1,0.2
2023-10-28 22:00:00,0.0,0.5268319,1,0.2
2023-10-28 23:00:00,0.0,0.56445426,1,0.2
2023-10-29 00:00:00,0.0,0.63420165,1,0.2
2023-10-29 01:00:00,0.0,0.77620107,1,0.2
2023-10-29 02:00:00,1.0,0.6696031,1,0.2
2023-10-29 03:00:00,1.0,0.743783,1,0.2
2023-10-29 04:00:00,0.0,0.75714165,1,0.2
2023-10-29 05:00:00,0.0,0.8700254,1,0.2
2023-10-29 06:00:00,1.0,0.8366713,1,0.2
2023-10-29 07:00:00,1.0,0.72585493,1,0.2
2023-10-29 08:00:00,1.0,0.6655838,1,0.2
2023-10-29 09:00:00,1.0,0.84297717,1,0.2
2023-10-29 10:00:00,0.0,0.6484256,1,0.2
2023-10-29 11:00:00,0.0,0.82781476,1,0.2
2023-10-29 12:00:00,0.0,0.6385736,1,0.2
2023-10-29 13:00:00,0.0,0.66170377,1,0.2
2023-10-29 14:00:00,0.0,0.63922966,1,0.2
2023-10-29 15:00:00,0.0,0.7416851,1,0.2
2023-10-29 16:00:00,0.0,0.784538,1,0.2
2023-10-29 17:00:00,0.0,0.45626673,1,0.2
2023-10-29 18:00:00,1.0,0.33040443,1,0.2
2023-10-29 19:00:00,0.0,0.36589608,1,0.2
2023-10-29 20:00:00,0.0,0.6943976,1,0.2
2023-10-29 21:00:00,0.0,0.70545954,1,0.2
2023-10-29 22:00:00,0.0,0.55261827,1,0.2
2023-10-29 23:00:00,0.0,0.76806206,1,0.2
2023-10-30 00:00:00,0.0,0.6033842,1,0.2
2023-10-30 01:00:00,0.0,0.64336675,1,0.2
2023-10-30 02:00:00,0.0,0.74828285,1,0.2
2023-10-30 03:00:00,0.0,0.8196718,1,0.2
2023-10-30 04:00:00,0.0,0.72620416,1,0.2
2023-10-30 05:00:00,0.0,0.5721982,1,0.2
2023-10-30 06:00:00,1.0,0.89566946,1,0.2
2023-10-30 07:00:00,1.0,0.7336379,1,0.2
2023-10-30 08:00:00,0.0,0.72873086,1,0.2
2023-10-30 09:00:00,0.0,0.89461327,1,0.2
2023-10-30 10:00:00,0.0,0.71545357,1,0.2
2023-10-30 11:00:00,0.0,0.80002344,1,0.2
2023-10-30 12:00:00,0.0,0.7458104,1,0.2
2023-10-30 13:00:00,0.0,0.6781208,1,0.2
2023-10-30 14:00:00,0.0,0.73998654,1,0.2
2023-10-30 15:00:00,0.0,0.6576848,1,0.2
2023-10-30 16:00:00,0.0,0.47796223,1,0.2
2023-10-30 17:00:00,0.0,0.375877,1,0.2
2023-10-30 18:00:00,0.0,0.38514325,1,0.2
2023-10-30 19:00:00,0.0,0.64986527,1,0.2
2023-10-30 20:00:00,0.0,0.4620624,1,0.2
2023-10-30 21:00:00,0.0,0.44459718,1,0.2
2023-10-30 22:00:00,0.0,0.49439445,1,0.2
2023-10-30 23:00:00,0.0,0.65885466,1,0.2
2023-10-31 00:00:00,0.0,0.7335355,1,0.2
2023-10-31 01:00:00,0.0,0.61750376,1,0.2
2023-10-31 02:00:00,0.0,0.64622283,1,0.2
2023-10-31 03:00:00,0.0,0.6547387,1,0.2
2023-10-31 04:00:00,0.0,0.631532,1,0.2
2023-10-31 05:00:00,0.0,0.6307006,1,0.2
2023-10-31 06:00:00,0.0,0.7797403,1,0.2
2023-10-31 07:00:00,1.0,0.78540385,1,0.2
2023-10-31 08:00:00,0.0,0.8565065,1,0.2
2023-10-31 09:00:00,1.0,0.54687434,1,0.2
2023-10-31 10:00:00,1.0,0.58556783,1,0.2
2023-10-31 11:00:00,1.0,0.6538876,1,0.2
2023-10-31 12:00:00,1.0,0.7273383,1,0.2
2023-10-31 13:00:00,1.0,0.71013683,1,0.2
2023-10-31 14:00:00,1.0,0.6763984,1,0.2
2023-10-31 15:00:00,1.0,0.7144496,1,0.2
2023-10-31 16:00:00,1.0,0.48808196,1,0.2
2023-10-31 17:00:00,0.0,0.29085064,1,0.2
2023-10-31 18:00:00,0.0,0.38129416,1,0.2
2023-10-31 19:00:00,0.0,0.42288998,1,0.2
2023-10-31 20:00:00,0.0,0.43389022,1,0.2
2023-10-31 21:00:00,0.0,0.4671874,1,0.2
2023-10-31 22:00:00,1.0,0.52909464,1,0.2
2023-10-31 23:00:00,1.0,0.5200037,1,0.2
2023-11-01 00:00:00,0.0,0.53112525,1,0.2
2023-11-01 01:00:00,1.0,0.5938815,1,0.2
2023-11-01 02:00:00,1.0,0.63592947,1,0.2
2023-11-01 03:00:00,0.0,0.7626693,1,0.2
2023-11-01 04:00:00,1.0,0.69504344,1,0.2
2023-11-01 05:00:00,0.0,0.61179495,1,0.2
2023-11-01 06:00:00,1.0,0.76027733,1,0.2
2023-11-01 07:00:00,1.0,0.9033986,1,0.2
2023-11-01 08:00:00,1.0,0.8868159,1,0.2
2023-11-01 09:00:00,1.0,0.8060025,1,0.2
2023-11-01 10:00:00,0.0,0.8972832,1,0.2
2023-11-01 11:00:00,0.0,0.8855629,1,0.2
2023-11-01 12:00:00,1.0,0.89274395,1,0.2
2023-11-01 13:00:00,0.0,0.86902565,1,0.2
2023-11-01 14:00:00,0.0,0.86738384,1,0.2
2023-11-01 15:00:00,0.0,0.81344336,1,0.2
2023-11-01 16:00:00,0.0,0.81204134,1,0.2
2023-11-01 17:00:00,0.0,0.79037756,1,0.2
2023-11-01 18:00:00,1.0,0.658607,1,0.2
2023-11-01 19:00:00,1.0,0.5840382,1,0.2
2023-11-01 20:00:00,0.0,0.5904253,1,0.2
2023-11-01 21:00:00,0.0,0.5527066,1,0.2
2023-11-01 22:00:00,1.0,0.81369233,1,0.2
2023-11-01 23:00:00,0.0,0.83237344,1,0.2
2023-11-02 00:00:00,0.0,0.90000635,1,0.2
2023-11-02 01:00:00,0.0,0.9268091,1,0.2
2023-11-02 02:00:00,0.0,0.9116969,1,0.2
2023-11-02 03:00:00,1.0,0.8629434,1,0.2
2023-11-02 04:00:00,0.0,0.8740814,1,0.2
2023-11-02 05:00:00,1.0,0.88141453,1,0.2
2023-11-02 06:00:00,1.0,0.9140054,1,0.2
2023-11-02 07:00:00,1.0,0.86473924,1,0.2
2023-11-02 08:00:00,1.0,0.86229444,1,0.2
2023-11-02 09:00:00,0.0,0.82981205,1,0.2
2023-11-02 10:00:00,0.0,0.8981314,1,0.2
2023-11-02 11:00:00,0.0,0.91232705,1,0.2
2023-11-02 12:00:00,0.0,0.9025125,1,0.2
2023-11-02 13:00:00,1.0,0.8435697,1,0.2
2023-11-02 14:00:00,0.0,0.87008286,1,0.2
2023-11-02 15:00:00,0.0,0.77053183,1,0.2
2023-11-02 16:00:00,0.0,0.5579784,1,0.2
2023-11-02 17:00:00,0.0,0.48652807,1,0.2
2023-11-02 18:00:00,0.0,0.6601823,1,0.2
2023-11-02 19:00:00,0.0,0.8800392,1,0.2
2023-11-02 20:00:00,1.0,0.7851735,1,0.2
2023-11-02 21:00:00,1.0,0.6720192,1,0.2
2023-11-02 22:00:00,1.0,0.8617774,1,0.2
2023-11-02 23:00:00,1.0,0.9113661,1,0.2
2023-11-03 00:00:00,1.0,0.8720615,1,0.2
2023-11-03 01:00:00,1.0,0.9395183,1,0.2
2023-11-03 02:00:00,1.0,0.93744546,1,0.2
2023-11-03 03:00:00,0.0,0.90005094,1,0.2
2023-11-03 04:00:00,0.0,0.9010449,1,0.2
2023-11-03 05:00:00,1.0,0.90481603,1,0.2
2023-11-03 06:00:00,1.0,0.892451,1,0.2
2023-11-03 07:00:00,1.0,0.9456894,1,0.2
2023-11-03 08:00:00,1.0,0.91245544,1,0.2
2023-11-03 09:00:00,1.0,0.7419762,1,0.2
2023-11-03 10:00:00,1.0,0.7969545,1,0.2
2023-11-03 11:00:00,1.0,0.75418967,1,0.2
2023-11-03 12:00:00,1.0,0.76286966,1,0.2
2023-11-03 13:00:00,0.0,0.88929766,1,0.2
2023-11-03 14:00:00,1.0,0.9087146,1,0.2
2023-11-03 15:00:00,1.0,0.76544654,1,0.2
2023-11-03 16:00:00,1.0,0.6498833,1,0.2
2023-11-03 17:00:00,1.0,0.60221475,1,0.2
2023-11-03 18:00:00,1.0,0.37181792,1,0.2
2023-11-03 19:00:00,1.0,0.7147148,1,0.2
2023-11-03 20:00:00,1.0,0.87434393,1,0.2
2023-11-03 21:00:00,1.0,0.80034775,1,0.2
2023-11-03 22:00:00,1.0,0.8914176,1,0.2
2023-11-03 23:00:00,1.0,0.87410915,1,0.2
2023-11-04 00:00:00,1.0,0.8233854,1,0.2
2023-11-04 01:00:00,0.0,0.68887675,1,0.2
2023-11-04 02:00:00,0.0,0.7181744,1,0.2
2023-11-04 03:00:00,0.0,0.8868097,1,0.2
2023-11-04 04:00:00,0.0,0.840966,1,0.2
2023-11-04 05:00:00,0.0,0.806254,1,0.2
2023-11-04 06:00:00,1.0,0.6905195,1,0.2
2023-11-04 07:00:00,1.0,0.9044778,1,0.2
2023-11-04 08:00:00,1.0,0.86379635,1,0.2
2023-11-04 09:00:00,0.0,0.8819533,1,0.2
2023-11-04 10:00:00,1.0,0.8880327,1,0.2
2023-11-04 11:00:00,1.0,0.8571001,1,0.2
2023-11-04 12:00:00,1.0,0.8668996,1,0.2
2023-11-04 13:00:00,1.0,0.8689472,1,0.2
2023-11-04 14:00:00,1.0,0.9160807,1,0.2
2023-11-04 15:00:00,0.0,0.86798614,1,0.2
2023-11-04 16:00:00,0.0,0.8327748,1,0.2
2023-11-04 17:00:00,0.0,0.7770744,1,0.2
2023-11-04 18:00:00,1.0,0.6886657,1,0.2
2023-11-04 19:00:00,1.0,0.75101626,1,0.2
2023-11-04 20:00:00,1.0,0.7046124,1,0.2
2023-11-04 21:00:00,1.0,0.8705884,1,0.2
2023-11-04 22:00:00,1.0,0.8513782,1,0.2
2023-11-04 23:00:00,1.0,0.7809791,1,0.2
2023-11-05 00:00:00,1.0,0.7953669,1,0.2
2023-11-05 01:00:00,1.0,0.6918838,1,0.2
2023-11-05 02:00:00,0.0,0.743945,1,0.2
2023-11-05 03:00:00,0.0,0.7558023,1,0.2
2023-11-05 04:00:00,0.0,0.5572817,1,0.2
2023-11-05 05:00:00,0.0,0.6109328,1,0.2
2023-11-05 06:00:00,0.0,0.69814515,1,0.2
2023-11-05 07:00:00,1.0,0.6704446,1,0.2
2023-11-05 08:00:00,0.0,0.77701664,1,0.2
2023-11-05 09:00:00,1.0,0.8950945,1,0.2
2023-11-05 10:00:00,1.0,0.8575935,1,0.2
2023-11-05 11:00:00,1.0,0.8210361,1,0.2
2023-11-05 12:00:00,1.0,0.8600395,1,0.2
2023-11-05 13:00:00,1.0,0.83075863,1,0.2
2023-11-05 14:00:00,0.0,0.8011156,1,0.2
2023-11-05 15:00:00,0.0,0.56172526,1,0.2
2023-11-05 16:00:00,0.0,0.37251642,1,0.2
2023-11-05 17:00:00,0.0,0.19943205,0,0.2
2023-11-05 18:00:00,0.0,0.53103507,1,0.2
2023-11-05 19:00:00,1.0,0.40236244,1,0.2
2023-11-05 20:00:00,1.0,0.6053513,1,0.2
2023-11-05 21:00:00,1.0,0.5521658,1,0.2
2023-11-05 22:00:00,1.0,0.6967797,1,0.2
2023-11-05 23:00:00,0.0,0.36596298,1,0.2
2023-11-06 00:00:00,1.0,0.5588848,1,0.2
2023-11-06 01:00:00,0.0,0.699422,1,0.2
2023-11-06 02:00:00,0.0,0.6410197,1,0.2
2023-11-06 03:00:00,0.0,0.41720864,1,0.2
2023-11-06 04:00:00,0.0,0.38745004,1,0.2
2023-11-06 05:00:00,0.0,0.3550226,1,0.2
2023-11-06 06:00:00,0.0,0.3055879,1,0.2
2023-11-06 07:00:00,0.0,0.7945893,1,0.2
2023-11-06 08:00:00,0.0,0.77168256,1,0.2
2023-11-06 09:00:00,0.0,0.7910047,1,0.2
2023-11-06 10:00:00,1.0,0.7688099,1,0.2
2023-11-06 11:00:00,1.0,0.74907005,1,0.2
2023-11-06 12:00:00,1.0,0.8038605,1,0.2
2023-11-06 13:00:00,1.0,0.85224843,1,0.2
2023-11-06 14:00:00,0.0,0.84298384,1,0.2
2023-11-06 15:00:00,0.0,0.78705615,1,0.2
2023-11-06 16:00:00,1.0,0.5744258,1,0.2
2023-11-06 17:00:00,1.0,0.3321586,1,0.2
2023-11-06 18:00:00,1.0,0.7683904,1,0.2
2023-11-06 19:00:00,1.0,0.9069231,1,0.2
2023-11-06 20:00:00,1.0,0.76539576,1,0.2
2023-11-06 21:00:00,1.0,0.7273345,1,0.2
2023-11-06 22:00:00,1.0,0.7644473,1,0.2
2023-11-06 23:00:00,1.0,0.8550274,1,0.2
2023-11-07 00:00:00,1.0,0.8228148,1,0.2
2023-11-07 01:00:00,1.0,0.706155,1,0.2
2023-11-07 02:00:00,1.0,0.7327472,1,0.2
2023-11-07 03:00:00,1.0,0.67620224,1,0.2
2023-11-07 04:00:00,1.0,0.6421574,1,0.2
2023-11-07 05:00:00,0.0,0.54517204,1,0.2
2023-11-07 06:00:00,0.0,0.7156655,1,0.2
2023-11-07 07:00:00,1.0,0.7431377,1,0.2
2023-11-07 08:00:00,0.0,0.8614897,1,0.2
2023-11-07 09:00:00,1.0,0.82102966,1,0.2
2023-11-07 10:00:00,0.0,0.8135823,1,0.2
2023-11-07 11:00:00,1.0,0.8209057,1,0.2
2023-11-07 12:00:00,1.0,0.8517484,1,0.2
2023-11-07 13:00:00,1.0,0.87294656,1,0.2
2023-11-07 14:00:00,0.0,0.78292257,1,0.2
2023-11-07 15:00:00,0.0,0.7526272,1,0.2
2023-11-07 16:00:00,0.0,0.7398298,1,0.2
2023-11-07 17:00:00,0.0,0.694097,1,0.2
2023-11-07 18:00:00,1.0,0.67975485,1,0.2
2023-11-07 19:00:00,1.0,0.63427263,1,0.2
2023-11-07 20:00:00,1.0,0.8308263,1,0.2
2023-11-07 21:00:00,0.0,0.8463405,1,0.2
2023-11-07 22:00:00,0.0,0.8615408,1,0.2
2023-11-07 23:00:00,1.0,0.82846725,1,0.2
2023-11-08 00:00:00,0.0,0.85159737,1,0.2
2023-11-08 01:00:00,0.0,0.9007587,1,0.2
2023-11-08 02:00:00,1.0,0.81153613,1,0.2
2023-11-08 03:00:00,1.0,0.84783405,1,0.2
2023-11-08 04:00:00,1.0,0.8278582,1,0.2
2023-11-08 05:00:00,1.0,0.79581815,1,0.2
2023-11-08 06:00:00,1.0,0.692623,1,0.2
2023-11-08 07:00:00,1.0,0.8578746,1,0.2
2023-11-08 08:00:00,0.0,0.8507197,1,0.2
2023-11-08 09:00:00,0.0,0.85091704,1,0.2
2023-11-08 10:00:00,0.0,0.7832422,1,0.2
2023-11-08 11:00:00,0.0,0.87566483,1,0.2
2023-11-08 12:00:00,1.0,0.8799566,1,0.2
2023-11-08 13:00:00,1.0,0.85869503,1,0.2
2023-11-08 14:00:00,0.0,0.7584202,1,0.2
2023-11-08 15:00:00,0.0,0.68552005,1,0.2
2023-11-08 16:00:00,0.0,0.7032676,1,0.2
2023-11-08 17:00:00,0.0,0.55003375,1,0.2
2023-11-08 18:00:00,0.0,0.33093333,1,0.2
2023-11-08 19:00:00,1.0,0.7548464,1,0.2
2023-11-08 20:00:00,0.0,0.7478127,1,0.2
2023-11-08 21:00:00,1.0,0.48324692,1,0.2
2023-11-08 22:00:00,1.0,0.51852804,1,0.2
2023-11-08 23:00:00,1.0,0.6065085,1,0.2
2023-11-09 00:00:00,1.0,0.6240535,1,0.2
2023-11-09 01:00:00,1.0,0.5934248,1,0.2
2023-11-09 02:00:00,0.0,0.65358615,1,0.2
2023-11-09 03:00:00,0.0,0.7118421,1,0.2
2023-11-09 04:00:00,0.0,0.63582546,1,0.2
2023-11-09 05:00:00,0.0,0.6114908,1,0.2
2023-11-09 06:00:00,0.0,0.6046346,1,0.2
2023-11-09 07:00:00,0.0,0.7121079,1,0.2
2023-11-09 08:00:00,0.0,0.77492255,1,0.2
2023-11-09 09:00:00,0.0,0.62877953,1,0.2
2023-11-09 10:00:00,0.0,0.6325612,1,0.2
2023-11-09 11:00:00,0.0,0.7486792,1,0.2
2023-11-09 12:00:00,0.0,0.8307832,1,0.2
2023-11-09 13:00:00,0.0,0.80982375,1,0.2
2023-11-09 14:00:00,0.0,0.6694997,1,0.2
2023-11-09 15:00:00,0.0,0.5537448,1,0.2
2023-11-09 16:00:00,0.0,0.41789296,1,0.2
2023-11-09 17:00:00,0.0,0.24011064,1,0.2
2023-11-09 18:00:00,0.0,0.43633762,1,0.2
2023-11-09 19:00:00,0.0,0.44439283,1,0.2
2023-11-09 20:00:00,0.0,0.4420488,1,0.2
2023-11-09 21:00:00,0.0,0.6149682,1,0.2
2023-11-09 22:00:00,0.0,0.7673881,1,0.2
2023-11-09 23:00:00,0.0,0.7839884,1,0.2
2023-11-10 00:00:00,0.0,0.5986855,1,0.2
2023-11-10 01:00:00,0.0,0.46712822,1,0.2
2023-11-10 02:00:00,0.0,0.2730973,1,0.2
2023-11-10 03:00:00,0.0,0.17030632,0,0.2
2023-11-10 04:00:00,0.0,0.17792018,0,0.2
2023-11-10 05:00:00,0.0,0.13461156,0,0.2
2023-11-10 06:00:00,0.0,0.28405437,1,0.2
2023-11-10 07:00:00,0.0,0.56523,1,0.2
2023-11-10 08:00:00,0.0,0.67992747,1,0.2
2023-11-10 09:00:00,0.0,0.7272363,1,0.2
2023-11-10 10:00:00,0.0,0.6482232,1,0.2
2023-11-10 11:00:00,0.0,0.5924796,1,0.2
2023-11-10 12:00:00,0.0,0.6039906,1,0.2
2023-11-10 13:00:00,0.0,0.5445002,1,0.2
2023-11-10 14:00:00,0.0,0.40934774,1,0.2
2023-11-10 15:00:00,0.0,0.15569402,0,0.2
2023-11-10 16:00:00,0.0,0.12672453,0,0.2
2023-11-10 17:00:00,0.0,0.11469993,0,0.2
2023-11-10 18:00:00,0.0,0.071003355,0,0.2
2023-11-10 19:00:00,0.0,0.12543686,0,0.2
2023-11-10 20:00:00,0.0,0.20494966,1,0.2
2023-11-10 21:00:00,0.0,0.16035017,0,0.2
2023-11-10 22:00:00,0.0,0.22450532,1,0.2
2023-11-10 23:00:00,0.0,0.47035956,1,0.2
2023-11-11 00:00:00,0.0,0.34768972,1,0.2
2023-11-11 01:00:00,0.0,0.3983333,1,0.2
2023-11-11 02:00:00,0.0,0.49299073,1,0.2
2023-11-11 03:00:00,0.0,0.56448156,1,0.2
2023-11-11 04:00:00,0.0,0.5383168,1,0.2
2023-11-11 05:00:00,0.0,0.5236704,1,0.2
2023-11-11 06:00:00,0.0,0.67538553,1,0.2
2023-11-11 07:00:00,0.0,0.5749859,1,0.2
2023-11-11 08:00:00,0.0,0.6698499,1,0.2
2023-11-11 09:00:00,0.0,0.70687985,1,0.2
2023-11-11 10:00:00,0.0,0.6331937,1,0.2
2023-11-11 11:00:00,0.0,0.6747732,1,0.2
2023-11-11 12:00:00,0.0,0.7314162,1,0.2
2023-11-11 13:00:00,0.0,0.78023183,1,0.2
2023-11-11 14:00:00,0.0,0.7923156,1,0.2
2023-11-11 15:00:00,0.0,0.78360415,1,0.2
2023-11-11 16:00:00,0.0,0.7301289,1,0.2
2023-11-11 17:00:00,0.0,0.6057405,1,0.2
2023-11-11 18:00:00,0.0,0.50568426,1,0.2
2023-11-11 19:00:00,0.0,0.48011556,1,0.2
2023-11-11 20:00:00,0.0,0.50334656,1,0.2
2023-11-11 21:00:00,0.0,0.46287587,1,0.2
2023-11-11 22:00:00,0.0,0.54455984,1,0.2
2023-11-11 23:00:00,0.0,0.5348126,1,0.2
2023-11-12 00:00:00,0.0,0.59368527,1,0.2
2023-11-12 01:00:00,0.0,0.52044654,1,0.2
2023-11-12 02:00:00,0.0,0.6008652,1,0.2
2023-11-12 03:00:00,0.0,0.6748948,1,0.2
2023-11-12 04:00:00,0.0,0.6712,1,0.2
2023-11-12 05:00:00,0.0,0.72619677,1,0.2
2023-11-12 06:00:00,0.0,0.7419317,1,0.2
2023-11-12 07:00:00,0.0,0.621562,1,0.2
2023-11-12 08:00:00,0.0,0.7110647,1,0.2
2023-11-12 09:00:00,0.0,0.7819886,1,0.2
2023-11-12 10:00:00,0.0,0.74022746,1,0.2
2023-11-12 11:00:00,0.0,0.7275293,1,0.2
2023-11-12 12:00:00,0.0,0.73486567,1,0.2
2023-11-12 13:00:00,0.0,0.866688,1,0.2
2023-11-12 14:00:00,0.0,0.8333265,1,0.2
2023-11-12 15:00:00,0.0,0.7765026,1,0.2
2023-11-12 16:00:00,0.0,0.7337655,1,0.2
2023-11-12 17:00:00,0.0,0.68675256,1,0.2
2023-11-12 18:00:00,1.0,0.48402897,1,0.2
2023-11-12 19:00:00,1.0,0.4902731,1,0.2
2023-11-12 20:00:00,0.0,0.5457363,1,0.2
2023-11-12 21:00:00,1.0,0.4629538,1,0.2
2023-11-12 22:00:00,1.0,0.51247114,1,0.2
2023-11-12 23:00:00,1.0,0.5479983,1,0.2
2023-11-13 00:00:00,1.0,0.61839986,1,0.2
2023-11-13 01:00:00,1.0,0.72254133,1,0.2
2023-11-13 02:00:00,1.0,0.79750264,1,0.2
2023-11-13 03:00:00,1.0,0.7907613,1,0.2
2023-11-13 04:00:00,1.0,0.76694185,1,0.2
2023-11-13 05:00:00,1.0,0.7575397,1,0.2
2023-11-13 06:00:00,1.0,0.70127237,1,0.2
2023-11-13 07:00:00,1.0,0.73721427,1,0.2
2023-11-13 08:00:00,1.0,0.7004808,1,0.2
2023-11-13 09:00:00,1.0,0.6394982,1,0.2
2023-11-13 10:00:00,1.0,0.5597456,1,0.2
2023-11-13 11:00:00,1.0,0.5415202,1,0.2
2023-11-13 12:00:00,1.0,0.5380009,1,0.2
2023-11-13 13:00:00,1.0,0.65289277,1,0.2
2023-11-13 14:00:00,1.0,0.6241631,1,0.2
2023-11-13 15:00:00,1.0,0.67947775,1,0.2
2023-11-13 16:00:00,1.0,0.5846906,1,0.2
2023-11-13 17:00:00,1.0,0.64330965,1,0.2
2023-11-13 18:00:00,1.0,0.7584851,1,0.2
2023-11-13 19:00:00,1.0,0.93211967,1,0.2
2023-11-13 20:00:00,1.0,0.8605677,1,0.2
2023-11-13 21:00:00,1.0,0.77236974,1,0.2
2023-11-13 22:00:00,1.0,0.7711725,1,0.2
2023-11-13 23:00:00,1.0,0.8721975,1,0.2
2023-11-14 00:00:00,1.0,0.9063161,1,0.2
2023-11-14 01:00:00,1.0,0.94659793,1,0.2
2023-11-14 02:00:00,1.0,0.94049984,1,0.2
2023-11-14 03:00:00,1.0,0.9388447,1,0.2
2023-11-14 04:00:00,1.0,0.95769584,1,0.2
2023-11-14 05:00:00,1.0,0.9248423,1,0.2
2023-11-14 06:00:00,1.0,0.90937936,1,0.2
2023-11-14 07:00:00,1.0,0.8643977,1,0.2
2023-11-14 08:00:00,1.0,0.84219706,1,0.2
2023-11-14 09:00:00,1.0,0.8280465,1,0.2
2023-11-14 10:00:00,1.0,0.88200617,1,0.2
2023-11-14 11:00:00,1.0,0.91272616,1,0.2
2023-11-14 12:00:00,1.0,0.95602065,1,0.2
2023-11-14 13:00:00,1.0,0.9511285,1,0.2
2023-11-14 14:00:00,1.0,0.94157666,1,0.2
2023-11-14 15:00:00,1.0,0.9279574,1,0.2
2023-11-14 16:00:00,1.0,0.88652426,1,0.2
2023-11-14 17:00:00,0.0,0.8991313,1,0.2
2023-11-14 18:00:00,1.0,0.9549392,1,0.2
2023-11-14 19:00:00,1.0,0.57499593,1,0.2
2023-11-14 20:00:00,1.0,0.8858717,1,0.2
2023-11-14 21:00:00,1.0,0.8558125,1,0.2
2023-11-14 22:00:00,1.0,0.8841128,1,0.2
2023-11-14 23:00:00,1.0,0.8690091,1,0.2
2023-11-15 00:00:00,1.0,0.9117069,1,0.2
2023-11-15 01:00:00,0.0,0.88629925,1,0.2
2023-11-15 02:00:00,0.0,0.9192748,1,0.2
2023-11-15 03:00:00,0.0,0.9533484,1,0.2
2023-11-15 04:00:00,0.0,0.96476895,1,0.2
2023-11-15 05:00:00,0.0,0.9413647,1,0.2
2023-11-15 06:00:00,1.0,0.9438587,1,0.2
2023-11-15 07:00:00,0.0,0.90477395,1,0.2
2023-11-15 08:00:00,0.0,0.94367945,1,0.2
2023-11-15 09:00:00,0.0,0.8974244,1,0.2
2023-11-15 10:00:00,0.0,0.8417221,1,0.2
2023-11-15 11:00:00,0.0,0.9529145,1,0.2
2023-11-15 12:00:00,0.0,0.95964116,1,0.2
2023-11-15 13:00:00,0.0,0.9668009,1,0.2
2023-11-15 14:00:00,0.0,0.95373523,1,0.2
2023-11-15 15:00:00,0.0,0.9374154,1,0.2
2023-11-15 16:00:00,0.0,0.96967643,1,0.2
2023-11-15 17:00:00,0.0,0.94241285,1,0.2
2023-11-15 18:00:00,0.0,0.9624755,1,0.2
2023-11-15 19:00:00,0.0,0.9015647,1,0.2
2023-11-15 20:00:00,0.0,0.85607094,1,0.2
2023-11-15 21:00:00,0.0,0.89971006,1,0.2
2023-11-15 22:00:00,0.0,0.9444664,1,0.2
2023-11-15 23:00:00,0.0,0.95014924,1,0.2
2023-11-16 00:00:00,0.0,0.9065063,1,0.2
2023-11-16 01:00:00,0.0,0.89761144,1,0.2
2023-11-16 02:00:00,0.0,0.8911995,1,0.2
2023-11-16 03:00:00,0.0,0.7672873,1,0.2
2023-11-16 04:00:00,0.0,0.55670226,1,0.2
2023-11-16 05:00:00,0.0,0.6233486,1,0.2
2023-11-16 06:00:00,1.0,0.6962548,1,0.2
2023-11-16 07:00:00,0.0,0.9104527,1,0.2
2023-11-16 08:00:00,0.0,0.8233022,1,0.2
2023-11-16 09:00:00,1.0,0.7847106,1,0.2
2023-11-16 10:00:00,1.0,0.5752504,1,0.2
2023-11-16 11:00:00,1.0,0.4496564,1,0.2
2023-11-16 12:00:00,1.0,0.7841139,1,0.2
2023-11-16 13:00:00,0.0,0.7467401,1,0.2
2023-11-16 14:00:00,0.0,0.7270782,1,0.2
2023-11-16 15:00:00,0.0,0.497079,1,0.2
2023-11-16 16:00:00,0.0,0.18908273,0,0.2
2023-11-16 17:00:00,0.0,0.10553596,0,0.2
2023-11-16 18:00:00,0.0,0.22404888,1,0.2
2023-11-16 19:00:00,0.0,0.3271556,1,0.2
2023-11-16 20:00:00,0.0,0.41942114,1,0.2
2023-11-16 21:00:00,0.0,0.53353596,1,0.2
2023-11-16 22:00:00,0.0,0.6571354,1,0.2
2023-11-16 23:00:00,0.0,0.673545,1,0.2
2023-11-17 00:00:00,0.0,0.6198684,1,0.2
2023-11-17 01:00:00,0.0,0.61387545,1,0.2
2023-11-17 02:00:00,1.0,0.59573096,1,0.2
2023-11-17 03:00:00,1.0,0.70593375,1,0.2
2023-11-17 04:00:00,0.0,0.6216166,1,0.2
2023-11-17 05:00:00,0.0,0.6839143,1,0.2
2023-11-17 06:00:00,0.0,0.86400837,1,0.2
2023-11-17 07:00:00,0.0,0.9000132,1,0.2
2023-11-17 08:00:00,0.0,0.88460374,1,0.2
2023-11-17 09:00:00,0.0,0.86536485,1,0.2
2023-11-17 10:00:00,0.0,0.90929633,1,0.2
2023-11-17 11:00:00,0.0,0.91653186,1,0.2
2023-11-17 12:00:00,0.0,0.9364297,1,0.2
2023-11-17 13:00:00,0.0,0.9198791,1,0.2
2023-11-17 14:00:00,0.0,0.7928202,1,0.2
2023-11-17 15:00:00,0.0,0.6408054,1,0.2
2023-11-17 16:00:00,0.0,0.43066874,1,0.2
2023-11-17 17:00:00,0.0,0.30009285,1,0.2
2023-11-17 18:00:00,1.0,0.48497513,1,0.2
2023-11-17 19:00:00,0.0,0.6125087,1,0.2
2023-11-17 20:00:00,0.0,0.6250426,1,0.2
2023-11-17 21:00:00,0.0,0.6520007,1,0.2
2023-11-17 22:00:00,0.0,0.6531024,1,0.2
2023-11-17 23:00:00,0.0,0.73839027,1,0.2
2023-11-18 00:00:00,0.0,0.75327426,1,0.2
2023-11-18 01:00:00,0.0,0.7981965,1,0.2
2023-11-18 02:00:00,0.0,0.879898,1,0.2
2023-11-18 03:00:00,0.0,0.9287812,1,0.2
2023-11-18 04:00:00,0.0,0.93237376,1,0.2
2023-11-18 05:00:00,0.0,0.91289645,1,0.2
2023-11-18 06:00:00,0.0,0.8877407,1,0.2
2023-11-18 07:00:00,0.0,0.80757385,1,0.2
2023-11-18 08:00:00,0.0,0.85284483,1,0.2
2023-11-18 09:00:00,0.0,0.8439693,1,0.2
2023-11-18 10:00:00,0.0,0.77873826,1,0.2
2023-11-18 11:00:00,0.0,0.8039707,1,0.2
2023-11-18 12:00:00,0.0,0.8923528,1,0.2
2023-11-18 13:00:00,0.0,0.8498747,1,0.2
2023-11-18 14:00:00,0.0,0.82400465,1,0.2
2023-11-18 15:00:00,0.0,0.8369753,1,0.2
2023-11-18 16:00:00,0.0,0.7565984,1,0.2
2023-11-18 17:00:00,0.0,0.673298,1,0.2
2023-11-18 18:00:00,0.0,0.6804916,1,0.2
2023-11-18 19:00:00,0.0,0.75049603,1,0.2
2023-11-18 20:00:00,0.0,0.75672495,1,0.2
2023-11-18 21:00:00,0.0,0.66021127,1,0.2
2023-11-18 22:00:00,0.0,0.7000776,1,0.2
2023-11-18 23:00:00,0.0,0.7146997,1,0.2
2023-11-19 00:00:00,0.0,0.7450934,1,0.2
2023-11-19 01:00:00,0.0,0.76892185,1,0.2
2023-11-19 02:00:00,0.0,0.79441494,1,0.2
2023-11-19 03:00:00,0.0,0.79406947,1,0.2
2023-11-19 04:00:00,0.0,0.7625253,1,0.2
2023-11-19 05:00:00,0.0,0.71037275,1,0.2
2023-11-19 06:00:00,1.0,0.7258166,1,0.2
2023-11-19 07:00:00,1.0,0.86865526,1,0.2
2023-11-19 08:00:00,1.0,0.88840973,1,0.2
2023-11-19 09:00:00,1.0,0.7930589,1,0.2
2023-11-19 10:00:00,1.0,0.73752344,1,0.2
2023-11-19 11:00:00,1.0,0.76422316,1,0.2
2023-11-19 12:00:00,1.0,0.810763,1,0.2
2023-11-19 13:00:00,1.0,0.8344653,1,0.2
2023-11-19 14:00:00,1.0,0.84144485,1,0.2
2023-11-19 15:00:00,1.0,0.8429811,1,0.2
2023-11-19 16:00:00,1.0,0.8189816,1,0.2
2023-11-19 17:00:00,1.0,0.7780901,1,0.2
2023-11-19 18:00:00,1.0,0.6717822,1,0.2
2023-11-19 19:00:00,1.0,0.65786695,1,0.2
2023-11-19 20:00:00,1.0,0.71661866,1,0.2
2023-11-19 21:00:00,1.0,0.6120986,1,0.2
2023-11-19 22:00:00,1.0,0.7764964,1,0.2
2023-11-19 23:00:00,0.0,0.72255886,1,0.2
2023-11-20 00:00:00,1.0,0.7466966,1,0.2
2023-11-20 01:00:00,0.0,0.8044972,1,0.2
2023-11-20 02:00:00,0.0,0.79934347,1,0.2
2023-11-20 03:00:00,0.0,0.80986536,1,0.2
2023-11-20 04:00:00,1.0,0.8011756,1,0.2
2023-11-20 05:00:00,0.0,0.8142016,1,0.2
2023-11-20 06:00:00,1.0,0.91340995,1,0.2
2023-11-20 07:00:00,1.0,0.93933594,1,0.2
2023-11-20 08:00:00,0.0,0.9021766,1,0.2
2023-11-20 09:00:00,1.0,0.89367044,1,0.2
2023-11-20 10:00:00,1.0,0.94902956,1,0.2
2023-11-20 11:00:00,1.0,0.9637024,1,0.2
2023-11-20 12:00:00,0.0,0.9621613,1,0.2
2023-11-20 13:00:00,1.0,0.9705996,1,0.2
2023-11-20 14:00:00,1.0,0.978978,1,0.2
2023-11-20 15:00:00,0.0,0.97911453,1,0.2
2023-11-20 16:00:00,0.0,0.9743533,1,0.2
2023-11-20 17:00:00,0.0,0.9678399,1,0.2
2023-11-20 18:00:00,0.0,0.96659106,1,0.2
2023-11-20 19:00:00,1.0,0.9484166,1,0.2
2023-11-20 20:00:00,1.0,0.9201079,1,0.2
2023-11-20 21:00:00,1.0,0.903132,1,0.2
2023-11-20 22:00:00,1.0,0.83230424,1,0.2
2023-11-20 23:00:00,1.0,0.83326924,1,0.2
2023-11-21 00:00:00,1.0,0.83932996,1,0.2
2023-11-21 01:00:00,1.0,0.87313074,1,0.2
2023-11-21 02:00:00,1.0,0.78536695,1,0.2
2023-11-21 03:00:00,1.0,0.73947686,1,0.2
2023-11-21 04:00:00,1.0,0.7810736,1,0.2
2023-11-21 05:00:00,1.0,0.8272562,1,0.2
2023-11-21 06:00:00,0.0,0.626632,1,0.2
2023-11-21 07:00:00,0.0,0.8708844,1,0.2
2023-11-21 08:00:00,0.0,0.7564022,1,0.2
2023-11-21 09:00:00,1.0,0.7250871,1,0.2
2023-11-21 10:00:00,1.0,0.86037475,1,0.2
2023-11-21 11:00:00,0.0,0.900729,1,0.2
2023-11-21 12:00:00,0.0,0.87663287,1,0.2
2023-11-21 13:00:00,0.0,0.90222484,1,0.2
2023-11-21 14:00:00,0.0,0.85582584,1,0.2
2023-11-21 15:00:00,0.0,0.72147036,1,0.2
2023-11-21 16:00:00,0.0,0.608281,1,0.2
2023-11-21 17:00:00,0.0,0.51556516,1,0.2
2023-11-21 18:00:00,0.0,0.8023002,1,0.2
2023-11-21 19:00:00,0.0,0.8761341,1,0.2
2023-11-21 20:00:00,0.0,0.78630483,1,0.2
2023-11-21 21:00:00,0.0,0.6792304,1,0.2
2023-11-21 22:00:00,0.0,0.62544835,1,0.2
2023-11-21 23:00:00,0.0,0.70048505,1,0.2
2023-11-22 00:00:00,0.0,0.4920063,1,0.2
2023-11-22 01:00:00,0.0,0.5109868,1,0.2
2023-11-22 02:00:00,0.0,0.5567908,1,0.2
2023-11-22 03:00:00,0.0,0.550768,1,0.2
2023-11-22 04:00:00,0.0,0.62812865,1,0.2
2023-11-22 05:00:00,0.0,0.67858523,1,0.2
2023-11-22 06:00:00,1.0,0.42544225,1,0.2
2023-11-22 07:00:00,1.0,0.73990566,1,0.2
2023-11-22 08:00:00,1.0,0.7434651,1,0.2
2023-11-22 09:00:00,1.0,0.70568854,1,0.2
2023-11-22 10:00:00,1.0,0.812617,1,0.2
2023-11-22 11:00:00,1.0,0.7534082,1,0.2
2023-11-22 12:00:00,1.0,0.6638234,1,0.2
2023-11-22 13:00:00,1.0,0.59980905,1,0.2
2023-11-22 14:00:00,1.0,0.6873612,1,0.2
2023-11-22 15:00:00,0.0,0.6238744,1,0.2
2023-11-22 16:00:00,0.0,0.6481795,1,0.2
2023-11-22 17:00:00,0.0,0.32920367,1,0.2
2023-11-22 18:00:00,0.0,0.22771418,1,0.2
2023-11-22 19:00:00,0.0,0.3265195,1,0.2
2023-11-22 20:00:00,0.0,0.4516373,1,0.2
2023-11-22 21:00:00,0.0,0.5804218,1,0.2
2023-11-22 22:00:00,0.0,0.65049493,1,0.2
2023-11-22 23:00:00,0.0,0.65519387,1,0.2
2023-11-23 00:00:00,0.0,0.6529627,1,0.2
2023-11-23 01:00:00,0.0,0.64114255,1,0.2
2023-11-23 02:00:00,0.0,0.80972844,1,0.2
2023-11-23 03:00:00,1.0,0.73892045,1,0.2
2023-11-23 04:00:00,0.0,0.662262,1,0.2
2023-11-23 05:00:00,0.0,0.7373268,1,0.2
2023-11-23 06:00:00,1.0,0.82817525,1,0.2
2023-11-23 07:00:00,1.0,0.8944696,1,0.2
2023-11-23 08:00:00,1.0,0.8417511,1,0.2
2023-11-23 09:00:00,1.0,0.6268316,1,0.2
2023-11-23 10:00:00,1.0,0.83267266,1,0.2
2023-11-23 11:00:00,1.0,0.84495497,1,0.2
2023-11-23 12:00:00,0.0,0.85659933,1,0.2
2023-11-23 13:00:00,0.0,0.89582765,1,0.2
2023-11-23 14:00:00,1.0,0.9079037,1,0.2
2023-11-23 15:00:00,0.0,0.7465004,1,0.2
2023-11-23 16:00:00,0.0,0.55383277,1,0.2
2023-11-23 17:00:00,0.0,0.45457122,1,0.2
2023-11-23 18:00:00,1.0,0.25749052,1,0.2
2023-11-23 19:00:00,1.0,0.3753256,1,0.2
2023-11-23 20:00:00,1.0,0.62431294,1,0.2
2023-11-23 21:00:00,1.0,0.58540994,1,0.2
2023-11-23 22:00:00,1.0,0.6959092,1,0.2
2023-11-23 23:00:00,1.0,0.69981873,1,0.2
2023-11-24 00:00:00,0.0,0.6709562,1,0.2
2023-11-24 01:00:00,1.0,0.74078673,1,0.2
2023-11-24 02:00:00,1.0,0.82380205,1,0.2
2023-11-24 03:00:00,1.0,0.88828397,1,0.2
2023-11-24 04:00:00,1.0,0.8678855,1,0.2
2023-11-24 05:00:00,1.0,0.8577496,1,0.2
2023-11-24 06:00:00,0.0,0.7803126,1,0.2
2023-11-24 07:00:00,0.0,0.7430189,1,0.2
2023-11-24 08:00:00,1.0,0.76463646,1,0.2
2023-11-24 09:00:00,0.0,0.8123277,1,0.2
2023-11-24 10:00:00,0.0,0.78357136,1,0.2
2023-11-24 11:00:00,1.0,0.83066154,1,0.2
2023-11-24 12:00:00,1.0,0.8584679,1,0.2
2023-11-24 13:00:00,0.0,0.8054105,1,0.2
2023-11-24 14:00:00,1.0,0.86022335,1,0.2
2023-11-24 15:00:00,1.0,0.84980977,1,0.2
2023-11-24 16:00:00,0.0,0.6916472,1,0.2
2023-11-24 17:00:00,0.0,0.52574205,1,0.2
2023-11-24 18:00:00,0.0,0.84836674,1,0.2
2023-11-24 19:00:00,0.0,0.8467054,1,0.2
2023-11-24 20:00:00,0.0,0.68475926,1,0.2
2023-11-24 21:00:00,0.0,0.70647347,1,0.2
2023-11-24 22:00:00,0.0,0.62455,1,0.2
2023-11-24 23:00:00,0.0,0.72088253,1,0.2
2023-11-25 00:00:00,0.0,0.6640092,1,0.2
2023-11-25 01:00:00,0.0,0.8131332,1,0.2
2023-11-25 02:00:00,1.0,0.6582433,1,0.2
2023-11-25 03:00:00,1.0,0.77958554,1,0.2
2023-11-25 04:00:00,1.0,0.8212247,1,0.2
2023-11-25 05:00:00,1.0,0.8580088,1,0.2
2023-11-25 06:00:00,1.0,0.78211033,1,0.2
2023-11-25 07:00:00,0.0,0.77323836,1,0.2
2023-11-25 08:00:00,0.0,0.78502464,1,0.2
2023-11-25 09:00:00,1.0,0.5585158,1,0.2
2023-11-25 10:00:00,0.0,0.6438886,1,0.2
2023-11-25 11:00:00,1.0,0.8319929,1,0.2
2023-11-25 12:00:00,1.0,0.80459565,1,0.2
2023-11-25 13:00:00,0.0,0.8191356,1,0.2
2023-11-25 14:00:00,1.0,0.7864505,1,0.2
2023-11-25 15:00:00,0.0,0.7892348,1,0.2
2023-11-25 16:00:00,1.0,0.5732437,1,0.2
2023-11-25 17:00:00,0.0,0.5038475,1,0.2
2023-11-25 18:00:00,1.0,0.6489727,1,0.2
2023-11-25 19:00:00,1.0,0.62176913,1,0.2
2023-11-25 20:00:00,1.0,0.6281047,1,0.2
2023-11-25 21:00:00,0.0,0.60853493,1,0.2
2023-11-25 22:00:00,1.0,0.6366125,1,0.2
2023-11-25 23:00:00,1.0,0.67372364,1,0.2
2023-11-26 00:00:00,1.0,0.68812805,1,0.2
2023-11-26 01:00:00,1.0,0.6630631,1,0.2
2023-11-26 02:00:00,0.0,0.8626844,1,0.2
2023-11-26 03:00:00,0.0,0.8327834,1,0.2
2023-11-26 04:00:00,0.0,0.8879914,1,0.2
2023-11-26 05:00:00,0.0,0.84825915,1,0.2
2023-11-26 06:00:00,1.0,0.8324075,1,0.2
2023-11-26 07:00:00,0.0,0.64682585,1,0.2
2023-11-26 08:00:00,0.0,0.5206917,1,0.2
2023-11-26 09:00:00,0.0,0.74564695,1,0.2
2023-11-26 10:00:00,0.0,0.79296577,1,0.2
2023-11-26 11:00:00,0.0,0.7111675,1,0.2
2023-11-26 12:00:00,0.0,0.84757966,1,0.2
2023-11-26 13:00:00,0.0,0.90008926,1,0.2
2023-11-26 14:00:00,0.0,0.86564755,1,0.2
2023-11-26 15:00:00,0.0,0.83983004,1,0.2
2023-11-26 16:00:00,0.0,0.85522234,1,0.2
2023-11-26 17:00:00,0.0,0.5726927,1,0.2
2023-11-26 18:00:00,0.0,0.8033367,1,0.2
2023-11-26 19:00:00,0.0,0.8087317,1,0.2
2023-11-26 20:00:00,0.0,0.7120883,1,0.2
2023-11-26 21:00:00,0.0,0.73088574,1,0.2
2023-11-26 22:00:00,1.0,0.767048,1,0.2
2023-11-26 23:00:00,0.0,0.87389326,1,0.2
2023-11-27 00:00:00,0.0,0.9115121,1,0.2
2023-11-27 01:00:00,1.0,0.8052308,1,0.2
2023-11-27 02:00:00,1.0,0.71401083,1,0.2
2023-11-27 03:00:00,1.0,0.6997643,1,0.2
2023-11-27 04:00:00,1.0,0.78706574,1,0.2
2023-11-27 05:00:00,0.0,0.8219412,1,0.2
2023-11-27 06:00:00,0.0,0.7270856,1,0.2
2023-11-27 07:00:00,0.0,0.8928984,1,0.2
2023-11-27 08:00:00,0.0,0.82887846,1,0.2
2023-11-27 09:00:00,1.0,0.8209363,1,0.2
2023-11-27 10:00:00,1.0,0.8400273,1,0.2
2023-11-27 11:00:00,0.0,0.8367321,1,0.2
2023-11-27 12:00:00,1.0,0.8366944,1,0.2
2023-11-27 13:00:00,0.0,0.7776979,1,0.2
2023-11-27 14:00:00,1.0,0.6197397,1,0.2
2023-11-27 15:00:00,0.0,0.40542993,1,0.2
2023-11-27 16:00:00,0.0,0.34266478,1,0.2
2023-11-27 17:00:00,0.0,0.23922679,1,0.2
2023-11-27 18:00:00,0.0,0.22795725,1,0.2
2023-11-27 19:00:00,1.0,0.4474899,1,0.2
2023-11-27 20:00:00,1.0,0.50378364,1,0.2
2023-11-27 21:00:00,1.0,0.7053166,1,0.2
2023-11-27 22:00:00,0.0,0.732418,1,0.2
2023-11-27 23:00:00,0.0,0.61400914,1,0.2
2023-11-28 00:00:00,1.0,0.7962442,1,0.2
2023-11-28 01:00:00,0.0,0.81539744,1,0.2
2023-11-28 02:00:00,1.0,0.74702805,1,0.2
2023-11-28 03:00:00,1.0,0.7142727,1,0.2
2023-11-28 04:00:00,0.0,0.7373699,1,0.2
2023-11-28 05:00:00,0.0,0.73789155,1,0.2
2023-11-28 06:00:00,1.0,0.4790321,1,0.2
2023-11-28 07:00:00,0.0,0.53137654,1,0.2
2023-11-28 08:00:00,0.0,0.5500422,1,0.2
2023-11-28 09:00:00,0.0,0.8247255,1,0.2
2023-11-28 10:00:00,1.0,0.890605,1,0.2
2023-11-28 11:00:00,1.0,0.834646,1,0.2
2023-11-28 12:00:00,1.0,0.88695616,1,0.2
2023-11-28 13:00:00,1.0,0.8458516,1,0.2
2023-11-28 14:00:00,1.0,0.85838634,1,0.2
2023-11-28 15:00:00,1.0,0.7615311,1,0.2
2023-11-28 16:00:00,0.0,0.5947291,1,0.2
2023-11-28 17:00:00,1.0,0.5865459,1,0.2
2023-11-28 18:00:00,1.0,0.61987936,1,0.2
2023-11-28 19:00:00,0.0,0.9317398,1,0.2
2023-11-28 20:00:00,1.0,0.8776665,1,0.2
2023-11-28 21:00:00,1.0,0.8930639,1,0.2
2023-11-28 22:00:00,0.0,0.8151321,1,0.2
2023-11-28 23:00:00,0.0,0.6311273,1,0.2
2023-11-29 00:00:00,0.0,0.698625,1,0.2
2023-11-29 01:00:00,0.0,0.71290356,1,0.2
2023-11-29 02:00:00,0.0,0.81306225,1,0.2
2023-11-29 03:00:00,1.0,0.75283426,1,0.2
2023-11-29 04:00:00,1.0,0.739179,1,0.2
2023-11-29 05:00:00,1.0,0.759362,1,0.2
2023-11-29 06:00:00,1.0,0.73186284,1,0.2
2023-11-29 07:00:00,1.0,0.54118234,1,0.2
2023-11-29 08:00:00,1.0,0.76158434,1,0.2
2023-11-29 09:00:00,1.0,0.6985519,1,0.2
2023-11-29 10:00:00,1.0,0.85737723,1,0.2
2023-11-29 11:00:00,1.0,0.8582727,1,0.2
2023-11-29 12:00:00,1.0,0.9018557,1,0.2
2023-11-29 13:00:00,1.0,0.8614844,1,0.2
2023-11-29 14:00:00,0.0,0.8856951,1,0.2
2023-11-29 15:00:00,0.0,0.8475272,1,0.2
2023-11-29 16:00:00,0.0,0.8039453,1,0.2
2023-11-29 17:00:00,0.0,0.79069513,1,0.2
2023-11-29 18:00:00,1.0,0.8236333,1,0.2
2023-11-29 19:00:00,1.0,0.76488274,1,0.2
2023-11-29 20:00:00,1.0,0.8937876,1,0.2
2023-11-29 21:00:00,1.0,0.90481627,1,0.2
2023-11-29 22:00:00,1.0,0.8154698,1,0.2
2023-11-29 23:00:00,0.0,0.8114086,1,0.2
2023-11-30 00:00:00,1.0,0.883315,1,0.2
2023-11-30 01:00:00,1.0,0.7918059,1,0.2
2023-11-30 02:00:00,0.0,0.591965,1,0.2
2023-11-30 03:00:00,0.0,0.5249023,1,0.2
2023-11-30 04:00:00,0.0,0.582335,1,0.2
2023-11-30 05:00:00,0.0,0.7574394,1,0.2
2023-11-30 06:00:00,1.0,0.9111068,1,0.2
2023-11-30 07:00:00,0.0,0.91178626,1,0.2
2023-11-30 08:00:00,1.0,0.88367265,1,0.2
2023-11-30 09:00:00,0.0,0.88069576,1,0.2
2023-11-30 10:00:00,0.0,0.8780095,1,0.2
2023-11-30 11:00:00,1.0,0.91432965,1,0.2
2023-11-30 12:00:00,1.0,0.93755394,1,0.2
2023-11-30 13:00:00,0.0,0.9141213,1,0.2
2023-11-30 14:00:00,0.0,0.8771385,1,0.2
2023-11-30 15:00:00,0.0,0.81784225,1,0.2
2023-11-30 16:00:00,0.0,0.79870117,1,0.2
2023-11-30 17:00:00,0.0,0.86059207,1,0.2
2023-11-30 18:00:00,0.0,0.91674006,1,0.2
2023-11-30 19:00:00,0.0,0.8599928,1,0.2
2023-11-30 20:00:00,0.0,0.79270065,1,0.2
2023-11-30 21:00:00,0.0,0.7927447,1,0.2
2023-11-30 22:00:00,0.0,0.7780465,1,0.2
2023-11-30 23:00:00,0.0,0.6442928,1,0.2
2023-12-01 00:00:00,1.0,0.6990647,1,0.2
2023-12-01 01:00:00,1.0,0.88364816,1,0.2
2023-12-01 02:00:00,0.0,0.8561933,1,0.2
2023-12-01 03:00:00,1.0,0.6569001,1,0.2
2023-12-01 04:00:00,1.0,0.6127589,1,0.2
2023-12-01 05:00:00,0.0,0.6331094,1,0.2
2023-12-01 06:00:00,1.0,0.8325016,1,0.2
2023-12-01 07:00:00,1.0,0.8847245,1,0.2
2023-12-01 08:00:00,1.0,0.844746,1,0.2
2023-12-01 09:00:00,1.0,0.84024554,1,0.2
2023-12-01 10:00:00,1.0,0.69436246,1,0.2
2023-12-01 11:00:00,1.0,0.8497712,1,0.2
2023-12-01 12:00:00,1.0,0.8286574,1,0.2
2023-12-01 13:00:00,1.0,0.6934274,1,0.2
2023-12-01 14:00:00,1.0,0.558716,1,0.2
2023-12-01 15:00:00,1.0,0.56798786,1,0.2
2023-12-01 16:00:00,1.0,0.44702688,1,0.2
2023-12-01 17:00:00,1.0,0.328854,1,0.2
2023-12-01 18:00:00,1.0,0.49726087,1,0.2
2023-12-01 19:00:00,1.0,0.49675956,1,0.2
2023-12-01 20:00:00,1.0,0.43952513,1,0.2
2023-12-01 21:00:00,1.0,0.5201729,1,0.2
2023-12-01 22:00:00,1.0,0.48759863,1,0.2
2023-12-01 23:00:00,1.0,0.78922623,1,0.2
2023-12-02 00:00:00,1.0,0.8696847,1,0.2
2023-12-02 01:00:00,1.0,0.83146894,1,0.2
2023-12-02 02:00:00,1.0,0.7961392,1,0.2
2023-12-02 03:00:00,1.0,0.67764306,1,0.2
2023-12-02 04:00:00,1.0,0.82652247,1,0.2
2023-12-02 05:00:00,1.0,0.88958496,1,0.2
2023-12-02 06:00:00,1.0,0.8886577,1,0.2
2023-12-02 07:00:00,1.0,0.92116696,1,0.2
2023-12-02 08:00:00,1.0,0.89601153,1,0.2
2023-12-02 09:00:00,1.0,0.91754293,1,0.2
2023-12-02 10:00:00,1.0,0.91630685,1,0.2
2023-12-02 11:00:00,1.0,0.9361172,1,0.2
2023-12-02 12:00:00,1.0,0.9166164,1,0.2
2023-12-02 13:00:00,1.0,0.90917534,1,0.2
2023-12-02 14:00:00,1.0,0.89514625,1,0.2
2023-12-02 15:00:00,1.0,0.8593139,1,0.2
2023-12-02 16:00:00,1.0,0.9354252,1,0.2
2023-12-02 17:00:00,1.0,0.93271494,1,0.2
2023-12-02 18:00:00,1.0,0.9263918,1,0.2
2023-12-02 19:00:00,1.0,0.91470075,1,0.2
2023-12-02 20:00:00,1.0,0.95775235,1,0.2
2023-12-02 21:00:00,1.0,0.9586185,1,0.2
2023-12-02 22:00:00,1.0,0.96736634,1,0.2
2023-12-02 23:00:00,1.0,0.9412373,1,0.2
2023-12-03 00:00:00,1.0,0.96528214,1,0.2
2023-12-03 01:00:00,1.0,0.96064484,1,0.2
2023-12-03 02:00:00,1.0,0.9567403,1,0.2
2023-12-03 03:00:00,1.0,0.96447176,1,0.2
2023-12-03 04:00:00,1.0,0.9793967,1,0.2
2023-12-03 05:00:00,1.0,0.98078704,1,0.2
2023-12-03 06:00:00,1.0,0.95092213,1,0.2
2023-12-03 07:00:00,1.0,0.9546886,1,0.2
2023-12-03 08:00:00,1.0,0.9668046,1,0.2
2023-12-03 09:00:00,1.0,0.98891276,1,0.2
2023-12-03 10:00:00,1.0,0.98370093,1,0.2
2023-12-03 11:00:00,1.0,0.9794693,1,0.2
2023-12-03 12:00:00,1.0,0.9348908,1,0.2
2023-12-03 13:00:00,1.0,0.90210795,1,0.2
2023-12-03 14:00:00,1.0,0.9470592,1,0.2
2023-12-03 15:00:00,1.0,0.9091903,1,0.2
2023-12-03 16:00:00,1.0,0.9351691,1,0.2
2023-12-03 17:00:00,1.0,0.95387506,1,0.2
2023-12-03 18:00:00,1.0,0.95076495,1,0.2
2023-12-03 19:00:00,1.0,0.9541068,1,0.2
2023-12-03 20:00:00,1.0,0.94939816,1,0.2
2023-12-03 21:00:00,1.0,0.9472525,1,0.2
2023-12-03 22:00:00,1.0,0.9395685,1,0.2
2023-12-03 23:00:00,1.0,0.88651234,1,0.2
2023-12-04 00:00:00,1.0,0.8847874,1,0.2
2023-12-04 01:00:00,1.0,0.7847144,1,0.2
2023-12-04 02:00:00,1.0,0.66792786,1,0.2
2023-12-04 03:00:00,1.0,0.62470156,1,0.2
2023-12-04 04:00:00,0.0,0.6066182,1,0.2
2023-12-04 05:00:00,0.0,0.6355948,1,0.2
2023-12-04 06:00:00,0.0,0.48426092,1,0.2
2023-12-04 07:00:00,0.0,0.5173531,1,0.2
2023-12-04 08:00:00,0.0,0.45407084,1,0.2
2023-12-04 09:00:00,0.0,0.31891286,1,0.2
2023-12-04 10:00:00,0.0,0.2832079,1,0.2
2023-12-04 11:00:00,0.0,0.30730185,1,0.2
2023-12-04 12:00:00,0.0,0.38803536,1,0.2
2023-12-04 13:00:00,0.0,0.2567699,1,0.2
2023-12-04 14:00:00,0.0,0.3208815,1,0.2
2023-12-04 15:00:00,0.0,0.24636987,1,0.2
2023-12-04 16:00:00,0.0,0.2499284,1,0.2
2023-12-04 17:00:00,0.0,0.2614511,1,0.2
2023-12-04 18:00:00,0.0,0.42727906,1,0.2
2023-12-04 19:00:00,0.0,0.54141605,1,0.2
2023-12-04 20:00:00,0.0,0.68227035,1,0.2
2023-12-04 21:00:00,0.0,0.59690034,1,0.2
2023-12-04 22:00:00,0.0,0.6820161,1,0.2
2023-12-04 23:00:00,0.0,0.68156016,1,0.2
2023-12-05 00:00:00,0.0,0.67606586,1,0.2
2023-12-05 01:00:00,0.0,0.77383536,1,0.2
2023-12-05 02:00:00,0.0,0.7344965,1,0.2
2023-12-05 03:00:00,0.0,0.75981826,1,0.2
2023-12-05 04:00:00,0.0,0.5038418,1,0.2
2023-12-05 05:00:00,0.0,0.49406716,1,0.2
2023-12-05 06:00:00,1.0,0.566479,1,0.2
2023-12-05 07:00:00,1.0,0.6125358,1,0.2
2023-12-05 08:00:00,1.0,0.6123936,1,0.2
2023-12-05 09:00:00,0.0,0.548761,1,0.2
2023-12-05 10:00:00,0.0,0.51883495,1,0.2
2023-12-05 11:00:00,0.0,0.7142975,1,0.2
2023-12-05 12:00:00,0.0,0.33738947,1,0.2
2023-12-05 13:00:00,0.0,0.29755127,1,0.2
2023-12-05 14:00:00,1.0,0.29944474,1,0.2
2023-12-05 15:00:00,1.0,0.48096406,1,0.2
2023-12-05 16:00:00,1.0,0.4143126,1,0.2
2023-12-05 17:00:00,0.0,0.29352942,1,0.2
2023-12-05 18:00:00,0.0,0.1232755,0,0.2
2023-12-05 19:00:00,1.0,0.16494712,0,0.2
2023-12-05 20:00:00,1.0,0.16697471,0,0.2
2023-12-05 21:00:00,0.0,0.08851188,0,0.2
2023-12-05 22:00:00,0.0,0.10790686,0,0.2
2023-12-05 23:00:00,0.0,0.13159147,0,0.2
2023-12-06 00:00:00,0.0,0.09488238,0,0.2
2023-12-06 01:00:00,0.0,0.16515723,0,0.2
2023-12-06 02:00:00,0.0,0.40381053,1,0.2
2023-12-06 03:00:00,1.0,0.24384445,1,0.2
2023-12-06 04:00:00,0.0,0.38581085,1,0.2
2023-12-06 05:00:00,0.0,0.2863815,1,0.2
2023-12-06 06:00:00,1.0,0.3219656,1,0.2
2023-12-06 07:00:00,1.0,0.46575287,1,0.2
2023-12-06 08:00:00,1.0,0.47882384,1,0.2
2023-12-06 09:00:00,0.0,0.6485773,1,0.2
2023-12-06 10:00:00,0.0,0.5981509,1,0.2
2023-12-06 11:00:00,0.0,0.6670731,1,0.2
2023-12-06 12:00:00,0.0,0.4279007,1,0.2
2023-12-06 13:00:00,1.0,0.5574114,1,0.2
2023-12-06 14:00:00,1.0,0.76872593,1,0.2
2023-12-06 15:00:00,0.0,0.55505437,1,0.2
2023-12-06 16:00:00,0.0,0.40950412,1,0.2
2023-12-06 17:00:00,0.0,0.28700876,1,0.2
2023-12-06 18:00:00,1.0,0.15251447,0,0.2
2023-12-06 19:00:00,1.0,0.20937982,1,0.2
2023-12-06 20:00:00,0.0,0.14902258,0,0.2
2023-12-06 21:00:00,1.0,0.10106008,0,0.2
2023-12-06 22:00:00,0.0,0.09089847,0,0.2
2023-12-06 23:00:00,0.0,0.1381229,0,0.2
2023-12-07 00:00:00,0.0,0.1938026,0,0.2
2023-12-07 01:00:00,1.0,0.13626058,0,0.2
2023-12-07 02:00:00,0.0,0.20629252,1,0.2
2023-12-07 03:00:00,0.0,0.6176446,1,0.2
2023-12-07 04:00:00,0.0,0.5709841,1,0.2
2023-12-07 05:00:00,0.0,0.091921374,0,0.2
2023-12-07 06:00:00,0.0,0.32416517,1,0.2
2023-12-07 07:00:00,0.0,0.5939175,1,0.2
2023-12-07 08:00:00,0.0,0.5287834,1,0.2
2023-12-07 09:00:00,0.0,0.544576,1,0.2
2023-12-07 10:00:00,0.0,0.32804227,1,0.2
2023-12-07 11:00:00,0.0,0.24356881,1,0.2
2023-12-07 12:00:00,0.0,0.35748476,1,0.2
2023-12-07 13:00:00,0.0,0.41234192,1,0.2
2023-12-07 14:00:00,1.0,0.6916128,1,0.2
2023-12-07 15:00:00,0.0,0.53287643,1,0.2
2023-12-07 16:00:00,0.0,0.29298905,1,0.2
2023-12-07 17:00:00,0.0,0.191618,0,0.2
2023-12-07 18:00:00,0.0,0.3571693,1,0.2
2023-12-07 19:00:00,0.0,0.35922524,1,0.2
2023-12-07 20:00:00,0.0,0.6219187,1,0.2
2023-12-07 21:00:00,0.0,0.5311776,1,0.2
2023-12-07 22:00:00,0.0,0.40048435,1,0.2
2023-12-07 23:00:00,0.0,0.29134884,1,0.2
2023-12-08 00:00:00,0.0,0.14441314,0,0.2
2023-12-08 01:00:00,0.0,0.4325584,1,0.2
2023-12-08 02:00:00,0.0,0.39201036,1,0.2
2023-12-08 03:00:00,0.0,0.22787076,1,0.2
2023-12-08 04:00:00,0.0,0.21112615,1,0.2
2023-12-08 05:00:00,0.0,0.12979428,0,0.2
2023-12-08 06:00:00,0.0,0.25763646,1,0.2
2023-12-08 07:00:00,0.0,0.46971747,1,0.2
2023-12-08 08:00:00,0.0,0.44409066,1,0.2
2023-12-08 09:00:00,0.0,0.46248344,1,0.2
2023-12-08 10:00:00,0.0,0.4052685,1,0.2
2023-12-08 11:00:00,0.0,0.5659063,1,0.2
2023-12-08 12:00:00,0.0,0.4387837,1,0.2
2023-12-08 13:00:00,0.0,0.4503472,1,0.2
2023-12-08 14:00:00,0.0,0.6447343,1,0.2
2023-12-08 15:00:00,0.0,0.65316325,1,0.2
2023-12-08 16:00:00,0.0,0.50156415,1,0.2
2023-12-08 17:00:00,0.0,0.23960255,1,0.2
2023-12-08 18:00:00,0.0,0.13944678,0,0.2
2023-12-08 19:00:00,0.0,0.18815063,0,0.2
2023-12-08 20:00:00,0.0,0.25064054,1,0.2
2023-12-08 21:00:00,0.0,0.30436528,1,0.2
2023-12-08 22:00:00,0.0,0.37672454,1,0.2
2023-12-08 23:00:00,0.0,0.52623373,1,0.2
2023-12-09 00:00:00,0.0,0.48554885,1,0.2
2023-12-09 01:00:00,0.0,0.37974238,1,0.2
2023-12-09 02:00:00,0.0,0.43916255,1,0.2
2023-12-09 03:00:00,0.0,0.5561018,1,0.2
2023-12-09 04:00:00,0.0,0.60607344,1,0.2
2023-12-09 05:00:00,0.0,0.70393395,1,0.2
2023-12-09 06:00:00,0.0,0.64340603,1,0.2
2023-12-09 07:00:00,0.0,0.60643196,1,0.2
2023-12-09 08:00:00,0.0,0.5902919,1,0.2
2023-12-09 09:00:00,0.0,0.67885727,1,0.2
2023-12-09 10:00:00,0.0,0.80902994,1,0.2
2023-12-09 11:00:00,0.0,0.68759763,1,0.2
2023-12-09 12:00:00,0.0,0.53098255,1,0.2
2023-12-09 13:00:00,0.0,0.5729471,1,0.2
2023-12-09 14:00:00,0.0,0.45604685,1,0.2
2023-12-09 15:00:00,0.0,0.3576127,1,0.2
2023-12-09 16:00:00,0.0,0.25791022,1,0.2
2023-12-09 17:00:00,0.0,0.2855393,1,0.2
2023-12-09 18:00:00,0.0,0.37765306,1,0.2
2023-12-09 19:00:00,0.0,0.3400596,1,0.2
2023-12-09 20:00:00,0.0,0.41150805,1,0.2
2023-12-09 21:00:00,0.0,0.389268,1,0.2
2023-12-09 22:00:00,0.0,0.43832207,1,0.2
2023-12-09 23:00:00,0.0,0.4201197,1,0.2
2023-12-10 00:00:00,0.0,0.46291235,1,0.2
2023-12-10 01:00:00,0.0,0.4636296,1,0.2
2023-12-10 02:00:00,0.0,0.37032446,1,0.2
2023-12-10 03:00:00,0.0,0.39564428,1,0.2
2023-12-10 04:00:00,0.0,0.43138504,1,0.2
2023-12-10 05:00:00,0.0,0.44827655,1,0.2
2023-12-10 06:00:00,0.0,0.4661599,1,0.2
2023-12-10 07:00:00,0.0,0.45223722,1,0.2
2023-12-10 08:00:00,0.0,0.4846217,1,0.2
2023-12-10 09:00:00,0.0,0.43974122,1,0.2
2023-12-10 10:00:00,0.0,0.2895261,1,0.2
2023-12-10 11:00:00,0.0,0.47230777,1,0.2
2023-12-10 12:00:00,0.0,0.49164903,1,0.2
2023-12-10 13:00:00,0.0,0.43094933,1,0.2
2023-12-10 14:00:00,0.0,0.3569576,1,0.2
2023-12-10 15:00:00,0.0,0.34850666,1,0.2
2023-12-10 16:00:00,0.0,0.30226782,1,0.2
2023-12-10 17:00:00,0.0,0.25280944,1,0.2
2023-12-10 18:00:00,0.0,0.14997378,0,0.2
2023-12-10 19:00:00,0.0,0.27062607,1,0.2
2023-12-10 20:00:00,0.0,0.42104384,1,0.2
2023-12-10 21:00:00,0.0,0.4313017,1,0.2
2023-12-10 22:00:00,0.0,0.46220315,1,0.2
2023-12-10 23:00:00,0.0,0.48853254,1,0.2
2023-12-11 00:00:00,0.0,0.4365487,1,0.2
2023-12-11 01:00:00,0.0,0.45160422,1,0.2
2023-12-11 02:00:00,0.0,0.40875694,1,0.2
2023-12-11 03:00:00,0.0,0.41212976,1,0.2
2023-12-11 04:00:00,0.0,0.49002713,1,0.2
2023-12-11 05:00:00,0.0,0.51058507,1,0.2
2023-12-11 06:00:00,0.0,0.5236854,1,0.2
2023-12-11 07:00:00,0.0,0.5477211,1,0.2
2023-12-11 08:00:00,1.0,0.39970276,1,0.2
2023-12-11 09:00:00,1.0,0.40931952,1,0.2
2023-12-11 10:00:00,1.0,0.7366004,1,0.2
2023-12-11 11:00:00,0.0,0.75585175,1,0.2
2023-12-11 12:00:00,0.0,0.7264609,1,0.2
2023-12-11 13:00:00,0.0,0.65189224,1,0.2
2023-12-11 14:00:00,0.0,0.63551646,1,0.2
2023-12-11 15:00:00,0.0,0.48990768,1,0.2
2023-12-11 16:00:00,0.0,0.36482143,1,0.2
2023-12-11 17:00:00,0.0,0.34983516,1,0.2
2023-12-11 18:00:00,0.0,0.23962653,1,0.2
2023-12-11 19:00:00,0.0,0.34341675,1,0.2
2023-12-11 20:00:00,0.0,0.5458026,1,0.2
2023-12-11 21:00:00,0.0,0.5531732,1,0.2
2023-12-11 22:00:00,0.0,0.5908263,1,0.2
2023-12-11 23:00:00,0.0,0.6594798,1,0.2
2023-12-12 00:00:00,0.0,0.62396437,1,0.2
2023-12-12 01:00:00,0.0,0.61757207,1,0.2
2023-12-12 02:00:00,0.0,0.5849937,1,0.2
2023-12-12 03:00:00,0.0,0.611726,1,0.2
2023-12-12 04:00:00,0.0,0.5764564,1,0.2
2023-12-12 05:00:00,0.0,0.47361404,1,0.2
2023-12-12 06:00:00,0.0,0.46249473,1,0.2
2023-12-12 07:00:00,0.0,0.53438175,1,0.2
2023-12-12 08:00:00,0.0,0.6754705,1,0.2
2023-12-12 09:00:00,0.0,0.71539897,1,0.2
2023-12-12 10:00:00,0.0,0.72217166,1,0.2
2023-12-12 11:00:00,0.0,0.7426625,1,0.2
2023-12-12 12:00:00,0.0,0.49189004,1,0.2
2023-12-12 13:00:00,0.0,0.51220286,1,0.2
2023-12-12 14:00:00,0.0,0.3877511,1,0.2
2023-12-12 15:00:00,0.0,0.31901246,1,0.2
2023-12-12 16:00:00,0.0,0.27092865,1,0.2
2023-12-12 17:00:00,0.0,0.31063494,1,0.2
2023-12-12 18:00:00,0.0,0.17325442,0,0.2
2023-12-12 19:00:00,0.0,0.13409896,0,0.2
2023-12-12 20:00:00,0.0,0.16370946,0,0.2
2023-12-12 21:00:00,0.0,0.2006496,1,0.2
2023-12-12 22:00:00,0.0,0.14743046,0,0.2
2023-12-12 23:00:00,0.0,0.1928398,0,0.2
2023-12-13 00:00:00,0.0,0.21423133,1,0.2
2023-12-13 01:00:00,0.0,0.05800274,0,0.2
2023-12-13 02:00:00,0.0,0.25002468,1,0.2
2023-12-13 03:00:00,0.0,0.26362413,1,0.2
2023-12-13 04:00:00,0.0,0.2889147,1,0.2
2023-12-13 05:00:00,0.0,0.2821199,1,0.2
2023-12-13 06:00:00,0.0,0.2943629,1,0.2
2023-12-13 07:00:00,0.0,0.4187189,1,0.2
2023-12-13 08:00:00,0.0,0.5867294,1,0.2
2023-12-13 09:00:00,0.0,0.6413144,1,0.2
2023-12-13 10:00:00,0.0,0.67373973,1,0.2
2023-12-13 11:00:00,0.0,0.73936397,1,0.2
2023-12-13 12:00:00,0.0,0.33622503,1,0.2
2023-12-13 13:00:00,0.0,0.3905559,1,0.2
2023-12-13 14:00:00,0.0,0.3804454,1,0.2
2023-12-13 15:00:00,0.0,0.34465432,1,0.2
2023-12-13 16:00:00,0.0,0.27024463,1,0.2
2023-12-13 17:00:00,0.0,0.17590971,0,0.2
2023-12-13 18:00:00,0.0,0.12601049,0,0.2
2023-12-13 19:00:00,1.0,0.14950465,0,0.2
2023-12-13 20:00:00,0.0,0.24554293,1,0.2
2023-12-13 21:00:00,0.0,0.25285155,1,0.2
2023-12-13 22:00:00,0.0,0.21784206,1,0.2
2023-12-13 23:00:00,0.0,0.22026585,1,0.2
2023-12-14 00:00:00,0.0,0.339894,1,0.2
2023-12-14 01:00:00,0.0,0.2161086,1,0.2
2023-12-14 02:00:00,0.0,0.39932603,1,0.2
2023-12-14 03:00:00,0.0,0.14616999,0,0.2
2023-12-14 04:00:00,1.0,0.3930776,1,0.2
2023-12-14 05:00:00,0.0,0.285022,1,0.2
2023-12-14 06:00:00,0.0,0.22284123,1,0.2
2023-12-14 07:00:00,1.0,0.18696901,0,0.2
2023-12-14 08:00:00,0.0,0.306939,1,0.2
2023-12-14 09:00:00,1.0,0.46656328,1,0.2
2023-12-14 10:00:00,1.0,0.23650262,1,0.2
2023-12-14 11:00:00,1.0,0.122012876,0,0.2
2023-12-14 12:00:00,1.0,0.03497514,0,0.2
2023-12-14 13:00:00,1.0,0.3189734,1,0.2
2023-12-14 14:00:00,1.0,0.6168641,1,0.2
2023-12-14 15:00:00,1.0,0.48717445,1,0.2
2023-12-14 16:00:00,0.0,0.4800837,1,0.2
2023-12-14 17:00:00,1.0,0.4772285,1,0.2
2023-12-14 18:00:00,0.0,0.39082572,1,0.2
2023-12-14 19:00:00,0.0,0.5260788,1,0.2
2023-12-14 20:00:00,0.0,0.5010877,1,0.2
2023-12-14 21:00:00,1.0,0.41406068,1,0.2
2023-12-14 22:00:00,0.0,0.37462822,1,0.2
2023-12-14 23:00:00,0.0,0.3413231,1,0.2
2023-12-15 00:00:00,1.0,0.49257886,1,0.2
2023-12-15 01:00:00,1.0,0.49407145,1,0.2
2023-12-15 02:00:00,1.0,0.6368732,1,0.2
2023-12-15 03:00:00,0.0,0.7737206,1,0.2
2023-12-15 04:00:00,1.0,0.84026456,1,0.2
2023-12-15 05:00:00,0.0,0.8126733,1,0.2
2023-12-15 06:00:00,1.0,0.8564327,1,0.2
2023-12-15 07:00:00,1.0,0.8300341,1,0.2
2023-12-15 08:00:00,1.0,0.77516586,1,0.2
2023-12-15 09:00:00,1.0,0.862119,1,0.2
2023-12-15 10:00:00,1.0,0.86994225,1,0.2
2023-12-15 11:00:00,0.0,0.7448115,1,0.2
2023-12-15 12:00:00,0.0,0.6601872,1,0.2
2023-12-15 13:00:00,0.0,0.81835127,1,0.2
2023-12-15 14:00:00,0.0,0.9135698,1,0.2
2023-12-15 15:00:00,0.0,0.8646878,1,0.2
2023-12-15 16:00:00,0.0,0.8075205,1,0.2
2023-12-15 17:00:00,0.0,0.51050377,1,0.2
2023-12-15 18:00:00,0.0,0.30164343,1,0.2
2023-12-15 19:00:00,0.0,0.24622485,1,0.2
2023-12-15 20:00:00,0.0,0.2287429,1,0.2
2023-12-15 21:00:00,0.0,0.21607721,1,0.2
2023-12-15 22:00:00,1.0,0.2944054,1,0.2
2023-12-15 23:00:00,0.0,0.29922447,1,0.2
2023-12-16 00:00:00,1.0,0.51019186,1,0.2
2023-12-16 01:00:00,0.0,0.6338244,1,0.2
2023-12-16 02:00:00,1.0,0.71090585,1,0.2
2023-12-16 03:00:00,1.0,0.7119894,1,0.2
2023-12-16 04:00:00,1.0,0.8151944,1,0.2
2023-12-16 05:00:00,0.0,0.82555354,1,0.2
2023-12-16 06:00:00,0.0,0.77603996,1,0.2
2023-12-16 07:00:00,1.0,0.78852546,1,0.2
2023-12-16 08:00:00,1.0,0.7047482,1,0.2
2023-12-16 09:00:00,0.0,0.7390931,1,0.2
2023-12-16 10:00:00,0.0,0.72410995,1,0.2
2023-12-16 11:00:00,0.0,0.6414104,1,0.2
2023-12-16 12:00:00,0.0,0.5539578,1,0.2
2023-12-16 13:00:00,0.0,0.52651536,1,0.2
2023-12-16 14:00:00,0.0,0.34854382,1,0.2
2023-12-16 15:00:00,0.0,0.37371564,1,0.2
2023-12-16 16:00:00,0.0,0.25028154,1,0.2
2023-12-16 17:00:00,0.0,0.22283061,1,0.2
2023-12-16 18:00:00,0.0,0.29239833,1,0.2
2023-12-16 19:00:00,0.0,0.3186349,1,0.2
2023-12-16 20:00:00,0.0,0.38097495,1,0.2
2023-12-16 21:00:00,0.0,0.2622327,1,0.2
2023-12-16 22:00:00,0.0,0.5203084,1,0.2
2023-12-16 23:00:00,0.0,0.56926215,1,0.2
2023-12-17 00:00:00,0.0,0.69813925,1,0.2
2023-12-17 01:00:00,0.0,0.6580994,1,0.2
2023-12-17 02:00:00,0.0,0.779322,1,0.2
2023-12-17 03:00:00,0.0,0.83379865,1,0.2
2023-12-17 04:00:00,0.0,0.8077766,1,0.2
2023-12-17 05:00:00,0.0,0.6022087,1,0.2
2023-12-17 06:00:00,0.0,0.50404495,1,0.2
2023-12-17 07:00:00,0.0,0.7549716,1,0.2
2023-12-17 08:00:00,0.0,0.84799916,1,0.2
2023-12-17 09:00:00,0.0,0.7876969,1,0.2
2023-12-17 10:00:00,0.0,0.7410835,1,0.2
2023-12-17 11:00:00,0.0,0.75170684,1,0.2
2023-12-17 12:00:00,1.0,0.54751354,1,0.2
2023-12-17 13:00:00,0.0,0.38400397,1,0.2
2023-12-17 14:00:00,0.0,0.6393639,1,0.2
2023-12-17 15:00:00,0.0,0.6871115,1,0.2
2023-12-17 16:00:00,0.0,0.65057206,1,0.2
2023-12-17 17:00:00,0.0,0.31319314,1,0.2
2023-12-17 18:00:00,0.0,0.24746354,1,0.2
2023-12-17 19:00:00,0.0,0.32275286,1,0.2
2023-12-17 20:00:00,0.0,0.5234075,1,0.2
2023-12-17 21:00:00,0.0,0.52057076,1,0.2
2023-12-17 22:00:00,0.0,0.480086,1,0.2
2023-12-17 23:00:00,0.0,0.45100105,1,0.2
2023-12-18 00:00:00,0.0,0.46898946,1,0.2
2023-12-18 01:00:00,0.0,0.39529288,1,0.2
2023-12-18 02:00:00,0.0,0.5830481,1,0.2
2023-12-18 03:00:00,0.0,0.654988,1,0.2
2023-12-18 04:00:00,0.0,0.6686142,1,0.2
2023-12-18 05:00:00,0.0,0.67422473,1,0.2
2023-12-18 06:00:00,0.0,0.81344265,1,0.2
2023-12-18 07:00:00,0.0,0.7763817,1,0.2
2023-12-18 08:00:00,0.0,0.7843293,1,0.2
2023-12-18 09:00:00,0.0,0.7613337,1,0.2
2023-12-18 10:00:00,0.0,0.589202,1,0.2
2023-12-18 11:00:00,0.0,0.54544896,1,0.2
2023-12-18 12:00:00,0.0,0.37173557,1,0.2
2023-12-18 13:00:00,0.0,0.35939622,1,0.2
2023-12-18 14:00:00,0.0,0.5072817,1,0.2
2023-12-18 15:00:00,0.0,0.49635354,1,0.2
2023-12-18 16:00:00,0.0,0.38726488,1,0.2
2023-12-18 17:00:00,0.0,0.38656443,1,0.2
2023-12-18 18:00:00,0.0,0.21782419,1,0.2
2023-12-18 19:00:00,0.0,0.31042424,1,0.2
2023-12-18 20:00:00,0.0,0.26841423,1,0.2
2023-12-18 21:00:00,0.0,0.3642977,1,0.2
2023-12-18 22:00:00,0.0,0.3943749,1,0.2
2023-12-18 23:00:00,0.0,0.4468919,1,0.2
2023-12-19 00:00:00,0.0,0.56047934,1,0.2
2023-12-19 01:00:00,0.0,0.4893074,1,0.2
2023-12-19 02:00:00,0.0,0.4987844,1,0.2
2023-12-19 03:00:00,0.0,0.22004832,1,0.2
2023-12-19 04:00:00,0.0,0.24843358,1,0.2
2023-12-19 05:00:00,0.0,0.36831793,1,0.2
2023-12-19 06:00:00,0.0,0.35334837,1,0.2
2023-12-19 07:00:00,0.0,0.3803896,1,0.2
2023-12-19 08:00:00,0.0,0.43491057,1,0.2
2023-12-19 09:00:00,0.0,0.31432974,1,0.2
2023-12-19 10:00:00,0.0,0.23783478,1,0.2
2023-12-19 11:00:00,0.0,0.19729103,0,0.2
2023-12-19 12:00:00,0.0,0.11423811,0,0.2
2023-12-19 13:00:00,0.0,0.08361909,0,0.2
2023-12-19 14:00:00,0.0,0.29659316,1,0.2
2023-12-19 15:00:00,0.0,0.3428985,1,0.2
2023-12-19 16:00:00,0.0,0.19874531,0,0.2
2023-12-19 17:00:00,0.0,0.24760334,1,0.2
2023-12-19 18:00:00,0.0,0.32137445,1,0.2
2023-12-19 19:00:00,0.0,0.24598615,1,0.2
2023-12-19 20:00:00,0.0,0.23372333,1,0.2
2023-12-19 21:00:00,0.0,0.24209598,1,0.2
2023-12-19 22:00:00,0.0,0.24094392,1,0.2
2023-12-19 23:00:00,0.0,0.24521767,1,0.2
2023-12-20 00:00:00,0.0,0.35344386,1,0.2
2023-12-20 01:00:00,0.0,0.31246108,1,0.2
2023-12-20 02:00:00,0.0,0.26229137,1,0.2
2023-12-20 03:00:00,0.0,0.44176823,1,0.2
2023-12-20 04:00:00,0.0,0.36744165,1,0.2
2023-12-20 05:00:00,0.0,0.5962791,1,0.2
2023-12-20 06:00:00,0.0,0.77763814,1,0.2
2023-12-20 07:00:00,0.0,0.67270124,1,0.2
2023-12-20 08:00:00,0.0,0.73910743,1,0.2
2023-12-20 09:00:00,0.0,0.6757753,1,0.2
2023-12-20 10:00:00,0.0,0.72758055,1,0.2
2023-12-20 11:00:00,0.0,0.71659917,1,0.2
2023-12-20 12:00:00,0.0,0.6377208,1,0.2
2023-12-20 13:00:00,0.0,0.5842868,1,0.2
2023-12-20 14:00:00,0.0,0.6594662,1,0.2
2023-12-20 15:00:00,0.0,0.6099231,1,0.2
2023-12-20 16:00:00,0.0,0.55427665,1,0.2
2023-12-20 17:00:00,0.0,0.40589392,1,0.2
2023-12-20 18:00:00,0.0,0.3657857,1,0.2
2023-12-20 19:00:00,0.0,0.38518634,1,0.2
2023-12-20 20:00:00,0.0,0.45614436,1,0.2
2023-12-20 21:00:00,0.0,0.41527268,1,0.2
2023-12-20 22:00:00,0.0,0.25415826,1,0.2
2023-12-20 23:00:00,0.0,0.3148218,1,0.2
2023-12-21 00:00:00,0.0,0.33638087,1,0.2
2023-12-21 01:00:00,0.0,0.36733946,1,0.2
2023-12-21 02:00:00,0.0,0.45388278,1,0.2
2023-12-21 03:00:00,0.0,0.50356275,1,0.2
2023-12-21 04:00:00,0.0,0.49495417,1,0.2
2023-12-21 05:00:00,0.0,0.41587782,1,0.2
2023-12-21 06:00:00,0.0,0.52747166,1,0.2
2023-12-21 07:00:00,0.0,0.48591465,1,0.2
2023-12-21 08:00:00,0.0,0.52959365,1,0.2
2023-12-21 09:00:00,0.0,0.44728917,1,0.2
2023-12-21 10:00:00,0.0,0.42870578,1,0.2
2023-12-21 11:00:00,0.0,0.4672556,1,0.2
2023-12-21 12:00:00,0.0,0.45210415,1,0.2
2023-12-21 13:00:00,0.0,0.4157447,1,0.2
2023-12-21 14:00:00,0.0,0.36718678,1,0.2
2023-12-21 15:00:00,0.0,0.16971633,0,0.2
2023-12-21 16:00:00,0.0,0.18515141,0,0.2
2023-12-21 17:00:00,0.0,0.099374406,0,0.2
2023-12-21 18:00:00,0.0,0.06393832,0,0.2
2023-12-21 19:00:00,0.0,0.10859485,0,0.2
2023-12-21 20:00:00,0.0,0.094926715,0,0.2
2023-12-21 21:00:00,0.0,0.18178487,0,0.2
2023-12-21 22:00:00,0.0,0.27590826,1,0.2
2023-12-21 23:00:00,0.0,0.112062134,0,0.2
2023-12-22 00:00:00,0.0,0.0687687,0,0.2
2023-12-22 01:00:00,0.0,0.067349195,0,0.2
2023-12-22 02:00:00,0.0,0.06897745,0,0.2
2023-12-22 03:00:00,0.0,0.08156914,0,0.2
2023-12-22 04:00:00,0.0,0.10333985,0,0.2
2023-12-22 05:00:00,0.0,0.14486733,0,0.2
2023-12-22 06:00:00,0.0,0.2241908,1,0.2
2023-12-22 07:00:00,0.0,0.33848616,1,0.2
2023-12-22 08:00:00,0.0,0.60717356,1,0.2
2023-12-22 09:00:00,0.0,0.40434358,1,0.2
2023-12-22 10:00:00,0.0,0.31667352,1,0.2
2023-12-22 11:00:00,0.0,0.22522205,1,0.2
2023-12-22 12:00:00,0.0,0.2255706,1,0.2
2023-12-22 13:00:00,0.0,0.14689443,0,0.2
2023-12-22 14:00:00,0.0,0.23567393,1,0.2
2023-12-22 15:00:00,0.0,0.24409594,1,0.2
2023-12-22 16:00:00,0.0,0.2990715,1,0.2
2023-12-22 17:00:00,0.0,0.15758961,0,0.2
2023-12-22 18:00:00,0.0,0.13683479,0,0.2
2023-12-22 19:00:00,0.0,0.11854414,0,0.2
2023-12-22 20:00:00,0.0,0.18450668,0,0.2
2023-12-22 21:00:00,0.0,0.16037999,0,0.2
2023-12-22 22:00:00,0.0,0.06963285,0,0.2
2023-12-22 23:00:00,0.0,0.045366373,0,0.2
2023-12-23 00:00:00,0.0,0.07199222,0,0.2
2023-12-23 01:00:00,0.0,0.13458943,0,0.2
2023-12-23 02:00:00,0.0,0.041827768,0,0.2
2023-12-23 03:00:00,0.0,0.06343022,0,0.2
2023-12-23 04:00:00,0.0,0.12760273,0,0.2
2023-12-23 05:00:00,0.0,0.1408512,0,0.2
2023-12-23 06:00:00,0.0,0.076718636,0,0.2
2023-12-23 07:00:00,0.0,0.11937703,0,0.2
2023-12-23 08:00:00,0.0,0.27350828,1,0.2
2023-12-23 09:00:00,0.0,0.39853546,1,0.2
2023-12-23 10:00:00,1.0,0.26881552,1,0.2
2023-12-23 11:00:00,0.0,0.21142866,1,0.2
2023-12-23 12:00:00,0.0,0.20934655,1,0.2
2023-12-23 13:00:00,0.0,0.14457695,0,0.2
2023-12-23 14:00:00,0.0,0.19079168,0,0.2
2023-12-23 15:00:00,0.0,0.17110887,0,0.2
2023-12-23 16:00:00,0.0,0.11406251,0,0.2
2023-12-23 17:00:00,0.0,0.08184258,0,0.2
2023-12-23 18:00:00,0.0,0.043118227,0,0.2
2023-12-23 19:00:00,0.0,0.031498432,0,0.2
2023-12-23 20:00:00,0.0,0.07496153,0,0.2
2023-12-23 21:00:00,0.0,0.074942335,0,0.2
2023-12-23 22:00:00,0.0,0.09333947,0,0.2
2023-12-23 23:00:00,1.0,0.06802338,0,0.2
2023-12-24 00:00:00,1.0,0.09105453,0,0.2
2023-12-24 01:00:00,1.0,0.07071958,0,0.2
2023-12-24 02:00:00,1.0,0.02683654,0,0.2
2023-12-24 03:00:00,1.0,0.09699053,0,0.2
2023-12-24 04:00:00,1.0,0.082628116,0,0.2
2023-12-24 05:00:00,1.0,0.111112125,0,0.2
2023-12-24 06:00:00,0.0,0.20485757,1,0.2
2023-12-24 07:00:00,0.0,0.12543334,0,0.2
2023-12-24 08:00:00,1.0,0.23997246,1,0.2
2023-12-24 09:00:00,1.0,0.25709546,1,0.2
2023-12-24 10:00:00,0.0,0.37024957,1,0.2
2023-12-24 11:00:00,1.0,0.17234415,0,0.2
2023-12-24 12:00:00,1.0,0.08075961,0,0.2
2023-12-24 13:00:00,0.0,0.11437659,0,0.2
2023-12-24 14:00:00,0.0,0.21083124,1,0.2
2023-12-24 15:00:00,0.0,0.1363884,0,0.2
2023-12-24 16:00:00,0.0,0.11401093,0,0.2
2023-12-24 17:00:00,0.0,0.10574906,0,0.2
2023-12-24 18:00:00,0.0,0.06336542,0,0.2
2023-12-24 19:00:00,0.0,0.1658269,0,0.2
2023-12-24 20:00:00,0.0,0.23579063,1,0.2
2023-12-24 21:00:00,0.0,0.1485067,0,0.2
2023-12-24 22:00:00,0.0,0.22229972,1,0.2
2023-12-24 23:00:00,0.0,0.5006447,1,0.2
2023-12-25 00:00:00,0.0,0.6581245,1,0.2
2023-12-25 01:00:00,0.0,0.67876077,1,0.2
2023-12-25 02:00:00,0.0,0.62741464,1,0.2
2023-12-25 03:00:00,0.0,0.58809096,1,0.2
2023-12-25 04:00:00,0.0,0.5799739,1,0.2
2023-12-25 05:00:00,0.0,0.41044107,1,0.2
2023-12-25 06:00:00,0.0,0.46166256,1,0.2
2023-12-25 07:00:00,0.0,0.3456144,1,0.2
2023-12-25 08:00:00,0.0,0.61774296,1,0.2
2023-12-25 09:00:00,0.0,0.691288,1,0.2
2023-12-25 10:00:00,0.0,0.66719794,1,0.2
2023-12-25 11:00:00,0.0,0.6379741,1,0.2
2023-12-25 12:00:00,0.0,0.60328674,1,0.2
2023-12-25 13:00:00,0.0,0.3900215,1,0.2
2023-12-25 14:00:00,0.0,0.47706082,1,0.2
2023-12-25 15:00:00,0.0,0.39270163,1,0.2
2023-12-25 16:00:00,0.0,0.24474436,1,0.2
2023-12-25 17:00:00,0.0,0.2396684,1,0.2
2023-12-25 18:00:00,0.0,0.1086268,0,0.2
2023-12-25 19:00:00,0.0,0.13698861,0,0.2
2023-12-25 20:00:00,0.0,0.19909176,0,0.2
2023-12-25 21:00:00,0.0,0.15235116,0,0.2
2023-12-25 22:00:00,0.0,0.2137542,1,0.2
2023-12-25 23:00:00,0.0,0.22889228,1,0.2
2023-12-26 00:00:00,0.0,0.24940926,1,0.2
2023-12-26 01:00:00,0.0,0.20849851,1,0.2
2023-12-26 02:00:00,0.0,0.15169829,0,0.2
2023-12-26 03:00:00,0.0,0.14747538,0,0.2
2023-12-26 04:00:00,0.0,0.17286685,0,0.2
2023-12-26 05:00:00,0.0,0.25736114,1,0.2
2023-12-26 06:00:00,0.0,0.1699073,0,0.2
2023-12-26 07:00:00,0.0,0.37309533,1,0.2
2023-12-26 08:00:00,0.0,0.23813201,1,0.2
2023-12-26 09:00:00,1.0,0.19644238,0,0.2
2023-12-26 10:00:00,0.0,0.4175308,1,0.2
2023-12-26 11:00:00,0.0,0.3686093,1,0.2
2023-12-26 12:00:00,0.0,0.1470758,0,0.2
2023-12-26 13:00:00,0.0,0.11064491,0,0.2
2023-12-26 14:00:00,0.0,0.15699254,0,0.2
2023-12-26 15:00:00,0.0,0.16779085,0,0.2
2023-12-26 16:00:00,0.0,0.1169912,0,0.2
2023-12-26 17:00:00,0.0,0.078205995,0,0.2
2023-12-26 18:00:00,0.0,0.028966866,0,0.2
2023-12-26 19:00:00,0.0,0.051978823,0,0.2
2023-12-26 20:00:00,0.0,0.098967396,0,0.2
2023-12-26 21:00:00,0.0,0.08239514,0,0.2
2023-12-26 22:00:00,0.0,0.15526016,0,0.2
2023-12-26 23:00:00,0.0,0.19347239,0,0.2
2023-12-27 00:00:00,0.0,0.2562636,1,0.2
2023-12-27 01:00:00,0.0,0.36223564,1,0.2
2023-12-27 02:00:00,0.0,0.39076206,1,0.2
2023-12-27 03:00:00,0.0,0.61321867,1,0.2
2023-12-27 04:00:00,1.0,0.5676802,1,0.2
2023-12-27 05:00:00,0.0,0.3403937,1,0.2
2023-12-27 06:00:00,1.0,0.31759688,1,0.2
2023-12-27 07:00:00,1.0,0.2914432,1,0.2
2023-12-27 08:00:00,1.0,0.33473715,1,0.2
2023-12-27 09:00:00,1.0,0.48862737,1,0.2
2023-12-27 10:00:00,1.0,0.29436746,1,0.2
2023-12-27 11:00:00,1.0,0.25404158,1,0.2
2023-12-27 12:00:00,0.0,0.119111076,0,0.2
2023-12-27 13:00:00,0.0,0.19084994,0,0.2
2023-12-27 14:00:00,0.0,0.20677193,1,0.2
2023-12-27 15:00:00,0.0,0.20385027,1,0.2
2023-12-27 16:00:00,0.0,0.20498165,1,0.2
2023-12-27 17:00:00,0.0,0.21721788,1,0.2
2023-12-27 18:00:00,0.0,0.28425086,1,0.2
2023-12-27 19:00:00,0.0,0.29793006,1,0.2
2023-12-27 20:00:00,0.0,0.1308449,0,0.2
2023-12-27 21:00:00,0.0,0.2227059,1,0.2
2023-12-27 22:00:00,0.0,0.25628987,1,0.2
2023-12-27 23:00:00,0.0,0.28343228,1,0.2
2023-12-28 00:00:00,0.0,0.35924858,1,0.2
2023-12-28 01:00:00,0.0,0.46858764,1,0.2
2023-12-28 02:00:00,0.0,0.6129166,1,0.2
2023-12-28 03:00:00,0.0,0.6756105,1,0.2
2023-12-28 04:00:00,0.0,0.6512952,1,0.2
2023-12-28 05:00:00,0.0,0.6240544,1,0.2
2023-12-28 06:00:00,0.0,0.68041646,1,0.2
2023-12-28 07:00:00,1.0,0.5103457,1,0.2
2023-12-28 08:00:00,0.0,0.6224165,1,0.2
2023-12-28 09:00:00,1.0,0.67945015,1,0.2
2023-12-28 10:00:00,1.0,0.6652063,1,0.2
2023-12-28 11:00:00,0.0,0.5287423,1,0.2
2023-12-28 12:00:00,0.0,0.3734608,1,0.2
2023-12-28 13:00:00,0.0,0.28458774,1,0.2
2023-12-28 14:00:00,0.0,0.31012842,1,0.2
2023-12-28 15:00:00,0.0,0.39157084,1,0.2
2023-12-28 16:00:00,0.0,0.2870986,1,0.2
2023-12-28 17:00:00,0.0,0.19259755,0,0.2
2023-12-28 18:00:00,0.0,0.28697425,1,0.2
2023-12-28 19:00:00,0.0,0.34485042,1,0.2
2023-12-28 20:00:00,0.0,0.23336414,1,0.2
2023-12-28 21:00:00,0.0,0.3885086,1,0.2
2023-12-28 22:00:00,0.0,0.5425917,1,0.2
2023-12-28 23:00:00,0.0,0.42548418,1,0.2
2023-12-29 00:00:00,0.0,0.6303699,1,0.2
2023-12-29 01:00:00,1.0,0.42649686,1,0.2
2023-12-29 02:00:00,1.0,0.63250744,1,0.2
2023-12-29 03:00:00,0.0,0.6889682,1,0.2
2023-12-29 04:00:00,0.0,0.70034266,1,0.2
2023-12-29 05:00:00,0.0,0.74991864,1,0.2
2023-12-29 06:00:00,0.0,0.7427634,1,0.2
2023-12-29 07:00:00,0.0,0.66455877,1,0.2
2023-12-29 08:00:00,1.0,0.6953597,1,0.2
2023-12-29 09:00:00,0.0,0.8161561,1,0.2
2023-12-29 10:00:00,0.0,0.6336532,1,0.2
2023-12-29 11:00:00,0.0,0.5762931,1,0.2
2023-12-29 12:00:00,0.0,0.4483974,1,0.2
2023-12-29 13:00:00,0.0,0.5055175,1,0.2
2023-12-29 14:00:00,0.0,0.4398074,1,0.2
2023-12-29 15:00:00,0.0,0.38614753,1,0.2
2023-12-29 16:00:00,0.0,0.39120737,1,0.2
2023-12-29 17:00:00,0.0,0.3716654,1,0.2
2023-12-29 18:00:00,0.0,0.396827,1,0.2
2023-12-29 19:00:00,0.0,0.50064695,1,0.2
2023-12-29 20:00:00,0.0,0.29257613,1,0.2
2023-12-29 21:00:00,0.0,0.2642562,1,0.2
2023-12-29 22:00:00,0.0,0.3197616,1,0.2
2023-12-29 23:00:00,0.0,0.27991268,1,0.2
2023-12-30 00:00:00,0.0,0.56018174,1,0.2
2023-12-30 01:00:00,0.0,0.68725014,1,0.2
2023-12-30 02:00:00,0.0,0.7117729,1,0.2
2023-12-30 03:00:00,0.0,0.6838221,1,0.2
2023-12-30 04:00:00,0.0,0.5411313,1,0.2
2023-12-30 05:00:00,0.0,0.39351848,1,0.2
2023-12-30 06:00:00,0.0,0.43190226,1,0.2
2023-12-30 07:00:00,0.0,0.3530802,1,0.2
2023-12-30 08:00:00,0.0,0.72492766,1,0.2
2023-12-30 09:00:00,0.0,0.6509625,1,0.2
2023-12-30 10:00:00,0.0,0.5156671,1,0.2
2023-12-30 11:00:00,0.0,0.44233233,1,0.2
2023-12-30 12:00:00,0.0,0.35532704,1,0.2
2023-12-30 13:00:00,0.0,0.32658282,1,0.2
2023-12-30 14:00:00,0.0,0.3352185,1,0.2
2023-12-30 15:00:00,0.0,0.1293649,0,0.2
2023-12-30 16:00:00,0.0,0.09249954,0,0.2
2023-12-30 17:00:00,0.0,0.18675257,0,0.2
2023-12-30 18:00:00,0.0,0.119734734,0,0.2
2023-12-30 19:00:00,0.0,0.15268596,0,0.2
2023-12-30 20:00:00,0.0,0.272431,1,0.2
2023-12-30 21:00:00,0.0,0.20941097,1,0.2
2023-12-30 22:00:00,0.0,0.29363418,1,0.2
2023-12-30 23:00:00,0.0,0.29481092,1,0.2
