timestamp,target_temp_24h,xgb_prediction,lstm_prediction,hybrid_prediction
2022-01-02 00:00:00,24.6,24.495327,25.068487,24.552643
2022-01-02 01:00:00,24.6,24.333551,24.570728,24.3572687
2022-01-02 02:00:00,24.4,24.08004,24.755415,24.1475775
2022-01-02 03:00:00,24.2,23.963943,24.863838,24.0539325
2022-01-02 04:00:00,24.0,23.868122,24.963146,23.9776244
2022-01-02 05:00:00,23.8,23.525677,25.04819,23.677928300000005
2022-01-02 06:00:00,23.8,23.71289,25.158903,23.8574913
2022-01-02 07:00:00,24.7,24.731928,26.089607,24.8676959
2022-01-02 08:00:00,26.3,25.824276,26.665104,25.908358800000002
2022-01-02 09:00:00,27.0,26.794344,28.172157,26.9321253
2022-01-02 10:00:00,27.4,27.107115,28.625183,27.2589218
2022-01-02 11:00:00,27.7,27.545795,28.950617,27.6862772
2022-01-02 12:00:00,27.7,27.609852,29.185734,27.7674402
2022-01-02 13:00:00,27.5,27.38137,29.17785,27.561018
2022-01-02 14:00:00,27.2,27.070667,28.88084,27.2516843
2022-01-02 15:00:00,27.0,26.67954,28.3954,26.851126
2022-01-02 16:00:00,26.4,26.1149,28.067766,26.310186599999998
2022-01-02 17:00:00,25.7,25.737013,27.20861,25.8841727
2022-01-02 18:00:00,25.0,25.218159,26.996487,25.395991799999997
2022-01-02 19:00:00,24.8,24.949596,26.422895,25.096925900000002
2022-01-02 20:00:00,24.7,24.716242,26.328701,24.8774879
2022-01-02 21:00:00,24.7,24.55137,25.982,24.694432999999997
2022-01-02 22:00:00,24.5,24.60324,25.790928,24.722008799999998
2022-01-02 23:00:00,24.3,24.662361,25.713678,24.767492700000002
2022-01-03 00:00:00,24.1,24.196539,25.41535,24.3184201
2022-01-03 01:00:00,23.7,23.956305,24.763018,24.0369763
2022-01-03 02:00:00,23.3,23.636812,24.903744,23.7635052
2022-01-03 03:00:00,23.1,23.482754,24.923466,23.6268252
2022-01-03 04:00:00,22.8,23.154602,25.009949,23.3401367
2022-01-03 05:00:00,22.5,23.243223,25.045643,23.423465
2022-01-03 06:00:00,22.8,23.28548,25.234192,23.4803512
2022-01-03 07:00:00,23.8,24.230577,25.707756,24.3782949
2022-01-03 08:00:00,25.3,25.709389,26.61084,25.799534100000002
2022-01-03 09:00:00,26.1,26.814281,28.062695,26.939122400000002
2022-01-03 10:00:00,26.8,27.263931,28.654884,27.4030263
2022-01-03 11:00:00,27.0,27.579344,29.099432,27.7313528
2022-01-03 12:00:00,27.3,27.597816,29.380547,27.7760891
2022-01-03 13:00:00,27.3,27.328066,29.41909,27.5371684
2022-01-03 14:00:00,27.0,27.05235,29.01996,27.249111000000003
2022-01-03 15:00:00,26.6,26.857126,28.585379,27.0299513
2022-01-03 16:00:00,26.0,26.167465,28.165289,26.3672474
2022-01-03 17:00:00,25.4,25.488644,27.548573,25.6946369
2022-01-03 18:00:00,24.6,24.914425,26.885746,25.111557100000002
2022-01-03 19:00:00,24.6,24.625895,26.331913,24.7964968
2022-01-03 20:00:00,24.5,24.573044,26.128235,24.728563100000002
2022-01-03 21:00:00,24.1,24.390703,25.855385,24.537171199999996
2022-01-03 22:00:00,23.8,24.297108,25.679836,24.435380800000004
2022-01-03 23:00:00,23.5,24.088163,25.444714,24.223818100000003
2022-01-04 00:00:00,23.2,23.611246,25.21055,23.7711764
2022-01-04 01:00:00,22.8,23.401964,24.583042,23.5200718
2022-01-04 02:00:00,22.5,22.853655,24.430267,23.0113162
2022-01-04 03:00:00,22.3,22.618988,24.375662,22.7946554
2022-01-04 04:00:00,22.2,22.402996,24.3778,22.6004764
2022-01-04 05:00:00,22.1,22.281101,24.509209,22.5039118
2022-01-04 06:00:00,21.6,22.376095,24.666569,22.605142400000002
2022-01-04 07:00:00,22.0,23.765757,25.329418,23.9221231
2022-01-04 08:00:00,23.9,25.199108,26.294617,25.3086589
2022-01-04 09:00:00,26.0,26.251814,27.737328,26.4003654
2022-01-04 10:00:00,27.2,26.98282,28.47617,27.132155
2022-01-04 11:00:00,27.8,27.100216,29.023233,27.292517699999998
2022-01-04 12:00:00,28.0,27.209602,29.243803,27.4130221
2022-01-04 13:00:00,27.5,27.192024,29.3519,27.4080116
2022-01-04 14:00:00,27.4,26.921587,29.088333,27.138261599999996
2022-01-04 15:00:00,27.1,26.60424,28.584877,26.8023037
2022-01-04 16:00:00,26.6,25.970554,28.149578,26.1884564
2022-01-04 17:00:00,25.8,25.282177,27.42426,25.4963853
2022-01-04 18:00:00,25.0,24.54847,26.86074,24.779696999999995
2022-01-04 19:00:00,24.7,24.261042,26.08102,24.443039799999998
2022-01-04 20:00:00,24.7,24.257835,26.047916,24.4368431
2022-01-04 21:00:00,24.6,24.067907,25.821247,24.243241000000005
2022-01-04 22:00:00,24.5,23.72663,25.4329,23.897257
2022-01-04 23:00:00,24.3,23.066183,25.133434,23.2729081
2022-01-05 00:00:00,24.1,22.507221,24.900337,22.746532600000002
2022-01-05 01:00:00,24.1,22.549288,24.188026,22.7131618
2022-01-05 02:00:00,23.8,22.42629,24.363676,22.6200286
2022-01-05 03:00:00,23.4,22.104563,24.526089,22.346715599999996
2022-01-05 04:00:00,22.7,21.988827,24.635342,22.2534785
2022-01-05 05:00:00,21.5,21.567911,24.828907,21.894010599999998
2022-01-05 06:00:00,21.5,21.969093,25.22683,22.294866700000004
2022-01-05 07:00:00,22.4,22.181911,25.49785,22.5135049
2022-01-05 08:00:00,24.6,23.956427,26.333256,24.1941099
2022-01-05 09:00:00,26.7,25.81223,27.837852,26.014792200000002
2022-01-05 10:00:00,27.6,26.82526,29.002277,27.0429617
2022-01-05 11:00:00,27.8,27.63792,29.072498,27.7813778
2022-01-05 12:00:00,28.2,27.742378,29.395458,27.907685999999998
2022-01-05 13:00:00,28.0,27.355017,29.53814,27.573329299999997
2022-01-05 14:00:00,27.7,27.311085,29.023252,27.4823017
2022-01-05 15:00:00,27.2,26.944946,28.786495,27.1291009
2022-01-05 16:00:00,26.7,26.521847,28.154938,26.6851561
2022-01-05 17:00:00,25.9,25.700588,27.532593,25.8837885
2022-01-05 18:00:00,25.0,24.926775,26.758812,25.1099787
2022-01-05 19:00:00,24.7,24.593334,26.084648,24.7424654
2022-01-05 20:00:00,24.5,24.472635,25.766243,24.6019958
2022-01-05 21:00:00,24.3,24.381176,25.68622,24.511680400000003
2022-01-05 22:00:00,24.1,24.297663,25.409288,24.4088255
2022-01-05 23:00:00,23.8,24.142626,25.25737,24.2541004
2022-01-06 00:00:00,23.7,23.72465,24.988047,23.850989700000003
2022-01-06 01:00:00,22.8,23.669392,24.42747,23.745199799999998
2022-01-06 02:00:00,22.3,23.441145,24.4413,23.541160499999997
2022-01-06 03:00:00,22.2,23.112005,24.36792,23.237596500000002
2022-01-06 04:00:00,22.2,22.654045,24.32772,22.8214125
2022-01-06 05:00:00,22.2,22.36286,24.288584,22.5554324
2022-01-06 06:00:00,22.7,22.171955,24.64069,22.4188285
2022-01-06 07:00:00,24.4,22.67087,25.343979,22.9381809
2022-01-06 08:00:00,25.8,24.567167,26.135324,24.7239827
2022-01-06 09:00:00,26.8,26.573719,27.780092,26.6943563
2022-01-06 10:00:00,27.2,27.406006,28.775927,27.5429981
2022-01-06 11:00:00,27.0,27.722057,29.280415,27.877892799999998
2022-01-06 12:00:00,27.3,28.028263,29.373705,28.1628072
2022-01-06 13:00:00,27.3,27.833242,29.772606,28.027178399999997
2022-01-06 14:00:00,27.3,27.599041,29.24609,27.7637459
2022-01-06 15:00:00,27.2,27.116371,28.84093,27.2888269
2022-01-06 16:00:00,26.9,26.664762,28.247734,26.8230592
2022-01-06 17:00:00,26.3,25.974133,27.650564,26.141776099999998
2022-01-06 18:00:00,25.5,25.087257,26.942642,25.2727955
2022-01-06 19:00:00,25.2,24.778286,26.142563,24.9147137
2022-01-06 20:00:00,25.2,24.554115,25.8404,24.682743499999997
2022-01-06 21:00:00,25.1,24.270044,25.600834,24.403123
2022-01-06 22:00:00,25.1,24.039206,25.421024,24.177387799999998
2022-01-06 23:00:00,25.0,23.978146,25.06216,24.086547399999997
2022-01-07 00:00:00,24.8,23.651997,24.975761,23.784373400000003
2022-01-07 01:00:00,24.5,23.333746,24.418573,23.4422287
2022-01-07 02:00:00,24.1,22.736149,24.118238,22.874357900000003
2022-01-07 03:00:00,23.6,22.293016,24.130585,22.4767729
2022-01-07 04:00:00,23.3,21.867928,24.265818,22.107717
2022-01-07 05:00:00,22.7,21.77145,24.289179,22.0232229
2022-01-07 06:00:00,22.5,21.95574,24.545166,22.214682599999996
2022-01-07 07:00:00,24.7,23.725285,24.930801,23.845836600000002
2022-01-07 08:00:00,26.4,25.327768,26.32051,25.4270422
2022-01-07 09:00:00,27.2,26.59634,27.762539,26.7129599
2022-01-07 10:00:00,27.5,27.3439,28.70166,27.479675999999998
2022-01-07 11:00:00,27.7,27.365984,29.141375,27.5435231
2022-01-07 12:00:00,27.7,27.544209,29.040539,27.693841999999997
2022-01-07 13:00:00,27.8,27.47029,29.414165,27.6646775
2022-01-07 14:00:00,27.7,27.60194,28.99345,27.741091
2022-01-07 15:00:00,27.3,27.181192,28.639122,27.326984999999997
2022-01-07 16:00:00,26.9,26.655369,28.199398,26.8097719
2022-01-07 17:00:00,26.2,26.093208,27.811052,26.2649924
2022-01-07 18:00:00,25.3,25.298311,27.07354,25.4758339
2022-01-07 19:00:00,24.9,24.850475,26.424152,25.007842699999998
2022-01-07 20:00:00,24.8,24.823538,26.12838,24.9540222
2022-01-07 21:00:00,24.6,24.76981,25.902567,24.883085700000002
2022-01-07 22:00:00,24.5,24.756847,25.773619,24.8585242
2022-01-07 23:00:00,24.3,24.724016,25.682858,24.8199002
2022-01-08 00:00:00,24.2,24.36016,25.52758,24.476902000000003
2022-01-08 01:00:00,24.1,24.204906,24.920948,24.2765102
2022-01-08 02:00:00,23.9,23.81429,24.793814,23.912242399999997
2022-01-08 03:00:00,23.7,23.53823,24.784706,23.6628776
2022-01-08 04:00:00,23.3,23.247215,24.74026,23.3965195
2022-01-08 05:00:00,22.3,22.83508,24.972605,23.0488325
2022-01-08 06:00:00,22.4,22.545122,24.639702,22.754579999999997
2022-01-08 07:00:00,24.2,23.976818,25.103458,24.089482
2022-01-08 08:00:00,25.8,25.752293,26.824097,25.8594734
2022-01-08 09:00:00,26.9,26.90637,28.09373,27.025106
2022-01-08 10:00:00,27.4,27.376822,28.896235,27.5287633
2022-01-08 11:00:00,27.8,27.632156,29.18959,27.7878994
2022-01-08 12:00:00,28.0,27.641201,29.47393,27.824473899999997
2022-01-08 13:00:00,28.1,27.650787,29.434252,27.8291335
2022-01-08 14:00:00,27.9,27.473885,29.251839,27.6516804
2022-01-08 15:00:00,27.4,27.132807,28.85983,27.3055093
2022-01-08 16:00:00,26.8,26.62809,28.196323,26.7849133
2022-01-08 17:00:00,26.1,26.009966,27.678226,26.176792
2022-01-08 18:00:00,24.9,25.15061,26.926727,25.3282217
2022-01-08 19:00:00,24.6,24.776005,26.337734,24.9321779
2022-01-08 20:00:00,24.4,24.717602,26.024668,24.8483086
2022-01-08 21:00:00,24.4,24.556646,25.731506,24.674132
2022-01-08 22:00:00,24.4,24.354723,25.461473,24.465398
2022-01-08 23:00:00,24.1,24.20545,25.349724,24.319877399999996
2022-01-09 00:00:00,23.7,23.74964,25.178757,23.8925517
2022-01-09 01:00:00,22.9,23.719687,24.679382,23.8156565
2022-01-09 02:00:00,22.2,23.462013,24.750198,23.590831499999997
2022-01-09 03:00:00,23.8,23.4592,24.694609,23.582740899999997
2022-01-09 04:00:00,24.2,23.375769,24.725273,23.5107194
2022-01-09 05:00:00,24.1,22.85112,24.848942,23.050902200000003
2022-01-09 06:00:00,21.9,22.464184,24.344767,22.652242299999997
2022-01-09 07:00:00,22.8,24.009293,24.891827,24.097546400000002
2022-01-09 08:00:00,24.9,25.85355,26.48851,25.917046
2022-01-09 09:00:00,26.6,26.695108,27.884764,26.8140736
2022-01-09 10:00:00,27.8,27.472635,28.779781,27.6033496
2022-01-09 11:00:00,28.2,27.693775,29.232677,27.847665199999998
2022-01-09 12:00:00,28.5,27.847723,29.488092,28.011759899999998
2022-01-09 13:00:00,28.5,27.925247,29.564117,28.089134
2022-01-09 14:00:00,28.4,27.754517,29.43883,27.9229483
2022-01-09 15:00:00,28.1,27.211731,29.007484,27.391306300000004
2022-01-09 16:00:00,27.6,26.659498,28.485367,26.8420849
2022-01-09 17:00:00,26.8,26.06565,27.819817,26.2410667
2022-01-09 18:00:00,25.7,25.319504,27.024174,25.489970999999997
2022-01-09 19:00:00,25.5,24.828508,26.28636,24.9742932
2022-01-09 20:00:00,25.8,24.650105,26.053505,24.790445000000002
2022-01-09 21:00:00,26.0,24.586773,25.886105,24.716706200000004
2022-01-09 22:00:00,25.9,24.469345,25.704704,24.592880899999997
2022-01-09 23:00:00,24.2,24.293562,25.590122,24.423218
2022-01-10 00:00:00,24.0,23.785038,25.336802,23.9402144
2022-01-10 01:00:00,23.8,23.516119,24.694334,23.6339405
2022-01-10 02:00:00,23.8,23.282818,24.539303,23.4084665
2022-01-10 03:00:00,23.2,22.789684,24.499886,22.960704200000002
2022-01-10 04:00:00,23.6,23.597954,25.552929,23.793451500000003
2022-01-10 05:00:00,23.6,23.462559,25.544338,23.670736899999998
2022-01-10 06:00:00,23.7,23.292244,25.58761,23.5217806
2022-01-10 07:00:00,25.4,23.430485,25.108139,23.5982504
2022-01-10 08:00:00,27.0,25.48947,26.73682,25.614205000000002
2022-01-10 09:00:00,27.6,26.99695,28.219185,27.1191735
2022-01-10 10:00:00,28.1,27.56947,28.95586,27.708108999999997
2022-01-10 11:00:00,28.4,28.052933,30.308666,28.2785063
2022-01-10 12:00:00,28.7,28.375475,30.091457,28.5470732
2022-01-10 13:00:00,28.6,28.407665,30.293846,28.5962831
2022-01-10 14:00:00,28.3,28.281883,30.034256,28.4571203
2022-01-10 15:00:00,27.9,27.928272,29.575573,28.0930021
2022-01-10 16:00:00,27.3,27.412062,28.986725,27.569528299999998
2022-01-10 17:00:00,26.7,26.764343,28.395245,26.9274332
2022-01-10 18:00:00,25.6,25.80109,27.583752,25.979356199999998
2022-01-10 19:00:00,25.5,25.46219,26.770983,25.5930693
2022-01-10 20:00:00,25.4,25.288258,26.579788,25.417410999999998
2022-01-10 21:00:00,25.3,25.626196,26.67501,25.7310774
2022-01-10 22:00:00,25.0,25.723255,26.543322,25.805261700000003
2022-01-10 23:00:00,24.6,24.905125,26.279743,25.0425868
2022-01-11 00:00:00,24.1,24.154772,25.358166,24.275111400000004
2022-01-11 01:00:00,23.8,23.99469,24.919815,24.087202499999997
2022-01-11 02:00:00,23.1,23.964563,24.404108,24.008517499999996
2022-01-11 03:00:00,22.9,23.861189,24.076153,23.8826854
2022-01-11 04:00:00,22.7,23.562391,24.623735,23.6685254
2022-01-11 05:00:00,24.8,23.327038,24.727827,23.4671169
2022-01-11 06:00:00,24.4,23.422873,25.447113,23.625297
2022-01-11 07:00:00,24.4,25.023762,25.316046,25.0529904
2022-01-11 08:00:00,26.6,26.245459,27.04348,26.3252611
2022-01-11 09:00:00,28.3,27.156544,28.361794,27.277069
2022-01-11 10:00:00,28.7,27.862331,28.993595,27.9754574
2022-01-11 11:00:00,28.9,28.283657,29.471035,28.402394800000003
2022-01-11 12:00:00,28.5,28.5071,29.916367,28.648026700000003
2022-01-11 13:00:00,27.5,28.475288,29.974926,28.6252518
2022-01-11 14:00:00,27.9,28.27931,29.710571,28.4224361
2022-01-11 15:00:00,27.4,27.765753,29.345358,27.923713499999998
2022-01-11 16:00:00,27.2,27.358454,28.786003,27.501208899999998
2022-01-11 17:00:00,26.6,26.489063,28.142578,26.6544145
2022-01-11 18:00:00,24.9,25.69311,27.236626,25.847461600000003
2022-01-11 19:00:00,24.1,25.323301,26.572968,25.448267700000002
2022-01-11 20:00:00,25.3,25.185333,26.57022,25.3238217
2022-01-11 21:00:00,25.3,25.303713,26.411228,25.414464499999998
2022-01-11 22:00:00,24.8,25.129301,26.161629,25.232533800000002
2022-01-11 23:00:00,24.5,24.749031,25.876587,24.8617866
2022-01-12 00:00:00,24.1,24.18592,25.484905,24.3158185
2022-01-12 01:00:00,23.3,24.195065,24.874506,24.263009099999998
2022-01-12 02:00:00,23.5,23.864706,24.742516,23.952487
2022-01-12 03:00:00,23.0,23.513247,24.538876,23.6158099
2022-01-12 04:00:00,24.3,23.349949,24.624012,23.4773553
2022-01-12 05:00:00,23.3,23.809637,24.905437,23.919217
2022-01-12 06:00:00,24.4,24.039474,27.285944,24.364120999999997
2022-01-12 07:00:00,24.9,24.810902,26.21637,24.951448799999998
2022-01-12 08:00:00,26.2,26.965185,28.039097,27.0725762
2022-01-12 09:00:00,27.4,28.131918,29.408298,28.259556
2022-01-12 10:00:00,28.1,28.376038,30.028698,28.541304
2022-01-12 11:00:00,28.5,28.699055,30.355118,28.8646613
2022-01-12 12:00:00,28.5,28.643536,30.423546,28.821537
2022-01-12 13:00:00,28.2,28.38596,30.378447,28.585208700000003
2022-01-12 14:00:00,28.0,28.079494,29.533146,28.2248592
2022-01-12 15:00:00,28.0,27.64238,29.88409,27.866551
2022-01-12 16:00:00,26.9,27.351204,28.698418,27.4859254
2022-01-12 17:00:00,26.8,26.741293,28.348259,26.901989599999997
2022-01-12 18:00:00,26.1,25.724907,27.984604,25.950876700000002
2022-01-12 19:00:00,25.0,25.068949,26.645195,25.226573600000002
2022-01-12 20:00:00,24.5,25.108143,26.28945,25.226273699999997
2022-01-12 21:00:00,23.8,25.292503,26.598131,25.423065799999996
2022-01-12 22:00:00,23.8,24.882496,26.26455,25.0207014
2022-01-12 23:00:00,23.7,24.812374,25.690796,24.9002162
2022-01-13 00:00:00,23.8,24.447515,25.492065,24.55197
2022-01-13 01:00:00,23.6,23.966076,24.882217,24.057690100000002
2022-01-13 02:00:00,22.8,23.940172,24.86745,24.0328998
2022-01-13 03:00:00,23.1,23.605595,25.231596,23.7681951
2022-01-13 04:00:00,23.2,24.074036,25.067818,24.1734142
2022-01-13 05:00:00,23.4,23.784496,26.03708,24.0097544
2022-01-13 06:00:00,23.5,24.164755,25.492184,24.2974979
2022-01-13 07:00:00,24.9,25.655453,26.96531,25.7864387
2022-01-13 08:00:00,26.0,26.566612,27.531002,26.663051
2022-01-13 09:00:00,27.2,27.644226,28.948551,27.7746585
2022-01-13 10:00:00,27.2,28.374844,30.052025,28.542562099999998
2022-01-13 11:00:00,26.9,28.77668,30.195175,28.918529499999998
2022-01-13 12:00:00,26.9,28.578106,30.603746,28.780669999999997
2022-01-13 13:00:00,26.4,28.17382,30.168854,28.3733234
2022-01-13 14:00:00,27.1,27.966312,29.680525,28.137733299999997
2022-01-13 15:00:00,26.2,27.669495,29.451561,27.8477016
2022-01-13 16:00:00,26.3,26.971413,28.498966,27.1241683
2022-01-13 17:00:00,26.7,26.48036,27.764181,26.6087421
2022-01-13 18:00:00,25.9,26.06073,27.487226,26.2033796
2022-01-13 19:00:00,25.1,25.419352,26.531391,25.5305559
2022-01-13 20:00:00,24.3,24.923754,25.733036,25.004682199999998
2022-01-13 21:00:00,24.4,24.664356,25.226158,24.7205362
2022-01-13 22:00:00,24.5,24.517275,25.185139,24.5840614
2022-01-13 23:00:00,25.0,24.489141,24.912405,24.5314674
2022-01-14 00:00:00,24.3,24.361723,25.22733,24.4482837
2022-01-14 01:00:00,23.6,23.976332,24.569414,24.0356402
2022-01-14 02:00:00,23.9,23.523182,24.538809,23.6247447
2022-01-14 03:00:00,23.5,23.763622,24.338799,23.821139700000003
2022-01-14 04:00:00,23.0,23.47514,24.859962,23.6136222
2022-01-14 05:00:00,23.0,23.621433,25.33989,23.7932787
2022-01-14 06:00:00,23.1,23.748184,26.038479,23.977213499999998
2022-01-14 07:00:00,24.7,25.044704,26.454006,25.1856342
2022-01-14 08:00:00,25.6,26.58001,27.071482,26.6291572
2022-01-14 09:00:00,26.5,27.621393,28.766743,27.735928
2022-01-14 10:00:00,27.5,27.793583,30.126379,28.0268626
2022-01-14 11:00:00,27.2,27.462395,29.589928,27.675148300000004
2022-01-14 12:00:00,26.4,27.572538,28.790865,27.6943707
2022-01-14 13:00:00,26.7,27.338425,28.68446,27.4730285
2022-01-14 14:00:00,26.8,27.600004,28.358936,27.675897199999998
2022-01-14 15:00:00,26.8,27.290508,28.480646,27.4095218
2022-01-14 16:00:00,26.3,26.571222,27.39418,26.6535178
2022-01-14 17:00:00,26.1,26.454752,27.515606,26.560837399999997
2022-01-14 18:00:00,25.2,26.051378,27.29543,26.1757832
2022-01-14 19:00:00,25.4,25.489517,26.4743,25.5879953
2022-01-14 20:00:00,24.9,24.914003,25.840958,25.006698500000002
2022-01-14 21:00:00,24.3,24.760967,25.288904,24.8137607
2022-01-14 22:00:00,24.7,24.651154,25.204693,24.7065079
2022-01-14 23:00:00,23.8,24.79455,25.264637,24.841558700000004
2022-01-15 00:00:00,23.5,24.597618,25.429993,24.6808555
2022-01-15 01:00:00,23.0,24.131588,24.46428,24.1648572
2022-01-15 02:00:00,22.8,24.10076,24.389505,24.1296345
2022-01-15 03:00:00,22.6,23.777252,23.984186,23.7979454
2022-01-15 04:00:00,22.4,23.15298,24.274277,23.2651097
2022-01-15 05:00:00,22.2,23.348951,24.112583,23.4253142
2022-01-15 06:00:00,22.7,23.342073,24.885498,23.496415499999998
2022-01-15 07:00:00,23.4,24.679043,25.030468,24.7141855
2022-01-15 08:00:00,24.5,25.759796,26.375217,25.821338100000002
2022-01-15 09:00:00,26.2,26.567785,27.02364,26.613370500000002
2022-01-15 10:00:00,27.4,27.395937,28.103252,27.466668499999997
2022-01-15 11:00:00,28.0,27.336575,28.777853,27.4807028
2022-01-15 12:00:00,27.6,26.953865,28.71116,27.129594500000003
2022-01-15 13:00:00,27.1,26.748856,28.036846,26.877655
2022-01-15 14:00:00,27.0,26.901018,28.384747,27.0493909
2022-01-15 15:00:00,26.7,26.611965,28.30313,26.781081500000003
2022-01-15 16:00:00,26.1,26.351065,27.520504,26.468008899999997
2022-01-15 17:00:00,26.8,25.99408,27.187529,26.1134249
2022-01-15 18:00:00,26.4,25.3245,26.786442,25.4706942
2022-01-15 19:00:00,26.3,25.089235,26.074581,25.1877696
2022-01-15 20:00:00,26.1,24.972622,25.937458,25.069105600000004
2022-01-15 21:00:00,26.0,24.78186,25.31539,24.835213
2022-01-15 22:00:00,26.0,24.466448,25.1352,24.5333232
2022-01-15 23:00:00,25.9,24.2357,25.091686,24.321298600000002
2022-01-16 00:00:00,25.4,23.819183,24.458885,23.8831532
2022-01-16 01:00:00,24.9,23.741755,24.211538,23.7887333
2022-01-16 02:00:00,24.5,23.152975,23.767048,23.2143823
2022-01-16 03:00:00,23.7,23.123144,23.900112,23.2008408
2022-01-16 04:00:00,22.7,22.97456,24.237133,23.1008173
2022-01-16 05:00:00,22.8,22.810404,24.437603,22.973123899999997
2022-01-16 06:00:00,23.3,22.721622,24.97686,22.947145799999998
2022-01-16 07:00:00,23.6,23.526382,25.4596,23.719703799999998
2022-01-16 08:00:00,24.7,24.991432,26.396439,25.1319327
2022-01-16 09:00:00,24.3,26.207458,27.341553,26.3208675
2022-01-16 10:00:00,24.9,27.318008,28.193882,27.4055954
2022-01-16 11:00:00,25.9,27.650476,29.059586,27.791387
2022-01-16 12:00:00,27.0,27.552671,29.036983,27.701102199999998
2022-01-16 13:00:00,27.1,27.24204,28.78096,27.395932
2022-01-16 14:00:00,27.2,26.930182,28.752281,27.1123919
2022-01-16 15:00:00,27.7,26.656202,28.33736,26.8243178
2022-01-16 16:00:00,27.2,26.13577,27.771137,26.299306700000002
2022-01-16 17:00:00,25.0,26.308023,27.203989,26.3976196
2022-01-16 18:00:00,25.0,25.912561,27.483637,26.0696686
2022-01-16 19:00:00,24.8,25.641819,26.665636,25.7442007
2022-01-16 20:00:00,25.0,25.621,26.58178,25.717077999999997
2022-01-16 21:00:00,25.2,25.562656,26.244669,25.6308573
2022-01-16 22:00:00,25.6,25.445908,26.081131,25.509430300000002
2022-01-16 23:00:00,25.7,25.474796,26.055208,25.532837200000003
2022-01-17 00:00:00,25.4,25.002497,25.798107,25.082058
2022-01-17 01:00:00,25.0,24.489304,24.989285,24.5393021
2022-01-17 02:00:00,24.7,24.281778,24.859259,24.3395261
2022-01-17 03:00:00,24.3,23.817284,24.894703,23.9250259
2022-01-17 04:00:00,24.0,23.536274,24.607924,23.643438999999997
2022-01-17 05:00:00,23.6,23.801758,24.447723,23.8663545
2022-01-17 06:00:00,23.1,23.919971,24.74685,24.0026589
2022-01-17 07:00:00,23.8,23.945381,25.616764,24.112519300000002
2022-01-17 08:00:00,25.2,24.86392,26.174091,24.9949371
2022-01-17 09:00:00,25.5,25.355803,26.96647,25.5168697
2022-01-17 10:00:00,26.1,25.902061,27.448357,26.0566906
2022-01-17 11:00:00,26.7,26.909979,28.186462,27.0376273
2022-01-17 12:00:00,27.1,27.22988,28.966866,27.4035786
2022-01-17 13:00:00,27.1,27.073856,28.93478,27.2599484
2022-01-17 14:00:00,27.0,27.097952,28.941051,27.2822619
2022-01-17 15:00:00,26.6,27.32201,28.772284,27.4670374
2022-01-17 16:00:00,26.3,26.90683,28.808388,27.0969858
2022-01-17 17:00:00,26.0,25.48874,27.883768,25.7282428
2022-01-17 18:00:00,25.2,24.860725,26.545906,25.0292431
2022-01-17 19:00:00,24.9,24.776693,26.450111,24.9440348
2022-01-17 20:00:00,24.5,24.761997,25.949947,24.880792000000003
2022-01-17 21:00:00,24.3,24.940008,25.912355,25.0372427
2022-01-17 22:00:00,24.1,25.063877,25.880125,25.145501799999998
2022-01-17 23:00:00,23.9,24.980993,25.854027,25.0682964
2022-01-18 00:00:00,23.0,24.575647,25.862728,24.7043551
2022-01-18 01:00:00,22.8,24.195145,25.26305,24.301935500000003
2022-01-18 02:00:00,22.1,23.854265,25.140364,23.9828749
2022-01-18 03:00:00,22.1,23.41377,25.057375,23.5781305
2022-01-18 04:00:00,22.0,23.195583,24.9342,23.3694447
2022-01-18 05:00:00,20.9,23.200754,24.99602,23.3802806
2022-01-18 06:00:00,21.7,22.811207,25.064262,23.0365125
2022-01-18 07:00:00,22.1,23.516584,25.36253,23.701178600000002
2022-01-18 08:00:00,24.2,24.881165,26.196604,25.0127089
2022-01-18 09:00:00,26.0,25.205463,27.359552,25.4208719
2022-01-18 10:00:00,27.2,25.944366,27.78067,26.1279964
2022-01-18 11:00:00,27.9,26.715721,28.591072,26.9032561
2022-01-18 12:00:00,28.3,27.292633,29.017256,27.465095299999998
2022-01-18 13:00:00,28.4,27.288393,29.039757,27.4635294
2022-01-18 14:00:00,28.1,27.099176,28.976278,27.286886199999998
2022-01-18 15:00:00,27.6,26.883987,28.661762,27.0617645
2022-01-18 16:00:00,26.8,26.091381,28.184277,26.3006706
2022-01-18 17:00:00,25.7,25.503878,27.745752,25.7280654
2022-01-18 18:00:00,24.7,24.912928,27.051785,25.1268137
2022-01-18 19:00:00,24.2,24.646702,26.456589,24.8276907
2022-01-18 20:00:00,24.1,24.377087,26.09534,24.5489123
2022-01-18 21:00:00,23.8,23.991251,25.73005,24.165130899999998
2022-01-18 22:00:00,23.4,23.89927,25.450275,24.0543705
2022-01-18 23:00:00,22.1,23.896738,25.317799,24.0388441
2022-01-19 00:00:00,21.5,23.40743,25.374374,23.6041244
2022-01-19 01:00:00,21.4,23.108221,24.382744,23.235673300000002
2022-01-19 02:00:00,22.1,22.421774,24.297974,22.609393999999998
2022-01-19 03:00:00,24.0,21.975716,23.974743,22.175618699999998
2022-01-19 04:00:00,23.4,21.95602,24.037281,22.164146099999996
2022-01-19 05:00:00,20.4,21.675901,24.458935,21.954204400000002
2022-01-19 06:00:00,20.1,22.394297,24.48271,22.6031383
2022-01-19 07:00:00,20.7,22.667826,25.71822,22.972865400000003
2022-01-19 08:00:00,23.5,24.693104,26.19521,24.8433146
2022-01-19 09:00:00,25.6,25.805443,28.054115,26.0303102
2022-01-19 10:00:00,26.9,26.957731,28.045673,27.066525199999997
2022-01-19 11:00:00,27.8,27.557644,29.243946,27.7262742
2022-01-19 12:00:00,28.5,27.872644,29.604235,28.0458031
2022-01-19 13:00:00,28.7,27.993767,29.710884,28.165478699999998
2022-01-19 14:00:00,27.8,27.961647,29.662628,28.1317451
2022-01-19 15:00:00,26.9,27.613348,29.014885,27.753501699999997
2022-01-19 16:00:00,26.5,26.897808,28.563295,27.064356699999998
2022-01-19 17:00:00,26.1,25.8985,27.832962,26.0919462
2022-01-19 18:00:00,24.7,24.922388,27.096287,25.139777900000002
2022-01-19 19:00:00,24.5,24.422112,26.345276,24.614428399999998
2022-01-19 20:00:00,24.2,24.116722,25.865372,24.291587
2022-01-19 21:00:00,24.2,23.97508,25.587807,24.1363527
2022-01-19 22:00:00,23.4,23.479078,25.301262,23.661296400000005
2022-01-19 23:00:00,22.4,22.929293,25.051952,23.1415589
2022-01-20 00:00:00,22.8,22.51555,24.64749,22.728744
2022-01-20 01:00:00,21.9,22.53664,23.951754,22.678151399999997
2022-01-20 02:00:00,22.5,22.629677,24.123137,22.779023
2022-01-20 03:00:00,20.9,22.699764,24.509163,22.880703899999997
2022-01-20 04:00:00,20.5,23.345354,25.557898,23.5666084
2022-01-20 05:00:00,20.5,21.926338,25.160448,22.249749
2022-01-20 06:00:00,20.6,21.45775,24.410784,21.7530534
2022-01-20 07:00:00,21.7,22.409975,25.218761,22.6908536
2022-01-20 08:00:00,23.9,24.318924,26.000633,24.4870949
2022-01-20 09:00:00,26.2,26.346277,28.180424,26.5296917
2022-01-20 10:00:00,27.7,27.73058,29.626637,27.9201857
2022-01-20 11:00:00,28.5,28.373604,30.664944,28.602738000000002
2022-01-20 12:00:00,28.9,28.614336,31.397223,28.892624700000002
2022-01-20 13:00:00,28.5,28.56535,30.37125,28.745939999999997
2022-01-20 14:00:00,28.1,28.259579,30.501228,28.4837439
2022-01-20 15:00:00,27.6,27.402582,29.65648,27.627971799999997
2022-01-20 16:00:00,27.0,26.709232,29.103361,26.948644899999998
2022-01-20 17:00:00,26.4,26.20895,28.309269,26.4189819
2022-01-20 18:00:00,25.3,25.31619,27.486876,25.5332586
2022-01-20 19:00:00,25.2,24.825827,26.631971,25.0064414
2022-01-20 20:00:00,24.9,24.500303,26.341228,24.6843955
2022-01-20 21:00:00,24.7,24.395254,26.01761,24.5574896
2022-01-20 22:00:00,24.3,23.96727,25.897858,24.160328800000002
2022-01-20 23:00:00,24.4,23.64702,25.460976,23.8284156
2022-01-21 00:00:00,24.0,23.400692,25.056978,23.5663206
2022-01-21 01:00:00,23.3,23.329607,24.74649,23.471295299999998
2022-01-21 02:00:00,22.7,22.85083,24.42221,23.007967999999998
2022-01-21 03:00:00,22.1,22.577156,25.16647,22.836087399999997
2022-01-21 04:00:00,21.9,22.085266,24.336185,22.3103579
2022-01-21 05:00:00,22.4,21.727526,24.496872,22.0044606
2022-01-21 06:00:00,22.4,22.225187,24.57102,22.4597703
2022-01-21 07:00:00,22.9,22.766203,25.193947,23.0089774
2022-01-21 08:00:00,24.6,24.979776,26.330555,25.1148539
2022-01-21 09:00:00,26.4,26.829433,28.209812,26.967470900000002
2022-01-21 10:00:00,28.1,27.93648,30.157837,28.1586157
2022-01-21 11:00:00,28.9,28.718569,31.031042,28.9498163
2022-01-21 12:00:00,28.9,28.96851,31.018032,29.1734622
2022-01-21 13:00:00,28.7,28.909565,31.039455,29.122554
2022-01-21 14:00:00,28.1,28.467861,30.317986,28.6528735
2022-01-21 15:00:00,28.0,27.800552,29.75443,27.9959398
2022-01-21 16:00:00,27.5,27.30207,29.07718,27.479581
2022-01-21 17:00:00,26.4,26.621082,28.39775,26.798748800000002
2022-01-21 18:00:00,25.7,25.657303,27.768787,25.868451399999998
2022-01-21 19:00:00,25.6,25.407114,26.817059,25.5481085
2022-01-21 20:00:00,25.4,25.268435,26.699913,25.4115828
2022-01-21 21:00:00,25.4,25.102396,26.180267,25.2101831
2022-01-21 22:00:00,25.1,24.965736,26.047401,25.073902500000003
2022-01-21 23:00:00,24.8,24.976843,25.677715,25.0469302
2022-01-22 00:00:00,24.8,24.52039,25.671087,24.6354597
2022-01-22 01:00:00,24.6,24.047266,24.90498,24.1330374
2022-01-22 02:00:00,24.5,23.42775,24.667692,23.551744199999998
2022-01-22 03:00:00,24.4,22.86719,24.538813,23.034352300000002
2022-01-22 04:00:00,24.3,22.670372,24.45837,22.8491718
2022-01-22 05:00:00,24.0,22.516924,24.857077,22.7509393
2022-01-22 06:00:00,24.0,22.690416,25.468105,22.9681849
2022-01-22 07:00:00,24.5,23.566666,25.70974,23.7809734
2022-01-22 08:00:00,25.7,25.126198,26.70105,25.2836832
2022-01-22 09:00:00,27.4,26.89974,28.478313,27.0575973
2022-01-22 10:00:00,29.1,28.433968,29.758865,28.566457699999997
2022-01-22 11:00:00,30.4,28.978624,30.690191,29.149780699999997
2022-01-22 12:00:00,30.6,29.077785,30.58715,29.2287215
2022-01-22 13:00:00,29.7,28.756409,30.314821,28.9122502
2022-01-22 14:00:00,28.7,28.429262,30.039413,28.5902771
2022-01-22 15:00:00,27.9,28.210001,29.491085,28.3381094
2022-01-22 16:00:00,27.5,27.652868,29.120623,27.799643500000002
2022-01-22 17:00:00,27.0,26.70797,28.302715,26.867444499999998
2022-01-22 18:00:00,26.1,25.944416,27.498169,26.0997913
2022-01-22 19:00:00,26.1,25.87703,26.893408,25.9786678
2022-01-22 20:00:00,26.0,25.512974,26.567467,25.6184233
2022-01-22 21:00:00,25.9,25.403114,26.344759,25.497278499999997
2022-01-22 22:00:00,25.5,25.332172,26.12764,25.4117188
2022-01-22 23:00:00,25.5,25.056496,25.86258,25.137104400000002
2022-01-23 00:00:00,25.2,24.931,25.77521,25.015421000000003
2022-01-23 01:00:00,25.0,24.851767,25.175655,24.8841558
2022-01-23 02:00:00,24.8,24.790148,25.202034,24.8313366
2022-01-23 03:00:00,25.2,24.636362,25.305836,24.7033094
2022-01-23 04:00:00,24.9,24.53577,25.37902,24.620095
2022-01-23 05:00:00,24.8,24.324778,25.684427,24.460742899999996
2022-01-23 06:00:00,24.9,24.445608,25.696592,24.570706400000002
2022-01-23 07:00:00,25.4,24.95821,26.199282,25.082317200000002
2022-01-23 08:00:00,27.0,26.161865,27.16641,26.2623195
2022-01-23 09:00:00,28.4,27.423359,28.56343,27.5373661
2022-01-23 10:00:00,29.4,29.123365,30.029419,29.2139704
2022-01-23 11:00:00,29.7,29.995605,31.501057,30.1461502
2022-01-23 12:00:00,29.6,30.597506,32.03121,30.740876399999998
2022-01-23 13:00:00,29.1,29.738342,31.624052,29.926913
2022-01-23 14:00:00,28.8,28.79932,30.609537,28.9803417
2022-01-23 15:00:00,27.9,28.082363,29.784538,28.2525805
2022-01-23 16:00:00,27.0,27.524574,29.223984,27.694515
2022-01-23 17:00:00,26.0,27.008423,28.691433,27.176724
2022-01-23 18:00:00,25.6,26.482422,27.807966,26.6149764
2022-01-23 19:00:00,25.4,26.302881,27.027874,26.3753803
2022-01-23 20:00:00,25.3,26.169678,26.954592,26.2481694
2022-01-23 21:00:00,25.0,26.032335,26.587984,26.0878999
2022-01-23 22:00:00,24.7,25.643827,26.470083,25.726452600000002
2022-01-23 23:00:00,24.6,25.358156,26.224909,25.4448313
2022-01-24 00:00:00,24.4,25.124792,26.11145,25.223457800000002
2022-01-24 01:00:00,24.2,25.035103,25.566185,25.0882112
2022-01-24 02:00:00,24.1,24.89623,25.54582,24.961189
2022-01-24 03:00:00,23.9,25.035982,25.674984,25.0998822
2022-01-24 04:00:00,22.8,24.860495,26.118172,24.9862627
2022-01-24 05:00:00,23.0,24.842691,26.12373,24.970794899999998
2022-01-24 06:00:00,22.5,25.035816,26.509594,25.183193799999998
2022-01-24 07:00:00,23.8,25.570494,27.07352,25.7207966
2022-01-24 08:00:00,25.7,26.981354,27.892595,27.0724781
2022-01-24 09:00:00,27.4,28.287977,29.306782,28.3898575
2022-01-24 10:00:00,28.2,29.390392,30.511852,29.502537999999998
2022-01-24 11:00:00,28.7,30.024464,31.459846,30.168002199999997
2022-01-24 12:00:00,28.4,30.11752,31.622456,30.2680136
2022-01-24 13:00:00,28.3,29.544521,31.152311,29.705299999999998
2022-01-24 14:00:00,28.1,28.814459,30.821684,29.0151815
2022-01-24 15:00:00,27.9,28.098545,30.095074,28.2981979
2022-01-24 16:00:00,27.3,27.4993,29.058624,27.655232400000003
2022-01-24 17:00:00,26.6,26.71209,28.349789,26.8758599
2022-01-24 18:00:00,25.8,25.92635,27.670101,26.100725100000002
2022-01-24 19:00:00,25.6,25.600641,27.217701,25.762347000000002
2022-01-24 20:00:00,25.7,25.53392,26.910374,25.6715654
2022-01-24 21:00:00,25.6,25.393888,26.675867,25.5220859
2022-01-24 22:00:00,25.3,25.074074,26.354856,25.2021522
2022-01-24 23:00:00,25.1,25.045368,26.066538,25.147485
2022-01-25 00:00:00,23.6,24.690655,25.97044,24.8186335
2022-01-25 01:00:00,23.6,24.657873,25.356297,24.7277154
2022-01-25 02:00:00,23.1,24.442167,25.302708,24.528221100000003
2022-01-25 03:00:00,23.2,24.294266,25.401264,24.4049658
2022-01-25 04:00:00,22.4,23.716976,25.413607,23.886639099999996
2022-01-25 05:00:00,22.3,23.487457,25.00579,23.6392903
2022-01-25 06:00:00,22.4,23.194729,25.294537,23.4047098
2022-01-25 07:00:00,23.3,24.266932,26.174597,24.4576985
2022-01-25 08:00:00,25.3,26.65537,27.441803,26.7340133
2022-01-25 09:00:00,26.2,27.88033,28.993168,27.991613800000003
2022-01-25 10:00:00,26.9,28.715294,30.216846,28.8654492
2022-01-25 11:00:00,27.8,29.222916,30.438902,29.3445146
2022-01-25 12:00:00,27.9,28.986862,30.611073,29.149283099999998
2022-01-25 13:00:00,28.1,28.671457,30.46103,28.8504143
2022-01-25 14:00:00,28.1,28.655905,30.184998,28.8088143
2022-01-25 15:00:00,27.8,27.92146,29.766247,28.1059387
2022-01-25 16:00:00,27.1,27.36594,29.145273,27.543873299999998
2022-01-25 17:00:00,26.5,26.721684,28.407475,26.8902631
2022-01-25 18:00:00,26.1,25.985079,27.761406,26.1627117
2022-01-25 19:00:00,25.7,25.751297,27.01141,25.877308300000003
2022-01-25 20:00:00,25.4,25.54244,26.866879,25.674883899999998
2022-01-25 21:00:00,25.3,25.480278,26.7567,25.6079202
2022-01-25 22:00:00,25.3,25.188745,26.590767,25.3289472
2022-01-25 23:00:00,24.8,25.060608,26.172054,25.171752599999998
2022-01-26 00:00:00,25.0,24.23241,25.993778,24.4085468
2022-01-26 01:00:00,24.7,23.937038,24.911303,24.0344645
2022-01-26 02:00:00,24.3,23.917122,25.251057,24.050515499999996
2022-01-26 03:00:00,24.0,23.660856,24.983706,23.793141
2022-01-26 04:00:00,23.6,23.117037,25.172554,23.3225887
2022-01-26 05:00:00,23.5,22.980238,24.533245,23.1355387
2022-01-26 06:00:00,24.9,22.851526,25.396189,23.1059923
2022-01-26 07:00:00,24.6,23.727776,25.388851,23.893883499999998
2022-01-26 08:00:00,25.1,25.534353,26.632109,25.6441286
2022-01-26 09:00:00,26.1,26.940191,28.349106,27.0810825
2022-01-26 10:00:00,26.8,27.426445,30.124233,27.6962238
2022-01-26 11:00:00,27.2,28.35493,29.661905,28.4856275
2022-01-26 12:00:00,27.9,28.158766,30.958675,28.4387569
2022-01-26 13:00:00,28.0,28.141302,30.263239,28.353495699999996
2022-01-26 14:00:00,27.6,28.04499,30.346485,28.275139499999998
2022-01-26 15:00:00,27.2,27.771666,29.779,27.972399399999997
2022-01-26 16:00:00,26.6,27.157568,29.267406,27.3685518
2022-01-26 17:00:00,26.4,26.483055,28.444725,26.679222
2022-01-26 18:00:00,25.5,26.021738,27.956335,26.215197699999997
2022-01-26 19:00:00,25.2,25.737913,27.296207,25.893742399999997
2022-01-26 20:00:00,25.1,25.479733,26.784826,25.6102423
2022-01-26 21:00:00,25.0,25.157295,26.40928,25.2824935
2022-01-26 22:00:00,24.7,25.102942,26.144876,25.2071354
2022-01-26 23:00:00,24.6,24.882496,26.040138,24.9982602
2022-01-27 00:00:00,24.3,24.855675,25.747091,24.944816600000003
2022-01-27 01:00:00,23.4,24.719933,25.192217,24.7671614
2022-01-27 02:00:00,22.5,24.081913,25.422794,24.2160011
2022-01-27 03:00:00,22.5,23.660963,25.141415,23.8090082
2022-01-27 04:00:00,22.8,23.58707,24.556637,23.6840267
2022-01-27 05:00:00,23.3,23.767334,24.836151,23.8742157
2022-01-27 06:00:00,23.8,24.147766,26.402702,24.3732596
2022-01-27 07:00:00,24.3,24.796535,26.454168,24.9622983
2022-01-27 08:00:00,25.2,25.351322,25.692005,25.3853903
2022-01-27 09:00:00,26.6,26.074532,27.696346,26.236713400000003
2022-01-27 10:00:00,27.5,26.79497,28.122982,26.927771200000002
2022-01-27 11:00:00,27.9,27.3427,28.678196,27.476249600000003
2022-01-27 12:00:00,28.2,27.758144,29.159216,27.898251200000004
2022-01-27 13:00:00,28.1,27.835924,29.561823,28.008513899999997
2022-01-27 14:00:00,28.0,27.595654,29.367744,27.772863
2022-01-27 15:00:00,27.6,27.234375,28.747475,27.385685
2022-01-27 16:00:00,27.1,26.55172,28.267527,26.7233007
2022-01-27 17:00:00,26.3,26.020071,27.515097,26.169573600000003
2022-01-27 18:00:00,25.7,25.376526,27.250452,25.5639186
2022-01-27 19:00:00,25.4,24.991594,26.316338,25.1240684
2022-01-27 20:00:00,25.3,24.972855,26.029072,25.0784767
2022-01-27 21:00:00,25.3,24.75265,25.792553,24.8566403
2022-01-27 22:00:00,25.2,24.588179,25.633451,24.6927062
2022-01-27 23:00:00,25.1,24.34415,25.461693,24.4559043
2022-01-28 00:00:00,24.9,23.890879,25.483608,24.050151900000003
2022-01-28 01:00:00,24.9,23.515306,24.456694,23.6094448
2022-01-28 02:00:00,24.8,23.521936,24.227291,23.592471500000002
2022-01-28 03:00:00,24.7,23.305775,24.079863,23.383183799999998
2022-01-28 04:00:00,24.9,23.272146,24.501888,23.3951202
2022-01-28 05:00:00,24.8,23.02249,24.358109,23.1560519
2022-01-28 06:00:00,25.2,23.131968,24.878708,23.306642
2022-01-28 07:00:00,25.5,24.284237,25.614891,24.4173024
2022-01-28 08:00:00,26.1,25.027098,26.69667,25.1940552
2022-01-28 09:00:00,26.5,26.36857,27.133272,26.445040199999998
2022-01-28 10:00:00,27.1,27.167841,28.739428,27.3249997
2022-01-28 11:00:00,27.0,27.550854,29.326878,27.728456400000002
2022-01-28 12:00:00,27.6,27.735764,29.598907,27.9220783
2022-01-28 13:00:00,27.2,27.681778,29.7501,27.888610200000002
2022-01-28 14:00:00,27.1,27.503632,29.396353,27.6929041
2022-01-28 15:00:00,26.9,27.248837,29.008589,27.4248122
2022-01-28 16:00:00,26.6,26.85544,28.303665,27.0002625
2022-01-28 17:00:00,26.5,26.026096,27.732553,26.196741699999997
2022-01-28 18:00:00,25.7,25.422611,27.12567,25.5929169
2022-01-28 19:00:00,25.4,25.11996,26.37839,25.245803
2022-01-28 20:00:00,25.4,24.88384,26.117405,25.0071965
2022-01-28 21:00:00,25.4,24.778763,25.851723,24.886059000000003
2022-01-28 22:00:00,25.3,24.741035,25.689249,24.8358564
2022-01-28 23:00:00,24.8,24.598623,25.520107,24.6907714
2022-01-29 00:00:00,24.9,24.39857,25.387707,24.4974837
2022-01-29 01:00:00,24.9,24.340601,24.76825,24.383365899999998
2022-01-29 02:00:00,24.8,24.089085,24.814106,24.161587100000002
2022-01-29 03:00:00,24.8,24.197132,24.778149,24.255233699999998
2022-01-29 04:00:00,24.2,24.01477,25.045162,24.117809199999996
2022-01-29 05:00:00,24.7,23.80551,25.377007,23.9626597
2022-01-29 06:00:00,25.0,24.218699,25.56787,24.3536161
2022-01-29 07:00:00,25.5,24.652258,26.264725,24.8135047
2022-01-29 08:00:00,26.4,25.25839,26.969116,25.4294626
2022-01-29 09:00:00,27.1,25.812687,27.756992,26.0071175
2022-01-29 10:00:00,28.2,26.332071,28.513788,26.5502427
2022-01-29 11:00:00,28.6,26.140327,29.144588,26.4407531
2022-01-29 12:00:00,28.6,26.600744,28.943851,26.8350547
2022-01-29 13:00:00,28.5,26.375383,29.558514,26.6936961
2022-01-29 14:00:00,28.4,26.183184,28.847824,26.449648
2022-01-29 15:00:00,28.1,26.017353,28.72234,26.2878517
2022-01-29 16:00:00,27.3,25.86265,28.149826,26.091367599999998
2022-01-29 17:00:00,26.4,25.532534,27.693182,25.7485988
2022-01-29 18:00:00,25.6,25.161095,27.312092,25.3761947
2022-01-29 19:00:00,25.4,24.937819,26.391596,25.083196700000002
2022-01-29 20:00:00,25.3,24.80111,26.171677,24.9381667
2022-01-29 21:00:00,25.1,24.68127,25.921059,24.805248900000002
2022-01-29 22:00:00,25.0,24.529295,25.790983,24.6554638
2022-01-29 23:00:00,24.7,24.427475,25.551315,24.539859
2022-01-30 00:00:00,24.4,24.361357,25.211267,24.446348
2022-01-30 01:00:00,23.4,24.203394,24.885017,24.2715563
2022-01-30 02:00:00,23.7,24.01409,24.935339,24.106214899999998
2022-01-30 03:00:00,24.5,23.901108,25.010601,24.012057300000002
2022-01-30 04:00:00,23.9,23.801586,25.233501,23.9447775
2022-01-30 05:00:00,21.8,23.670387,25.035992,23.806947500000003
2022-01-30 06:00:00,22.4,24.009632,25.848341,24.1935029
2022-01-30 07:00:00,22.9,24.815125,26.377022,24.971314699999997
2022-01-30 08:00:00,24.9,25.638441,26.81813,25.756409899999998
2022-01-30 09:00:00,26.6,26.657433,27.969542,26.7886439
2022-01-30 10:00:00,27.8,27.620922,28.559647,27.7147945
2022-01-30 11:00:00,28.6,28.146955,29.530384,28.2852979
2022-01-30 12:00:00,28.9,28.32419,29.591618,28.450932800000004
2022-01-30 13:00:00,28.2,28.277065,29.588375,28.408196
2022-01-30 14:00:00,27.7,28.20413,29.341507,28.3178677
2022-01-30 15:00:00,27.6,27.803152,29.006428,27.9234796
2022-01-30 16:00:00,27.0,27.19952,28.512314,27.3307994
2022-01-30 17:00:00,26.3,26.247435,27.779196,26.4006111
2022-01-30 18:00:00,25.5,25.348417,27.208704,25.5344457
2022-01-30 19:00:00,25.3,25.094007,26.613409,25.2459472
2022-01-30 20:00:00,25.1,25.015886,26.312107,25.1455081
2022-01-30 21:00:00,25.0,24.99229,26.13536,25.106597
2022-01-30 22:00:00,24.7,24.947554,25.949913,25.0477899
2022-01-30 23:00:00,24.4,24.75583,25.7934,24.859586999999998
2022-01-31 00:00:00,24.0,24.268034,25.724224,24.413653
2022-01-31 01:00:00,22.4,23.948626,25.146885,24.0684519
2022-01-31 02:00:00,22.4,24.070993,24.745094,24.1384031
2022-01-31 03:00:00,23.1,23.642044,24.991089,23.7769485
2022-01-31 04:00:00,23.9,23.480276,24.865961,23.6188445
2022-01-31 05:00:00,21.1,22.48287,25.081306,22.742713600000002
2022-01-31 06:00:00,21.5,22.531801,24.799725,22.758593400000002
2022-01-31 07:00:00,22.5,23.343758,25.967243,23.6061065
2022-01-31 08:00:00,24.5,25.469852,26.697786,25.592645400000002
2022-01-31 09:00:00,26.3,26.324707,28.152311,26.5074674
2022-01-31 10:00:00,27.4,27.649038,28.39008,27.7231422
2022-01-31 11:00:00,28.0,28.632221,29.698841,28.738883
2022-01-31 12:00:00,28.1,28.84119,30.079666,28.965037600000002
2022-01-31 13:00:00,28.1,28.448515,30.123468,28.6160103
2022-01-31 14:00:00,27.7,27.874567,29.41954,28.029064299999998
2022-01-31 15:00:00,27.3,27.54529,29.076012,27.698362200000002
2022-01-31 16:00:00,26.7,26.933535,28.648048,27.104986299999997
2022-01-31 17:00:00,26.1,26.195986,27.882393,26.364626700000002
2022-01-31 18:00:00,25.0,25.504038,27.217308,25.675365000000003
2022-01-31 19:00:00,24.5,25.197916,26.60345,25.3384694
2022-01-31 20:00:00,24.1,25.103275,26.382553,25.231202800000002
2022-01-31 21:00:00,23.8,24.898176,26.120304,25.0203888
2022-01-31 22:00:00,23.2,24.800117,26.00222,24.9203273
2022-01-31 23:00:00,22.4,24.559456,25.714966,24.675007
2022-02-01 00:00:00,21.3,24.27207,25.72081,24.416944
2022-02-01 01:00:00,22.3,23.491247,25.380129,23.6801352
2022-02-01 02:00:00,23.7,22.951574,24.630089,23.1194255
2022-02-01 03:00:00,22.4,23.106894,25.112831,23.3074877
2022-02-01 04:00:00,19.5,23.296478,25.70654,23.5374842
2022-02-01 05:00:00,20.0,22.81069,25.84095,23.113716000000004
2022-02-01 06:00:00,20.2,22.536934,24.420055,22.7252461
2022-02-01 07:00:00,20.9,23.603067,25.785412,23.8213015
2022-02-01 08:00:00,22.8,25.26493,26.795984,25.4180354
2022-02-01 09:00:00,25.6,26.468443,28.327816,26.654380300000003
2022-02-01 10:00:00,27.1,27.480764,29.203058,27.6529934
2022-02-01 11:00:00,27.5,28.328274,30.093376,28.5047842
2022-02-01 12:00:00,27.7,28.615425,30.64689,28.818571499999997
2022-02-01 13:00:00,27.9,28.043205,30.520617,28.2909462
2022-02-01 14:00:00,27.7,27.75607,30.175179,27.997980899999998
2022-02-01 15:00:00,27.2,27.441359,29.597977,27.657020799999998
2022-02-01 16:00:00,26.5,26.905054,29.085438,27.1230924
2022-02-01 17:00:00,25.5,26.2199,28.49416,26.447325999999997
2022-02-01 18:00:00,24.0,25.352583,27.811275,25.5984522
2022-02-01 19:00:00,23.3,24.880312,27.06448,25.0987288
2022-02-01 20:00:00,22.9,24.55809,26.671988,24.7694798
2022-02-01 21:00:00,22.7,24.3255,26.397766,24.532726600000004
2022-02-01 22:00:00,22.6,23.978758,26.10645,24.1915272
2022-02-01 23:00:00,22.0,23.431904,25.806911,23.669404699999998
2022-02-02 00:00:00,21.6,23.036303,25.40305,23.272977700000002
2022-02-02 01:00:00,20.6,23.018461,24.562227,23.1728376
2022-02-02 02:00:00,20.7,23.181396,25.091915,23.3724479
2022-02-02 03:00:00,23.0,23.143526,25.767456,23.405919
2022-02-02 04:00:00,21.4,21.71166,24.876387,22.0281327
2022-02-02 05:00:00,20.3,21.244041,24.33757,21.5533939
2022-02-02 06:00:00,20.4,21.064213,24.714863,21.429277999999996
2022-02-02 07:00:00,21.5,22.960468,25.511862,23.2156074
2022-02-02 08:00:00,23.7,24.489151,26.255798,24.6658157
2022-02-02 09:00:00,26.0,26.755154,27.797892,26.859427800000002
2022-02-02 10:00:00,27.2,27.633146,30.258766,27.895708
2022-02-02 11:00:00,27.9,27.98585,30.268755,28.2141405
2022-02-02 12:00:00,28.2,28.18973,30.681305,28.4388875
2022-02-02 13:00:00,28.1,28.234022,30.65752,28.4763718
2022-02-02 14:00:00,27.7,28.02167,30.630875,28.282590499999998
2022-02-02 15:00:00,27.3,27.52826,30.007036,27.7761376
2022-02-02 16:00:00,26.8,26.748898,29.22408,26.996416200000002
2022-02-02 17:00:00,26.0,25.967592,28.438133,26.2146461
2022-02-02 18:00:00,25.0,24.831257,27.824974,25.130628700000003
2022-02-02 19:00:00,24.8,24.172802,26.687103,24.4242321
2022-02-02 20:00:00,24.8,23.825619,26.293991,24.0724562
2022-02-02 21:00:00,24.9,23.681414,26.021975,23.9154701
2022-02-02 22:00:00,24.5,23.543251,25.818739,23.7707998
2022-02-02 23:00:00,24.3,23.258886,25.623997,23.4953971
2022-02-03 00:00:00,24.1,22.535093,25.216587,22.8032424
2022-02-03 01:00:00,23.8,22.77966,24.535814,22.955275399999998
2022-02-03 02:00:00,23.7,22.443348,24.456776,22.6446908
2022-02-03 03:00:00,23.5,22.67987,24.850128,22.896895800000003
2022-02-03 04:00:00,23.0,22.696545,25.905006,23.0173911
2022-02-03 05:00:00,22.3,21.415775,24.759253,21.7501228
2022-02-03 06:00:00,22.0,21.313171,25.056755,21.6875294
2022-02-03 07:00:00,23.3,22.831362,25.456081,23.0938339
2022-02-03 08:00:00,25.3,25.028873,26.489128,25.174898499999998
2022-02-03 09:00:00,27.1,26.56634,28.607239,26.7704299
2022-02-03 10:00:00,28.5,27.874716,30.353004,28.1225448
2022-02-03 11:00:00,29.9,28.41644,30.680807,28.642876700000002
2022-02-03 12:00:00,30.5,28.348074,31.104542,28.6237208
2022-02-03 13:00:00,29.4,28.297342,31.05332,28.5729398
2022-02-03 14:00:00,28.7,28.181753,30.725025,28.4360802
2022-02-03 15:00:00,28.3,27.698067,30.280056,27.956265900000002
2022-02-03 16:00:00,27.5,27.189331,29.625904,27.432988299999998
2022-02-03 17:00:00,26.8,26.37651,28.80259,26.619118
2022-02-03 18:00:00,26.1,25.489632,27.9602,25.7366888
2022-02-03 19:00:00,26.0,25.185614,27.110708,25.3781234
2022-02-03 20:00:00,25.9,25.093285,26.895271,25.273483600000002
2022-02-03 21:00:00,25.7,25.169884,26.567696,25.3096652
2022-02-03 22:00:00,25.5,24.881655,26.5316,25.046649499999997
2022-02-03 23:00:00,25.3,24.667961,26.153702,24.816535099999996
2022-02-04 00:00:00,25.1,24.103418,26.019709,24.295047099999998
2022-02-04 01:00:00,24.9,23.73358,25.341618,23.8943838
2022-02-04 02:00:00,24.7,23.984152,25.38125,24.123861800000004
2022-02-04 03:00:00,24.1,23.939192,25.49836,24.0951088
2022-02-04 04:00:00,23.1,23.323513,25.89957,23.581118699999998
2022-02-04 05:00:00,22.9,23.162922,25.5636,23.4029898
2022-02-04 06:00:00,23.0,22.900448,25.488506,23.159253800000002
2022-02-04 07:00:00,23.8,24.060272,26.010612,24.255306
2022-02-04 08:00:00,25.8,25.573814,27.3325,25.749682599999996
2022-02-04 09:00:00,27.2,27.560394,29.220615,27.726416099999998
2022-02-04 10:00:00,27.9,28.446737,30.520576,28.6541209
2022-02-04 11:00:00,28.8,29.722878,31.35051,29.885641200000002
2022-02-04 12:00:00,29.1,29.885208,32.218666,30.118553799999997
2022-02-04 13:00:00,28.9,29.439163,31.762585,29.671505200000002
2022-02-04 14:00:00,28.8,28.785067,30.352442,28.941804500000003
2022-02-04 15:00:00,28.4,28.349094,30.042976,28.5184822
2022-02-04 16:00:00,27.6,27.789343,29.545101,27.9649188
2022-02-04 17:00:00,27.3,27.115065,28.763187,27.2798772
2022-02-04 18:00:00,26.4,26.38327,27.942188,26.5391618
2022-02-04 19:00:00,26.1,26.213846,27.492561,26.3417175
2022-02-04 20:00:00,25.9,26.130991,27.12629,26.230520900000002
2022-02-04 21:00:00,25.6,25.8186,26.917608,25.928500800000002
2022-02-04 22:00:00,25.5,25.599567,26.729042,25.712514499999997
2022-02-04 23:00:00,25.3,25.28405,26.48266,25.403911
2022-02-05 00:00:00,25.0,24.99877,26.369877,25.1358807
2022-02-05 01:00:00,24.8,24.941057,25.806568,25.027608100000002
2022-02-05 02:00:00,24.6,24.85426,25.810757,24.9499097
2022-02-05 03:00:00,24.4,24.38914,25.83982,24.534208
2022-02-05 04:00:00,24.2,24.161022,25.796844,24.324604199999996
2022-02-05 05:00:00,24.5,23.768255,25.772114,23.9686409
2022-02-05 06:00:00,24.6,23.713303,25.416931,23.8836658
2022-02-05 07:00:00,25.6,24.431208,26.17324,24.605411200000002
2022-02-05 08:00:00,26.5,26.186113,27.08992,26.2764937
2022-02-05 09:00:00,27.0,27.31957,29.082155,27.495828500000002
2022-02-05 10:00:00,27.7,28.158844,30.36647,28.3796066
2022-02-05 11:00:00,28.1,29.297102,30.315857,29.3989775
2022-02-05 12:00:00,28.3,29.734911,31.24578,29.8859979
2022-02-05 13:00:00,28.4,29.296803,31.034119,29.4705346
2022-02-05 14:00:00,28.3,28.782818,30.590418,28.963578
2022-02-05 15:00:00,28.0,28.361473,30.141743,28.5395
2022-02-05 16:00:00,27.5,27.683353,29.424377,27.8574554
2022-02-05 17:00:00,26.9,27.077423,28.510666,27.2207473
2022-02-05 18:00:00,26.0,26.338116,28.149025,26.5192069
2022-02-05 19:00:00,25.7,25.962553,27.287416,26.0950393
2022-02-05 20:00:00,25.5,25.945896,26.980543,26.0493607
2022-02-05 21:00:00,25.4,25.66809,26.716726,25.7729536
2022-02-05 22:00:00,25.3,25.317331,26.421577,25.427755599999998
2022-02-05 23:00:00,24.9,25.169092,26.367435,25.288926299999996
2022-02-06 00:00:00,24.6,24.823805,26.141378,24.9555623
2022-02-06 01:00:00,24.2,24.64381,25.562584,24.7356874
2022-02-06 02:00:00,23.6,24.491104,25.563622,24.5983558
2022-02-06 03:00:00,22.6,24.164816,25.554129,24.303747299999998
2022-02-06 04:00:00,22.0,24.024437,25.634624,24.1854557
2022-02-06 05:00:00,22.3,24.048368,25.614325,24.2049637
2022-02-06 06:00:00,23.3,24.060516,26.1644,24.270904400000003
2022-02-06 07:00:00,24.3,25.094894,26.562492,25.241653799999998
2022-02-06 08:00:00,26.1,26.263035,27.772957,26.4140272
2022-02-06 09:00:00,27.4,27.125378,28.96215,27.3090552
2022-02-06 10:00:00,28.2,27.749815,29.452839,27.920117400000002
2022-02-06 11:00:00,28.7,28.505854,30.207426,28.676011199999998
2022-02-06 12:00:00,28.8,28.533176,30.496908,28.7295492
2022-02-06 13:00:00,28.7,28.675838,30.543497,28.8626039
2022-02-06 14:00:00,28.4,28.452974,30.251503,28.6328269
2022-02-06 15:00:00,28.0,28.02079,29.997326,28.2184436
2022-02-06 16:00:00,27.4,27.345013,29.398842,27.5503959
2022-02-06 17:00:00,26.8,26.716375,28.685513,26.9132888
2022-02-06 18:00:00,25.8,25.833412,28.186981,26.0687689
2022-02-06 19:00:00,25.4,25.430037,27.223831,25.609416399999997
2022-02-06 20:00:00,25.2,25.31538,26.956612,25.4795032
2022-02-06 21:00:00,25.2,25.025475,26.679615,25.190889000000002
2022-02-06 22:00:00,25.1,24.9721,26.404865,25.1153765
2022-02-06 23:00:00,24.9,24.809973,26.309221,24.9598978
2022-02-07 00:00:00,24.8,24.393713,26.105865,24.5649282
2022-02-07 01:00:00,24.8,24.03901,25.465254,24.1816344
2022-02-07 02:00:00,24.4,23.479902,25.390965,23.6710083
2022-02-07 03:00:00,22.9,22.920095,25.220964,23.1501819
2022-02-07 04:00:00,22.2,22.151754,24.911991,22.4277777
2022-02-07 05:00:00,21.8,22.139849,25.218105,22.447674600000003
2022-02-07 06:00:00,21.4,22.615524,25.494553,22.9034269
2022-02-07 07:00:00,22.9,24.269043,26.075298,24.449668499999998
2022-02-07 08:00:00,25.1,25.87804,27.58162,26.048398
2022-02-07 09:00:00,26.9,27.1558,28.527134,27.2929334
2022-02-07 10:00:00,28.0,27.99054,29.647305,28.1562165
2022-02-07 11:00:00,28.4,28.295021,30.347332,28.500252099999997
2022-02-07 12:00:00,28.5,28.530031,30.57437,28.734464900000003
2022-02-07 13:00:00,28.5,28.581106,30.584183,28.781413699999998
2022-02-07 14:00:00,28.1,28.333097,30.370691,28.536856399999998
2022-02-07 15:00:00,27.6,27.887712,29.761616,28.0751024
2022-02-07 16:00:00,26.9,27.386164,29.187403,27.566287900000003
2022-02-07 17:00:00,26.3,26.619152,28.517595,26.8089963
2022-02-07 18:00:00,25.2,25.705063,27.909885,25.925545200000002
2022-02-07 19:00:00,24.9,25.207502,27.054768,25.392228600000003
2022-02-07 20:00:00,24.8,24.960823,26.74849,25.1395897
2022-02-07 21:00:00,24.6,24.872496,26.45066,25.030312400000003
2022-02-07 22:00:00,24.5,24.86512,26.353067,25.0139147
2022-02-07 23:00:00,24.3,24.846092,26.2295,24.9844328
2022-02-08 00:00:00,24.1,24.502316,26.14193,24.666277400000002
2022-02-08 01:00:00,23.9,24.342949,25.579561,24.466610199999998
2022-02-08 02:00:00,23.7,24.040508,25.525255,24.188982699999997
2022-02-08 03:00:00,23.7,23.411089,25.325005,23.6024806
2022-02-08 04:00:00,23.5,23.03742,24.731163,23.2067943
2022-02-08 05:00:00,23.9,22.263952,24.824488,22.5200056
2022-02-08 06:00:00,24.1,22.216036,24.994705,22.493902900000002
2022-02-08 07:00:00,25.2,23.711021,25.592356,23.8991545
2022-02-08 08:00:00,26.5,25.648436,27.179762,25.8015686
2022-02-08 09:00:00,27.2,26.73847,28.742039,26.9388269
2022-02-08 10:00:00,27.9,27.819393,29.246418,27.9620955
2022-02-08 11:00:00,28.3,28.581455,30.276718,28.7509813
2022-02-08 12:00:00,28.6,28.74974,30.512299,28.9259959
2022-02-08 13:00:00,28.5,28.623705,30.578886,28.8192231
2022-02-08 14:00:00,28.2,28.264294,30.336498,28.4715144
2022-02-08 15:00:00,27.6,27.674128,29.740885,27.8808037
2022-02-08 16:00:00,27.0,26.99413,29.201847,27.2149017
2022-02-08 17:00:00,26.6,26.3295,28.49835,26.546384999999997
2022-02-08 18:00:00,25.6,25.421812,28.019562,25.681587
2022-02-08 19:00:00,25.3,25.051931,26.919186,25.238656499999998
2022-02-08 20:00:00,25.0,24.928793,26.660332,25.1019469
2022-02-08 21:00:00,24.6,24.73625,26.41713,24.904338
2022-02-08 22:00:00,24.3,24.532196,26.16285,24.695261399999996
2022-02-08 23:00:00,24.3,24.267723,25.939682,24.4349189
2022-02-09 00:00:00,24.0,23.695446,25.637398,23.8896412
2022-02-09 01:00:00,23.5,23.649464,25.1244,23.7969576
2022-02-09 02:00:00,23.2,23.743692,25.228085,23.8921313
2022-02-09 03:00:00,23.1,23.699514,25.288969,23.858459500000002
2022-02-09 04:00:00,22.7,23.315147,25.403835,23.5240158
2022-02-09 05:00:00,22.8,23.322378,25.573708,23.547511
2022-02-09 06:00:00,22.7,23.629412,25.913906,23.8578614
2022-02-09 07:00:00,23.6,24.860008,26.397907,25.0137979
2022-02-09 08:00:00,25.8,25.794283,27.624691,25.9773238
2022-02-09 09:00:00,27.8,27.045923,28.857613,27.227092
2022-02-09 10:00:00,28.6,27.80962,29.442738,27.972931799999998
2022-02-09 11:00:00,29.1,28.285088,30.179312,28.4745104
2022-02-09 12:00:00,29.5,28.481203,30.345139,28.667596600000003
2022-02-09 13:00:00,29.3,28.464441,30.454666,28.6634635
2022-02-09 14:00:00,28.9,28.125048,30.17315,28.3298582
2022-02-09 15:00:00,28.2,27.64271,29.708494,27.8492884
2022-02-09 16:00:00,27.5,26.861229,29.076693,27.0827754
2022-02-09 17:00:00,26.9,26.332733,28.507677,26.5502274
2022-02-09 18:00:00,26.2,25.405548,27.836628,25.648656
2022-02-09 19:00:00,25.8,24.9567,26.883532,25.1493832
2022-02-09 20:00:00,25.4,24.875532,26.619488,25.049927599999997
2022-02-09 21:00:00,25.3,24.613934,26.19524,24.7720646
2022-02-09 22:00:00,25.0,24.295473,25.902908,24.4562165
2022-02-09 23:00:00,24.8,24.160765,25.801874,24.324875900000002
2022-02-10 00:00:00,24.4,23.673737,25.779076,23.8842709
2022-02-10 01:00:00,23.8,23.352713,24.974482,23.5148899
2022-02-10 02:00:00,23.5,23.046257,24.747185,23.216349800000003
2022-02-10 03:00:00,23.4,22.99651,24.684942,23.1653532
2022-02-10 04:00:00,23.2,22.621933,24.880503,22.847789999999996
2022-02-10 05:00:00,22.9,22.600863,24.85235,22.8260117
2022-02-10 06:00:00,23.2,22.716677,25.9257,23.0375793
2022-02-10 07:00:00,24.3,23.255682,26.39824,23.5699378
2022-02-10 08:00:00,26.5,25.903452,27.759,26.089006800000003
2022-02-10 09:00:00,28.3,27.184626,29.13122,27.3792854
2022-02-10 10:00:00,29.0,28.275206,30.071903,28.4548757
2022-02-10 11:00:00,29.4,28.615805,30.23719,28.777943500000003
2022-02-10 12:00:00,29.5,29.137104,30.735529,29.2969465
2022-02-10 13:00:00,29.5,29.02822,30.792759,29.2046739
2022-02-10 14:00:00,29.0,28.722702,30.305801,28.8810119
2022-02-10 15:00:00,28.3,28.155928,29.728352,28.313170399999997
2022-02-10 16:00:00,27.8,27.472383,29.005032,27.6256479
2022-02-10 17:00:00,26.7,26.770084,28.425594,26.935635
2022-02-10 18:00:00,26.1,26.175566,27.70538,26.328547399999998
2022-02-10 19:00:00,25.9,25.644419,26.822737,25.7622508
2022-02-10 20:00:00,25.7,25.290264,26.636524,25.42489
2022-02-10 21:00:00,25.2,24.974653,26.210373,25.098225
2022-02-10 22:00:00,24.9,24.86044,25.990082,24.9734042
2022-02-10 23:00:00,24.7,24.680424,25.774689,24.7898505
2022-02-11 00:00:00,24.5,24.359007,25.65324,24.4884303
2022-02-11 01:00:00,24.2,24.12826,24.831692,24.1986032
2022-02-11 02:00:00,24.0,23.512617,24.545044,23.6158597
2022-02-11 03:00:00,24.0,23.105143,24.580235,23.2526522
2022-02-11 04:00:00,23.9,22.938627,24.734377,23.118202
2022-02-11 05:00:00,23.0,23.151236,24.85036,23.3211484
2022-02-11 06:00:00,23.7,23.2194,25.603806,23.4578406
2022-02-11 07:00:00,25.2,24.182714,26.150944,24.379537000000003
2022-02-11 08:00:00,26.9,25.981997,27.33813,26.1176103
2022-02-11 09:00:00,27.8,27.920095,28.635551,27.9916406
2022-02-11 10:00:00,28.6,28.808159,29.9739,28.9247331
2022-02-11 11:00:00,29.1,29.152018,30.376423,29.2744585
2022-02-11 12:00:00,29.2,29.037235,30.780615,29.211573
2022-02-11 13:00:00,29.0,28.910728,30.672543,29.086909499999997
2022-02-11 14:00:00,28.8,28.708387,30.446083,28.8821566
2022-02-11 15:00:00,28.4,28.03355,29.833206,28.2135156
2022-02-11 16:00:00,27.7,27.471056,29.0292,27.626870399999998
2022-02-11 17:00:00,27.1,26.694582,28.445621,26.8696859
2022-02-11 18:00:00,26.3,25.933014,27.47404,26.0871166
2022-02-11 19:00:00,26.0,25.777744,26.960798,25.8960494
2022-02-11 20:00:00,25.7,25.529404,26.703857,25.6468493
2022-02-11 21:00:00,25.4,25.197203,26.303078,25.3077905
2022-02-11 22:00:00,25.2,24.792595,25.986101,24.9119456
2022-02-11 23:00:00,25.0,24.664259,25.832367,24.7810698
2022-02-12 00:00:00,24.7,24.162334,25.702745,24.316375100000002
2022-02-12 01:00:00,24.3,24.013012,25.135048,24.1252156
2022-02-12 02:00:00,24.2,23.783535,25.044502,23.909631700000002
2022-02-12 03:00:00,24.0,23.547941,25.049366,23.698083500000003
2022-02-12 04:00:00,23.7,23.474173,25.25945,23.6527007
2022-02-12 05:00:00,23.6,23.194971,25.482855,23.423759399999998
2022-02-12 06:00:00,23.4,23.434889,24.99701,23.591101099999996
2022-02-12 07:00:00,24.9,24.642282,26.132076,24.7912614
2022-02-12 08:00:00,26.6,26.323818,27.35284,26.4267202
2022-02-12 09:00:00,27.5,27.587727,28.836802,27.712634500000004
2022-02-12 10:00:00,28.4,28.620043,29.459118,28.703950499999998
2022-02-12 11:00:00,28.8,29.094585,30.277073,29.2128338
2022-02-12 12:00:00,29.2,28.995996,30.719398,29.168336200000002
2022-02-12 13:00:00,29.0,28.847916,30.634817,29.026606100000002
2022-02-12 14:00:00,28.7,28.5589,30.292257,28.7322357
2022-02-12 15:00:00,28.3,28.176888,29.849974,28.344196600000004
2022-02-12 16:00:00,27.6,27.673792,29.138687,27.820281499999997
2022-02-12 17:00:00,26.9,26.875378,28.421835,27.0300237
2022-02-12 18:00:00,25.9,26.133703,27.622257,26.2825584
2022-02-12 19:00:00,25.6,25.845306,27.027885,25.9635639
2022-02-12 20:00:00,25.4,25.559273,26.63594,25.6669397
2022-02-12 21:00:00,25.2,25.128635,26.291592,25.2449307
2022-02-12 22:00:00,25.0,24.83727,25.98014,24.951557
2022-02-12 23:00:00,24.8,24.720695,25.823444,24.8309699
2022-02-13 00:00:00,24.6,24.507984,25.715155,24.6287011
2022-02-13 01:00:00,24.2,24.262737,25.211535,24.357616800000002
2022-02-13 02:00:00,23.9,23.836693,25.140255,23.967049199999998
2022-02-13 03:00:00,23.6,23.598574,25.137215,23.7524381
2022-02-13 04:00:00,23.7,23.447378,25.237244,23.6263646
2022-02-13 05:00:00,23.2,23.470797,25.227257,23.646443
2022-02-13 06:00:00,23.5,23.225813,25.291273,23.432358999999998
2022-02-13 07:00:00,24.8,24.26174,25.72448,24.408014
2022-02-13 08:00:00,26.4,26.300411,27.339287,26.4042986
2022-02-13 09:00:00,27.3,27.39145,28.988548,27.551159799999997
2022-02-13 10:00:00,27.9,28.42135,29.517391,28.530954100000002
2022-02-13 11:00:00,28.1,28.842121,30.450336,29.0029425
2022-02-13 12:00:00,27.9,29.288252,30.746855,29.434112300000002
2022-02-13 13:00:00,27.9,29.042221,30.734432,29.211442100000003
2022-02-13 14:00:00,27.6,28.66169,30.360495,28.8315705
2022-02-13 15:00:00,27.5,28.205923,29.867931,28.3721238
2022-02-13 16:00:00,26.8,27.60553,29.273485,27.772325500000004
2022-02-13 17:00:00,26.5,26.726831,28.480099,26.902157799999998
2022-02-13 18:00:00,25.7,25.977509,27.91148,26.1709061
2022-02-13 19:00:00,25.4,25.481009,26.967184,25.6296265
2022-02-13 20:00:00,25.4,25.137701,26.665306,25.2904615
2022-02-13 21:00:00,25.2,24.94588,26.437006,25.094992599999998
2022-02-13 22:00:00,25.1,24.765005,26.127735,24.901277999999998
2022-02-13 23:00:00,25.0,24.625183,26.009571,24.7636218
2022-02-14 00:00:00,24.7,24.336872,25.796366,24.482821400000002
2022-02-14 01:00:00,24.4,23.901237,25.181086,24.029221899999996
2022-02-14 02:00:00,24.2,23.659006,25.108643,23.803969700000003
2022-02-14 03:00:00,23.7,23.516197,25.022232,23.666800499999997
2022-02-14 04:00:00,22.8,23.376677,24.988857,23.537895
2022-02-14 05:00:00,23.7,23.451103,25.357569,23.6417496
2022-02-14 06:00:00,24.0,23.398441,25.308172,23.5894141
2022-02-14 07:00:00,25.1,24.402418,25.796413,24.5418175
2022-02-14 08:00:00,26.5,26.074919,27.212826,26.1887097
2022-02-14 09:00:00,27.4,27.325275,28.73822,27.466569500000002
2022-02-14 10:00:00,28.1,27.848234,29.341007,27.9975113
2022-02-14 11:00:00,28.5,28.249805,30.006445,28.425469
2022-02-14 12:00:00,28.7,28.088604,30.250725,28.3048161
2022-02-14 13:00:00,28.6,28.00571,30.056839,28.210822900000004
2022-02-14 14:00:00,28.3,27.6914,29.884754,27.9107354
2022-02-14 15:00:00,27.8,27.301376,29.471397,27.5183781
2022-02-14 16:00:00,27.0,26.953432,29.014612,27.15955
2022-02-14 17:00:00,26.3,26.309248,28.319704,26.5102936
2022-02-14 18:00:00,25.6,25.608128,27.778715,25.8251867
2022-02-14 19:00:00,25.3,25.27274,26.974289,25.4428949
2022-02-14 20:00:00,25.1,25.105688,26.774334,25.2725526
2022-02-14 21:00:00,25.1,24.917313,26.598885,25.085470200000003
2022-02-14 22:00:00,24.9,24.870245,26.289162,25.0121367
2022-02-14 23:00:00,24.7,24.810574,26.20222,24.949738599999996
2022-02-15 00:00:00,24.4,24.56106,26.103401,24.7152941
2022-02-15 01:00:00,23.9,24.141903,25.47423,24.2751357
2022-02-15 02:00:00,22.6,23.923609,25.386513,24.069899399999997
2022-02-15 03:00:00,21.9,23.518955,25.410717,23.7081312
2022-02-15 04:00:00,21.4,23.420609,25.264666,23.605014699999998
2022-02-15 05:00:00,21.6,23.511868,24.985352,23.6592164
2022-02-15 06:00:00,21.3,23.569334,25.895493,23.8019499
2022-02-15 07:00:00,23.1,24.300785,26.206509,24.4913574
2022-02-15 08:00:00,25.5,25.74565,27.40635,25.911720000000003
2022-02-15 09:00:00,27.0,27.124975,28.877949,27.3002724
2022-02-15 10:00:00,28.2,27.938967,29.504345,28.0955048
2022-02-15 11:00:00,28.7,28.244371,30.253445,28.4452784
2022-02-15 12:00:00,28.7,28.390871,30.592861,28.611069999999998
2022-02-15 13:00:00,28.7,28.37801,30.48009,28.588218
2022-02-15 14:00:00,28.4,28.113577,30.268036,28.3290229
2022-02-15 15:00:00,27.9,27.723269,29.749348,27.9258769
2022-02-15 16:00:00,27.1,26.906536,29.082127,27.124095099999998
2022-02-15 17:00:00,26.3,26.213854,28.32502,26.424970599999998
2022-02-15 18:00:00,25.3,25.430037,27.769493,25.663982599999997
2022-02-15 19:00:00,25.0,25.137503,27.100739,25.333826600000002
2022-02-15 20:00:00,24.8,24.948992,26.71067,25.125159800000002
2022-02-15 21:00:00,24.5,24.899235,26.50521,25.0598325
2022-02-15 22:00:00,24.2,24.85437,26.296545,24.9985875
2022-02-15 23:00:00,24.0,24.77003,26.077368,24.900763799999996
2022-02-16 00:00:00,23.9,24.302898,26.001698,24.472777999999998
2022-02-16 01:00:00,23.8,24.048151,25.344114,24.1777473
2022-02-16 02:00:00,23.4,23.336525,25.143505,23.517223
2022-02-16 03:00:00,22.1,22.527866,24.460627,22.721142099999998
2022-02-16 04:00:00,22.3,22.282148,24.268524,22.480785599999997
2022-02-16 05:00:00,23.3,21.9094,24.603817,22.1788417
2022-02-16 06:00:00,21.7,22.224998,25.379238,22.540422
2022-02-16 07:00:00,23.1,24.041254,25.70371,24.2074996
2022-02-16 08:00:00,25.2,26.085287,27.553381,26.2320964
2022-02-16 09:00:00,27.1,26.996902,28.809542,27.178165999999997
2022-02-16 10:00:00,28.2,28.13958,29.442207,28.269842699999998
2022-02-16 11:00:00,28.6,28.503159,30.368227,28.6896658
2022-02-16 12:00:00,28.8,28.697968,30.728401,28.9010113
2022-02-16 13:00:00,28.9,28.765207,30.64827,28.953513299999997
2022-02-16 14:00:00,28.6,28.528374,30.197166,28.6952532
2022-02-16 15:00:00,28.1,28.145033,29.673431,28.297872800000004
2022-02-16 16:00:00,27.4,27.324142,28.939531,27.4856809
2022-02-16 17:00:00,26.9,26.387789,28.205322,26.569542300000002
2022-02-16 18:00:00,26.1,25.544825,27.49477,25.7398195
2022-02-16 19:00:00,25.6,25.088108,26.659412,25.245238399999998
2022-02-16 20:00:00,25.3,24.89037,26.2603,25.027363
2022-02-16 21:00:00,25.4,24.705856,26.024239,24.8376943
2022-02-16 22:00:00,25.3,24.397516,25.763273,24.534091699999998
2022-02-16 23:00:00,25.1,24.205263,25.600636,24.3448003
2022-02-17 00:00:00,24.8,23.86072,25.53936,24.028584000000002
2022-02-17 01:00:00,24.7,23.731289,24.98375,23.8565351
2022-02-17 02:00:00,24.6,23.616976,24.938854,23.7491638
2022-02-17 03:00:00,24.5,22.663128,24.631088,22.859924000000003
2022-02-17 04:00:00,24.4,22.42256,24.110577,22.5913617
2022-02-17 05:00:00,25.2,23.331085,24.686058,23.466582300000002
2022-02-17 06:00:00,25.3,22.922361,25.565403,23.186665199999997
2022-02-17 07:00:00,26.3,23.867002,25.493969,24.029698699999997
2022-02-17 08:00:00,27.7,25.915726,27.360624,26.060215799999998
2022-02-17 09:00:00,28.6,27.09646,29.04921,27.291735
2022-02-17 10:00:00,29.1,27.977795,29.86119,28.1661345
2022-02-17 11:00:00,29.3,28.636774,30.337976,28.8068942
2022-02-17 12:00:00,29.5,28.808052,30.550344,28.9822812
2022-02-17 13:00:00,29.4,29.029999,30.624214,29.189420499999997
2022-02-17 14:00:00,28.9,28.762348,30.403912,28.9265044
2022-02-17 15:00:00,28.3,28.247604,29.711945,28.3940381
2022-02-17 16:00:00,27.8,27.493017,29.027813,27.6464966
2022-02-17 17:00:00,27.6,26.765251,28.228828,26.9116087
2022-02-17 18:00:00,26.8,25.990082,27.702133,26.1612871
2022-02-17 19:00:00,26.1,25.477764,26.767223,25.6067099
2022-02-17 20:00:00,25.6,25.107725,26.35888,25.2328405
2022-02-17 21:00:00,25.4,24.971409,26.003016,25.0745697
2022-02-17 22:00:00,25.2,24.849857,25.963928,24.9612641
2022-02-17 23:00:00,24.8,24.713652,25.793606,24.821647399999996
2022-02-18 00:00:00,24.4,24.486223,25.726833,24.610284
2022-02-18 01:00:00,24.1,24.313236,25.160717,24.397984100000002
2022-02-18 02:00:00,23.8,23.96916,25.318161,24.104060099999998
2022-02-18 03:00:00,23.8,23.900566,25.38242,24.0487514
2022-02-18 04:00:00,23.3,23.79783,25.403233,23.958370300000002
2022-02-18 05:00:00,22.7,24.061102,25.668945,24.2218863
2022-02-18 06:00:00,22.7,24.375305,26.41748,24.5795225
2022-02-18 07:00:00,25.2,25.207563,26.482944,25.335101100000003
2022-02-18 08:00:00,27.0,26.783503,27.931591,26.898311800000002
2022-02-18 09:00:00,28.1,28.112442,29.190546,28.2202524
2022-02-18 10:00:00,28.8,28.616058,29.95132,28.749584199999997
2022-02-18 11:00:00,29.2,29.062046,30.532162,29.209057599999998
2022-02-18 12:00:00,29.3,29.230515,30.662163,29.3736798
2022-02-18 13:00:00,29.3,29.213425,30.77744,29.369826500000002
2022-02-18 14:00:00,29.0,28.86055,30.55122,29.029617000000002
2022-02-18 15:00:00,28.6,28.215805,29.971725,28.391396999999998
2022-02-18 16:00:00,27.9,27.629839,29.255451,27.792400200000003
2022-02-18 17:00:00,27.5,27.173388,28.646202,27.3206694
2022-02-18 18:00:00,26.5,26.534517,28.210003,26.7020656
2022-02-18 19:00:00,26.1,25.907639,27.458176,26.0626927
2022-02-18 20:00:00,25.8,25.372644,26.828892,25.5182688
2022-02-18 21:00:00,25.5,24.982553,26.502874,25.1345851
2022-02-18 22:00:00,25.1,24.813345,26.35894,24.967904500000003
2022-02-18 23:00:00,24.9,24.625946,26.139305,24.7772819
2022-02-19 00:00:00,24.5,24.207855,25.754763,24.362545799999996
2022-02-19 01:00:00,23.3,23.846937,25.079271,23.9701704
2022-02-19 02:00:00,22.9,23.600407,24.965477,23.736914000000002
2022-02-19 03:00:00,22.5,23.419298,24.99944,23.5773122
2022-02-19 04:00:00,21.8,23.105835,25.171898,23.3124413
2022-02-19 05:00:00,21.7,22.595173,25.172676,22.8529233
2022-02-19 06:00:00,21.6,22.488634,25.27827,22.7675976
2022-02-19 07:00:00,22.4,24.539923,25.764397,24.6623704
2022-02-19 08:00:00,25.3,26.638826,27.688011,26.7437445
2022-02-19 09:00:00,27.2,28.179193,29.162334,28.2775071
2022-02-19 10:00:00,28.7,28.935432,29.889488,29.030837599999998
2022-02-19 11:00:00,29.6,29.344217,30.711308,29.4809261
2022-02-19 12:00:00,29.7,29.434896,30.878063,29.5792127
2022-02-19 13:00:00,29.3,29.381136,30.71988,29.5150104
2022-02-19 14:00:00,29.1,29.047615,30.48341,29.1911945
2022-02-19 15:00:00,28.7,28.495928,29.922243,28.6385595
2022-02-19 16:00:00,27.8,27.913578,29.386087,28.0608289
2022-02-19 17:00:00,27.3,27.300695,28.656944,27.4363199
2022-02-19 18:00:00,26.2,26.341099,28.043034,26.5112925
2022-02-19 19:00:00,25.9,25.91951,27.192535,26.0468125
2022-02-19 20:00:00,25.9,25.572126,26.783154,25.6932288
2022-02-19 21:00:00,25.7,25.33092,26.402359,25.4380639
2022-02-19 22:00:00,25.3,24.795177,26.130905,24.9287498
2022-02-19 23:00:00,24.9,25.000679,25.98302,25.0989131
2022-02-20 00:00:00,24.4,24.556953,25.970957,24.698353400000002
2022-02-20 01:00:00,23.8,23.756716,25.188114,23.8998558
2022-02-20 02:00:00,23.4,23.178318,24.485794,23.3090656
2022-02-20 03:00:00,23.0,23.02739,24.29959,23.15461
2022-02-20 04:00:00,22.5,22.515215,24.687551,22.7324486
2022-02-20 05:00:00,22.0,22.39008,24.7831,22.629382000000003
2022-02-20 06:00:00,22.1,22.322317,25.412678,22.631353100000002
2022-02-20 07:00:00,23.4,22.807413,25.851133,23.111785
2022-02-20 08:00:00,25.7,25.717138,27.179575,25.8633817
2022-02-20 09:00:00,27.9,27.184416,29.188446,27.384819
2022-02-20 10:00:00,29.9,28.70482,29.426407,28.7769787
2022-02-20 11:00:00,31.5,29.369099,31.11315,29.5435041
2022-02-20 12:00:00,31.6,29.631256,31.631466,29.831277
2022-02-20 13:00:00,30.7,29.529402,31.423113,29.7187731
2022-02-20 14:00:00,30.0,29.257864,31.048206,29.4368982
2022-02-20 15:00:00,29.4,28.77795,30.667698,28.9669248
2022-02-20 16:00:00,28.7,28.016003,29.94571,28.2089737
2022-02-20 17:00:00,27.7,27.5144,29.043228,27.6672828
2022-02-20 18:00:00,26.7,26.526127,28.67611,26.7411253
2022-02-20 19:00:00,26.5,26.109854,27.603912,26.2592598
2022-02-20 20:00:00,26.2,26.06666,27.31572,26.191565999999998
2022-02-20 21:00:00,26.0,25.834929,27.096195,25.961055599999998
2022-02-20 22:00:00,25.7,25.338299,26.845022,25.4889713
2022-02-20 23:00:00,25.5,25.089949,26.474562,25.2284103
2022-02-21 00:00:00,25.2,24.751188,26.371986,24.913267799999996
2022-02-21 01:00:00,24.6,24.564787,25.639612,24.6722695
2022-02-21 02:00:00,23.8,24.242332,25.402557,24.3583545
2022-02-21 03:00:00,23.1,23.7957,25.309814,23.947111399999997
2022-02-21 04:00:00,23.1,23.369154,25.323511,23.564589700000003
2022-02-21 05:00:00,23.6,22.805212,25.166609,23.0413517
2022-02-21 06:00:00,23.7,22.686533,25.478548,22.9657345
2022-02-21 07:00:00,24.6,23.753134,26.071953,23.9850159
2022-02-21 08:00:00,26.6,26.212282,27.441412,26.335194999999995
2022-02-21 09:00:00,28.3,28.040672,29.542236,28.1908284
2022-02-21 10:00:00,29.5,29.6996,31.087433,29.8383833
2022-02-21 11:00:00,30.0,31.283812,32.35963,31.3913938
2022-02-21 12:00:00,30.2,31.62939,33.13379,31.77983
2022-02-21 13:00:00,30.1,30.79284,32.08478,30.922034
2022-02-21 14:00:00,29.7,29.880238,31.133734,30.0055876
2022-02-21 15:00:00,29.2,29.18708,31.112297,29.379601700000002
2022-02-21 16:00:00,28.5,28.611513,30.22679,28.7730407
2022-02-21 17:00:00,27.8,27.932579,29.269573,28.066278399999998
2022-02-21 18:00:00,27.0,27.083588,28.581875,27.2334167
2022-02-21 19:00:00,26.7,26.799885,27.579784,26.8778749
2022-02-21 20:00:00,26.5,26.384216,27.419106,26.487705
2022-02-21 21:00:00,26.3,26.140465,27.076935,26.234111999999996
2022-02-21 22:00:00,26.2,25.859632,26.841564,25.957825200000002
2022-02-21 23:00:00,26.0,25.598728,26.583351,25.6971903
2022-02-22 00:00:00,25.8,25.098692,26.469898,25.2358126
2022-02-22 01:00:00,25.7,24.993763,25.863941,25.080780800000003
2022-02-22 02:00:00,25.7,24.52684,25.641832,24.6383392
2022-02-22 03:00:00,25.3,24.096863,25.491116,24.2362883
2022-02-22 04:00:00,24.9,23.791637,25.368435,23.949316800000002
2022-02-22 05:00:00,25.0,23.927296,25.39804,24.0743704
2022-02-22 06:00:00,25.0,23.93376,25.714005,24.1117845
2022-02-22 07:00:00,26.4,24.731537,26.092415,24.867624799999998
2022-02-22 08:00:00,27.6,26.664955,27.318455,26.730304999999998
2022-02-22 09:00:00,28.4,28.203852,30.14317,28.3977838
2022-02-22 10:00:00,29.1,29.672571,30.472809,29.7525948
2022-02-22 11:00:00,29.8,30.636137,31.242569,30.6967802
2022-02-22 12:00:00,30.0,30.863262,31.630684,30.9400042
2022-02-22 13:00:00,30.0,30.282131,31.551182,30.4090361
2022-02-22 14:00:00,29.5,29.777346,31.206444,29.920255800000003
2022-02-22 15:00:00,29.0,29.42007,30.552013,29.5332643
2022-02-22 16:00:00,28.3,28.723923,29.797358,28.8312665
2022-02-22 17:00:00,27.5,27.978891,28.96494,28.077495900000002
2022-02-22 18:00:00,26.5,27.119833,28.37687,27.2455367
2022-02-22 19:00:00,26.2,26.77776,27.569252,26.8569092
2022-02-22 20:00:00,26.1,26.472378,27.276398,26.55278
2022-02-22 21:00:00,25.9,26.262138,26.971146,26.3330388
2022-02-22 22:00:00,25.7,26.06245,26.710484,26.1272534
2022-02-22 23:00:00,25.4,25.919645,26.528566,25.9805371
2022-02-23 00:00:00,24.8,25.67846,26.382599,25.7488739
2022-02-23 01:00:00,24.2,25.435736,25.878841,25.4800465
2022-02-23 02:00:00,23.7,25.293459,25.892809,25.353393999999998
2022-02-23 03:00:00,23.2,24.996176,26.040257,25.1005841
2022-02-23 04:00:00,23.0,24.51523,25.987953,24.6625023
2022-02-23 05:00:00,23.4,24.525589,26.191727,24.6922028
2022-02-23 06:00:00,23.2,24.531801,26.60962,24.7395829
2022-02-23 07:00:00,25.1,25.670227,27.051607,25.808365000000002
2022-02-23 08:00:00,27.1,26.922777,28.420544,27.0725537
2022-02-23 09:00:00,28.4,28.35613,29.524231,28.472940100000002
2022-02-23 10:00:00,29.2,29.27655,30.202847,29.3691797
2022-02-23 11:00:00,29.6,29.775215,30.847836,29.8824771
2022-02-23 12:00:00,29.8,30.007107,31.420795,30.1484758
2022-02-23 13:00:00,29.9,29.98492,31.23843,30.110271
2022-02-23 14:00:00,29.6,29.62768,30.921728,29.7570848
2022-02-23 15:00:00,29.2,29.051714,30.274868,29.1740294
2022-02-23 16:00:00,28.4,28.318205,29.699821,28.4563666
2022-02-23 17:00:00,27.2,27.305563,28.906288,27.465635499999998
2022-02-23 18:00:00,26.0,26.338497,28.099998,26.5146471
2022-02-23 19:00:00,25.5,26.079576,27.355272,26.2071456
2022-02-23 20:00:00,25.1,25.926691,27.112309,26.045252800000004
2022-02-23 21:00:00,24.9,25.837328,26.88866,25.9424612
2022-02-23 22:00:00,24.6,25.638884,26.577782,25.7327738
2022-02-23 23:00:00,24.2,25.190834,26.370232,25.308773799999997
2022-02-24 00:00:00,23.8,24.49389,26.199078,24.6644088
2022-02-24 01:00:00,22.9,24.14954,25.40728,24.275314
2022-02-24 02:00:00,21.9,23.651573,25.184814,23.804897099999998
2022-02-24 03:00:00,21.4,23.582594,25.139576,23.738292200000004
2022-02-24 04:00:00,21.3,23.445133,25.127178,23.6133375
2022-02-24 05:00:00,21.8,22.914017,25.48154,23.170769300000003
2022-02-24 06:00:00,21.8,22.830055,25.721504,23.1191999
2022-02-24 07:00:00,24.5,24.182722,26.009928,24.365442599999998
2022-02-24 08:00:00,26.6,26.848978,27.678907,26.9319709
2022-02-24 09:00:00,28.0,28.336357,29.631584,28.465879700000002
2022-02-24 10:00:00,28.9,29.291553,30.336437,29.3960414
2022-02-24 11:00:00,29.3,29.815245,31.021946,29.935915100000003
2022-02-24 12:00:00,29.4,29.93544,31.26051,30.067947
2022-02-24 13:00:00,29.5,29.947584,31.448095,30.097635099999998
2022-02-24 14:00:00,29.2,29.642838,31.22698,29.8012522
2022-02-24 15:00:00,28.7,29.217724,30.700012,29.365952800000002
2022-02-24 16:00:00,27.9,28.373232,29.970898,28.5329986
2022-02-24 17:00:00,26.9,27.567963,29.12638,27.723804700000002
2022-02-24 18:00:00,25.8,26.228838,28.063595,26.4123137
2022-02-24 19:00:00,25.2,25.56626,27.137936,25.7234276
2022-02-24 20:00:00,24.7,25.200321,26.846268,25.3649157
2022-02-24 21:00:00,24.4,24.966658,26.53527,25.1235192
2022-02-24 22:00:00,24.0,24.754313,26.394835,24.9183652
2022-02-24 23:00:00,23.8,24.266212,26.081429,24.4477337
2022-02-25 00:00:00,23.8,23.83795,25.805458,24.0347008
2022-02-25 01:00:00,23.5,23.328957,25.101217,23.506183
2022-02-25 02:00:00,22.7,22.59467,24.76248,22.811450999999998
2022-02-25 03:00:00,22.1,21.953096,24.391592,22.1969456
2022-02-25 04:00:00,22.6,21.704922,24.540146,21.988444400000002
2022-02-25 05:00:00,22.7,21.372139,24.63849,21.6987741
2022-02-25 06:00:00,23.5,21.561094,25.063251,21.911309700000004
2022-02-25 07:00:00,24.7,23.31968,25.341208,23.521832800000002
2022-02-25 08:00:00,26.6,26.180698,27.433342,26.3059624
2022-02-25 09:00:00,28.0,27.941814,29.09678,28.0573106
2022-02-25 10:00:00,28.8,29.011843,30.263857,29.137044399999997
2022-02-25 11:00:00,29.6,29.507782,31.022955,29.6592993
2022-02-25 12:00:00,29.9,29.587881,31.181515,29.7472444
2022-02-25 13:00:00,30.0,29.613234,31.16409,29.7683196
2022-02-25 14:00:00,29.8,29.387222,31.066685,29.5551683
2022-02-25 15:00:00,29.2,28.816011,30.354214,28.9698313
2022-02-25 16:00:00,28.9,28.035204,29.747608,28.2064444
2022-02-25 17:00:00,27.8,26.910774,28.910309,27.1107275
2022-02-25 18:00:00,26.8,25.825047,28.12388,26.0549303
2022-02-25 19:00:00,26.4,25.127405,27.253674,25.3400319
2022-02-25 20:00:00,26.2,24.744034,26.922327,24.961863299999997
2022-02-25 21:00:00,26.0,24.491398,26.437712,24.6860294
2022-02-25 22:00:00,25.7,24.264612,26.156906,24.4538414
2022-02-25 23:00:00,25.4,24.085892,25.850445,24.262347300000002
2022-02-26 00:00:00,25.2,23.903597,25.72193,24.0854303
2022-02-26 01:00:00,25.0,23.644539,25.164019,23.796487
2022-02-26 02:00:00,24.8,23.234095,25.030884,23.4137739
2022-02-26 03:00:00,24.6,22.752636,24.641146,22.941487
2022-02-26 04:00:00,24.1,22.449347,24.794518,22.6838641
2022-02-26 05:00:00,24.2,22.73761,25.588192,23.0226682
2022-02-26 06:00:00,23.3,23.088879,25.199766,23.2999677
2022-02-26 07:00:00,25.6,24.347082,26.513165,24.5636903
2022-02-26 08:00:00,27.3,26.513966,27.058466,26.568416
2022-02-26 09:00:00,28.4,27.929329,29.087395,28.0451356
2022-02-26 10:00:00,29.1,29.111776,30.386478,29.2392462
2022-02-26 11:00:00,29.5,29.712736,30.551231,29.7965855
2022-02-26 12:00:00,29.8,30.108519,31.222395,30.2199066
2022-02-26 13:00:00,29.9,29.891846,31.04293,30.0069544
2022-02-26 14:00:00,29.6,29.6443,30.794134,29.7592834
2022-02-26 15:00:00,29.1,29.209547,30.368355,29.3254278
2022-02-26 16:00:00,28.3,28.703766,29.66391,28.7997804
2022-02-26 17:00:00,27.7,27.857735,29.151802,27.9871417
2022-02-26 18:00:00,26.1,26.69786,28.01808,26.829881999999998
2022-02-26 19:00:00,25.6,26.265432,27.232937,26.3621825
2022-02-26 20:00:00,25.5,25.98991,26.826986,26.0736176
2022-02-26 21:00:00,25.3,25.711582,26.534998,25.7939236
2022-02-26 22:00:00,25.2,25.429142,26.280077,25.514235499999998
2022-02-26 23:00:00,25.1,25.21743,26.046799,25.3003669
2022-02-27 00:00:00,24.9,24.705694,25.87996,24.823120600000003
2022-02-27 01:00:00,24.6,24.401768,25.347012,24.4962924
2022-02-27 02:00:00,24.3,24.129288,25.294746,24.2458338
2022-02-27 03:00:00,23.7,23.779373,25.311428,23.932578499999998
2022-02-27 04:00:00,22.5,23.66102,25.404354,23.835353400000002
2022-02-27 05:00:00,22.6,23.440199,25.420664,23.6382455
2022-02-27 06:00:00,23.1,23.025606,25.654873,23.288532699999998
2022-02-27 07:00:00,24.1,24.443907,25.701172,24.5696335
2022-02-27 08:00:00,26.5,26.437819,27.675678,26.5616049
2022-02-27 09:00:00,28.3,28.147879,29.297699,28.262861
2022-02-27 10:00:00,29.7,28.977406,30.01654,29.081319399999998
2022-02-27 11:00:00,30.3,29.457796,30.787195,29.5907359
2022-02-27 12:00:00,30.3,29.78012,31.067957,29.9089037
2022-02-27 13:00:00,30.3,29.793684,31.062801,29.9205957
2022-02-27 14:00:00,29.8,29.551126,30.820137,29.6780271
2022-02-27 15:00:00,29.3,29.100931,30.29461,29.220298899999996
2022-02-27 16:00:00,28.6,28.433569,29.676092,28.557821299999997
2022-02-27 17:00:00,27.7,27.477844,28.889679,27.6190275
2022-02-27 18:00:00,26.3,26.148197,28.11146,26.344523300000002
2022-02-27 19:00:00,25.8,25.515522,26.922443,25.6562141
2022-02-27 20:00:00,25.5,25.330938,26.71733,25.4695772
2022-02-27 21:00:00,25.4,25.050838,26.427834,25.1885376
2022-02-27 22:00:00,25.2,24.890425,26.142178,25.0156003
2022-02-27 23:00:00,24.8,24.75334,26.07902,24.885908
2022-02-28 00:00:00,24.1,24.41622,25.942448,24.5688428
2022-02-28 01:00:00,23.3,24.028538,25.367653,24.1624495
2022-02-28 02:00:00,22.7,23.700443,25.305754,23.8609741
2022-02-28 03:00:00,22.2,23.437496,25.199863,23.6137327
2022-02-28 04:00:00,22.4,23.286308,25.111935,23.468870699999997
2022-02-28 05:00:00,22.5,22.715883,24.878475,22.9321422
2022-02-28 06:00:00,22.5,23.55483,25.475502,23.7468972
2022-02-28 07:00:00,23.2,24.549417,26.307543,24.7252296
2022-02-28 08:00:00,25.5,26.588676,27.676603,26.697468699999998
2022-02-28 09:00:00,28.1,28.092619,29.12631,28.1959881
2022-02-28 10:00:00,30.3,29.278688,30.014084,29.3522276
2022-02-28 11:00:00,31.7,30.189074,30.762142,30.2463808
2022-02-28 12:00:00,32.2,30.458078,31.356415,30.5479117
2022-02-28 13:00:00,32.3,30.359503,31.042475,30.4278002
2022-02-28 14:00:00,31.9,29.865171,31.015089,29.9801628
2022-02-28 15:00:00,30.9,29.33647,30.406841,29.443507099999998
2022-02-28 16:00:00,29.6,28.543188,29.66423,28.6552922
2022-02-28 17:00:00,27.8,27.887945,28.873577,27.9865082
2022-02-28 18:00:00,26.5,26.46647,28.15183,26.635006000000004
2022-02-28 19:00:00,25.9,25.7665,26.919239,25.8817739
2022-02-28 20:00:00,25.6,25.493002,26.684172,25.612119
2022-02-28 21:00:00,24.9,25.308502,26.332552,25.410907
2022-02-28 22:00:00,24.1,25.068623,26.178036,25.1795643
2022-02-28 23:00:00,23.1,24.723677,25.934525,24.8447618
2022-03-01 00:00:00,22.5,24.666155,25.567772,24.7563167
2022-03-01 01:00:00,21.8,23.842188,25.087582,23.9667274
2022-03-01 02:00:00,21.6,22.948475,24.641232,23.1177507
2022-03-01 03:00:00,22.2,22.214554,24.606335,22.4537321
2022-03-01 04:00:00,20.3,22.141,24.844852,22.411385199999998
2022-03-01 05:00:00,21.5,22.759636,25.318714,23.0155438
2022-03-01 06:00:00,21.5,22.74223,25.718231,23.0398301
2022-03-01 07:00:00,22.6,23.342754,26.284044,23.636883
2022-03-01 08:00:00,25.4,25.611105,27.16007,25.7660015
2022-03-01 09:00:00,28.3,27.25075,29.058119,27.4314869
2022-03-01 10:00:00,29.9,30.248014,30.141304,30.237343
2022-03-01 11:00:00,30.4,31.489836,31.802786,31.521130999999997
2022-03-01 12:00:00,30.6,31.703197,32.806293,31.813506599999997
2022-03-01 13:00:00,30.7,31.860847,32.83993,31.9587553
2022-03-01 14:00:00,30.5,31.559923,32.61845,31.6657757
2022-03-01 15:00:00,30.1,30.785395,31.87201,30.8940565
2022-03-01 16:00:00,29.2,29.31716,30.718803,29.457324300000003
2022-03-01 17:00:00,28.4,28.062542,29.613617,28.2176495
2022-03-01 18:00:00,26.8,26.52315,28.204222,26.691257200000003
2022-03-01 19:00:00,26.0,25.980263,27.45439,26.127675699999998
2022-03-01 20:00:00,25.8,25.645308,27.006039,25.7813811
2022-03-01 21:00:00,25.5,25.067572,26.795265,25.240341299999997
2022-03-01 22:00:00,25.3,24.6891,26.227896,24.8429796
2022-03-01 23:00:00,25.1,24.130022,25.92327,24.3093468
2022-03-02 00:00:00,24.9,23.308601,25.39915,23.5176559
2022-03-02 01:00:00,24.2,22.968336,24.71727,23.143229400000003
2022-03-02 02:00:00,23.3,22.117086,24.461948,22.351572200000003
2022-03-02 03:00:00,22.5,21.82932,24.384037,22.084791699999997
2022-03-02 04:00:00,22.3,21.310045,25.087265,21.687766999999997
2022-03-02 05:00:00,23.0,21.903824,24.563992,22.1698408
2022-03-02 06:00:00,23.3,22.346436,25.726631,22.684455500000002
2022-03-02 07:00:00,23.8,23.642525,26.06045,23.884317499999998
2022-03-02 08:00:00,25.6,25.756182,27.181654,25.8987292
2022-03-02 09:00:00,28.3,28.128712,29.211359,28.2369767
2022-03-02 10:00:00,29.5,30.452501,30.7199,30.4792409
2022-03-02 11:00:00,30.3,30.98419,31.848661,31.070637100000003
2022-03-02 12:00:00,30.4,31.157442,32.189735,31.260671300000002
2022-03-02 13:00:00,29.6,31.17454,32.05498,31.262584
2022-03-02 14:00:00,29.8,30.850548,31.743671,30.9398603
2022-03-02 15:00:00,29.6,30.108383,31.16613,30.2141577
2022-03-02 16:00:00,29.0,29.506865,30.368614,29.5930399
2022-03-02 17:00:00,27.9,28.196257,29.228355,28.299466799999998
2022-03-02 18:00:00,27.1,27.043499,28.410301,27.180179199999998
2022-03-02 19:00:00,26.7,26.142427,27.210289,26.249213200000003
2022-03-02 20:00:00,26.5,25.833332,26.657467,25.9157455
2022-03-02 21:00:00,26.2,25.56773,26.420874,25.6530444
2022-03-02 22:00:00,25.9,25.232172,26.08307,25.3172618
2022-03-02 23:00:00,25.7,25.27225,25.882439,25.3332689
2022-03-03 00:00:00,25.4,24.957874,25.637651,25.025851699999997
2022-03-03 01:00:00,25.2,24.606295,25.107422,24.6564077
2022-03-03 02:00:00,24.9,23.87531,24.83084,23.970862999999998
2022-03-03 03:00:00,24.5,22.99682,24.573463,23.1544843
2022-03-03 04:00:00,24.5,22.343813,24.826439,22.5920756
2022-03-03 05:00:00,24.3,22.837479,24.911463,23.0448774
2022-03-03 06:00:00,24.1,23.410275,25.873585,23.656606
2022-03-03 07:00:00,25.3,24.133736,26.294441,24.3498065
2022-03-03 08:00:00,27.3,25.94254,27.151,26.063386
2022-03-03 09:00:00,28.7,27.93868,28.843311,28.029143100000002
2022-03-03 10:00:00,30.0,29.581825,30.542849,29.677927399999998
2022-03-03 11:00:00,30.3,30.517942,30.98481,30.5646288
2022-03-03 12:00:00,30.5,30.430878,31.54693,30.5424832
2022-03-03 13:00:00,30.5,30.180021,31.276304,30.2896493
2022-03-03 14:00:00,29.9,29.87954,30.652473,29.9568333
2022-03-03 15:00:00,29.3,29.457233,30.596972,29.571206899999996
2022-03-03 16:00:00,28.4,28.822412,29.820724,28.9222432
2022-03-03 17:00:00,28.0,27.720219,29.041124,27.8523095
2022-03-03 18:00:00,27.2,27.047625,28.203236,27.163186099999997
2022-03-03 19:00:00,26.8,26.42004,27.401007,26.5181367
2022-03-03 20:00:00,26.6,26.064226,26.969006,26.154704000000002
2022-03-03 21:00:00,26.4,25.99537,26.666285,26.0624615
2022-03-03 22:00:00,26.3,25.791096,26.399918,25.8519782
2022-03-03 23:00:00,26.3,25.455692,26.160034,25.5261262
2022-03-04 00:00:00,26.2,25.07203,26.024332,25.1672602
2022-03-04 01:00:00,26.0,24.72279,25.4739,24.797901
2022-03-04 02:00:00,25.5,24.61527,25.394262,24.6931692
2022-03-04 03:00:00,25.3,24.249552,25.258234,24.350420200000002
2022-03-04 04:00:00,25.1,23.91984,25.30082,24.057938
2022-03-04 05:00:00,24.9,24.022118,25.620743,24.181980499999998
2022-03-04 06:00:00,25.3,23.856163,26.249802,24.0955269
2022-03-04 07:00:00,26.0,25.220146,26.728268,25.3709582
2022-03-04 08:00:00,28.2,26.206709,27.912851,26.3773232
2022-03-04 09:00:00,29.6,27.878218,28.998549,27.990251100000002
2022-03-04 10:00:00,30.3,29.157635,30.24429,29.266300499999996
2022-03-04 11:00:00,30.8,30.080269,31.155092,30.1877513
2022-03-04 12:00:00,30.8,30.42019,31.393803,30.5175513
2022-03-04 13:00:00,30.7,29.899282,31.381935,30.0475473
2022-03-04 14:00:00,30.4,29.53269,30.852036,29.6646246
2022-03-04 15:00:00,30.0,28.824062,30.428001,28.9844559
2022-03-04 16:00:00,29.3,28.027,29.74657,28.198957000000004
2022-03-04 17:00:00,28.1,26.902449,28.939835,27.1061876
2022-03-04 18:00:00,27.4,26.3477,28.435934,26.5565234
2022-03-04 19:00:00,27.4,26.005005,27.829906,26.1874951
2022-03-04 20:00:00,27.3,25.822021,27.461876,25.9860065
2022-03-04 21:00:00,27.1,25.654171,27.196362,25.8083901
2022-03-04 22:00:00,26.8,25.534138,26.875149,25.6682391
2022-03-04 23:00:00,26.6,25.505388,26.74782,25.629631200000002
2022-03-05 00:00:00,26.3,25.270473,26.634684,25.4068941
2022-03-05 01:00:00,26.2,25.235588,26.200642,25.332093399999998
2022-03-05 02:00:00,25.9,24.76708,26.238762,24.9142482
2022-03-05 03:00:00,25.6,24.509846,26.021248,24.6609862
2022-03-05 04:00:00,25.3,24.37854,26.099792,24.5506652
2022-03-05 05:00:00,25.3,24.300386,26.275154,24.4978628
2022-03-05 06:00:00,25.8,24.569193,26.561415,24.7684152
2022-03-05 07:00:00,26.4,25.654652,27.783056,25.8674924
2022-03-05 08:00:00,27.2,27.383284,28.678305,27.5127861
2022-03-05 09:00:00,28.3,28.595694,29.754213,28.711545900000004
2022-03-05 10:00:00,28.7,29.717299,30.901943,29.8357634
2022-03-05 11:00:00,28.7,30.411753,31.48626,30.519203700000002
2022-03-05 12:00:00,28.9,30.60618,31.78481,30.724042999999998
2022-03-05 13:00:00,28.8,30.454607,31.708748,30.5800211
2022-03-05 14:00:00,28.8,30.152124,31.345957,30.2715073
2022-03-05 15:00:00,27.6,29.284662,30.866558,29.4428516
2022-03-05 16:00:00,27.0,28.63983,30.154623,28.791309299999998
2022-03-05 17:00:00,26.7,27.626566,29.327496,27.796659
2022-03-05 18:00:00,26.6,26.416882,28.336079,26.6088017
2022-03-05 19:00:00,26.8,26.196115,28.066898,26.383193300000002
2022-03-05 20:00:00,25.8,26.291815,27.686087,26.4312422
2022-03-05 21:00:00,26.5,26.267975,27.467384,26.3879159
2022-03-05 22:00:00,26.3,26.101128,27.209175,26.2119327
2022-03-05 23:00:00,26.3,26.035004,27.032692,26.1347728
2022-03-06 00:00:00,26.1,25.677708,27.090525,25.8189897
2022-03-06 01:00:00,26.6,25.53219,26.357105,25.6146815
2022-03-06 02:00:00,26.7,25.351376,26.593395,25.475577899999998
2022-03-06 03:00:00,26.7,24.95333,26.627209,25.120717900000002
2022-03-06 04:00:00,26.5,24.740606,26.722694,24.938814800000003
2022-03-06 05:00:00,26.6,24.555475,26.689499,24.7688774
2022-03-06 06:00:00,26.6,24.792465,26.93365,25.0065835
2022-03-06 07:00:00,27.4,25.656254,27.935276,25.884156200000003
2022-03-06 08:00:00,28.1,26.63642,28.630047,26.835782700000003
2022-03-06 09:00:00,29.0,28.210392,29.551075,28.3444603
2022-03-06 10:00:00,29.6,29.131903,30.510767,29.2697894
2022-03-06 11:00:00,30.0,29.378775,30.809534,29.5218509
2022-03-06 12:00:00,30.1,29.551443,30.848541,29.6811528
2022-03-06 13:00:00,29.9,29.422874,31.017551,29.5823417
2022-03-06 14:00:00,29.8,29.328827,30.608406,29.4567849
2022-03-06 15:00:00,29.4,28.970701,30.25336,29.098966899999997
2022-03-06 16:00:00,28.8,27.080963,29.243023,27.297169
2022-03-06 17:00:00,28.0,26.131119,28.683601,26.386367200000002
2022-03-06 18:00:00,27.0,25.582893,28.351568,25.8597605
2022-03-06 19:00:00,26.6,26.193449,27.775883,26.3516924
2022-03-06 20:00:00,26.3,25.683954,27.622458,25.8778044
2022-03-06 21:00:00,26.1,25.601748,26.956627,25.7372359
2022-03-06 22:00:00,25.8,25.451958,27.086086,25.6153708
2022-03-06 23:00:00,25.2,24.854006,27.209776,25.089582999999998
2022-03-07 00:00:00,24.1,24.715076,27.056652,24.9492336
2022-03-07 01:00:00,23.4,25.07865,26.290806,25.1998656
2022-03-07 02:00:00,23.0,25.44851,26.518396,25.5554986
2022-03-07 03:00:00,22.5,25.565409,26.546698,25.6635379
2022-03-07 04:00:00,22.2,25.111303,26.80851,25.281023700000002
2022-03-07 05:00:00,22.7,25.520544,26.862078,25.6546974
2022-03-07 06:00:00,22.7,25.817297,27.404976,25.976064899999997
2022-03-07 07:00:00,24.1,26.54762,27.99944,26.692802
2022-03-07 08:00:00,26.8,27.38477,28.893745,27.5356675
2022-03-07 09:00:00,28.8,28.518913,29.48024,28.615045700000003
2022-03-07 10:00:00,30.2,29.130005,30.483814,29.265385900000002
2022-03-07 11:00:00,30.8,29.631716,30.973679,29.7659123
2022-03-07 12:00:00,30.9,29.757772,31.14645,29.8966398
2022-03-07 13:00:00,30.7,29.70052,31.17421,29.847889000000002
2022-03-07 14:00:00,30.2,29.207499,30.816349,29.368384
2022-03-07 15:00:00,29.6,29.025795,30.5923,29.1824455
2022-03-07 16:00:00,28.8,28.359558,29.732214,28.4968236
2022-03-07 17:00:00,28.1,27.527588,29.158756,27.690704800000002
2022-03-07 18:00:00,26.8,26.734276,28.215637,26.8824121
2022-03-07 19:00:00,26.3,26.422064,27.705393,26.5503969
2022-03-07 20:00:00,25.9,26.079767,27.348495,26.2066398
2022-03-07 21:00:00,25.6,25.96068,27.129303,26.0775423
2022-03-07 22:00:00,25.2,25.794416,26.981337,25.9131081
2022-03-07 23:00:00,24.9,25.495457,26.662386,25.6121499
2022-03-08 00:00:00,24.4,25.008488,26.382376,25.1458768
2022-03-08 01:00:00,23.2,24.182163,25.40453,24.304399699999998
2022-03-08 02:00:00,24.9,23.331207,25.153728,23.5134591
2022-03-08 03:00:00,24.2,23.113464,24.868656,23.288983200000004
2022-03-08 04:00:00,21.7,22.678411,25.241234,22.934693300000003
2022-03-08 05:00:00,22.6,22.671345,25.566597,22.9608702
2022-03-08 06:00:00,22.4,23.059412,26.175476,23.371018399999997
2022-03-08 07:00:00,23.1,24.700548,26.776161,24.9081093
2022-03-08 08:00:00,25.2,27.166311,28.298344,27.2795143
2022-03-08 09:00:00,28.2,28.861609,30.881804,29.0636285
2022-03-08 10:00:00,30.3,30.021845,31.817402,30.2014007
2022-03-08 11:00:00,31.2,30.780464,31.721767,30.8745943
2022-03-08 12:00:00,31.1,30.794613,32.29795,30.9449467
2022-03-08 13:00:00,31.0,30.584532,31.965628,30.7226416
2022-03-08 14:00:00,30.6,30.37073,31.621628,30.4958198
2022-03-08 15:00:00,30.1,29.709312,30.802319,29.818612700000003
2022-03-08 16:00:00,29.3,28.849808,30.057438,28.970571
2022-03-08 17:00:00,28.3,28.03691,29.216404,28.1548594
2022-03-08 18:00:00,26.7,26.955261,28.390497,27.098784600000002
2022-03-08 19:00:00,26.2,26.40364,27.47774,26.51105
2022-03-08 20:00:00,25.9,26.045341,27.081411,26.148948
2022-03-08 21:00:00,25.5,25.684637,26.81864,25.798037299999997
2022-03-08 22:00:00,24.7,25.253437,26.528072,25.3809005
2022-03-08 23:00:00,24.2,25.037271,26.321733,25.1657172
2022-03-09 00:00:00,23.3,24.703693,26.07002,24.8403257
2022-03-09 01:00:00,23.4,24.199135,25.334137,24.3126352
2022-03-09 02:00:00,23.6,24.093386,25.056934,24.1897408
2022-03-09 03:00:00,23.4,24.04811,25.938995,24.2371985
2022-03-09 04:00:00,21.9,22.739614,25.716028,23.0372554
2022-03-09 05:00:00,22.4,22.887375,24.894945,23.088131999999998
2022-03-09 06:00:00,22.6,23.18935,26.236256,23.4940406
2022-03-09 07:00:00,23.3,23.837273,26.352566,24.088802299999998
2022-03-09 08:00:00,25.4,26.23274,27.500282,26.3594942
2022-03-09 09:00:00,27.8,28.48688,29.614292,28.599621199999998
2022-03-09 10:00:00,29.5,30.223759,32.16048,30.4174311
2022-03-09 11:00:00,30.5,31.327106,32.18209,31.4126044
2022-03-09 12:00:00,30.7,31.384663,32.70489,31.516685699999996
2022-03-09 13:00:00,30.5,31.163671,32.565205,31.303824400000003
2022-03-09 14:00:00,30.1,30.625134,32.062424,30.768863
2022-03-09 15:00:00,29.4,29.823889,31.467453,29.9882454
2022-03-09 16:00:00,28.7,29.102535,30.417442,29.2340257
2022-03-09 17:00:00,27.9,28.063295,29.620274,28.2189929
2022-03-09 18:00:00,26.6,26.925255,28.69192,27.1019215
2022-03-09 19:00:00,26.0,26.31332,27.392632,26.4212512
2022-03-09 20:00:00,25.4,26.054579,26.959778,26.145098899999997
2022-03-09 21:00:00,25.0,25.622313,26.57714,25.717795699999996
2022-03-09 22:00:00,24.6,24.898,26.306236,25.0388236
2022-03-09 23:00:00,23.9,24.670527,25.853107,24.788785
2022-03-10 00:00:00,23.3,23.984825,25.562023,24.1425448
2022-03-10 01:00:00,22.9,23.571543,24.767319,23.6911206
2022-03-10 02:00:00,22.9,23.394894,24.699589,23.5253635
2022-03-10 03:00:00,22.2,23.140263,24.995115,23.325748200000003
2022-03-10 04:00:00,22.0,21.855875,25.118692,22.1821567
2022-03-10 05:00:00,22.4,22.130198,25.271988,22.444377000000003
2022-03-10 06:00:00,22.8,23.257847,25.823505,23.514412800000002
2022-03-10 07:00:00,23.9,24.155985,26.43388,24.3837745
2022-03-10 08:00:00,26.5,26.06886,27.21597,26.183571
2022-03-10 09:00:00,28.4,27.834211,29.001797,27.9509696
2022-03-10 10:00:00,29.7,29.90461,30.91894,30.006043000000002
2022-03-10 11:00:00,30.4,30.810177,31.54726,30.8838853
2022-03-10 12:00:00,30.6,31.031746,32.27709,31.1562804
2022-03-10 13:00:00,30.6,30.729397,32.04417,30.8608743
2022-03-10 14:00:00,30.5,30.342903,31.568367,30.4654494
2022-03-10 15:00:00,29.7,29.656403,30.755718,29.7663345
2022-03-10 16:00:00,28.6,28.887562,29.841759,28.9829817
2022-03-10 17:00:00,27.7,27.934116,29.035793,28.0442837
2022-03-10 18:00:00,26.5,26.817484,28.26627,26.9623626
2022-03-10 19:00:00,25.9,26.196379,27.197193,26.296460399999997
2022-03-10 20:00:00,25.6,25.599543,26.666206,25.706209299999998
2022-03-10 21:00:00,24.9,25.11477,26.277756,25.2310686
2022-03-10 22:00:00,23.7,24.84206,25.995052,24.9573592
2022-03-10 23:00:00,23.3,24.491947,25.642487,24.607001
2022-03-11 00:00:00,23.2,24.0937,25.316868,24.2160168
2022-03-11 01:00:00,23.2,23.462883,24.562332,23.5728279
2022-03-11 02:00:00,22.4,23.047241,24.524342,23.1949511
2022-03-11 03:00:00,22.5,22.291365,24.820654,22.5442939
2022-03-11 04:00:00,22.3,21.748375,24.798933,22.0534308
2022-03-11 05:00:00,22.7,21.86205,25.131605,22.1890055
2022-03-11 06:00:00,22.7,22.462547,25.465466,22.762838900000002
2022-03-11 07:00:00,23.2,24.498938,26.227003,24.6717445
2022-03-11 08:00:00,25.1,26.074183,27.258196,26.1925843
2022-03-11 09:00:00,27.5,28.207945,28.59575,28.2467255
2022-03-11 10:00:00,29.3,29.658148,30.60606,29.7529392
2022-03-11 11:00:00,30.5,30.423948,31.394878,30.521040999999997
2022-03-11 12:00:00,31.2,30.674828,31.737207,30.7810659
2022-03-11 13:00:00,31.5,30.643156,31.622643,30.7411047
2022-03-11 14:00:00,31.3,30.35136,31.549303,30.471154300000002
2022-03-11 15:00:00,30.6,29.601482,30.939144,29.7352482
2022-03-11 16:00:00,29.6,28.678043,29.979698,28.8082085
2022-03-11 17:00:00,28.6,27.753473,28.948082,27.8729339
2022-03-11 18:00:00,26.8,26.665081,28.041405,26.802713400000002
2022-03-11 19:00:00,26.1,26.181185,27.140837,26.2771502
2022-03-11 20:00:00,25.7,25.763096,26.753971,25.8621835
2022-03-11 21:00:00,25.4,25.257391,26.32576,25.3642279
2022-03-11 22:00:00,24.8,24.723104,25.847805,24.835574100000002
2022-03-11 23:00:00,24.1,24.104925,25.427803,24.237212800000002
2022-03-12 00:00:00,23.6,23.754854,25.216978,23.9010664
2022-03-12 01:00:00,24.8,23.457659,24.524387,23.564331799999998
2022-03-12 02:00:00,22.5,22.636768,24.659515,22.8390427
2022-03-12 03:00:00,22.3,22.170578,24.87315,22.4408352
2022-03-12 04:00:00,21.9,22.534212,25.04968,22.7857588
2022-03-12 05:00:00,22.3,22.76898,25.461912,23.0382732
2022-03-12 06:00:00,22.3,22.962152,25.917068,23.2576436
2022-03-12 07:00:00,23.5,23.56464,26.337845,23.841960500000003
2022-03-12 08:00:00,26.2,25.149662,26.985542,25.33325
2022-03-12 09:00:00,28.9,27.29216,28.771908,27.440134799999996
2022-03-12 10:00:00,30.7,29.42007,29.841812,29.462244199999997
2022-03-12 11:00:00,31.6,30.449814,31.255142,30.530346799999997
2022-03-12 12:00:00,31.9,30.889439,31.667255,30.967220599999997
2022-03-12 13:00:00,31.8,31.242083,32.11826,31.3297007
2022-03-12 14:00:00,31.2,31.355291,31.9665,31.4164119
2022-03-12 15:00:00,30.5,30.616657,31.309523,30.6859436
2022-03-12 16:00:00,29.7,29.113224,30.411156,29.243017199999997
2022-03-12 17:00:00,28.7,28.473936,29.48225,28.5747674
2022-03-12 18:00:00,27.4,27.200214,28.584805,27.338673099999998
2022-03-12 19:00:00,26.8,26.445951,27.17907,26.5192629
2022-03-12 20:00:00,26.5,25.9686,26.753498,26.0470898
2022-03-12 21:00:00,26.2,25.652405,26.36226,25.723390500000004
2022-03-12 22:00:00,25.5,24.982841,25.958992,25.0804561
2022-03-12 23:00:00,24.7,24.846405,25.506413,24.9124058
2022-03-13 00:00:00,24.5,24.134436,25.172132,24.2382056
2022-03-13 01:00:00,23.4,24.167267,24.663174,24.2168577
2022-03-13 02:00:00,22.7,23.497688,25.087282,23.6566474
2022-03-13 03:00:00,22.2,22.418133,24.398739,22.6161936
2022-03-13 04:00:00,22.2,22.037403,25.125881,22.3462508
2022-03-13 05:00:00,22.4,21.945364,25.474941,22.298321700000002
2022-03-13 06:00:00,22.7,22.544933,25.963959,22.886835599999998
2022-03-13 07:00:00,23.9,24.312376,26.361763,24.5173147
2022-03-13 08:00:00,27.2,26.60651,27.280584,26.6739174
2022-03-13 09:00:00,29.7,28.702738,29.21613,28.7540772
2022-03-13 10:00:00,31.7,30.155355,30.712404,30.211059900000002
2022-03-13 11:00:00,32.6,31.39133,32.08179,31.460375999999997
2022-03-13 12:00:00,32.5,31.81138,32.46258,31.8765
2022-03-13 13:00:00,32.0,31.68416,32.48567,31.764310999999996
2022-03-13 14:00:00,31.6,31.433084,32.25319,31.5150946
2022-03-13 15:00:00,30.9,30.435188,31.28244,30.519913199999998
2022-03-13 16:00:00,29.8,29.675892,30.42596,29.7508988
2022-03-13 17:00:00,28.5,28.71991,29.553982,28.803317200000002
2022-03-13 18:00:00,27.2,27.4008,28.765615,27.5372815
2022-03-13 19:00:00,26.7,26.685043,27.646358,26.781174500000002
2022-03-13 20:00:00,26.3,26.40179,27.229347,26.484545699999998
2022-03-13 21:00:00,25.8,26.174316,26.954718,26.2523562
2022-03-13 22:00:00,25.1,25.64936,26.605253,25.744949300000002
2022-03-13 23:00:00,25.2,25.134867,26.01025,25.222405300000002
2022-03-14 00:00:00,24.5,24.503275,25.520473,24.604994799999997
2022-03-14 01:00:00,25.2,24.060799,25.238049,24.178524
2022-03-14 02:00:00,23.1,23.4583,25.156755,23.628145500000002
2022-03-14 03:00:00,22.7,22.594696,25.036133,22.8388397
2022-03-14 04:00:00,23.0,21.921486,25.20527,22.2498644
2022-03-14 05:00:00,23.0,22.604507,25.534496,22.897505900000002
2022-03-14 06:00:00,23.0,23.215132,25.942108,23.4878296
2022-03-14 07:00:00,23.4,24.69283,26.494057,24.8729527
2022-03-14 08:00:00,25.9,27.829506,27.652512,27.811806599999997
2022-03-14 09:00:00,29.2,29.598133,30.445389,29.6828586
2022-03-14 10:00:00,31.4,31.257208,31.11122,31.242609199999997
2022-03-14 11:00:00,32.4,32.27113,32.88034,32.332051
2022-03-14 12:00:00,32.9,32.390915,33.165524,32.4683759
2022-03-14 13:00:00,32.2,32.09128,32.896896,32.17184159999999
2022-03-14 14:00:00,31.7,31.593517,32.221123,31.6562776
2022-03-14 15:00:00,30.6,30.712843,31.499577,30.7915164
2022-03-14 16:00:00,29.4,29.940258,30.588455,30.0050777
2022-03-14 17:00:00,28.5,28.773981,29.653154,28.861898299999996
2022-03-14 18:00:00,26.9,27.514275,28.692379,27.6320854
2022-03-14 19:00:00,26.4,26.926468,27.63767,26.9975882
2022-03-14 20:00:00,26.2,26.572754,27.209679,26.636446499999998
2022-03-14 21:00:00,26.2,26.12442,26.894108,26.201388800000004
2022-03-14 22:00:00,25.9,25.738194,26.43304,25.807678600000003
2022-03-14 23:00:00,24.3,25.50048,26.223505,25.5727825
2022-03-15 00:00:00,23.7,25.245829,26.466555,25.3679016
2022-03-15 01:00:00,23.4,25.170485,25.64392,25.217828500000003
2022-03-15 02:00:00,23.1,24.472448,26.243847,24.6495879
2022-03-15 03:00:00,22.9,23.61937,25.167923,23.774225299999998
2022-03-15 04:00:00,22.8,23.426329,25.506216,23.6343177
2022-03-15 05:00:00,22.9,23.900322,25.706678,24.080957599999998
2022-03-15 06:00:00,23.0,24.078182,26.003323,24.2706961
2022-03-15 07:00:00,24.5,24.744293,26.737385,24.943602199999997
2022-03-15 08:00:00,27.2,27.16089,27.689205,27.2137215
2022-03-15 09:00:00,30.2,30.159771,30.235758,30.1673697
2022-03-15 10:00:00,32.4,31.792416,32.632236,31.876398
2022-03-15 11:00:00,32.6,32.348,33.008343,32.4140343
2022-03-15 12:00:00,31.7,32.784695,33.2096,32.8271855
2022-03-15 13:00:00,32.2,32.47109,33.305458,32.5545268
2022-03-15 14:00:00,32.1,32.1055,32.483944,32.143344400000004
2022-03-15 15:00:00,30.8,30.828823,31.958817,30.9418224
2022-03-15 16:00:00,29.9,29.685621,30.642605,29.7813194
2022-03-15 17:00:00,28.6,28.683964,29.617668,28.7773344
2022-03-15 18:00:00,27.0,27.52805,28.913147,27.6665597
2022-03-15 19:00:00,26.4,26.741127,27.681835,26.8351978
2022-03-15 20:00:00,26.1,26.47537,27.318317,26.559664700000003
2022-03-15 21:00:00,25.4,26.409206,27.159134,26.484198799999998
2022-03-15 22:00:00,24.7,26.141321,27.069088,26.234097700000003
2022-03-15 23:00:00,24.5,25.44313,26.910116,25.5898286
2022-03-16 00:00:00,24.2,25.131687,26.45549,25.2640673
2022-03-16 01:00:00,23.7,24.666412,25.437597,24.743530500000002
2022-03-16 02:00:00,23.0,24.059292,25.67015,24.2203778
2022-03-16 03:00:00,22.7,24.046778,25.410831,24.183183300000003
2022-03-16 04:00:00,22.7,24.073545,25.534782,24.2196687
2022-03-16 05:00:00,22.9,24.060137,25.906143,24.2447376
2022-03-16 06:00:00,23.3,24.340208,26.329441,24.5391313
2022-03-16 07:00:00,24.8,25.27185,26.725866,25.4172516
2022-03-16 08:00:00,27.2,28.066404,28.337093,28.0934729
2022-03-16 09:00:00,29.8,30.60637,31.084698,30.654202799999997
2022-03-16 10:00:00,32.0,32.60708,33.136246,32.6599966
2022-03-16 11:00:00,32.6,32.34794,34.477776,32.5609236
2022-03-16 12:00:00,32.4,32.318413,33.271957,32.4137674
2022-03-16 13:00:00,32.5,32.154152,32.420784,32.180815200000005
2022-03-16 14:00:00,32.4,31.974936,33.043785,32.081820900000004
2022-03-16 15:00:00,31.9,30.63483,32.51529,30.822876
2022-03-16 16:00:00,30.4,30.058744,30.806467,30.1335163
2022-03-16 17:00:00,28.9,29.089333,30.181793,29.198579
2022-03-16 18:00:00,27.1,27.75486,29.322113,27.9115853
2022-03-16 19:00:00,26.7,27.056942,27.951202,27.146368
2022-03-16 20:00:00,26.5,26.591719,27.62513,26.6950601
2022-03-16 21:00:00,26.2,26.125082,27.372833,26.249857099999996
2022-03-16 22:00:00,25.9,25.528233,26.970444,25.6724541
2022-03-16 23:00:00,25.8,25.25118,26.665468,25.3926088
2022-03-17 00:00:00,25.7,25.123959,26.45966,25.2575291
2022-03-17 01:00:00,25.5,24.89657,25.701649,24.977077899999998
2022-03-17 02:00:00,25.1,24.473642,25.582,24.584477800000002
2022-03-17 03:00:00,24.4,23.673418,25.385653,23.8446415
2022-03-17 04:00:00,23.7,23.443953,25.828548,23.6824125
2022-03-17 05:00:00,24.9,23.922426,26.025627,24.132746100000002
2022-03-17 06:00:00,24.6,24.577677,26.540442,24.7739535
2022-03-17 07:00:00,25.3,25.467682,27.086681,25.6295819
2022-03-17 08:00:00,27.3,27.941458,28.698832,28.017195400000002
2022-03-17 09:00:00,29.6,30.407238,30.66021,30.4325352
2022-03-17 10:00:00,31.4,32.265278,32.710857,32.3098359
2022-03-17 11:00:00,32.2,32.514587,33.921394,32.655267699999996
2022-03-17 12:00:00,31.9,32.4582,33.223717,32.5347517
2022-03-17 13:00:00,31.2,32.500664,32.684353,32.5190329
2022-03-17 14:00:00,31.1,32.22535,33.05578,32.308392999999995
2022-03-17 15:00:00,30.5,31.556355,32.803032,31.6810227
2022-03-17 16:00:00,29.8,30.56912,31.774378,30.6896458
2022-03-17 17:00:00,29.1,29.273611,30.258049,29.3720548
2022-03-17 18:00:00,27.4,27.913115,29.340433,28.0558468
2022-03-17 19:00:00,26.8,27.294846,28.012775,27.366638899999998
2022-03-17 20:00:00,26.7,26.946287,27.727955,27.024453800000003
2022-03-17 21:00:00,26.6,26.561434,27.371452,26.6424358
2022-03-17 22:00:00,26.4,26.342384,26.995434,26.407688999999998
2022-03-17 23:00:00,26.1,26.273787,26.812828,26.3276911
2022-03-18 00:00:00,26.0,26.09456,26.726458,26.1577498
2022-03-18 01:00:00,25.9,25.838287,26.229437,25.877402000000004
2022-03-18 02:00:00,25.9,25.549347,26.209732,25.6153855
2022-03-18 03:00:00,25.9,25.159689,26.064802,25.2502003
2022-03-18 04:00:00,25.6,24.78475,26.012775,24.907552499999998
2022-03-18 05:00:00,25.5,25.143757,26.074095,25.2367908
2022-03-18 06:00:00,25.8,25.195847,27.180454,25.3943077
2022-03-18 07:00:00,27.1,25.687294,27.144424,25.833007000000002
2022-03-18 08:00:00,28.7,27.443344,28.478355,27.5468451
2022-03-18 09:00:00,30.4,29.652372,30.817562,29.768890999999996
2022-03-18 10:00:00,32.0,31.594402,32.372032,31.672165
2022-03-18 11:00:00,33.0,32.276886,33.350777,32.384275099999996
2022-03-18 12:00:00,32.2,32.31569,33.134083,32.397529299999995
2022-03-18 13:00:00,31.1,32.037537,32.598995,32.093682799999996
2022-03-18 14:00:00,31.1,31.74064,32.343136,31.8008896
2022-03-18 15:00:00,30.6,31.062407,32.035816,31.1597479
2022-03-18 16:00:00,29.7,30.22055,30.989185,30.2974135
2022-03-18 17:00:00,28.9,29.196531,30.22535,29.2994129
2022-03-18 18:00:00,27.8,28.183516,29.560959,28.3212603
2022-03-18 19:00:00,27.7,27.42351,28.087154,27.4898744
2022-03-18 20:00:00,27.5,27.303852,27.733837,27.3468505
2022-03-18 21:00:00,27.3,26.882647,27.38024,26.9324063
2022-03-18 22:00:00,27.1,26.602692,27.0885,26.6512728
2022-03-18 23:00:00,26.8,26.177507,26.82957,26.2427133
2022-03-19 00:00:00,26.5,26.125134,26.701233,26.1827439
2022-03-19 01:00:00,26.4,26.036901,26.272388,26.060449700000003
2022-03-19 02:00:00,26.3,25.933895,26.333042,25.973809699999997
2022-03-19 03:00:00,26.1,25.856611,26.5635,25.9272999
2022-03-19 04:00:00,26.1,25.720192,26.72116,25.8202888
2022-03-19 05:00:00,26.4,25.343216,26.840887,25.492983100000004
2022-03-19 06:00:00,26.5,25.678062,27.453817,25.8556375
2022-03-19 07:00:00,27.7,27.264507,27.928566,27.330912899999998
2022-03-19 08:00:00,29.4,28.605392,29.503822,28.695235
2022-03-19 09:00:00,31.2,30.319511,31.016256,30.389185499999996
2022-03-19 10:00:00,32.6,31.946669,32.43335,31.9953371
2022-03-19 11:00:00,33.7,32.54479,33.553917,32.6457027
2022-03-19 12:00:00,31.7,32.407406,33.672447,32.5339101
2022-03-19 13:00:00,29.6,31.90013,32.298046,31.939921599999998
2022-03-19 14:00:00,30.4,31.404995,31.638134,31.428308899999998
2022-03-19 15:00:00,30.2,30.732439,31.697577,30.8289528
2022-03-19 16:00:00,30.4,29.975166,30.757015,30.053350899999998
2022-03-19 17:00:00,29.8,29.309416,29.949759,29.3734503
2022-03-19 18:00:00,28.4,28.252123,29.327217,28.3596324
2022-03-19 19:00:00,27.9,27.921919,28.133144,27.9430415
2022-03-19 20:00:00,27.7,27.72451,28.092052,27.7612642
2022-03-19 21:00:00,27.6,27.518362,27.659996,27.5325254
2022-03-19 22:00:00,28.0,27.276913,27.312845,27.280506199999998
2022-03-19 23:00:00,28.0,26.856236,27.266947,26.8973071
2022-03-20 00:00:00,27.8,26.390072,27.12874,26.4639388
2022-03-20 01:00:00,27.3,26.13954,26.51565,26.177151
2022-03-20 02:00:00,26.9,25.964499,26.714514,26.0395005
2022-03-20 03:00:00,26.3,26.003214,26.834135,26.0863061
2022-03-20 04:00:00,27.3,26.052092,26.908535,26.137736299999997
2022-03-20 05:00:00,26.5,26.046349,27.118301,26.1535442
2022-03-20 06:00:00,26.6,26.082245,27.71503,26.2455235
2022-03-20 07:00:00,28.5,27.34459,27.995163,27.4096473
2022-03-20 08:00:00,30.2,29.084917,29.751045,29.151529800000002
2022-03-20 09:00:00,31.9,30.903683,30.96933,30.910247700000003
2022-03-20 10:00:00,33.3,32.22812,32.341293,32.2394373
2022-03-20 11:00:00,33.3,33.293266,33.321095,33.2960489
2022-03-20 12:00:00,32.8,32.60355,33.593086,32.7025036
2022-03-20 13:00:00,32.6,32.322544,31.752682,32.2655578
2022-03-20 14:00:00,32.5,30.751833,31.258848,30.8025345
2022-03-20 15:00:00,31.9,30.412935,31.482986,30.519940100000003
2022-03-20 16:00:00,31.0,30.284033,30.714062,30.3270359
2022-03-20 17:00:00,29.9,29.551958,30.21592,29.6183542
2022-03-20 18:00:00,29.0,28.525436,29.394753,28.612367699999997
2022-03-20 19:00:00,28.5,27.97595,28.310247,28.0093797
2022-03-20 20:00:00,28.6,27.646952,28.177921,27.7000489
2022-03-20 21:00:00,28.4,27.541355,27.68983,27.556202499999998
2022-03-20 22:00:00,28.4,27.63482,27.563046,27.6276426
2022-03-20 23:00:00,27.9,27.55706,27.73766,27.57512
2022-03-21 00:00:00,27.9,27.313725,27.57471,27.3398235
2022-03-21 01:00:00,27.8,26.967701,26.98433,26.9693639
2022-03-21 02:00:00,27.6,26.583538,26.860142,26.6111984
2022-03-21 03:00:00,27.5,26.146017,26.996407,26.231056000000002
2022-03-21 04:00:00,27.2,26.682964,26.986856,26.7133532
2022-03-21 05:00:00,27.3,26.455675,27.937548,26.6038623
2022-03-21 06:00:00,27.3,26.549505,27.506538,26.6452083
2022-03-21 07:00:00,28.4,28.299068,27.855856,28.2547468
2022-03-21 08:00:00,30.2,29.971458,30.30952,30.0052642
2022-03-21 09:00:00,31.9,31.238653,31.388681,31.2536558
2022-03-21 10:00:00,32.9,32.284016,32.858986,32.341513000000006
2022-03-21 11:00:00,33.2,32.925896,33.325397,32.9658461
2022-03-21 12:00:00,33.2,32.75808,32.791042,32.7613762
2022-03-21 13:00:00,32.6,32.401627,32.299313,32.391395599999996
2022-03-21 14:00:00,32.1,32.290607,32.191307,32.280677000000004
2022-03-21 15:00:00,31.3,31.36175,31.969418,31.422516800000004
2022-03-21 16:00:00,30.9,30.888056,31.065071,30.905757499999996
2022-03-21 17:00:00,30.5,29.959314,30.470984,30.010481
2022-03-21 18:00:00,29.1,28.991837,29.654541,29.0581074
2022-03-21 19:00:00,28.9,28.558735,28.812227,28.5840842
2022-03-21 20:00:00,28.5,28.63292,28.437254,28.6133534
2022-03-21 21:00:00,28.1,28.413513,28.084179,28.380579599999997
2022-03-21 22:00:00,28.0,28.32218,27.716143,28.261576299999998
2022-03-21 23:00:00,27.9,28.010027,27.80331,27.989355300000003
2022-03-22 00:00:00,27.6,27.72605,27.522615,27.7057065
2022-03-22 01:00:00,27.5,27.447802,27.083729,27.4113947
2022-03-22 02:00:00,27.3,27.201954,27.202084,27.201967000000003
2022-03-22 03:00:00,27.1,27.102558,27.25335,27.117637199999997
2022-03-22 04:00:00,27.0,27.10434,27.37037,27.130943000000002
2022-03-22 05:00:00,27.1,26.626467,27.636051,26.7274254
2022-03-22 06:00:00,27.5,26.781904,27.439108,26.8476244
2022-03-22 07:00:00,28.5,28.333256,28.770695,28.3769999
2022-03-22 08:00:00,30.1,29.966864,30.118538,29.982031400000004
2022-03-22 09:00:00,31.4,31.533323,31.942211,31.5742118
2022-03-22 10:00:00,32.2,32.654915,32.138268,32.6032503
2022-03-22 11:00:00,32.6,32.729225,32.935566,32.7498591
2022-03-22 12:00:00,32.2,32.86431,32.92382,32.870261
2022-03-22 13:00:00,32.3,32.683186,32.53694,32.6685614
2022-03-22 14:00:00,31.9,31.87201,32.160866,31.900895600000002
2022-03-22 15:00:00,31.2,31.311394,31.78575,31.3588296
2022-03-22 16:00:00,30.2,30.856188,31.000408,30.87061
2022-03-22 17:00:00,29.4,30.20247,30.327545,30.2149775
2022-03-22 18:00:00,28.6,29.150974,29.23088,29.1589646
2022-03-22 19:00:00,28.4,28.747889,28.303122,28.7034123
2022-03-22 20:00:00,28.2,28.529322,28.193176,28.4957074
2022-03-22 21:00:00,27.9,28.099457,27.776325,28.0671438
2022-03-22 22:00:00,27.7,27.859205,27.48608,27.8218925
2022-03-22 23:00:00,27.4,27.698895,27.489305,27.677936000000003
2022-03-23 00:00:00,27.3,27.355944,27.50558,27.3709076
2022-03-23 01:00:00,27.4,27.057392,27.04628,27.0562808
2022-03-23 02:00:00,27.1,26.98237,27.085701,26.9927031
2022-03-23 03:00:00,26.7,26.855062,27.174555,26.8870113
2022-03-23 04:00:00,26.6,26.512127,27.269814,26.5878957
2022-03-23 05:00:00,26.5,26.701977,27.59312,26.791091299999998
2022-03-23 06:00:00,26.6,26.793499,27.96608,26.9107571
2022-03-23 07:00:00,28.0,28.14391,28.607752,28.1902942
2022-03-23 08:00:00,29.5,29.927761,29.941021,29.929087
2022-03-23 09:00:00,31.0,31.261648,31.521204,31.287603600000004
2022-03-23 10:00:00,32.0,32.239994,32.43172,32.2591666
2022-03-23 11:00:00,32.0,32.935455,33.109177,32.952827199999994
2022-03-23 12:00:00,31.8,32.612606,33.083626,32.659708
2022-03-23 13:00:00,31.6,32.68061,32.688698,32.6814188
2022-03-23 14:00:00,31.0,31.850733,32.568573,31.922517000000003
2022-03-23 15:00:00,30.3,31.292717,31.937206,31.3571659
2022-03-23 16:00:00,29.6,30.591568,31.076855,30.640096699999997
2022-03-23 17:00:00,29.0,29.715872,30.166653,29.760950100000002
2022-03-23 18:00:00,28.3,28.850348,29.715431,28.9368563
2022-03-23 19:00:00,28.0,28.723995,28.684435,28.720038999999996
2022-03-23 20:00:00,27.8,28.203144,28.527357,28.2355653
2022-03-23 21:00:00,27.8,27.701426,28.115177,27.7428011
2022-03-23 22:00:00,27.5,27.492193,27.769562,27.5199299
2022-03-23 23:00:00,27.3,27.195724,27.649681,27.2411197
2022-03-24 00:00:00,27.3,27.011404,27.502068,27.0604704
2022-03-24 01:00:00,27.0,27.133575,26.95078,27.1152955
2022-03-24 02:00:00,26.8,26.805687,27.122196,26.8373379
2022-03-24 03:00:00,26.6,26.468754,27.116478,26.5335264
2022-03-24 04:00:00,26.4,26.355446,27.261227,26.446024100000002
2022-03-24 05:00:00,26.2,26.194216,27.505219,26.3253163
2022-03-24 06:00:00,26.7,26.616137,27.796057,26.734128999999996
2022-03-24 07:00:00,28.3,27.81784,28.466433,27.882699300000002
2022-03-24 08:00:00,29.6,29.503878,30.027155,29.556205700000003
2022-03-24 09:00:00,30.7,30.939058,31.342384,30.979390600000002
2022-03-24 10:00:00,31.2,31.809837,32.431927,31.872046
2022-03-24 11:00:00,31.6,31.949268,32.997017,32.0540429
2022-03-24 12:00:00,31.7,31.912186,32.748627,31.9958301
2022-03-24 13:00:00,31.6,31.713398,32.601494,31.802207600000003
2022-03-24 14:00:00,31.1,31.16836,32.287037,31.2802277
2022-03-24 15:00:00,30.7,30.71661,31.564186,30.8013676
2022-03-24 16:00:00,29.9,29.767702,30.74125,29.865056799999998
2022-03-24 17:00:00,29.4,29.16583,30.07899,29.257146
2022-03-24 18:00:00,28.5,28.461782,29.35508,28.551111799999997
2022-03-24 19:00:00,28.2,28.043678,28.64376,28.103686200000002
2022-03-24 20:00:00,28.1,27.660799,28.397343,27.7344534
2022-03-24 21:00:00,27.9,27.564713,28.01072,27.609313699999998
2022-03-24 22:00:00,27.7,27.325302,27.89234,27.3820058
2022-03-24 23:00:00,27.3,27.166496,27.68356,27.2182024
2022-03-25 00:00:00,27.0,27.036001,27.574387,27.089839599999998
2022-03-25 01:00:00,26.8,26.861992,27.167683,26.892561099999998
2022-03-25 02:00:00,26.6,26.510342,27.108707,26.570178500000004
2022-03-25 03:00:00,26.3,26.338871,27.134018,26.4183857
2022-03-25 04:00:00,26.2,26.08444,27.233097,26.1993057
2022-03-25 05:00:00,26.5,25.903967,27.509615,26.0645318
2022-03-25 06:00:00,26.7,26.32191,27.67479,26.457197999999998
2022-03-25 07:00:00,28.1,28.057795,28.468191,28.098834599999996
2022-03-25 08:00:00,29.7,29.486532,30.107485,29.5486273
2022-03-25 09:00:00,31.2,30.595472,31.281992,30.664124
2022-03-25 10:00:00,32.0,31.35836,32.115654,31.434089399999998
2022-03-25 11:00:00,31.6,31.754847,32.67743,31.847105300000003
2022-03-25 12:00:00,31.7,31.86761,32.67888,31.948736999999998
2022-03-25 13:00:00,31.6,31.696768,32.712242,31.7983154
2022-03-25 14:00:00,30.6,31.331306,32.267532,31.4249286
2022-03-25 15:00:00,30.6,30.619083,31.667437,30.7239184
2022-03-25 16:00:00,29.8,29.859398,31.048458,29.978303999999998
2022-03-25 17:00:00,29.5,29.18034,30.144941,29.276800100000003
2022-03-25 18:00:00,28.7,28.381714,29.626017,28.5061443
2022-03-25 19:00:00,28.5,28.106153,28.749666,28.1705043
2022-03-25 20:00:00,28.3,27.94453,28.564121,28.0064891
2022-03-25 21:00:00,28.1,27.774734,28.311447,27.8284053
2022-03-25 22:00:00,27.9,27.552206,27.961704,27.593155799999998
2022-03-25 23:00:00,27.6,27.100603,27.777756,27.1683183
2022-03-26 00:00:00,27.4,26.793684,27.597588,26.8740744
2022-03-26 01:00:00,27.1,26.461231,27.019634,26.5170713
2022-03-26 02:00:00,26.8,26.364353,27.018139,26.429731600000004
2022-03-26 03:00:00,26.5,26.042719,27.073257,26.1457728
2022-03-26 04:00:00,26.2,25.922613,27.083702,26.0387219
2022-03-26 05:00:00,26.1,26.051414,27.351562,26.1814288
2022-03-26 06:00:00,26.4,26.487137,28.085587,26.646982
2022-03-26 07:00:00,27.8,27.897596,28.474312,27.9552676
2022-03-26 08:00:00,29.5,29.514511,30.186016,29.5816615
2022-03-26 09:00:00,31.2,30.871601,31.437996,30.928240499999998
2022-03-26 10:00:00,32.0,31.6514,32.57932,31.744191999999998
2022-03-26 11:00:00,32.3,31.729067,32.98929,31.8550893
2022-03-26 12:00:00,32.4,31.803635,32.421204,31.865391900000002
2022-03-26 13:00:00,32.2,31.650335,32.59901,31.745202499999998
2022-03-26 14:00:00,31.9,31.092165,32.319687,31.214917200000002
2022-03-26 15:00:00,31.4,30.52278,31.298435,30.6003455
2022-03-26 16:00:00,30.5,29.875378,31.109852,29.9988254
2022-03-26 17:00:00,29.6,29.36164,30.149342,29.440410200000002
2022-03-26 18:00:00,28.4,28.588108,29.811457,28.710442899999997
2022-03-26 19:00:00,28.3,28.259504,28.938576,28.3274112
2022-03-26 20:00:00,28.0,28.08305,28.663254,28.141070399999997
2022-03-26 21:00:00,27.7,27.873861,28.399239,27.9263988
2022-03-26 22:00:00,27.5,27.679943,28.114965,27.723445200000004
2022-03-26 23:00:00,27.3,27.284912,27.953722,27.351792999999997
2022-03-27 00:00:00,26.9,27.077196,27.79925,27.1494014
2022-03-27 01:00:00,26.6,26.79565,27.258364,26.841921399999997
2022-03-27 02:00:00,26.3,26.460169,27.13773,26.5279251
2022-03-27 03:00:00,26.1,26.130974,27.149445,26.232821099999995
2022-03-27 04:00:00,25.9,25.922934,27.260334,26.056674
2022-03-27 05:00:00,26.5,25.886467,27.363678,26.0341881
2022-03-27 06:00:00,27.1,26.199118,27.785477,26.3577539
2022-03-27 07:00:00,28.3,27.683504,28.297848,27.7449384
2022-03-27 08:00:00,29.9,29.609095,30.118025,29.659988
2022-03-27 09:00:00,31.5,31.00228,31.53559,31.055611
2022-03-27 10:00:00,32.8,31.79457,32.79412,31.894525
2022-03-27 11:00:00,33.3,32.142822,33.103645,32.2389043
2022-03-27 12:00:00,32.6,32.206657,33.050148,32.291006100000004
2022-03-27 13:00:00,32.1,32.06493,33.087975,32.1672345
2022-03-27 14:00:00,31.9,31.675013,32.631363,31.770648
2022-03-27 15:00:00,31.5,31.048372,32.083897,31.1519245
2022-03-27 16:00:00,30.5,30.437494,31.47487,30.5412316
2022-03-27 17:00:00,29.6,29.526487,30.505835,29.624421799999997
2022-03-27 18:00:00,28.6,28.6575,29.7989,28.771639999999998
2022-03-27 19:00:00,28.4,28.347492,28.80107,28.392849799999997
2022-03-27 20:00:00,28.1,27.915255,28.668148,27.9905443
2022-03-27 21:00:00,27.8,27.704601,28.199154,27.7540563
2022-03-27 22:00:00,27.6,27.365456,27.9426,27.423170399999997
2022-03-27 23:00:00,27.4,27.280346,27.76228,27.3285394
2022-03-28 00:00:00,27.2,26.845684,27.710262,26.932141799999997
2022-03-28 01:00:00,27.0,26.555523,27.03584,26.6035547
2022-03-28 02:00:00,26.7,26.119867,26.973545,26.2052348
2022-03-28 03:00:00,26.5,25.876957,26.991713,25.9884326
2022-03-28 04:00:00,26.5,25.761269,27.022501,25.8873922
2022-03-28 05:00:00,26.4,26.136583,27.295464,26.2524711
2022-03-28 06:00:00,27.0,26.83387,28.03164,26.953647
2022-03-28 07:00:00,28.1,28.025599,28.638815,28.0869206
2022-03-28 08:00:00,29.7,29.755905,30.17157,29.7974715
2022-03-28 09:00:00,31.6,31.225203,31.55754,31.2584367
2022-03-28 10:00:00,33.1,32.79688,32.889297,32.8061217
2022-03-28 11:00:00,33.9,33.21079,33.728188,33.2625298
2022-03-28 12:00:00,33.7,32.710487,33.551228,32.7945611
2022-03-28 13:00:00,33.0,32.180767,32.74265,32.2369553
2022-03-28 14:00:00,32.1,31.820541,32.53645,31.8921319
2022-03-28 15:00:00,31.4,31.440945,32.228977,31.519748200000002
2022-03-28 16:00:00,30.7,30.614391,31.422224,30.695174299999998
2022-03-28 17:00:00,29.4,29.640789,30.454193,29.7221294
2022-03-28 18:00:00,28.5,28.787066,29.718307,28.880190099999997
2022-03-28 19:00:00,28.3,28.493181,28.944756,28.538338500000002
2022-03-28 20:00:00,28.1,28.23678,28.685474,28.2816494
2022-03-28 21:00:00,28.0,28.01212,28.296434,28.0405514
2022-03-28 22:00:00,27.8,27.776066,27.977955,27.7962549
2022-03-28 23:00:00,27.6,27.53702,27.906057,27.573923699999998
2022-03-29 00:00:00,27.4,27.20333,27.683159,27.251312900000002
2022-03-29 01:00:00,27.2,26.960602,27.124474,26.976989200000002
2022-03-29 02:00:00,27.1,26.682697,27.110115,26.7254388
2022-03-29 03:00:00,27.2,26.346237,27.019947,26.413608
2022-03-29 04:00:00,27.3,26.156038,27.260994,26.2665336
2022-03-29 05:00:00,27.6,26.166882,27.5542,26.305613800000003
2022-03-29 06:00:00,27.9,26.955553,27.867153,27.046712999999997
2022-03-29 07:00:00,28.7,28.1375,28.803963,28.204146299999998
2022-03-29 08:00:00,30.2,29.96626,30.080585,29.9776925
2022-03-29 09:00:00,31.8,31.818874,31.592825,31.7962691
2022-03-29 10:00:00,33.3,33.001713,33.086647,33.0102064
2022-03-29 11:00:00,34.2,33.533333,33.992935,33.5792932
2022-03-29 12:00:00,34.1,33.38761,34.02999,33.451848000000005
2022-03-29 13:00:00,33.3,33.1417,33.448048,33.1723348
2022-03-29 14:00:00,32.3,32.170654,32.763638,32.2299524
2022-03-29 15:00:00,31.7,31.525436,32.134693,31.5863617
2022-03-29 16:00:00,31.0,30.64879,31.422752,30.7261862
2022-03-29 17:00:00,30.2,29.60487,30.59321,29.703704
2022-03-29 18:00:00,28.9,28.769917,29.480679,28.8409932
2022-03-29 19:00:00,28.6,28.498438,28.95446,28.5440402
2022-03-29 20:00:00,28.3,28.16455,28.601402,28.2082352
2022-03-29 21:00:00,28.0,28.077414,28.294706,28.0991432
2022-03-29 22:00:00,27.8,27.84025,28.083508,27.8645758
2022-03-29 23:00:00,27.8,27.671011,27.82728,27.6866379
2022-03-30 00:00:00,27.8,27.36243,27.73889,27.400076000000002
2022-03-30 01:00:00,27.6,27.311188,27.187834,27.2988526
2022-03-30 02:00:00,27.4,27.089306,27.052946,27.08567
2022-03-30 03:00:00,27.1,27.125391,27.183334,27.1311853
2022-03-30 04:00:00,26.8,27.2611,27.506908,27.2856808
2022-03-30 05:00:00,27.3,27.459158,27.796432,27.4928854
2022-03-30 06:00:00,27.3,27.748749,28.364779,27.810351999999998
2022-03-30 07:00:00,28.5,28.675344,28.952343,28.703043899999997
2022-03-30 08:00:00,30.1,30.399261,30.107002,30.3700351
2022-03-30 09:00:00,31.9,32.13633,31.745949,32.0972919
2022-03-30 10:00:00,33.5,33.420204,32.99345,33.3775286
2022-03-30 11:00:00,34.3,33.733112,34.097355,33.7695363
2022-03-30 12:00:00,34.0,33.698627,34.15331,33.744095300000005
2022-03-30 13:00:00,33.8,33.33246,33.671467,33.3663607
2022-03-30 14:00:00,33.0,32.431324,32.653534,32.453545
2022-03-30 15:00:00,32.0,31.818052,32.14967,31.8512138
2022-03-30 16:00:00,31.1,30.891012,31.51258,30.9531688
2022-03-30 17:00:00,30.2,30.10648,30.593294,30.1551614
2022-03-30 18:00:00,28.9,29.105541,29.866451,29.181632
2022-03-30 19:00:00,28.6,28.709553,28.885118,28.7271095
2022-03-30 20:00:00,28.3,28.39563,28.735683,28.4296353
2022-03-30 21:00:00,28.2,28.143274,28.369158,28.1658624
2022-03-30 22:00:00,28.0,27.91307,28.046764,27.9264394
2022-03-30 23:00:00,27.7,27.83331,27.78633,27.828612
2022-03-31 00:00:00,27.5,27.593277,27.825085,27.6164578
2022-03-31 01:00:00,27.1,27.365538,27.347538,27.363738
2022-03-31 02:00:00,26.9,27.319029,27.279049,27.315031
2022-03-31 03:00:00,26.8,27.144705,27.431787,27.173413199999995
2022-03-31 04:00:00,26.8,26.954641,27.546967,27.0138736
2022-03-31 05:00:00,27.6,27.424438,27.881706,27.4701648
2022-03-31 06:00:00,27.8,27.596935,28.52129,27.689370499999995
2022-03-31 07:00:00,28.7,28.678968,28.867527,28.6978239
2022-03-31 08:00:00,29.6,30.318163,30.473782,30.3337249
2022-03-31 09:00:00,31.2,32.05321,32.015377,32.0494267
2022-03-31 10:00:00,32.3,33.462296,33.4721,33.4632764
2022-03-31 11:00:00,32.3,33.77191,34.429955,33.8377145
2022-03-31 12:00:00,32.2,33.729324,34.578762,33.814267799999996
2022-03-31 13:00:00,31.5,33.55334,33.69936,33.567942
2022-03-31 14:00:00,31.4,33.1913,33.23369,33.195539
2022-03-31 15:00:00,30.9,31.937477,32.4942,31.993149300000002
2022-03-31 16:00:00,30.2,31.14163,31.647375,31.192204500000003
2022-03-31 17:00:00,29.6,30.28394,30.849611,30.340507100000004
2022-03-31 18:00:00,28.7,29.258215,29.910902,29.3234837
2022-03-31 19:00:00,28.2,28.78986,28.814772,28.7923512
2022-03-31 20:00:00,28.1,28.378687,28.634626,28.4042809
2022-03-31 21:00:00,27.9,28.250605,28.247536,28.250298100000002
2022-03-31 22:00:00,27.8,28.105583,28.090622,28.1040869
2022-03-31 23:00:00,27.5,27.86021,27.925995,27.8667885
2022-04-01 00:00:00,27.4,27.599092,27.800323,27.619215099999998
2022-04-01 01:00:00,27.2,27.404573,27.355816,27.3996973
2022-04-01 02:00:00,27.0,26.829044,27.230331,26.8691727
2022-04-01 03:00:00,26.9,26.824436,27.336128,26.8756052
2022-04-01 04:00:00,26.7,26.776155,27.438726,26.8424121
2022-04-01 05:00:00,26.9,27.546074,27.791458,27.570612399999998
2022-04-01 06:00:00,27.1,27.799,28.743347,27.8934347
2022-04-01 07:00:00,28.3,28.731655,29.065472,28.7650367
2022-04-01 08:00:00,29.6,29.938704,30.362967,29.981130300000004
2022-04-01 09:00:00,30.9,31.623724,31.43041,31.6043926
2022-04-01 10:00:00,31.8,32.617012,33.01869,32.6571798
2022-04-01 11:00:00,32.6,32.824543,33.518646,32.8939533
2022-04-01 12:00:00,32.5,32.401886,33.269302,32.4886276
2022-04-01 13:00:00,32.1,31.936823,33.099472,32.0530879
2022-04-01 14:00:00,31.6,31.524834,32.40952,31.6133026
2022-04-01 15:00:00,31.1,31.181967,32.095894,31.2733597
2022-04-01 16:00:00,30.0,30.699497,31.27895,30.7574423
2022-04-01 17:00:00,29.1,29.727112,30.620323,29.8164331
2022-04-01 18:00:00,28.2,28.869951,29.927599,28.9757158
2022-04-01 19:00:00,27.8,28.436651,28.985584,28.4915443
2022-04-01 20:00:00,27.6,28.072895,28.625807,28.1281862
2022-04-01 21:00:00,27.3,27.880682,28.328934,27.925507200000002
2022-04-01 22:00:00,27.1,27.720987,28.094728,27.7583611
2022-04-01 23:00:00,27.1,27.455095,27.885328,27.498118299999998
2022-04-02 00:00:00,26.9,27.286108,27.725693,27.3300665
2022-04-02 01:00:00,26.7,27.057308,27.209995,27.0725767
2022-04-02 02:00:00,26.4,26.803814,27.245388,26.8479714
2022-04-02 03:00:00,26.3,26.59032,27.295212,26.6608092
2022-04-02 04:00:00,26.2,26.55176,27.5264,26.649224
2022-04-02 05:00:00,25.7,26.8499,27.732723,26.9381823
2022-04-02 06:00:00,26.1,27.295574,28.381878,27.404204399999998
2022-04-02 07:00:00,27.7,28.440983,28.85014,28.4818987
2022-04-02 08:00:00,29.5,29.672749,30.315283,29.737002399999998
2022-04-02 09:00:00,31.1,31.0215,31.395285,31.058878500000002
2022-04-02 10:00:00,32.1,31.956856,32.610092,32.022179599999994
2022-04-02 11:00:00,32.3,32.461796,33.231785,32.5387949
2022-04-02 12:00:00,31.8,32.52423,33.437737,32.6155807
2022-04-02 13:00:00,31.5,32.05145,32.995872,32.145892200000006
2022-04-02 14:00:00,31.3,31.711624,32.441463,31.7846079
2022-04-02 15:00:00,30.9,31.155018,32.020737,31.241589899999997
2022-04-02 16:00:00,30.1,30.145588,31.366268,30.267656
2022-04-02 17:00:00,29.4,29.311975,30.38881,29.4196585
2022-04-02 18:00:00,28.4,28.43902,29.601555,28.5552735
2022-04-02 19:00:00,28.1,27.844482,28.819984,27.9420322
2022-04-02 20:00:00,27.9,27.63416,28.39188,27.709932000000002
2022-04-02 21:00:00,27.8,27.477684,28.09805,27.539720600000003
2022-04-02 22:00:00,27.7,27.311832,27.822208,27.362869599999996
2022-04-02 23:00:00,27.5,27.281925,27.668522,27.3205847
2022-04-03 00:00:00,27.3,26.941475,27.672121,27.0145396
2022-04-03 01:00:00,27.2,26.746023,27.155224,26.786943100000002
2022-04-03 02:00:00,27.1,26.54862,27.115456,26.6053036
2022-04-03 03:00:00,27.1,26.509863,27.159742,26.574850899999998
2022-04-03 04:00:00,26.8,26.396046,27.369287,26.4933701
2022-04-03 05:00:00,26.4,26.356712,27.559628,26.4770036
2022-04-03 06:00:00,26.6,26.628397,27.281776,26.6937349
2022-04-03 07:00:00,28.0,27.976881,28.357872,28.0149801
2022-04-03 08:00:00,29.7,29.419369,30.208656,29.498297700000002
2022-04-03 09:00:00,30.9,30.956303,31.524778,31.0131505
2022-04-03 10:00:00,31.4,31.97475,32.66656,32.043931
2022-04-03 11:00:00,31.6,32.38238,33.178528,32.4619948
2022-04-03 12:00:00,31.8,32.029533,33.12199,32.138778699999996
2022-04-03 13:00:00,31.8,31.487673,32.468853,31.585791
2022-04-03 14:00:00,31.5,31.364458,32.317867,31.4597989
2022-04-03 15:00:00,30.9,31.024385,31.780722,31.1000187
2022-04-03 16:00:00,30.2,30.015203,31.12254,30.1259367
2022-04-03 17:00:00,29.3,29.373322,30.267681,29.4627579
2022-04-03 18:00:00,28.3,28.447048,29.697002,28.5720434
2022-04-03 19:00:00,28.1,28.102102,28.74915,28.166806799999996
2022-04-03 20:00:00,27.8,27.889666,28.579685,27.9586679
2022-04-03 21:00:00,27.7,27.6362,28.24665,27.697245
2022-04-03 22:00:00,27.6,27.50596,28.043661,27.559730100000003
2022-04-03 23:00:00,27.4,27.314196,27.903,27.3730764
2022-04-04 00:00:00,27.2,27.113724,27.774559,27.179807500000003
2022-04-04 01:00:00,26.9,26.946428,27.20245,26.9720302
2022-04-04 02:00:00,26.6,26.921665,27.253662,26.9548647
2022-04-04 03:00:00,26.3,26.793848,27.37233,26.8516962
2022-04-04 04:00:00,25.7,26.68929,27.64961,26.785322
2022-04-04 05:00:00,26.0,26.544136,27.78978,26.668700400000002
2022-04-04 06:00:00,26.4,26.654774,27.885714,26.777867999999998
2022-04-04 07:00:00,27.9,27.89894,28.548056,27.963851599999998
2022-04-04 08:00:00,29.5,29.594809,30.120724,29.647400500000003
2022-04-04 09:00:00,30.8,30.901413,31.549292,30.9662009
2022-04-04 10:00:00,31.6,31.347847,32.254627,31.438525
2022-04-04 11:00:00,31.9,31.826174,32.599785,31.903535100000003
2022-04-04 12:00:00,31.8,31.917477,32.639633,31.9896926
2022-04-04 13:00:00,31.7,31.908333,32.632393,31.980739
2022-04-04 14:00:00,31.3,31.481558,32.415756,31.574977800000003
2022-04-04 15:00:00,30.7,30.910358,31.72366,30.9916882
2022-04-04 16:00:00,30.0,30.228867,31.050613,30.3110416
2022-04-04 17:00:00,29.2,29.481346,30.23758,29.5569694
2022-04-04 18:00:00,28.4,28.446682,29.502777,28.552291499999995
2022-04-04 19:00:00,28.0,28.007618,28.755653,28.0824215
2022-04-04 20:00:00,27.8,27.74929,28.551744,27.829535399999997
2022-04-04 21:00:00,27.6,27.594196,28.154305,27.650206899999997
2022-04-04 22:00:00,27.4,27.512762,28.0369,27.5651758
2022-04-04 23:00:00,27.2,27.314173,27.82271,27.365026699999998
2022-04-05 00:00:00,26.8,26.865473,27.739033,26.952829
2022-04-05 01:00:00,26.3,26.757374,27.24914,26.806550599999998
2022-04-05 02:00:00,26.1,26.530138,27.212585,26.598382700000002
2022-04-05 03:00:00,25.8,26.474207,27.272213,26.554007600000002
2022-04-05 04:00:00,25.4,26.077015,27.402967,26.209610199999997
2022-04-05 05:00:00,25.4,26.229507,27.334919,26.340048200000002
2022-04-05 06:00:00,25.6,26.52176,27.983746,26.6679586
2022-04-05 07:00:00,27.3,27.823236,28.5214,27.893052400000002
2022-04-05 08:00:00,29.1,29.508944,30.208626,29.578912199999998
2022-04-05 09:00:00,30.5,30.577194,31.479202,30.667394799999997
2022-04-05 10:00:00,31.7,31.584864,32.365913,31.6629689
2022-04-05 11:00:00,31.9,31.802887,32.76556,31.8991543
2022-04-05 12:00:00,31.6,31.747126,32.765804,31.848993800000002
2022-04-05 13:00:00,31.8,31.712484,32.73804,31.8150396
2022-04-05 14:00:00,31.7,31.321129,32.427525,31.431768599999998
2022-04-05 15:00:00,31.0,30.626945,31.78129,30.7423795
2022-04-05 16:00:00,29.9,30.040955,31.09294,30.1461535
2022-04-05 17:00:00,29.2,29.281443,30.368273,29.390126
2022-04-05 18:00:00,28.5,28.398815,29.586933,28.5176268
2022-04-05 19:00:00,28.2,27.94192,28.8265,28.030378
2022-04-05 20:00:00,28.1,27.662891,28.52975,27.7495769
2022-04-05 21:00:00,28.0,27.493814,28.252048,27.569637399999998
2022-04-05 22:00:00,27.8,27.360584,27.976734,27.422199
2022-04-05 23:00:00,27.5,27.085114,27.828243,27.1594269
2022-04-06 00:00:00,27.3,26.533155,27.647243,26.6445638
2022-04-06 01:00:00,27.0,26.481478,26.97715,26.531045199999998
2022-04-06 02:00:00,26.7,26.125444,26.90905,26.2038046
2022-04-06 03:00:00,26.1,25.930887,26.991346,26.0369329
2022-04-06 04:00:00,25.8,25.669542,26.994658,25.8020536
2022-04-06 05:00:00,25.9,25.844784,27.165087,25.9768143
2022-04-06 06:00:00,26.2,26.051153,27.218407,26.1678784
2022-04-06 07:00:00,27.9,27.233961,28.075747,27.318139600000002
2022-04-06 08:00:00,29.6,29.090225,29.799583,29.1611608
2022-04-06 09:00:00,31.2,30.50517,31.746395,30.6292925
2022-04-06 10:00:00,32.3,31.654417,32.167885,31.7057638
2022-04-06 11:00:00,32.2,31.953533,32.914154,32.0495951
2022-04-06 12:00:00,31.4,31.637686,32.50186,31.724103399999997
2022-04-06 13:00:00,31.5,31.789846,32.518944,31.8627558
2022-04-06 14:00:00,31.2,31.49142,32.585453,31.6008233
2022-04-06 15:00:00,30.7,30.945074,32.03841,31.0544076
2022-04-06 16:00:00,30.0,29.990824,31.028114,30.094553
2022-04-06 17:00:00,29.6,29.351316,30.184034,29.434587800000003
2022-04-06 18:00:00,28.7,28.853014,29.56948,28.924660600000003
2022-04-06 19:00:00,28.5,28.421831,28.83128,28.4627759
2022-04-06 20:00:00,28.3,28.007944,28.525646,28.059714199999995
2022-04-06 21:00:00,28.2,27.87062,28.17926,27.901484
2022-04-06 22:00:00,28.0,27.613056,27.884272,27.6401776
2022-04-06 23:00:00,27.7,27.155685,27.758102,27.215926699999997
2022-04-07 00:00:00,27.5,27.000088,27.654999,27.0655791
2022-04-07 01:00:00,27.4,26.828943,27.223742,26.8684229
2022-04-07 02:00:00,26.7,26.55605,27.06064,26.606509
2022-04-07 03:00:00,26.5,26.305569,27.18592,26.393604099999997
2022-04-07 04:00:00,26.7,26.07477,27.10265,26.177558
2022-04-07 05:00:00,26.9,26.161304,27.177044,26.262878
2022-04-07 06:00:00,27.3,26.540943,27.473824,26.634231099999997
2022-04-07 07:00:00,28.6,27.839495,28.174826,27.8730281
2022-04-07 08:00:00,29.9,29.29669,30.079762,29.3749972
2022-04-07 09:00:00,30.8,30.7543,31.66639,30.845509
2022-04-07 10:00:00,31.4,31.774046,32.748215,31.871462899999997
2022-04-07 11:00:00,31.8,32.072365,32.880207,32.153149199999994
2022-04-07 12:00:00,32.1,31.628904,32.433353,31.7093489
2022-04-07 13:00:00,31.8,31.430561,32.078053,31.495310200000002
2022-04-07 14:00:00,31.5,31.219776,32.200287,31.3178271
2022-04-07 15:00:00,31.1,30.654474,31.441507,30.7331773
2022-04-07 16:00:00,30.4,29.915388,30.829187,30.0067679
2022-04-07 17:00:00,29.9,29.335588,29.883408,29.39037
2022-04-07 18:00:00,29.1,28.596756,29.557022,28.6927826
2022-04-07 19:00:00,28.9,28.244568,28.660072,28.2861184
2022-04-07 20:00:00,28.8,28.057154,28.516048,28.1030434
2022-04-07 21:00:00,28.7,27.896444,28.214724,27.928272
2022-04-07 22:00:00,28.6,27.758026,27.96533,27.778756400000002
2022-04-07 23:00:00,28.2,27.540733,27.799902,27.5666499
2022-04-08 00:00:00,27.9,27.183064,27.648815,27.2296391
2022-04-08 01:00:00,27.6,27.080952,27.072632,27.08012
2022-04-08 02:00:00,27.2,26.562319,27.19098,26.6251851
2022-04-08 03:00:00,26.7,26.322218,27.080921,26.398088299999998
2022-04-08 04:00:00,26.4,26.289173,27.29556,26.3898117
2022-04-08 05:00:00,26.6,26.522985,27.661055,26.636791999999996
2022-04-08 06:00:00,26.6,26.924576,28.218964,27.054014799999997
2022-04-08 07:00:00,27.3,28.4247,28.776869,28.459916900000003
2022-04-08 08:00:00,28.9,29.756247,30.296528,29.8102751
2022-04-08 09:00:00,30.3,30.84402,31.021397,30.8617577
2022-04-08 10:00:00,31.0,31.595266,31.912624,31.6270018
2022-04-08 11:00:00,31.0,31.924458,32.44521,31.976533200000002
2022-04-08 12:00:00,31.1,32.02413,32.60405,32.082122
2022-04-08 13:00:00,31.4,31.992718,32.45255,32.0387012
2022-04-08 14:00:00,31.2,31.593494,32.033382,31.6374828
2022-04-08 15:00:00,30.7,31.091078,31.556828,31.137653
2022-04-08 16:00:00,30.0,30.467428,30.9926,30.519945200000002
2022-04-08 17:00:00,29.7,29.885103,30.166008,29.913193500000002
2022-04-08 18:00:00,28.9,29.192091,29.597094,29.2325913
2022-04-08 19:00:00,28.7,28.987024,28.954048,28.9837264
2022-04-08 20:00:00,28.5,28.462954,28.830883,28.4997469
2022-04-08 21:00:00,28.3,28.392038,28.493446,28.402178799999998
2022-04-08 22:00:00,28.1,28.34955,28.298046,28.3443996
2022-04-08 23:00:00,27.9,27.974594,28.145672,27.991701799999998
2022-04-09 00:00:00,27.7,27.682922,27.9276,27.7073898
2022-04-09 01:00:00,27.0,27.473848,27.491142,27.4755774
2022-04-09 02:00:00,26.3,27.155397,27.430708,27.182928099999998
2022-04-09 03:00:00,27.0,26.567944,27.313972,26.6425468
2022-04-09 04:00:00,26.0,26.440218,27.378391,26.5340353
2022-04-09 05:00:00,25.7,26.656223,27.737999,26.764400600000002
2022-04-09 06:00:00,26.1,26.974651,28.234503,27.100636200000004
2022-04-09 07:00:00,27.2,27.99952,28.751709,28.0747389
2022-04-09 08:00:00,28.8,29.79364,29.76616,29.790892
2022-04-09 09:00:00,30.6,30.90178,31.160625,30.9276645
2022-04-09 10:00:00,31.6,31.659935,31.07484,31.6014255
2022-04-09 11:00:00,31.8,31.561789,32.025066,31.6081167
2022-04-09 12:00:00,31.8,31.60547,31.944166,31.6393396
2022-04-09 13:00:00,31.9,31.642353,31.918081,31.6699258
2022-04-09 14:00:00,31.5,31.547499,31.866411,31.5793902
2022-04-09 15:00:00,31.2,30.932837,31.208092,30.9603625
2022-04-09 16:00:00,30.4,30.138597,30.545424,30.1792797
2022-04-09 17:00:00,29.8,29.684374,29.866056,29.7025422
2022-04-09 18:00:00,29.0,28.86515,29.480915,28.9267265
2022-04-09 19:00:00,28.8,28.63612,28.552664,28.627774399999996
2022-04-09 20:00:00,28.7,28.5745,28.381924,28.5552424
2022-04-09 21:00:00,28.6,28.312866,28.118042,28.2933836
2022-04-09 22:00:00,28.5,28.271362,27.873375,28.2315633
2022-04-09 23:00:00,28.3,27.718418,27.526493,27.699225499999997
2022-04-10 00:00:00,28.0,27.438526,27.55955,27.4506284
2022-04-10 01:00:00,27.9,26.931833,26.991232,26.9377729
2022-04-10 02:00:00,27.6,26.43358,26.498474,26.4400694
2022-04-10 03:00:00,27.3,26.472582,25.912098,26.4165336
2022-04-10 04:00:00,26.8,26.166643,27.556442,26.3056229
2022-04-10 05:00:00,26.9,26.1446,27.142372,26.2443772
2022-04-10 06:00:00,28.0,26.638948,27.160973,26.6911505
2022-04-10 07:00:00,29.3,27.67817,28.580202,27.7683732
2022-04-10 08:00:00,29.8,28.745222,29.31557,28.8022568
2022-04-10 09:00:00,30.2,30.882708,31.15355,30.9097922
2022-04-10 10:00:00,29.4,31.903488,31.414232,31.8545624
2022-04-10 11:00:00,30.4,32.22417,31.84182,32.185935
2022-04-10 12:00:00,30.6,32.036533,31.937307,32.026610399999996
2022-04-10 13:00:00,30.6,32.019157,32.062912,32.0235325
2022-04-10 14:00:00,30.6,31.489761,31.843653,31.525150200000002
2022-04-10 15:00:00,30.2,30.993319,31.144188,31.0084059
2022-04-10 16:00:00,29.6,30.337263,30.687603,30.372297000000003
2022-04-10 17:00:00,28.9,29.797443,29.77729,29.7954277
2022-04-10 18:00:00,28.2,29.144285,29.251858,29.155042299999998
2022-04-10 19:00:00,28.2,28.819187,28.565872,28.7938555
2022-04-10 20:00:00,28.2,28.541399,28.326721,28.5199312
2022-04-10 21:00:00,28.2,28.407091,28.105558,28.376937700000003
2022-04-10 22:00:00,28.2,28.29984,27.883629,28.2582189
2022-04-10 23:00:00,28.0,28.05584,27.690645,28.0193205
2022-04-11 00:00:00,27.7,27.614122,27.610641,27.613773899999998
2022-04-11 01:00:00,27.1,27.474794,26.834042,27.410718799999998
2022-04-11 02:00:00,26.7,27.016462,26.780466,26.9928624
2022-04-11 03:00:00,26.5,26.870533,26.710743,26.854554
2022-04-11 04:00:00,26.6,26.507067,26.963894,26.5527497
2022-04-11 05:00:00,26.5,26.450788,26.813139,26.4870231
2022-04-11 06:00:00,27.5,27.484793,27.40773,27.4770867
2022-04-11 07:00:00,28.2,28.920918,28.079287,28.8367549
2022-04-11 08:00:00,29.1,29.70779,29.402119,29.677222899999997
2022-04-11 09:00:00,30.2,30.893831,30.007788,30.8052267
2022-04-11 10:00:00,31.0,31.51101,31.121866,31.472095599999996
2022-04-11 11:00:00,31.4,31.483469,31.085815,31.4437036
2022-04-11 12:00:00,31.6,31.483091,31.937138,31.5284957
2022-04-11 13:00:00,31.5,31.437122,31.586906,31.4521004
2022-04-11 14:00:00,31.0,31.48707,31.401672,31.4785302
2022-04-11 15:00:00,30.8,31.261883,31.030579,31.2387526
2022-04-11 16:00:00,30.3,30.240696,30.397713,30.256397699999997
2022-04-11 17:00:00,30.0,29.510347,29.650452,29.524357499999997
2022-04-11 18:00:00,29.3,28.637953,28.9932,28.6734777
2022-04-11 19:00:00,28.9,28.720509,28.472244,28.6956825
2022-04-11 20:00:00,28.7,28.591496,28.326557,28.5650021
2022-04-11 21:00:00,28.4,28.547352,28.10322,28.5029388
2022-04-11 22:00:00,28.0,28.333794,27.832031,28.2836177
2022-04-11 23:00:00,27.9,27.945936,27.66695,27.9180374
2022-04-12 00:00:00,27.7,27.451342,27.675875,27.4737953
2022-04-12 01:00:00,27.5,27.029228,27.010757,27.0273809
2022-04-12 02:00:00,27.0,26.883396,26.755398,26.8705962
2022-04-12 03:00:00,26.4,26.36352,26.893822,26.416550200000003
2022-04-12 04:00:00,26.4,26.190283,26.997524,26.2710071
2022-04-12 05:00:00,26.4,26.345554,27.270512,26.438049799999998
2022-04-12 06:00:00,27.1,27.276766,27.445168,27.2936062
2022-04-12 07:00:00,28.3,28.59068,28.961435,28.6277555
2022-04-12 08:00:00,28.9,29.566158,29.646477,29.574189900000004
2022-04-12 09:00:00,30.0,30.470346,29.981995,30.421510899999998
2022-04-12 10:00:00,30.1,31.218073,30.952515,31.1915172
2022-04-12 11:00:00,31.4,31.68183,31.314425,31.6450895
2022-04-12 12:00:00,30.8,31.894213,31.683323,31.873124
2022-04-12 13:00:00,30.5,31.663507,31.751957,31.672352
2022-04-12 14:00:00,30.7,31.170853,31.462507,31.2000184
2022-04-12 15:00:00,30.0,30.694357,30.905739,30.7154952
2022-04-12 16:00:00,29.8,30.158413,30.492226,30.1917943
2022-04-12 17:00:00,29.1,29.805685,29.879898,29.8131063
2022-04-12 18:00:00,28.5,28.88995,29.311008,28.9320558
2022-04-12 19:00:00,28.4,28.943624,28.754883,28.924749900000002
2022-04-12 20:00:00,28.3,28.633074,28.439266,28.6136932
2022-04-12 21:00:00,28.2,28.496641,28.226078,28.469584700000002
2022-04-12 22:00:00,28.2,28.08161,28.05032,28.078481000000004
2022-04-12 23:00:00,28.0,27.911396,27.811768,27.9014332
2022-04-13 00:00:00,27.6,27.668266,27.994152,27.7008546
2022-04-13 01:00:00,27.3,27.193092,27.237354,27.1975182
2022-04-13 02:00:00,27.2,26.891098,27.13003,26.9149912
2022-04-13 03:00:00,26.9,26.499292,27.126432,26.562006
2022-04-13 04:00:00,26.5,26.283363,27.201656,26.3751923
2022-04-13 05:00:00,26.5,26.517542,27.451233,26.6109111
2022-04-13 06:00:00,27.2,27.515583,27.374912,27.5015159
2022-04-13 07:00:00,28.4,28.08949,28.035267,28.084067700000002
2022-04-13 08:00:00,30.1,29.356033,29.689953,29.389425
2022-04-13 09:00:00,31.8,30.211786,29.856512,30.1762586
2022-04-13 10:00:00,32.9,30.767374,31.221708,30.8128074
2022-04-13 11:00:00,33.1,31.45865,31.242638,31.437048799999996
2022-04-13 12:00:00,32.1,31.249435,32.46203,31.370694499999995
2022-04-13 13:00:00,31.7,31.040058,31.752178,31.111269999999998
2022-04-13 14:00:00,32.1,30.854574,31.641163,30.9332329
2022-04-13 15:00:00,30.6,30.284529,31.561737,30.4122498
2022-04-13 16:00:00,30.4,29.965267,30.451963,30.0139366
2022-04-13 17:00:00,30.2,29.343262,30.195988,29.4285346
2022-04-13 18:00:00,29.4,29.004059,29.3918,29.042833100000003
2022-04-13 19:00:00,29.3,28.840233,28.93085,28.8492947
2022-04-13 20:00:00,29.1,28.294891,28.55703,28.321104899999998
2022-04-13 21:00:00,29.0,28.301542,28.33125,28.3045128
2022-04-13 22:00:00,28.8,28.00012,28.110424,28.0111504
2022-04-13 23:00:00,28.8,27.833488,28.074322,27.857571399999998
2022-04-14 00:00:00,28.6,27.51789,27.858208,27.551921800000002
2022-04-14 01:00:00,28.4,27.446262,27.265133,27.428149100000002
2022-04-14 02:00:00,28.1,27.056973,27.308363,27.082112
2022-04-14 03:00:00,27.6,26.76457,27.448858,26.8329988
2022-04-14 04:00:00,27.2,26.470053,27.295246,26.552572299999998
2022-04-14 05:00:00,27.4,26.39266,27.477476,26.5011416
2022-04-14 06:00:00,27.8,27.277779,27.573837,27.307384799999998
2022-04-14 07:00:00,28.9,28.534382,28.90767,28.5717108
2022-04-14 08:00:00,30.3,29.693502,30.089737,29.733125499999996
2022-04-14 09:00:00,32.2,31.710794,31.537283,31.6934429
2022-04-14 10:00:00,33.5,32.78176,32.824863,32.7860703
2022-04-14 11:00:00,33.6,33.000443,33.13092,33.0134907
2022-04-14 12:00:00,33.2,32.390087,33.062904,32.4573687
2022-04-14 13:00:00,33.2,31.951874,32.23556,31.9802426
2022-04-14 14:00:00,32.8,31.833792,32.227913,31.8732041
2022-04-14 15:00:00,31.7,30.789963,32.253452,30.9363119
2022-04-14 16:00:00,31.2,30.404064,30.69482,30.433139600000004
2022-04-14 17:00:00,30.7,29.923717,30.638058,29.9951511
2022-04-14 18:00:00,29.7,29.017258,29.931557,29.1086879
2022-04-14 19:00:00,29.5,28.981356,29.2152,29.004740400000003
2022-04-14 20:00:00,29.4,28.78867,29.041962,28.813999199999998
2022-04-14 21:00:00,29.3,28.684483,28.665781,28.682612799999998
2022-04-14 22:00:00,29.3,28.502928,28.54224,28.5068592
2022-04-14 23:00:00,29.1,28.434088,28.359741,28.426653299999998
2022-04-15 00:00:00,28.9,28.353008,28.291346,28.3468418
2022-04-15 01:00:00,28.7,28.079899,27.705687,28.0424778
2022-04-15 02:00:00,28.4,27.754576,27.753014,27.7544198
2022-04-15 03:00:00,28.1,27.48385,27.788734,27.5143384
2022-04-15 04:00:00,27.8,27.179686,27.809929,27.2427103
2022-04-15 05:00:00,28.0,27.231672,28.005157,27.3090205
2022-04-15 06:00:00,28.4,27.797983,28.745852,27.892769899999998
2022-04-15 07:00:00,29.6,29.144629,29.265898,29.156755899999997
2022-04-15 08:00:00,31.3,30.428368,30.505108,30.436041999999997
2022-04-15 09:00:00,33.2,32.12655,31.769522,32.090847200000006
2022-04-15 10:00:00,34.7,33.339417,33.222504,33.327725699999995
2022-04-15 11:00:00,35.0,33.51242,33.603477,33.5215257
2022-04-15 12:00:00,34.1,33.207344,33.358486,33.2224582
2022-04-15 13:00:00,33.9,32.893436,32.932743,32.8973667
2022-04-15 14:00:00,33.1,32.691906,33.04949,32.7276644
2022-04-15 15:00:00,32.7,31.78557,32.407757,31.847788700000002
2022-04-15 16:00:00,31.4,30.857552,31.258114,30.8976082
2022-04-15 17:00:00,30.8,30.171385,30.976395,30.251886000000002
2022-04-15 18:00:00,29.6,29.426752,30.191053,29.5031821
2022-04-15 19:00:00,29.4,29.346416,29.261509,29.337925300000002
2022-04-15 20:00:00,29.3,29.188217,29.113554,29.1807507
2022-04-15 21:00:00,29.2,29.102331,28.746586,29.0667565
2022-04-15 22:00:00,29.1,29.135555,28.582134,29.0802129
2022-04-15 23:00:00,29.0,28.934336,28.43462,28.8843644
2022-04-16 00:00:00,28.8,28.774992,28.36507,28.7339998
2022-04-16 01:00:00,28.8,28.536041,27.804253,28.462862200000004
2022-04-16 02:00:00,28.5,28.292162,27.825535,28.2454993
2022-04-16 03:00:00,28.2,28.025225,27.91764,28.0144665
2022-04-16 04:00:00,28.1,27.63262,27.997692,27.6691272
2022-04-16 05:00:00,28.0,27.746225,28.180752,27.7896777
2022-04-16 06:00:00,28.4,28.251713,28.709396,28.297481299999998
2022-04-16 07:00:00,29.7,29.48229,29.49862,29.483923
2022-04-16 08:00:00,31.1,31.21577,30.733513,31.1675443
2022-04-16 09:00:00,32.5,32.887756,32.272003,32.8261807
2022-04-16 10:00:00,33.3,34.28334,33.735256,34.228531600000004
2022-04-16 11:00:00,33.3,34.4449,34.456326,34.4460426
2022-04-16 12:00:00,33.0,34.01846,34.141792,34.0307932
2022-04-16 13:00:00,33.2,33.603058,33.167797,33.559531899999996
2022-04-16 14:00:00,32.9,33.181187,33.32038,33.1951063
2022-04-16 15:00:00,32.0,32.548294,32.38379,32.5318436
2022-04-16 16:00:00,31.0,31.5167,31.758217,31.5408517
2022-04-16 17:00:00,30.6,30.647135,30.678219,30.650243399999997
2022-04-16 18:00:00,29.6,29.761446,30.22549,29.8078504
2022-04-16 19:00:00,29.4,29.42779,29.132595,29.398270500000002
2022-04-16 20:00:00,29.3,29.379438,28.948826,29.3363768
2022-04-16 21:00:00,29.2,29.283016,28.75433,29.2301474
2022-04-16 22:00:00,29.1,29.11394,28.478304,29.0503764
2022-04-16 23:00:00,29.0,28.986464,28.386932,28.9265108
2022-04-17 00:00:00,28.8,28.71408,28.34592,28.677264
2022-04-17 01:00:00,28.5,28.568966,27.768192,28.4888886
2022-04-17 02:00:00,28.0,28.78996,27.996365,28.710600499999998
2022-04-17 03:00:00,27.4,28.239498,27.96532,28.2120802
2022-04-17 04:00:00,26.9,27.902285,27.976488,27.9097053
2022-04-17 05:00:00,27.0,27.976042,28.265682,28.005006
2022-04-17 06:00:00,27.4,28.496122,28.687654,28.515275199999998
2022-04-17 07:00:00,29.0,29.690784,29.49627,29.6713326
2022-04-17 08:00:00,30.3,31.116047,30.85291,31.089733299999995
2022-04-17 09:00:00,31.5,32.248024,32.034664,32.226688
2022-04-17 10:00:00,32.6,33.02709,33.187233,33.0431043
2022-04-17 11:00:00,32.8,33.278656,33.491043,33.299894699999996
2022-04-17 12:00:00,32.5,33.25806,33.35623,33.267877
2022-04-17 13:00:00,32.4,33.283237,33.14456,33.2693693
2022-04-17 14:00:00,31.9,33.02498,33.09674,33.032156
2022-04-17 15:00:00,31.5,32.082264,32.211372,32.0951748
2022-04-17 16:00:00,30.8,31.182947,31.545227,31.219175
2022-04-17 17:00:00,30.6,30.499207,30.476273,30.4969136
2022-04-17 18:00:00,29.5,29.609665,30.266285,29.675327000000003
2022-04-17 19:00:00,29.3,29.422558,29.18041,29.3983432
2022-04-17 20:00:00,29.0,29.327673,29.12886,29.307791700000003
2022-04-17 21:00:00,28.8,29.23141,28.820148,29.1902838
2022-04-17 22:00:00,28.6,29.330563,28.586489,29.2561556
2022-04-17 23:00:00,28.4,29.020105,28.370335,28.955128000000002
2022-04-18 00:00:00,28.2,28.698484,28.39096,28.6677316
2022-04-18 01:00:00,28.1,28.6004,27.802359,28.520595900000004
2022-04-18 02:00:00,28.0,28.010447,27.842915,27.9936938
2022-04-18 03:00:00,27.8,27.442556,27.769234,27.475223800000002
2022-04-18 04:00:00,27.6,26.85465,27.763813,26.9455663
2022-04-18 05:00:00,27.3,26.986675,27.7164,27.0596475
2022-04-18 06:00:00,28.0,27.51339,28.18066,27.580117
2022-04-18 07:00:00,29.6,29.031435,28.549217,28.983213199999998
2022-04-18 08:00:00,31.2,30.574114,30.902905,30.6069931
2022-04-18 09:00:00,32.7,31.495626,31.65869,31.511932400000003
2022-04-18 10:00:00,33.3,32.470596,32.52967,32.4765034
2022-04-18 11:00:00,33.4,32.848866,33.174126,32.881392
2022-04-18 12:00:00,33.6,32.70978,32.778564,32.7166584
2022-04-18 13:00:00,33.6,32.75222,32.64324,32.741322000000004
2022-04-18 14:00:00,32.9,32.128662,32.540394,32.169835199999994
2022-04-18 15:00:00,32.3,31.443636,31.80629,31.479901400000003
2022-04-18 16:00:00,31.6,30.8229,31.26186,30.866796
2022-04-18 17:00:00,30.5,30.39606,30.444126,30.4008666
2022-04-18 18:00:00,29.4,29.456594,30.218498,29.532784399999997
2022-04-18 19:00:00,29.2,29.266562,29.21212,29.2611178
2022-04-18 20:00:00,28.9,29.020582,29.064148,29.024938600000002
2022-04-18 21:00:00,28.7,28.723082,28.648205,28.715594300000003
2022-04-18 22:00:00,28.5,28.644142,28.384441,28.6181719
2022-04-18 23:00:00,28.3,28.59176,28.215714,28.554155400000003
2022-04-19 00:00:00,28.0,28.273981,28.110472,28.2576301
2022-04-19 01:00:00,27.9,27.981968,27.636433,27.947414499999997
2022-04-19 02:00:00,27.6,27.70439,27.663063,27.7002573
2022-04-19 03:00:00,27.4,27.405659,27.720472,27.4371403
2022-04-19 04:00:00,27.1,27.251019,27.80405,27.3063221
2022-04-19 05:00:00,27.8,27.185692,28.03418,27.2705408
2022-04-19 06:00:00,28.3,27.792238,28.134705,27.8264847
2022-04-19 07:00:00,29.3,29.267683,29.376642,29.278578900000003
2022-04-19 08:00:00,30.8,30.785103,30.736465,30.7802392
2022-04-19 09:00:00,32.0,32.207752,31.907135,32.1776903
2022-04-19 10:00:00,32.8,32.966866,33.05074,32.9752534
2022-04-19 11:00:00,33.0,33.074203,33.147568,33.0815395
2022-04-19 12:00:00,33.0,33.472088,33.078945,33.4327737
2022-04-19 13:00:00,33.0,33.23438,33.355087,33.246450700000004
2022-04-19 14:00:00,32.6,32.875813,33.17928,32.9061597
2022-04-19 15:00:00,31.9,32.127583,32.248665,32.1396912
2022-04-19 16:00:00,31.0,31.445665,31.709406,31.4720391
2022-04-19 17:00:00,30.1,30.54178,30.82957,30.570559
2022-04-19 18:00:00,29.2,29.62133,30.12005,29.671202
2022-04-19 19:00:00,29.1,29.331196,29.152565,29.3133329
2022-04-19 20:00:00,28.8,29.023575,29.051964,29.0264139
2022-04-19 21:00:00,28.6,28.720016,28.578068,28.7058212
2022-04-19 22:00:00,28.4,28.538067,28.350258,28.519286100000002
2022-04-19 23:00:00,28.1,28.340574,28.13609,28.3201256
2022-04-20 00:00:00,27.9,27.924273,28.00502,27.932347699999998
2022-04-20 01:00:00,27.9,27.711119,27.464926,27.6864997
2022-04-20 02:00:00,27.8,27.512808,27.504108,27.511938
2022-04-20 03:00:00,27.8,27.243252,27.54808,27.2737348
2022-04-20 04:00:00,27.8,27.21852,27.72542,27.26921
2022-04-20 05:00:00,27.6,27.55469,27.898914,27.5891124
2022-04-20 06:00:00,28.1,28.028624,28.432953,28.0690569
2022-04-20 07:00:00,29.4,29.256142,29.426506,29.273178400000003
2022-04-20 08:00:00,30.8,30.700014,30.616528,30.691665399999998
2022-04-20 09:00:00,32.0,31.834496,31.8721,31.838256400000002
2022-04-20 10:00:00,32.7,32.869,32.792995,32.8613995
2022-04-20 11:00:00,32.8,33.045933,33.142483,33.055588
2022-04-20 12:00:00,32.8,33.084965,33.14435,33.090903499999996
2022-04-20 13:00:00,32.7,33.008865,33.219482,33.0299267
2022-04-20 14:00:00,32.2,32.609035,33.12167,32.6602985
2022-04-20 15:00:00,31.7,31.877724,32.34597,31.9245486
2022-04-20 16:00:00,31.0,31.04654,31.516932,31.0935792
2022-04-20 17:00:00,29.9,29.984377,30.740051,30.0599444
2022-04-20 18:00:00,29.1,29.346418,29.90601,29.4023772
2022-04-20 19:00:00,29.0,29.029106,29.14993,29.0411884
2022-04-20 20:00:00,28.8,28.713062,28.97655,28.7394108
2022-04-20 21:00:00,28.7,28.55078,28.553114,28.5510134
2022-04-20 22:00:00,28.4,28.416819,28.36438,28.4115751
2022-04-20 23:00:00,28.1,28.01228,28.17686,28.028738
2022-04-21 00:00:00,27.8,27.715532,27.997326,27.7437114
2022-04-21 01:00:00,27.5,27.589287,27.45007,27.5753653
2022-04-21 02:00:00,27.2,27.506132,27.593662,27.514885
2022-04-21 03:00:00,27.0,27.314974,27.660389,27.3495155
2022-04-21 04:00:00,26.9,27.20982,27.861849,27.2750229
2022-04-21 05:00:00,27.4,27.30515,28.16072,27.390707
2022-04-21 06:00:00,28.0,27.841208,28.555195,27.9126067
2022-04-21 07:00:00,29.6,29.234827,29.411491,29.2524934
2022-04-21 08:00:00,31.1,30.641155,30.702402,30.647279700000002
2022-04-21 09:00:00,32.2,31.843065,31.889877,31.8477462
2022-04-21 10:00:00,32.7,32.837124,32.779804,32.831392
2022-04-21 11:00:00,33.1,33.05435,33.24203,33.073118
2022-04-21 12:00:00,33.0,32.95373,33.14982,32.973339
2022-04-21 13:00:00,32.8,32.805595,33.300438,32.8550793
2022-04-21 14:00:00,32.4,32.35567,32.947235,32.414826500000004
2022-04-21 15:00:00,31.9,31.791996,32.282997,31.8410961
2022-04-21 16:00:00,31.1,30.957731,31.622234,31.0241813
2022-04-21 17:00:00,30.3,29.900795,30.793913,29.9901068
2022-04-21 18:00:00,29.5,28.994343,29.950523,29.089961000000002
2022-04-21 19:00:00,29.3,28.881527,29.367565,28.930130799999997
2022-04-21 20:00:00,29.1,28.68551,29.11844,28.728803
2022-04-21 21:00:00,29.0,28.554516,28.787952,28.5778596
2022-04-21 22:00:00,28.8,28.425976,28.514019,28.4347803
2022-04-21 23:00:00,28.6,27.976606,28.325459,28.0114913
2022-04-22 00:00:00,28.3,27.669947,28.143734,27.717325700000004
2022-04-22 01:00:00,28.0,27.295816,27.640705,27.330304899999998
2022-04-22 02:00:00,27.4,27.122179,27.601776,27.1701387
2022-04-22 03:00:00,27.0,26.974463,27.629099,27.0399266
2022-04-22 04:00:00,26.7,26.862322,27.775187,26.953608499999998
2022-04-22 05:00:00,27.3,27.22424,28.100557,27.3118717
2022-04-22 06:00:00,28.0,27.794323,28.711042,27.885994899999996
2022-04-22 07:00:00,29.8,29.45641,29.497648,29.460533800000004
2022-04-22 08:00:00,31.2,30.916128,31.09096,30.9336112
2022-04-22 09:00:00,32.5,32.075836,32.28071,32.0963234
2022-04-22 10:00:00,33.4,32.758007,32.96393,32.7785993
2022-04-22 11:00:00,33.1,32.985294,33.2608,33.0128446
2022-04-22 12:00:00,32.8,32.95474,33.44326,33.003592000000005
2022-04-22 13:00:00,33.1,32.83262,33.219666,32.871324599999994
2022-04-22 14:00:00,32.5,32.44924,32.82366,32.486682
2022-04-22 15:00:00,32.0,31.769718,32.339157,31.8266619
2022-04-22 16:00:00,31.2,31.082699,31.639801,31.1384092
2022-04-22 17:00:00,30.5,30.243834,30.808844,30.300335
2022-04-22 18:00:00,29.5,29.331396,29.914234,29.3896798
2022-04-22 19:00:00,29.2,29.033867,29.348486,29.0653289
2022-04-22 20:00:00,29.0,28.93986,28.982035,28.9440775
2022-04-22 21:00:00,28.9,28.782965,28.669807,28.7716492
2022-04-22 22:00:00,28.8,28.550581,28.567558,28.5522787
2022-04-22 23:00:00,28.7,28.32378,28.433516,28.3347536
2022-04-23 00:00:00,28.4,28.051632,28.359358,28.0824046
2022-04-23 01:00:00,27.9,27.75218,27.829208,27.7598828
2022-04-23 02:00:00,27.7,27.223505,27.734869,27.274641399999997
2022-04-23 03:00:00,27.1,27.042038,27.635313,27.101365500000004
2022-04-23 04:00:00,27.1,26.83308,27.719612,26.9217332
2022-04-23 05:00:00,26.8,27.184294,27.837605,27.249625100000003
2022-04-23 06:00:00,27.8,27.854439,28.776865,27.946681599999998
2022-04-23 07:00:00,29.4,29.676699,29.398365,29.648865599999997
2022-04-23 08:00:00,31.1,30.934963,31.17399,30.9588657
2022-04-23 09:00:00,32.3,32.2932,32.23258,32.287138
2022-04-23 10:00:00,33.2,33.059124,33.028336,33.0560452
2022-04-23 11:00:00,33.2,33.06943,33.474957,33.109982699999996
2022-04-23 12:00:00,33.3,32.830307,33.04413,32.8516893
2022-04-23 13:00:00,33.5,32.947495,33.065624,32.959307900000006
2022-04-23 14:00:00,33.1,32.5513,33.315407,32.6277107
2022-04-23 15:00:00,32.3,31.865622,32.278084,31.906868199999998
2022-04-23 16:00:00,31.3,31.177097,31.730673,31.2324546
2022-04-23 17:00:00,30.4,30.444233,30.834082,30.4832179
2022-04-23 18:00:00,29.3,29.495192,30.210001,29.566672899999997
2022-04-23 19:00:00,29.0,29.273922,29.272676,29.2737974
2022-04-23 20:00:00,28.8,29.271254,29.058222,29.2499508
2022-04-23 21:00:00,28.5,29.2058,28.752655,29.1604855
2022-04-23 22:00:00,28.3,28.978237,28.566175,28.9370308
2022-04-23 23:00:00,27.9,28.78705,28.397312,28.7480762
2022-04-24 00:00:00,27.4,28.3495,28.378246,28.352374599999997
2022-04-24 01:00:00,26.9,27.824356,27.749016,27.816822000000002
2022-04-24 02:00:00,26.5,27.465088,27.59491,27.4780702
2022-04-24 03:00:00,26.3,27.068611,27.648165,27.126566399999998
2022-04-24 04:00:00,26.3,26.796503,27.575092,26.874361900000004
2022-04-24 05:00:00,26.5,27.036432,27.888643,27.121653100000003
2022-04-24 06:00:00,27.1,27.86094,27.87582,27.862428
2022-04-24 07:00:00,28.8,29.880806,28.986397,29.7913651
2022-04-24 08:00:00,30.9,31.219423,31.381805,31.2356612
2022-04-24 09:00:00,32.6,32.361557,32.149303,32.3403316
2022-04-24 10:00:00,34.0,33.334152,32.99995,33.3007318
2022-04-24 11:00:00,34.4,33.29665,33.25258,33.292243
2022-04-24 12:00:00,33.7,33.245285,32.933815,33.214138000000005
2022-04-24 13:00:00,33.4,33.2767,33.11801,33.260830999999996
2022-04-24 14:00:00,33.0,32.97021,33.043537,32.9775427
2022-04-24 15:00:00,32.5,32.06681,32.214928,32.08162179999999
2022-04-24 16:00:00,31.7,31.164213,31.586792,31.2064709
2022-04-24 17:00:00,30.8,30.302788,30.698582,30.3423674
2022-04-24 18:00:00,29.7,29.334913,29.913784,29.3928001
2022-04-24 19:00:00,29.4,29.034292,29.120285,29.0428913
2022-04-24 20:00:00,29.2,28.800344,28.787567,28.7990663
2022-04-24 21:00:00,28.9,28.632734,28.580517,28.6275123
2022-04-24 22:00:00,28.7,28.480852,28.355621,28.4683289
2022-04-24 23:00:00,28.2,28.157995,28.174618,28.1596573
2022-04-25 00:00:00,27.8,27.811832,27.996872,27.830335999999996
2022-04-25 01:00:00,27.4,27.283527,27.389313,27.2941056
2022-04-25 02:00:00,27.0,27.015696,27.156424,27.0297688
2022-04-25 03:00:00,26.7,26.756247,27.261185,26.806740799999996
2022-04-25 04:00:00,26.5,26.67192,27.35534,26.740262
2022-04-25 05:00:00,26.9,26.594982,27.615505,26.697034300000002
2022-04-25 06:00:00,27.6,27.391872,27.959394,27.448624199999998
2022-04-25 07:00:00,29.3,29.001888,28.889862,28.9906854
2022-04-25 08:00:00,31.0,31.211613,30.727568,31.1632085
2022-04-25 09:00:00,32.6,32.773106,32.460533,32.7418487
2022-04-25 10:00:00,33.9,33.722935,33.441414,33.6947829
2022-04-25 11:00:00,34.0,34.043823,34.291756,34.0686163
2022-04-25 12:00:00,33.5,33.846737,33.943474,33.8564107
2022-04-25 13:00:00,33.4,33.438885,33.23713,33.4187095
2022-04-25 14:00:00,33.2,33.01699,33.254883,33.0407793
2022-04-25 15:00:00,32.4,32.49702,32.71038,32.518356
2022-04-25 16:00:00,31.5,31.70366,31.879982,31.7212922
2022-04-25 17:00:00,30.4,30.755116,31.139366,30.793541
2022-04-25 18:00:00,29.3,29.494984,30.343132,29.5797988
2022-04-25 19:00:00,29.1,29.264374,29.361488,29.274085399999997
2022-04-25 20:00:00,28.8,29.195795,29.15828,29.192043499999997
2022-04-25 21:00:00,28.7,28.879147,28.83534,28.874766299999997
2022-04-25 22:00:00,28.6,28.576874,28.480984,28.567285
2022-04-25 23:00:00,28.4,28.227085,28.331146,28.237491099999996
2022-04-26 00:00:00,28.1,27.929573,28.100262,27.9466419
2022-04-26 01:00:00,27.8,27.502623,27.431261,27.4954868
2022-04-26 02:00:00,27.4,27.131235,27.277582,27.145869700000002
2022-04-26 03:00:00,26.9,26.787695,27.23827,26.8327525
2022-04-26 04:00:00,26.7,26.653755,27.33463,26.7218425
2022-04-26 05:00:00,26.6,26.966658,27.618292,27.0318214
2022-04-26 06:00:00,27.3,27.58819,28.163895,27.6457605
2022-04-26 07:00:00,28.8,29.21001,29.184998,29.2075088
2022-04-26 08:00:00,30.8,30.902998,30.786852,30.8913834
2022-04-26 09:00:00,32.4,32.502415,32.352016,32.4873751
2022-04-26 10:00:00,33.4,33.56415,33.518513,33.5595863
2022-04-26 11:00:00,33.7,33.852276,34.124847,33.8795331
2022-04-26 12:00:00,33.5,33.68879,33.762203,33.6961313
2022-04-26 13:00:00,33.2,33.429077,33.41613,33.427782300000004
2022-04-26 14:00:00,32.7,33.139065,33.356926,33.1608511
2022-04-26 15:00:00,32.0,32.505276,32.778553,32.5326037
2022-04-26 16:00:00,31.2,31.49934,31.821327,31.531538700000002
2022-04-26 17:00:00,30.3,30.538969,31.114452,30.596517300000002
2022-04-26 18:00:00,29.4,29.574091,30.112099,29.6278918
2022-04-26 19:00:00,29.1,29.298838,29.305119,29.2994661
2022-04-26 20:00:00,28.8,28.99325,29.040512,28.997976199999997
2022-04-26 21:00:00,28.7,28.834148,28.672722,28.818005399999997
2022-04-26 22:00:00,28.4,28.668665,28.388962,28.6406947
2022-04-26 23:00:00,28.0,28.466675,28.307375,28.450744999999998
2022-04-27 00:00:00,27.7,28.19368,28.119598,28.1862718
2022-04-27 01:00:00,27.3,27.950006,27.561287,27.911134099999998
2022-04-27 02:00:00,27.1,27.516674,27.48224,27.5132306
2022-04-27 03:00:00,27.1,26.992002,27.425278,27.035329599999997
2022-04-27 04:00:00,27.0,26.908833,27.348064,26.952756100000002
2022-04-27 05:00:00,27.0,26.920082,27.684013,26.9964751
2022-04-27 06:00:00,27.9,27.632084,27.946491,27.6635247
2022-04-27 07:00:00,29.2,28.812492,28.955427,28.8267855
2022-04-27 08:00:00,31.0,30.711235,30.663519,30.7064634
2022-04-27 09:00:00,32.7,32.528435,32.199654,32.4955569
2022-04-27 10:00:00,33.9,33.41271,33.266335,33.3980725
2022-04-27 11:00:00,34.1,33.660416,33.800392,33.6744136
2022-04-27 12:00:00,33.5,33.662964,33.585888,33.6552564
2022-04-27 13:00:00,33.1,33.34314,33.47792,33.356618
2022-04-27 14:00:00,32.9,32.916153,33.287315,32.9532692
2022-04-27 15:00:00,32.4,32.11348,32.40975,32.143107
2022-04-27 16:00:00,31.6,31.430525,31.627718,31.450244299999998
2022-04-27 17:00:00,30.5,30.440369,30.904625,30.486794600000003
2022-04-27 18:00:00,29.6,29.42765,29.975296,29.482414600000002
2022-04-27 19:00:00,29.2,29.158388,29.260374,29.168586599999998
2022-04-27 20:00:00,28.8,28.854916,28.954891,28.8649135
2022-04-27 21:00:00,28.6,28.71562,28.56653,28.700711
2022-04-27 22:00:00,28.3,28.635773,28.435207,28.6157164
2022-04-27 23:00:00,28.0,28.246101,28.28019,28.2495099
2022-04-28 00:00:00,27.7,27.867506,28.073263,27.8880817
2022-04-28 01:00:00,27.6,27.517118,27.457022,27.5111084
2022-04-28 02:00:00,27.5,27.32252,27.411165,27.331384500000002
2022-04-28 03:00:00,27.5,27.182222,27.466309,27.2106307
2022-04-28 04:00:00,27.4,27.078268,27.620165,27.1324577
2022-04-28 05:00:00,27.7,27.100262,27.819698,27.1722056
2022-04-28 06:00:00,28.0,27.799028,28.088318,27.827957
2022-04-28 07:00:00,29.5,29.225483,29.468433,29.249778
2022-04-28 08:00:00,31.4,31.04406,30.704407,31.0100947
2022-04-28 09:00:00,33.3,32.624584,32.351227,32.5972483
2022-04-28 10:00:00,34.0,33.563488,33.644897,33.5716289
2022-04-28 11:00:00,33.7,33.62874,34.113373,33.6772033
2022-04-28 12:00:00,33.8,33.59138,33.81015,33.613257000000004
2022-04-28 13:00:00,33.6,33.20279,33.252483,33.2077593
2022-04-28 14:00:00,33.2,32.91125,33.05283,32.925408000000004
2022-04-28 15:00:00,32.5,32.379963,32.60376,32.4023427
2022-04-28 16:00:00,31.8,31.55254,31.781878,31.5754738
2022-04-28 17:00:00,30.6,30.561731,31.038765,30.6094344
2022-04-28 18:00:00,29.6,29.602089,30.016174,29.643497500000002
2022-04-28 19:00:00,29.2,29.286173,29.49059,29.3066147
2022-04-28 20:00:00,29.1,28.932318,28.97314,28.936400199999998
2022-04-28 21:00:00,28.8,28.73666,28.65593,28.728587
2022-04-28 22:00:00,28.7,28.496689,28.424294,28.4894495
2022-04-28 23:00:00,28.4,28.121351,28.234783,28.1326942
2022-04-29 00:00:00,28.2,27.87375,28.04017,27.890392
2022-04-29 01:00:00,28.0,27.632063,27.395248,27.608381499999997
2022-04-29 02:00:00,27.7,27.495247,27.387365,27.4844588
2022-04-29 03:00:00,27.6,27.404333,27.49084,27.4129837
2022-04-29 04:00:00,27.3,27.357473,27.76267,27.3979927
2022-04-29 05:00:00,27.3,27.579403,28.041126,27.6255753
2022-04-29 06:00:00,27.9,27.854172,28.53664,27.9224188
2022-04-29 07:00:00,29.2,29.469017,29.214802,29.4435955
2022-04-29 08:00:00,31.1,31.195343,30.921198,31.167928500000002
2022-04-29 09:00:00,32.9,32.842133,32.555428,32.8134625
2022-04-29 10:00:00,34.3,33.529778,33.583054,33.5351056
2022-04-29 11:00:00,34.9,33.739864,33.54873,33.720750599999995
2022-04-29 12:00:00,34.6,33.645138,33.228413,33.6034655
2022-04-29 13:00:00,34.3,33.521244,33.47369,33.5164886
2022-04-29 14:00:00,33.9,33.20186,33.051147,33.1867887
2022-04-29 15:00:00,33.3,32.60658,32.4709,32.593012
2022-04-29 16:00:00,32.3,31.87629,31.818136,31.870474599999998
2022-04-29 17:00:00,31.1,30.68353,31.041145,30.7192915
2022-04-29 18:00:00,29.8,29.707666,30.028221,29.739721499999998
2022-04-29 19:00:00,29.5,29.388044,29.27462,29.3767016
2022-04-29 20:00:00,29.3,29.238405,28.902905,29.204855
2022-04-29 21:00:00,29.3,28.913385,28.699549,28.8920014
2022-04-29 22:00:00,29.0,28.668978,28.381855,28.640265699999997
2022-04-29 23:00:00,28.8,28.553122,28.193998,28.517209599999997
2022-04-30 00:00:00,28.4,28.283384,28.03818,28.2588636
2022-04-30 01:00:00,28.2,28.060265,27.525105,28.006749000000003
2022-04-30 02:00:00,28.1,27.799917,27.555618,27.7754871
2022-04-30 03:00:00,28.0,27.637314,27.533813,27.6269639
2022-04-30 04:00:00,28.0,27.476665,27.75008,27.5040065
2022-04-30 05:00:00,28.0,27.498333,28.050024,27.5535021
2022-04-30 06:00:00,29.0,28.053003,28.642075,28.1119102
2022-04-30 07:00:00,30.5,29.472963,29.474926,29.473159300000003
2022-04-30 08:00:00,31.8,31.349262,30.701424,31.2844782
2022-04-30 09:00:00,33.5,32.946056,32.40556,32.8920064
2022-04-30 10:00:00,34.9,33.86588,33.62915,33.842206999999995
2022-04-30 11:00:00,35.2,34.50408,34.37403,34.491075
2022-04-30 12:00:00,34.7,34.236538,34.009552,34.213839400000005
2022-04-30 13:00:00,34.3,33.546978,33.61212,33.5534922
2022-04-30 14:00:00,33.7,33.4615,33.41077,33.456427000000005
2022-04-30 15:00:00,32.9,33.05312,32.83687,33.031495
2022-04-30 16:00:00,31.8,32.350433,32.04601,32.3199907
2022-04-30 17:00:00,30.9,31.178507,30.982052,31.1588615
2022-04-30 18:00:00,30.0,29.91344,30.024584,29.9245544
2022-04-30 19:00:00,29.6,29.446827,29.140865,29.4162308
2022-04-30 20:00:00,29.5,29.337502,28.83474,29.2872258
2022-04-30 21:00:00,29.4,29.194529,28.54076,29.1291521
2022-04-30 22:00:00,29.2,28.900988,28.371403,28.8480295
2022-04-30 23:00:00,29.0,28.650143,28.187202,28.6038489
2022-05-01 00:00:00,28.9,28.432545,28.105358,28.3998263
2022-05-01 01:00:00,28.8,28.239136,27.415728,28.156795199999998
2022-05-01 02:00:00,28.9,27.893143,27.48521,27.852349699999998
2022-05-01 03:00:00,29.1,28.02187,27.584976,27.978180599999998
2022-05-01 04:00:00,28.6,28.032703,27.758472,28.005279899999998
2022-05-01 05:00:00,28.3,28.006538,27.97537,28.0034212
2022-05-01 06:00:00,28.7,28.887749,28.415869,28.840561
2022-05-01 07:00:00,30.4,30.189322,29.618702,30.132260000000002
2022-05-01 08:00:00,32.2,31.93874,30.876299,31.832495899999998
2022-05-01 09:00:00,33.7,33.51773,32.214558,33.3874128
2022-05-01 10:00:00,34.5,34.836777,33.632294,34.7163287
2022-05-01 11:00:00,33.8,35.33379,34.360085,35.2364195
2022-05-01 12:00:00,33.7,35.019802,34.11791,34.9296128
2022-05-01 13:00:00,33.9,34.51824,33.542633,34.4206793
2022-05-01 14:00:00,33.4,33.947723,33.239746,33.8769253
2022-05-01 15:00:00,32.9,33.131035,32.453472,33.0632787
2022-05-01 16:00:00,32.1,32.166004,31.649197,32.1143233
2022-05-01 17:00:00,31.0,31.042624,30.794865,31.0178481
2022-05-01 18:00:00,30.0,30.12523,30.100468,30.122753799999998
2022-05-01 19:00:00,29.5,29.696774,29.075195,29.634616100000002
2022-05-01 20:00:00,29.4,29.538912,28.869497,29.471970499999998
2022-05-01 21:00:00,29.3,29.455233,28.643509,29.3740606
2022-05-01 22:00:00,29.2,29.292515,28.553085,29.218572
2022-05-01 23:00:00,29.0,29.09257,28.252186,29.008531599999998
2022-05-02 00:00:00,28.9,28.876482,28.247002,28.813533999999997
2022-05-02 01:00:00,28.8,28.67411,27.679504,28.5746494
2022-05-02 02:00:00,28.7,28.758568,27.714363,28.654147499999997
2022-05-02 03:00:00,28.6,28.818832,28.056408,28.7425896
2022-05-02 04:00:00,28.6,28.624424,28.348034,28.596785
2022-05-02 05:00:00,28.7,28.313639,28.34737,28.3170121
2022-05-02 06:00:00,29.1,28.827742,28.481335,28.7931013
2022-05-02 07:00:00,30.4,30.565014,29.435251,30.4520377
2022-05-02 08:00:00,32.0,32.062756,31.07005,31.963485400000003
2022-05-02 09:00:00,33.6,33.63919,32.43914,33.519185
2022-05-02 10:00:00,34.3,34.626945,33.58892,34.5231425
2022-05-02 11:00:00,34.0,34.127735,33.3335,34.0483115
2022-05-02 12:00:00,33.6,34.01546,32.875546,33.901468599999994
2022-05-02 13:00:00,33.6,33.98513,32.94304,33.880921
2022-05-02 14:00:00,33.3,33.303165,32.839382,33.2567867
2022-05-02 15:00:00,32.7,32.735405,32.068726,32.6687371
2022-05-02 16:00:00,31.7,31.909723,31.498215,31.8685722
2022-05-02 17:00:00,30.7,30.846684,30.747639,30.836779500000002
2022-05-02 18:00:00,30.0,29.937971,29.935413,29.937715200000003
2022-05-02 19:00:00,29.7,29.497267,29.145844,29.4621247
2022-05-02 20:00:00,29.7,29.316257,28.778725,29.2625038
2022-05-02 21:00:00,29.6,29.329739,28.512348,29.2479999
2022-05-02 22:00:00,29.3,29.143251,28.359655,29.0648914
2022-05-02 23:00:00,29.1,28.947903,28.199585,28.8730712
2022-05-03 00:00:00,28.8,28.876226,28.186283,28.8072317
2022-05-03 01:00:00,28.6,28.697214,27.7314,28.600632599999997
2022-05-03 02:00:00,28.3,28.723606,27.754665,28.6267119
2022-05-03 03:00:00,28.1,28.786978,27.892548,28.697535
2022-05-03 04:00:00,27.9,28.564713,28.084461,28.5166878
2022-05-03 05:00:00,28.2,28.495607,28.329464,28.478992700000003
2022-05-03 06:00:00,28.9,29.292118,28.763039,29.239210099999998
2022-05-03 07:00:00,30.1,30.435333,29.50689,30.3424887
2022-05-03 08:00:00,31.6,31.926014,30.98796,31.832208599999998
2022-05-03 09:00:00,33.1,33.63665,32.389515,33.511936500000004
2022-05-03 10:00:00,33.4,34.40915,33.41342,34.309577
2022-05-03 11:00:00,33.1,33.89946,33.45296,33.85481
2022-05-03 12:00:00,33.0,33.737534,32.894722,33.6532528
2022-05-03 13:00:00,33.4,33.82265,33.082043,33.7485893
2022-05-03 14:00:00,32.6,33.402855,32.92339,33.3549085
2022-05-03 15:00:00,32.2,32.735596,32.22536,32.6845724
2022-05-03 16:00:00,31.4,31.819155,31.698029,31.8070424
2022-05-03 17:00:00,30.9,30.668121,30.646873,30.6659962
2022-05-03 18:00:00,30.2,29.941727,29.798958,29.927450099999998
2022-05-03 19:00:00,29.9,29.57677,29.370201,29.556113099999997
2022-05-03 20:00:00,29.6,29.545689,29.025438,29.4936639
2022-05-03 21:00:00,29.3,29.382578,28.844439,29.3287641
2022-05-03 22:00:00,29.0,29.160751,28.647736,29.1094495
2022-05-03 23:00:00,28.7,28.995691,28.38163,28.934284899999998
2022-05-04 00:00:00,28.3,28.708378,28.339882,28.6715284
2022-05-04 01:00:00,28.1,28.60769,27.681057,28.5150267
2022-05-04 02:00:00,27.9,28.288624,27.795135,28.2392751
2022-05-04 03:00:00,27.7,28.122272,27.753685,28.0854133
2022-05-04 04:00:00,27.5,28.017467,27.880634,28.0037837
2022-05-04 05:00:00,27.3,28.102987,28.158566,28.1085449
2022-05-04 06:00:00,27.9,28.97393,28.723358,28.948872799999997
2022-05-04 07:00:00,29.4,30.091673,29.562614,30.0387671
2022-05-04 08:00:00,31.1,31.57993,30.849056,31.5068426
2022-05-04 09:00:00,32.5,33.160656,32.218307,33.06642110000001
2022-05-04 10:00:00,33.3,33.446728,33.234863,33.4255415
2022-05-04 11:00:00,33.3,33.436024,33.13922,33.40634360000001
2022-05-04 12:00:00,33.4,33.183033,32.826824,33.147412100000004
2022-05-04 13:00:00,33.2,33.25792,32.922432,33.2243712
2022-05-04 14:00:00,33.2,32.81598,32.86702,32.821084000000006
2022-05-04 15:00:00,32.4,32.1654,31.940582,32.1429182
2022-05-04 16:00:00,31.7,31.480536,31.431643,31.4756467
2022-05-04 17:00:00,30.8,30.617212,30.672316,30.622722399999997
2022-05-04 18:00:00,29.6,30.019264,29.885748,30.0059124
2022-05-04 19:00:00,29.4,29.86338,29.439774,29.821019399999997
2022-05-04 20:00:00,29.3,29.593063,29.188824,29.5526391
2022-05-04 21:00:00,29.1,29.432116,28.839327,29.3728371
2022-05-04 22:00:00,28.9,29.122576,28.5839,29.0687084
2022-05-04 23:00:00,28.7,28.74761,28.328876,28.7057366
2022-05-05 00:00:00,28.6,28.450521,28.157402,28.4212091
2022-05-05 01:00:00,28.4,28.174969,27.574837,28.1149558
2022-05-05 02:00:00,28.3,27.720104,27.564001,27.7044937
2022-05-05 03:00:00,28.2,27.505968,27.617092,27.517080399999998
2022-05-05 04:00:00,27.9,27.29799,27.712418,27.339432799999997
2022-05-05 05:00:00,28.2,27.285004,27.852251,27.3417287
2022-05-05 06:00:00,28.9,27.910328,28.301205,27.9494157
2022-05-05 07:00:00,30.0,29.462914,29.08113,29.4247356
2022-05-05 08:00:00,31.7,31.020582,30.392702,30.957794000000003
2022-05-05 09:00:00,33.6,32.28309,32.10146,32.264927
2022-05-05 10:00:00,34.9,32.91897,32.965424,32.9236154
2022-05-05 11:00:00,34.3,33.40677,33.06282,33.372375000000005
2022-05-05 12:00:00,34.0,33.29204,32.870815,33.249917499999995
2022-05-05 13:00:00,34.0,33.168312,32.935295,33.1450103
2022-05-05 14:00:00,33.8,33.036274,32.789936,33.011640199999995
2022-05-05 15:00:00,32.7,32.43115,32.387672,32.426802200000004
2022-05-05 16:00:00,32.0,31.669096,31.415094,31.6436958
2022-05-05 17:00:00,31.0,30.825983,30.702934,30.8136781
2022-05-05 18:00:00,30.2,29.830784,29.950047,29.8427103
2022-05-05 19:00:00,30.0,29.487736,29.071796,29.446142000000002
2022-05-05 20:00:00,29.8,29.323164,28.91597,29.2824446
2022-05-05 21:00:00,29.6,29.085594,28.530193,29.030053900000002
2022-05-05 22:00:00,29.3,28.928173,28.330963,28.868451999999998
2022-05-05 23:00:00,29.2,28.638409,28.107464,28.5853145
2022-05-06 00:00:00,28.9,28.487543,27.916403,28.430428999999997
2022-05-06 01:00:00,28.6,28.375088,27.502098,28.287789000000004
2022-05-06 02:00:00,28.3,28.146412,27.440216,28.0757924
2022-05-06 03:00:00,28.2,27.915035,27.712755,27.894806999999997
2022-05-06 04:00:00,28.0,27.733412,27.8209,27.7421608
2022-05-06 05:00:00,27.3,27.748144,27.92905,27.766234599999997
2022-05-06 06:00:00,27.7,28.656143,28.590233,28.649552
2022-05-06 07:00:00,29.3,29.827665,29.498707,29.794769199999998
2022-05-06 08:00:00,31.1,31.347795,30.675034,31.2805189
2022-05-06 09:00:00,32.8,32.745068,32.314785,32.7020397
2022-05-06 10:00:00,34.4,33.897484,33.58717,33.8664526
2022-05-06 11:00:00,34.7,34.202896,34.15137,34.1977434
2022-05-06 12:00:00,33.9,34.043728,33.04499,33.9438542
2022-05-06 13:00:00,33.5,34.243847,33.256355,34.1450978
2022-05-06 14:00:00,33.0,33.84912,33.09628,33.773835999999996
2022-05-06 15:00:00,32.5,33.03398,32.619625,32.9925445
2022-05-06 16:00:00,31.9,32.022434,31.354248,31.955615399999996
2022-05-06 17:00:00,31.3,31.002449,30.851295,30.9873336
2022-05-06 18:00:00,30.4,30.118563,30.032543,30.109961000000002
2022-05-06 19:00:00,30.0,29.946121,29.120586,29.8635675
2022-05-06 20:00:00,29.8,29.66575,28.968891,29.5960641
2022-05-06 21:00:00,29.6,29.435833,28.667892,29.359038899999998
2022-05-06 22:00:00,29.3,29.22384,28.431007,29.1445567
2022-05-06 23:00:00,29.0,28.993702,28.188778,28.9132096
2022-05-07 00:00:00,28.7,28.88543,28.140955,28.8109825
2022-05-07 01:00:00,28.4,28.47121,27.554821,28.3795711
2022-05-07 02:00:00,28.4,28.14823,27.556524,28.0890594
2022-05-07 03:00:00,28.2,28.0929,27.666082,28.0502182
2022-05-07 04:00:00,27.8,27.957973,27.840029,27.9461786
2022-05-07 05:00:00,27.8,27.404125,28.01136,27.464848500000002
2022-05-07 06:00:00,28.6,28.19508,28.029032,28.1784752
2022-05-07 07:00:00,29.9,29.69226,29.248379,29.647871900000002
2022-05-07 08:00:00,31.6,31.231886,30.569769,31.1656743
2022-05-07 09:00:00,33.4,32.913807,32.20813,32.8432393
2022-05-07 10:00:00,34.9,34.584614,33.471413,34.4732939
2022-05-07 11:00:00,35.1,35.15459,34.22239,35.06137
2022-05-07 12:00:00,34.7,34.30234,33.233322,34.1954382
2022-05-07 13:00:00,33.1,33.8761,32.8839,33.77688
2022-05-07 14:00:00,33.2,33.244457,32.370686,33.1570799
2022-05-07 15:00:00,32.9,32.219234,31.78638,32.1759486
2022-05-07 16:00:00,32.1,31.539015,31.305273,31.5156408
2022-05-07 17:00:00,31.0,31.033033,30.515034,30.981233099999997
2022-05-07 18:00:00,30.0,30.344227,29.958477,30.305652
2022-05-07 19:00:00,29.8,30.034163,29.209484,29.951695100000002
2022-05-07 20:00:00,29.6,30.0062,28.978844,29.9034644
2022-05-07 21:00:00,29.4,29.524147,28.634552,29.4351875
2022-05-07 22:00:00,29.0,29.561535,28.40092,29.4454735
2022-05-07 23:00:00,28.5,29.424725,28.159115,29.298163999999996
2022-05-08 00:00:00,28.1,28.99288,28.026028,28.8961948
2022-05-08 01:00:00,28.0,28.847872,27.55693,28.7187778
2022-05-08 02:00:00,27.9,28.717115,27.46336,28.5917395
2022-05-08 03:00:00,27.9,28.468607,27.625185,28.384264799999997
2022-05-08 04:00:00,28.0,28.289906,27.814499,28.242365299999996
2022-05-08 05:00:00,28.3,28.014338,27.838776,27.9967818
2022-05-08 06:00:00,28.8,28.729828,28.072548,28.6641
2022-05-08 07:00:00,29.6,30.173159,29.307907,30.086633799999998
2022-05-08 08:00:00,30.9,31.808304,30.529343,31.680407900000002
2022-05-08 09:00:00,32.4,33.8529,32.122486,33.6798586
2022-05-08 10:00:00,33.3,34.286434,33.339966,34.1917872
2022-05-08 11:00:00,33.9,35.838978,34.363747,35.691454900000004
2022-05-08 12:00:00,35.1,35.665062,33.100784,35.4086342
2022-05-08 13:00:00,35.8,34.838417,32.86719,34.6412943
2022-05-08 14:00:00,35.7,33.974617,31.307497,33.707905000000004
2022-05-08 15:00:00,34.8,33.420803,31.645329,33.2432556
2022-05-08 16:00:00,32.6,32.356136,30.907581,32.2112805
2022-05-08 17:00:00,31.2,31.61201,30.145243,31.4653333
2022-05-08 18:00:00,29.9,30.575718,29.364555,30.454601699999998
2022-05-08 19:00:00,29.5,30.08878,28.78209,29.958111
2022-05-08 20:00:00,29.6,29.892937,28.622711,29.7659144
2022-05-08 21:00:00,29.8,29.692364,28.14806,29.537933600000002
2022-05-08 22:00:00,29.8,29.449097,27.995296,29.303716899999998
2022-05-08 23:00:00,29.3,29.161884,27.675919,29.0132875
2022-05-09 00:00:00,28.5,28.927895,27.671875,28.802293
2022-05-09 01:00:00,27.9,28.747719,27.388273,28.6117744
2022-05-09 02:00:00,28.1,28.714975,27.192896,28.5627671
2022-05-09 03:00:00,28.5,28.58739,27.271746,28.455825599999997
2022-05-09 04:00:00,28.5,28.774904,27.871292,28.6845428
2022-05-09 05:00:00,27.1,28.85657,27.640362,28.734949200000003
2022-05-09 06:00:00,27.2,29.357391,27.808928,29.2025447
2022-05-09 07:00:00,27.2,30.273504,29.051502,30.151303799999997
2022-05-09 08:00:00,26.6,31.392601,30.06186,31.2595269
2022-05-09 09:00:00,26.4,33.46138,31.544529,33.2696949
2022-05-09 10:00:00,26.4,34.356186,32.192818,34.1398492
2022-05-09 11:00:00,27.0,34.771187,33.175644,34.6116327
2022-05-09 12:00:00,27.5,35.899185,33.650066,35.67427310000001
2022-05-09 13:00:00,27.1,36.627285,34.08456,36.3730125
2022-05-09 14:00:00,27.1,36.475826,33.72658,36.2009014
2022-05-09 15:00:00,27.3,35.989803,32.599106,35.6507333
2022-05-09 16:00:00,27.5,34.68574,31.990742,34.416240200000004
2022-05-09 17:00:00,29.6,32.765327,30.510992,32.5398935
2022-05-09 18:00:00,29.9,31.373873,29.467442,31.183229899999997
2022-05-09 19:00:00,30.6,30.51848,29.329865,30.3996185
2022-05-09 20:00:00,30.9,30.315395,28.907118,30.174567299999996
2022-05-09 21:00:00,30.7,30.345404,28.766636,30.187527199999998
2022-05-09 22:00:00,30.1,30.170023,28.489838,30.0020045
2022-05-09 23:00:00,29.7,29.996433,28.436308,29.8404205
2022-05-10 00:00:00,30.0,30.674881,28.203674,30.4277603
2022-05-10 01:00:00,29.8,29.852869,27.688736,29.6364557
2022-05-10 02:00:00,29.9,29.745687,27.603237,29.531442000000002
2022-05-10 03:00:00,29.7,29.940365,27.68573,29.7149015
2022-05-10 04:00:00,29.7,29.492487,28.36747,29.3799853
2022-05-10 05:00:00,27.7,28.93082,28.62908,28.900646000000002
2022-05-10 06:00:00,28.3,28.82223,27.080791,28.6480861
2022-05-10 07:00:00,30.1,29.364403,29.031916,29.331154299999998
2022-05-10 08:00:00,30.3,29.54673,29.10845,29.502902
2022-05-10 09:00:00,29.8,29.429882,29.538534,29.4407472
2022-05-10 10:00:00,28.3,30.580101,30.133251,30.535415999999998
2022-05-10 11:00:00,29.8,31.376818,31.133455,31.3524817
2022-05-10 12:00:00,31.7,31.621489,30.866032,31.5459433
2022-05-10 13:00:00,32.7,30.955667,31.40314,31.0004143
2022-05-10 14:00:00,32.9,30.817598,30.935162,30.8293544
2022-05-10 15:00:00,33.6,30.598051,30.707695,30.609015400000004
2022-05-10 16:00:00,34.1,30.765495,30.042805,30.693226000000003
2022-05-10 17:00:00,32.1,32.134975,29.29818,31.8512955
2022-05-10 18:00:00,31.8,31.147276,29.927666,31.025315000000003
2022-05-10 19:00:00,30.5,31.355734,29.01501,31.121661600000003
2022-05-10 20:00:00,30.7,30.589941,29.138641,30.444810999999998
2022-05-10 21:00:00,30.4,30.286469,29.106764,30.168498500000002
2022-05-10 22:00:00,28.7,30.129189,28.767672,29.9930373
2022-05-10 23:00:00,25.4,29.843145,28.496708,29.7085013
2022-05-11 00:00:00,25.1,30.241928,28.550564,30.072791600000002
2022-05-11 01:00:00,25.0,30.12325,28.155056,29.926430599999996
2022-05-11 02:00:00,25.7,29.916988,27.950577,29.720346900000003
2022-05-11 03:00:00,25.7,30.196522,28.45022,30.021891800000002
2022-05-11 04:00:00,25.4,30.216806,28.574001,30.052525499999998
2022-05-11 05:00:00,27.7,28.7093,28.973392,28.735709200000002
2022-05-11 06:00:00,28.1,29.154526,27.956444,29.034717800000003
2022-05-11 07:00:00,29.5,30.327509,29.741493,30.2689074
2022-05-11 08:00:00,30.7,30.46077,30.819427,30.4966357
2022-05-11 09:00:00,31.5,30.199793,31.056652,30.2854789
2022-05-11 10:00:00,32.1,30.469864,30.971952,30.5200728
2022-05-11 11:00:00,32.2,31.22528,30.631105,31.165862500000003
2022-05-11 12:00:00,31.9,32.655334,31.896687,32.57946930000001
2022-05-11 13:00:00,31.1,33.383354,32.735855,33.3186041
2022-05-11 14:00:00,30.3,32.68683,32.224403,32.6405873
2022-05-11 15:00:00,30.7,33.214115,32.230965,33.1158
2022-05-11 16:00:00,30.5,33.03811,32.489586,32.9832576
2022-05-11 17:00:00,27.8,31.786531,32.249123,31.8327902
2022-05-11 18:00:00,27.1,30.520554,30.489029,30.5174015
2022-05-11 19:00:00,25.9,30.871193,30.7099,30.8550637
2022-05-11 20:00:00,26.0,30.507437,29.555769,30.412270200000002
2022-05-11 21:00:00,25.9,30.498693,29.74624,30.423447699999997
2022-05-11 22:00:00,26.0,29.99087,29.11331,29.903114000000002
2022-05-11 23:00:00,25.9,28.084599,28.20425,28.096564100000002
2022-05-12 00:00:00,25.8,27.599617,27.281916,27.5678469
2022-05-12 01:00:00,25.6,27.225883,27.238235,27.2271182
2022-05-12 02:00:00,25.1,28.247234,26.539654,28.076476
2022-05-12 03:00:00,25.2,28.230295,27.14034,28.1212995
2022-05-12 04:00:00,25.2,27.93609,27.155022,27.8579832
2022-05-12 05:00:00,24.9,27.437273,27.572552,27.4508009
2022-05-12 06:00:00,25.2,28.168886,29.291986,28.281196
2022-05-12 07:00:00,26.1,29.644415,29.909254,29.670898899999997
2022-05-12 08:00:00,28.2,30.50259,31.411325,30.5934635
2022-05-12 09:00:00,29.8,31.429354,32.422127,31.5286313
2022-05-12 10:00:00,31.8,33.14117,32.805824,33.1076354
2022-05-12 11:00:00,32.7,33.114185,32.83467,33.0862335
2022-05-12 12:00:00,33.5,33.068893,33.271015,33.089105200000006
2022-05-12 13:00:00,33.6,32.908276,33.259605,32.9434089
2022-05-12 14:00:00,32.7,32.499043,32.673206,32.5164593
2022-05-12 15:00:00,30.6,32.36342,32.07692,32.33477
2022-05-12 16:00:00,30.1,31.787237,32.1109,31.8196033
2022-05-12 17:00:00,30.5,30.573847,31.21847,30.6383093
2022-05-12 18:00:00,29.6,29.820005,29.211802,29.7591847
2022-05-12 19:00:00,29.1,29.445879,29.195349,29.420826
2022-05-12 20:00:00,29.0,29.483393,28.182796,29.3533333
2022-05-12 21:00:00,28.9,29.350395,28.022358,29.2175913
2022-05-12 22:00:00,28.1,28.09699,27.76288,28.063579000000004
2022-05-12 23:00:00,27.6,27.54021,27.44138,27.530327
2022-05-13 00:00:00,27.1,27.014769,27.100868,27.0233789
2022-05-13 01:00:00,26.5,26.853247,26.616314,26.829553699999998
2022-05-13 02:00:00,26.2,26.496939,26.572517,26.504496800000002
2022-05-13 03:00:00,26.1,26.349411,26.606293,26.3750992
2022-05-13 04:00:00,26.1,26.264475,26.828554,26.3208829
2022-05-13 05:00:00,26.6,26.37618,27.070976,26.445659600000003
2022-05-13 06:00:00,27.3,26.525053,27.555645,26.6281122
2022-05-13 07:00:00,28.7,28.42885,28.125675,28.3985325
2022-05-13 08:00:00,30.4,29.620323,29.2128,29.579570699999998
2022-05-13 09:00:00,31.9,31.03582,30.891499,31.0213879
2022-05-13 10:00:00,33.3,32.794792,32.004814,32.7157942
2022-05-13 11:00:00,34.3,33.050503,32.71123,33.016575700000004
2022-05-13 12:00:00,34.6,32.964455,33.206905,32.9887
2022-05-13 13:00:00,33.0,33.652264,32.736416,33.5606792
2022-05-13 14:00:00,31.7,32.662197,31.485083,32.544485599999994
2022-05-13 15:00:00,32.4,32.028793,31.110088,31.9369225
2022-05-13 16:00:00,31.4,30.748407,29.969507,30.670517
2022-05-13 17:00:00,30.3,29.947906,29.657501,29.918865500000003
2022-05-13 18:00:00,27.9,29.50051,29.150585,29.4655175
2022-05-13 19:00:00,27.5,29.26791,28.58791,29.199910000000003
2022-05-13 20:00:00,26.6,28.89371,28.274574,28.831796399999998
2022-05-13 21:00:00,26.2,28.912636,28.196678,28.8410402
2022-05-13 22:00:00,26.1,28.639774,27.978472,28.5736438
2022-05-13 23:00:00,26.0,28.31834,27.572388,28.243744799999998
2022-05-14 00:00:00,26.1,28.301472,27.497421,28.2210669
2022-05-14 01:00:00,26.0,27.677082,26.894459,27.5988197
2022-05-14 02:00:00,25.9,27.173183,26.825375,27.1384022
2022-05-14 03:00:00,25.7,26.955624,26.774479,26.9375095
2022-05-14 04:00:00,25.7,27.013466,27.047176,27.016837
2022-05-14 05:00:00,26.1,27.092676,27.311882,27.1145966
2022-05-14 06:00:00,26.8,27.650257,27.996052,27.6848365
2022-05-14 07:00:00,28.1,28.531605,28.655937,28.5440382
2022-05-14 08:00:00,29.8,30.168623,30.004545,30.1522152
2022-05-14 09:00:00,31.3,31.023632,31.47332,31.0686008
2022-05-14 10:00:00,32.8,32.870716,32.12656,32.7963004
2022-05-14 11:00:00,33.8,33.451576,33.253155,33.431733900000005
2022-05-14 12:00:00,34.0,33.517574,33.54702,33.5205186
2022-05-14 13:00:00,33.6,33.81271,33.543945,33.7858335
2022-05-14 14:00:00,32.9,32.12076,31.718967,32.0805807
2022-05-14 15:00:00,32.3,32.093548,31.264671,32.0106603
2022-05-14 16:00:00,29.7,31.46053,31.193417,31.4338187
2022-05-14 17:00:00,28.3,30.754698,30.327412,30.7119694
2022-05-14 18:00:00,28.0,29.747776,29.527145,29.7257129
2022-05-14 19:00:00,27.0,28.39323,28.553999,28.409306899999997
2022-05-14 20:00:00,27.2,28.130482,28.481354,28.1655692
2022-05-14 21:00:00,27.2,27.57071,27.858162,27.599455199999998
2022-05-14 22:00:00,27.4,27.300325,27.648443,27.3351368
2022-05-14 23:00:00,27.4,27.640684,27.159676,27.5925832
2022-05-15 00:00:00,27.2,27.290947,27.064365,27.268288799999997
2022-05-15 01:00:00,27.1,27.13247,26.836267,27.1028497
2022-05-15 02:00:00,26.9,26.961832,26.752445,26.9408933
2022-05-15 03:00:00,26.5,26.77494,26.70501,26.767947
2022-05-15 04:00:00,26.3,26.677694,26.955076,26.705432199999997
2022-05-15 05:00:00,26.3,26.839888,27.253422,26.8812414
2022-05-15 06:00:00,26.8,27.456936,27.82384,27.4936264
2022-05-15 07:00:00,27.9,28.618877,28.565992,28.6135885
2022-05-15 08:00:00,29.3,30.146255,29.87946,30.1195755
2022-05-15 09:00:00,30.9,31.542953,31.335543,31.522212
2022-05-15 10:00:00,32.2,32.230423,32.47444,32.2548247
2022-05-15 11:00:00,32.9,32.92422,33.422226,32.9740206
2022-05-15 12:00:00,31.9,32.885494,33.98674,32.9956186
2022-05-15 13:00:00,30.9,33.240585,33.660683,33.282594800000005
2022-05-15 14:00:00,31.2,32.712364,32.537376,32.6948652
2022-05-15 15:00:00,30.2,32.349045,31.501364,32.2642769
2022-05-15 16:00:00,30.0,31.24044,31.08525,31.224921000000002
2022-05-15 17:00:00,29.1,30.79063,29.777021,30.6892691
2022-05-15 18:00:00,28.5,28.960205,28.80907,28.9450915
2022-05-15 19:00:00,28.4,28.391909,28.382862,28.3910043
2022-05-15 20:00:00,28.2,28.036085,27.851522,28.0176287
2022-05-15 21:00:00,28.0,27.89489,27.938694,27.8992704
2022-05-15 22:00:00,27.6,27.824183,27.47361,27.7891257
2022-05-15 23:00:00,27.0,27.757372,27.754126,27.7570474
2022-05-16 00:00:00,26.7,27.78162,27.504303,27.7538883
2022-05-16 01:00:00,26.6,27.721777,27.07555,27.6571543
2022-05-16 02:00:00,26.4,27.457253,26.897657,27.4012934
2022-05-16 03:00:00,26.3,26.94867,26.96973,26.950776
2022-05-16 04:00:00,26.4,26.55317,26.87412,26.585265
2022-05-16 05:00:00,26.4,26.601652,27.12553,26.654039800000003
2022-05-16 06:00:00,27.0,27.280516,27.688587,27.321323099999997
2022-05-16 07:00:00,28.0,28.644335,28.427498,28.6226513
2022-05-16 08:00:00,29.6,30.06851,29.61696,30.023355
2022-05-16 09:00:00,30.7,31.249565,30.966179,31.2212264
2022-05-16 10:00:00,31.9,32.46736,32.146797,32.4353037
2022-05-16 11:00:00,32.1,33.59797,32.786346,33.51680759999999
2022-05-16 12:00:00,31.9,32.672577,33.167618,32.7220811
2022-05-16 13:00:00,31.6,32.25817,31.63345,32.195698
2022-05-16 14:00:00,31.1,31.900366,31.219385,31.8322679
2022-05-16 15:00:00,30.9,30.733675,31.003437,30.7606512
2022-05-16 16:00:00,29.8,30.185204,30.343842,30.201067799999997
2022-05-16 17:00:00,29.7,29.269503,30.015657,29.344118400000003
2022-05-16 18:00:00,29.0,28.774317,29.128223,28.8097076
2022-05-16 19:00:00,29.0,28.903675,28.754093,28.888716799999997
2022-05-16 20:00:00,28.9,28.615328,28.231972,28.5769924
2022-05-16 21:00:00,28.8,28.118792,28.09746,28.1166588
2022-05-16 22:00:00,28.3,28.010382,27.71366,27.9807098
2022-05-16 23:00:00,26.6,27.680904,27.514555,27.664269100000002
2022-05-17 00:00:00,27.1,27.452192,27.401066,27.4470794
2022-05-17 01:00:00,26.4,27.362415,26.578712,27.2840447
2022-05-17 02:00:00,26.5,27.109804,26.973454,27.096169
2022-05-17 03:00:00,26.3,26.74491,27.086693,26.7790883
2022-05-17 04:00:00,26.2,26.757166,27.031322,26.7845816
2022-05-17 05:00:00,27.2,26.709063,27.465952,26.7847519
2022-05-17 06:00:00,27.8,27.393175,27.444569,27.3983144
2022-05-17 07:00:00,28.8,28.458986,28.602474,28.4733348
2022-05-17 08:00:00,29.7,29.300976,29.682198,29.3390982
2022-05-17 09:00:00,30.9,30.554237,31.290455,30.627858800000002
2022-05-17 10:00:00,32.1,31.525248,31.803867,31.553109900000003
2022-05-17 11:00:00,32.3,31.828995,32.75698,31.9217935
2022-05-17 12:00:00,31.5,32.17115,32.356033,32.1896383
2022-05-17 13:00:00,31.1,32.286087,32.129875,32.270465800000004
2022-05-17 14:00:00,31.0,31.799606,31.631268,31.7827722
2022-05-17 15:00:00,30.2,30.92244,31.106209,30.9408169
2022-05-17 16:00:00,30.3,30.340353,30.677397,30.3740574
2022-05-17 17:00:00,29.9,29.920912,29.742931,29.9031139
2022-05-17 18:00:00,29.0,29.09964,29.525793,29.142255300000002
2022-05-17 19:00:00,28.7,28.822866,28.748198,28.8153992
2022-05-17 20:00:00,28.8,28.807768,28.548594,28.7818506
2022-05-17 21:00:00,28.8,28.609915,28.306688,28.579592299999998
2022-05-17 22:00:00,29.0,28.189632,28.185646,28.1892334
2022-05-17 23:00:00,28.9,27.712337,27.823437,27.723447
2022-05-18 00:00:00,28.4,27.594437,27.13343,27.5483363
2022-05-18 01:00:00,28.1,26.966942,27.092537,26.979501499999998
2022-05-18 02:00:00,27.8,26.57663,26.670296,26.5859966
2022-05-18 03:00:00,27.7,26.920929,27.068876,26.9357237
2022-05-18 04:00:00,27.4,26.607735,26.71713,26.6186745
2022-05-18 05:00:00,27.5,27.182322,27.285212,27.192611
2022-05-18 06:00:00,27.8,28.088247,28.269512,28.1063735
2022-05-18 07:00:00,28.6,29.078962,28.716888,29.042754600000002
2022-05-18 08:00:00,29.6,29.884476,29.908947,29.886923099999997
2022-05-18 09:00:00,30.7,30.944036,30.996693,30.9493017
2022-05-18 10:00:00,31.9,32.265694,32.10419,32.2495436
2022-05-18 11:00:00,32.9,32.390247,32.828285,32.4340508
2022-05-18 12:00:00,32.8,32.10348,32.567287,32.1498607
2022-05-18 13:00:00,33.6,31.731798,31.914444,31.7500626
2022-05-18 14:00:00,33.9,31.550337,31.718079,31.5671112
2022-05-18 15:00:00,33.4,30.8323,31.354446,30.8845146
2022-05-18 16:00:00,32.1,30.735195,30.500437,30.7117192
2022-05-18 17:00:00,31.6,30.211939,30.182882,30.2090333
2022-05-18 18:00:00,29.9,29.160017,29.779797,29.221995
2022-05-18 19:00:00,29.3,28.909264,28.909424,28.909280000000003
2022-05-18 20:00:00,29.2,29.15753,28.734741,29.115251100000002
2022-05-18 21:00:00,29.1,29.094278,28.357836,29.0206338
2022-05-18 22:00:00,29.0,28.799637,28.248173,28.7444906
2022-05-18 23:00:00,28.5,28.82592,28.190674,28.7623954
2022-05-19 00:00:00,28.0,28.55627,27.948391,28.495482100000004
2022-05-19 01:00:00,27.5,28.370329,27.451681,28.278464200000002
2022-05-19 02:00:00,26.9,28.165272,27.31954,28.0806988
2022-05-19 03:00:00,26.5,27.98999,27.539474,27.944938399999998
2022-05-19 04:00:00,26.2,27.680582,27.609137,27.673437500000002
2022-05-19 05:00:00,26.6,27.47238,27.744452,27.4995872
2022-05-19 06:00:00,26.8,27.91723,28.471727,27.972679699999997
2022-05-19 07:00:00,27.9,28.863314,29.151207,28.8921033
2022-05-19 08:00:00,29.4,29.958855,30.22142,29.9851115
2022-05-19 09:00:00,31.0,31.09634,31.206944,31.1074004
2022-05-19 10:00:00,32.3,32.89802,32.09406,32.817624
2022-05-19 11:00:00,33.5,33.56594,33.08383,33.517729
2022-05-19 12:00:00,34.6,33.31992,33.633144,33.351242400000004
2022-05-19 13:00:00,34.7,33.70405,32.98749,33.632394000000005
2022-05-19 14:00:00,34.6,33.25804,33.568848,33.289120800000006
2022-05-19 15:00:00,32.8,32.630936,33.07871,32.6757134
2022-05-19 16:00:00,31.3,31.583698,32.240345,31.649362699999998
2022-05-19 17:00:00,32.2,31.15182,30.989212,31.1355592
2022-05-19 18:00:00,30.5,29.720072,30.271915,29.7752563
2022-05-19 19:00:00,29.6,28.924425,29.323406,28.9643231
2022-05-19 20:00:00,29.1,29.085163,28.922419,29.0688886
2022-05-19 21:00:00,29.0,29.019989,28.630135,28.9810036
2022-05-19 22:00:00,28.6,28.949144,28.571253,28.9113549
2022-05-19 23:00:00,28.4,28.511536,28.498713,28.5102537
2022-05-20 00:00:00,28.2,27.992416,28.394579,28.0326323
2022-05-20 01:00:00,27.8,27.446974,27.767607,27.4790373
2022-05-20 02:00:00,27.5,27.241575,27.845387,27.3019562
2022-05-20 03:00:00,27.4,27.116886,27.659029,27.171100300000003
2022-05-20 04:00:00,27.4,26.838549,27.894693,26.9441634
2022-05-20 05:00:00,27.2,27.010103,28.015362,27.110628900000002
2022-05-20 06:00:00,27.6,27.430317,29.056484,27.5929337
2022-05-20 07:00:00,28.8,28.983385,29.407354,29.0257819
2022-05-20 08:00:00,30.2,29.739176,30.564484,29.8217068
2022-05-20 09:00:00,31.5,31.194233,31.878004,31.2626101
2022-05-20 10:00:00,32.9,32.62783,33.0645,32.671497
2022-05-20 11:00:00,34.0,33.800987,33.900524,33.8109407
2022-05-20 12:00:00,34.7,34.261852,34.364002,34.272067
2022-05-20 13:00:00,35.9,35.050858,34.561035,35.0018757
2022-05-20 14:00:00,35.0,34.27859,34.256763,34.2764073
2022-05-20 15:00:00,35.6,33.07422,33.82486,33.149283999999994
2022-05-20 16:00:00,34.9,31.790483,31.724773,31.783912
2022-05-20 17:00:00,33.6,31.445425,30.47687,31.3485695
2022-05-20 18:00:00,32.6,30.642023,31.52538,30.7303587
2022-05-20 19:00:00,32.2,29.605783,29.09744,29.5549487
2022-05-20 20:00:00,31.3,29.329012,28.984556,29.294566399999997
2022-05-20 21:00:00,30.2,29.151209,28.702684,29.106356500000004
2022-05-20 22:00:00,29.5,28.759792,28.542488,28.7380616
2022-05-20 23:00:00,29.3,28.593393,28.168655,28.5509192
2022-05-21 00:00:00,28.9,28.323835,28.029001,28.2943516
2022-05-21 01:00:00,28.9,28.213144,27.769001,28.1687297
2022-05-21 02:00:00,28.8,28.037888,27.634323,27.997531499999997
2022-05-21 03:00:00,28.7,27.749638,27.702724,27.744946600000002
2022-05-21 04:00:00,28.7,27.56026,27.889809,27.5932149
2022-05-21 05:00:00,28.2,27.696472,28.208351,27.747659900000002
2022-05-21 06:00:00,28.5,27.972383,28.661366,28.0412813
2022-05-21 07:00:00,29.7,29.25117,29.404413,29.266494299999998
2022-05-21 08:00:00,31.0,30.572138,30.535362,30.5684604
2022-05-21 09:00:00,32.4,31.663923,32.021748,31.6997055
2022-05-21 10:00:00,33.9,33.202576,33.133087,33.1956271
2022-05-21 11:00:00,34.6,34.42888,34.231926,34.409184599999996
2022-05-21 12:00:00,35.6,35.093735,34.809788,35.0653403
2022-05-21 13:00:00,36.7,35.69284,34.78351,35.601907
2022-05-21 14:00:00,37.5,35.06123,35.17284,35.072391
2022-05-21 15:00:00,35.9,34.390263,33.760162,34.3272529
2022-05-21 16:00:00,34.3,33.658333,33.669296,33.6594293
2022-05-21 17:00:00,34.0,32.749294,32.69094,32.7434586
2022-05-21 18:00:00,32.9,30.859951,30.783463,30.8523022
2022-05-21 19:00:00,32.2,30.562584,30.705992,30.5769248
2022-05-21 20:00:00,31.8,30.182161,30.17007,30.1809519
2022-05-21 21:00:00,31.2,29.942167,29.536983,29.9016486
2022-05-21 22:00:00,30.7,29.843178,29.198147,29.778674900000002
2022-05-21 23:00:00,30.5,29.270277,28.861208,29.2293701
2022-05-22 00:00:00,30.3,28.96986,29.055496,28.978423600000003
2022-05-22 01:00:00,29.8,28.984222,28.331142,28.918914
2022-05-22 02:00:00,29.3,28.787222,28.505644,28.7590642
2022-05-22 03:00:00,28.8,28.797028,28.589931,28.7763183
2022-05-22 04:00:00,28.4,28.764915,28.82435,28.770858499999996
2022-05-22 05:00:00,28.3,28.354712,29.253296,28.444570399999996
2022-05-22 06:00:00,28.6,28.300207,29.26396,28.396582300000002
2022-05-22 07:00:00,29.9,30.09634,30.19078,30.105784000000003
2022-05-22 08:00:00,31.4,31.024876,31.30899,31.0532874
2022-05-22 09:00:00,32.8,32.31261,32.26686,32.308035
2022-05-22 10:00:00,34.2,34.17925,33.452614,34.106586400000005
2022-05-22 11:00:00,35.6,36.018032,34.450623,35.861291099999995
2022-05-22 12:00:00,36.5,36.889122,34.639908,36.6642006
2022-05-22 13:00:00,36.5,37.801525,35.08242,37.529614499999994
2022-05-22 14:00:00,33.9,37.767868,35.21476,37.5125572
2022-05-22 15:00:00,32.2,35.55539,34.86898,35.486749
2022-05-22 16:00:00,31.7,34.04503,33.30912,33.971439
2022-05-22 17:00:00,30.7,32.430103,32.724766,32.459569300000005
2022-05-22 18:00:00,30.0,31.565342,31.94859,31.6036668
2022-05-22 19:00:00,29.9,31.182299,30.912043,31.1552734
2022-05-22 20:00:00,29.6,30.688206,30.4931,30.6686954
2022-05-22 21:00:00,29.3,30.788729,30.074581,30.717314199999997
2022-05-22 22:00:00,29.1,30.4506,29.616013,30.3671413
2022-05-22 23:00:00,28.8,30.264463,29.283476,30.166364299999998
2022-05-23 00:00:00,28.6,29.693117,29.24476,29.6482813
2022-05-23 01:00:00,28.4,29.318682,28.702814,29.2570952
2022-05-23 02:00:00,28.1,29.296846,28.642546,29.231416
2022-05-23 03:00:00,28.0,29.628645,28.701946,29.535975099999998
2022-05-23 04:00:00,27.8,29.34146,28.763664,29.2836804
2022-05-23 05:00:00,27.8,28.777443,28.903625,28.7900612
2022-05-23 06:00:00,28.4,28.576405,29.325106,28.651275100000003
2022-05-23 07:00:00,30.2,29.746824,30.074139,29.7795555
2022-05-23 08:00:00,32.3,31.00076,31.293854,31.030069400000002
2022-05-23 09:00:00,34.1,32.54019,32.40948,32.527119
2022-05-23 10:00:00,35.7,34.23081,33.436066,34.151335599999996
2022-05-23 11:00:00,36.3,35.41347,34.393047,35.311427699999996
2022-05-23 12:00:00,36.2,36.276814,35.12005,36.1611376
2022-05-23 13:00:00,34.3,35.8977,35.380672,35.8459972
2022-05-23 14:00:00,33.9,33.97787,34.364166,34.0164996
2022-05-23 15:00:00,33.3,32.756477,31.999203,32.6807496
2022-05-23 16:00:00,32.2,32.011173,31.275276,31.9375833
2022-05-23 17:00:00,30.7,31.29913,30.933853,31.2626023
2022-05-23 18:00:00,29.7,30.57564,30.053963,30.5234723
2022-05-23 19:00:00,29.7,30.40323,29.392506,30.3021576
2022-05-23 20:00:00,29.6,30.044281,29.26056,29.965908900000002
2022-05-23 21:00:00,29.4,29.706657,28.97591,29.6335823
2022-05-23 22:00:00,29.2,29.650154,28.706198,29.555758400000002
2022-05-23 23:00:00,28.9,29.489145,28.54953,29.395183499999998
2022-05-24 00:00:00,28.7,29.375927,28.35594,29.2739283
2022-05-24 01:00:00,28.4,29.116653,27.924824,28.9974701
2022-05-24 02:00:00,28.2,28.829967,27.81792,28.7287623
2022-05-24 03:00:00,28.0,28.482115,27.770561,28.4109596
2022-05-24 04:00:00,27.8,28.211014,28.071907,28.1971033
2022-05-24 05:00:00,28.0,28.157722,28.257023,28.1676521
2022-05-24 06:00:00,28.5,28.865797,28.799765,28.8591938
2022-05-24 07:00:00,29.7,30.39567,29.697762,30.3258792
2022-05-24 08:00:00,31.5,32.19641,31.282421,32.1050111
2022-05-24 09:00:00,33.3,33.765793,32.82827,33.672040700000004
2022-05-24 10:00:00,34.7,35.214455,33.90706,35.083715500000004
2022-05-24 11:00:00,35.7,35.84844,34.905407,35.7541367
2022-05-24 12:00:00,35.8,34.951775,34.832134,34.9398109
2022-05-24 13:00:00,34.3,34.37853,34.817715,34.422448499999994
2022-05-24 14:00:00,33.6,33.94682,32.60168,33.812306
2022-05-24 15:00:00,32.7,33.14993,32.2616,33.061097
2022-05-24 16:00:00,32.9,32.220173,31.577557,32.1559114
2022-05-24 17:00:00,31.7,30.772606,30.738674,30.7692128
2022-05-24 18:00:00,30.3,29.798027,29.655704,29.7837947
2022-05-24 19:00:00,29.7,29.608238,29.28746,29.5761602
2022-05-24 20:00:00,29.5,29.498962,29.085384,29.4576042
2022-05-24 21:00:00,29.4,29.502655,28.858124,29.4382019
2022-05-24 22:00:00,29.2,29.271542,28.683826,29.2127704
2022-05-24 23:00:00,29.1,29.006317,28.639261,28.9696114
2022-05-25 00:00:00,28.9,28.774982,28.42449,28.739932800000002
2022-05-25 01:00:00,28.7,28.472641,27.983768,28.4237537
2022-05-25 02:00:00,28.6,28.219858,27.737976,28.171669799999997
2022-05-25 03:00:00,28.5,28.114578,27.982885,28.1014087
2022-05-25 04:00:00,28.3,28.172157,28.342686,28.189209899999998
2022-05-25 05:00:00,28.3,28.248945,28.439903,28.268040799999998
2022-05-25 06:00:00,28.1,28.820751,28.880886,28.826764500000003
2022-05-25 07:00:00,28.0,30.365055,29.56219,30.284768500000002
2022-05-25 08:00:00,29.9,31.630365,31.103172,31.5776457
2022-05-25 09:00:00,32.1,33.267235,32.687267,33.2092382
2022-05-25 10:00:00,33.8,35.179535,33.842106,35.0457921
2022-05-25 11:00:00,34.4,35.19859,34.688976,35.147628600000004
2022-05-25 12:00:00,35.2,35.083847,35.000587,35.075520999999995
2022-05-25 13:00:00,35.6,34.52632,34.002563,34.4739443
2022-05-25 14:00:00,35.7,33.7383,32.28121,33.592591000000006
2022-05-25 15:00:00,34.6,32.62347,32.786556,32.6397786
2022-05-25 16:00:00,34.7,32.03692,31.055147,31.938742700000002
2022-05-25 17:00:00,32.3,31.259563,31.284239,31.2620306
2022-05-25 18:00:00,31.6,30.443342,29.988424,30.3978502
2022-05-25 19:00:00,31.0,29.809587,29.238787,29.752507
2022-05-25 20:00:00,30.4,29.570562,28.916264,29.5051322
2022-05-25 21:00:00,29.8,29.46109,28.77909,29.392889999999998
2022-05-25 22:00:00,29.4,29.377293,28.694468,29.3090105
2022-05-25 23:00:00,29.2,29.13984,28.5401,29.079866
2022-05-26 00:00:00,28.6,28.974966,28.441336,28.921602999999998
2022-05-26 01:00:00,27.9,28.670942,27.965322,28.600379999999998
2022-05-26 02:00:00,27.2,28.422058,27.842915,28.3641437
2022-05-26 03:00:00,27.0,28.425331,28.050013,28.3877992
2022-05-26 04:00:00,27.1,28.255722,28.27353,28.257502799999997
2022-05-26 05:00:00,27.1,28.20857,28.61425,28.249138000000002
2022-05-26 06:00:00,27.9,28.506931,29.153439,28.5715818
2022-05-26 07:00:00,29.5,29.149982,29.145126,29.1494964
2022-05-26 08:00:00,31.6,30.839298,30.699497,30.825317899999998
2022-05-26 09:00:00,33.9,32.694695,31.56819,32.5820445
2022-05-26 10:00:00,35.7,34.39938,33.547176,34.3141596
2022-05-26 11:00:00,37.0,35.302525,34.341675,35.20644
2022-05-26 12:00:00,36.8,35.64069,34.565804,35.5332014
2022-05-26 13:00:00,33.8,35.59047,34.82121,35.513544
2022-05-26 14:00:00,32.5,35.311584,34.674294,35.247855
2022-05-26 15:00:00,33.0,33.969368,34.00925,33.973356200000005
2022-05-26 16:00:00,31.9,33.060074,32.857723,33.0398389
2022-05-26 17:00:00,31.1,31.794146,32.81776,31.8965074
2022-05-26 18:00:00,30.0,30.769926,30.42258,30.7351914
2022-05-26 19:00:00,30.0,30.443218,30.466146,30.4455108
2022-05-26 20:00:00,29.4,30.019705,29.88089,30.005823499999998
2022-05-26 21:00:00,29.5,29.770674,29.275152,29.7211218
2022-05-26 22:00:00,29.9,29.385372,28.828823,29.3297171
2022-05-26 23:00:00,29.5,29.347353,28.568483,29.269465999999998
2022-05-27 00:00:00,29.2,28.988327,28.433132,28.932807500000003
2022-05-27 01:00:00,28.9,28.43914,28.106289,28.4058549
2022-05-27 02:00:00,28.6,28.483324,28.006289,28.4356205
2022-05-27 03:00:00,28.4,28.175991,27.763714,28.1347633
2022-05-27 04:00:00,28.0,27.782179,28.011196,27.8050807
2022-05-27 05:00:00,28.0,27.701542,28.527473,27.7841351
2022-05-27 06:00:00,28.4,28.025991,28.906431,28.114035
2022-05-27 07:00:00,29.9,29.254555,29.782417,29.3073412
2022-05-27 08:00:00,32.0,31.215511,31.033901,31.19735
2022-05-27 09:00:00,33.9,33.219513,32.68884,33.1664457
2022-05-27 10:00:00,35.6,35.34366,34.240105,35.2333045
2022-05-27 11:00:00,36.9,36.327866,35.24872,36.21995140000001
2022-05-27 12:00:00,37.3,36.358303,35.587925,36.28126519999999
2022-05-27 13:00:00,36.1,34.304,34.252098,34.2988098
2022-05-27 14:00:00,34.7,33.517403,32.135826,33.3792453
2022-05-27 15:00:00,35.1,32.66093,32.84199,32.679036
2022-05-27 16:00:00,34.6,32.385715,32.244556,32.3715991
2022-05-27 17:00:00,32.2,31.233795,30.943436,31.2047591
2022-05-27 18:00:00,31.6,30.156305,30.06871,30.1475455
2022-05-27 19:00:00,31.1,30.091646,29.564219,30.0389033
2022-05-27 20:00:00,30.6,29.818323,29.484507,29.784941399999997
2022-05-27 21:00:00,30.2,29.694952,28.88471,29.6139278
2022-05-27 22:00:00,30.0,29.770254,28.848772,29.6781058
2022-05-27 23:00:00,29.9,29.244556,29.086601,29.2287605
2022-05-28 00:00:00,29.7,28.993608,28.83238,28.977485199999997
2022-05-28 01:00:00,29.3,28.738377,28.367496,28.7012889
2022-05-28 02:00:00,28.9,28.61165,28.243607,28.5748457
2022-05-28 03:00:00,28.7,28.393671,28.290697,28.3833736
2022-05-28 04:00:00,28.5,28.128643,28.505716,28.166350299999998
2022-05-28 05:00:00,28.6,27.904993,28.657335,27.9802272
2022-05-28 06:00:00,29.0,28.135403,29.097195,28.2315822
2022-05-28 07:00:00,30.6,29.933857,29.831442,29.923615499999997
2022-05-28 08:00:00,32.6,31.795277,31.329473,31.7486966
2022-05-28 09:00:00,34.3,33.81843,33.063133,33.7429003
2022-05-28 10:00:00,35.9,35.952896,34.382797,35.795886100000004
2022-05-28 11:00:00,37.1,36.3144,35.53582,36.236542
2022-05-28 12:00:00,37.6,36.386242,36.01605,36.3492228
2022-05-28 13:00:00,36.0,35.41175,36.2162,35.492194999999995
2022-05-28 14:00:00,34.3,34.169827,33.691307,34.121975
2022-05-28 15:00:00,33.0,33.74903,32.71882,33.646009
2022-05-28 16:00:00,32.7,33.142853,32.999264,33.128494100000005
2022-05-28 17:00:00,32.7,31.926178,31.871683,31.9207285
2022-05-28 18:00:00,31.9,30.6145,29.824999,30.5355499
2022-05-28 19:00:00,31.3,30.496199,30.453468,30.491925900000002
2022-05-28 20:00:00,30.7,30.302605,30.000698,30.272414299999998
2022-05-28 21:00:00,30.2,29.959513,29.607666,29.924328300000003
2022-05-28 22:00:00,29.9,29.786932,29.310865,29.7393253
2022-05-28 23:00:00,29.5,29.633406,29.167881,29.5868535
2022-05-29 00:00:00,29.3,29.066816,29.184452,29.0785796
2022-05-29 01:00:00,29.1,28.997236,28.5999,28.957502400000003
2022-05-29 02:00:00,28.8,28.731009,28.558842,28.713792299999998
2022-05-29 03:00:00,28.4,28.63358,28.518362,28.622058199999998
2022-05-29 04:00:00,28.1,28.383724,28.692205,28.4145721
2022-05-29 05:00:00,28.0,28.486183,28.90107,28.527671700000003
2022-05-29 06:00:00,28.5,28.68052,29.378952,28.750363200000002
2022-05-29 07:00:00,29.9,30.253656,30.140314,30.2423218
2022-05-29 08:00:00,32.0,32.017265,31.881157,32.0036542
2022-05-29 09:00:00,34.1,34.225082,33.388588,34.1414326
2022-05-29 10:00:00,35.7,35.878056,34.511147,35.7413651
2022-05-29 11:00:00,36.7,36.63601,35.59156,36.531565
2022-05-29 12:00:00,36.6,36.13608,36.333282,36.1558002
2022-05-29 13:00:00,34.9,35.285862,36.211674,35.3784432
2022-05-29 14:00:00,34.3,34.072567,33.679184,34.0332287
2022-05-29 15:00:00,32.9,33.32146,32.430298,33.2323438
2022-05-29 16:00:00,32.2,32.368797,31.719791,32.3038964
2022-05-29 17:00:00,32.1,31.425867,31.556414,31.4389217
2022-05-29 18:00:00,31.2,30.737553,30.790607,30.7428584
2022-05-29 19:00:00,30.6,30.707794,30.312214,30.668236
2022-05-29 20:00:00,30.4,30.311695,30.053179,30.285843399999997
2022-05-29 21:00:00,30.1,30.079615,29.641155,30.035769
2022-05-29 22:00:00,29.7,29.71736,29.361286,29.6817526
2022-05-29 23:00:00,29.6,29.309336,29.208195,29.2992219
2022-05-30 00:00:00,30.0,29.120647,29.043104,29.112892700000003
2022-05-30 01:00:00,29.8,29.169994,28.661171,29.1191117
2022-05-30 02:00:00,29.3,28.91272,28.554977,28.8769457
2022-05-30 03:00:00,28.9,28.877035,28.560055,28.845336999999997
2022-05-30 04:00:00,28.4,28.540983,28.64974,28.5518587
2022-05-30 05:00:00,28.3,28.710608,28.891205,28.728667700000003
2022-05-30 06:00:00,28.7,28.675379,29.045223,28.7123634
2022-05-30 07:00:00,30.3,29.984957,29.778069,29.9642682
2022-05-30 08:00:00,32.5,31.937925,31.277304,31.8718629
2022-05-30 09:00:00,34.3,33.852325,32.974716,33.7645641
2022-05-30 10:00:00,35.7,35.334675,34.531227,35.2543302
2022-05-30 11:00:00,36.4,35.622486,35.430607,35.6032981
2022-05-30 12:00:00,35.2,35.381115,36.19314,35.4623175
2022-05-30 13:00:00,33.7,35.36841,34.903313,35.321900299999996
2022-05-30 14:00:00,33.9,34.315147,32.999294,34.1835617
2022-05-30 15:00:00,32.6,33.25719,32.60416,33.191887
2022-05-30 16:00:00,31.8,32.359653,31.518873,32.275575
2022-05-30 17:00:00,32.1,31.850958,31.08937,31.774799199999997
2022-05-30 18:00:00,31.0,30.998398,30.787752,30.977333400000003
2022-05-30 19:00:00,30.5,30.354647,30.04706,30.3238883
2022-05-30 20:00:00,30.8,30.321554,29.80402,30.269800599999996
2022-05-30 21:00:00,30.3,30.06663,29.381485,29.9981155
2022-05-30 22:00:00,29.9,29.96266,29.130981,29.8794921
2022-05-30 23:00:00,29.6,29.768572,28.829638,29.6746786
2022-05-31 00:00:00,29.2,29.860737,28.790411,29.7537044
2022-05-31 01:00:00,28.8,29.80009,28.593948,29.679475800000002
2022-05-31 02:00:00,28.4,29.610662,28.669727,29.516568499999998
2022-05-31 03:00:00,28.1,29.182127,28.588467,29.122761000000004
2022-05-31 04:00:00,28.0,28.623726,28.687477,28.6301011
2022-05-31 05:00:00,28.6,28.33883,28.737583,28.3787053
2022-05-31 06:00:00,29.1,28.7417,29.12819,28.780349
2022-05-31 07:00:00,30.6,30.396294,30.101784,30.366843000000003
2022-05-31 08:00:00,32.3,31.772383,31.10626,31.705770700000002
2022-05-31 09:00:00,34.2,33.752903,33.24344,33.701956700000004
2022-05-31 10:00:00,36.0,35.260094,34.02488,35.1365726
2022-05-31 11:00:00,37.3,35.885414,34.73144,35.7700166
2022-05-31 12:00:00,37.2,36.232986,34.680832,36.0777706
2022-05-31 13:00:00,34.8,34.867584,33.517693,34.7325949
2022-05-31 14:00:00,33.7,33.730415,32.86027,33.6434005
2022-05-31 15:00:00,33.6,32.948975,33.19699,32.9737765
2022-05-31 16:00:00,32.5,31.91289,31.369404,31.8585414
2022-05-31 17:00:00,31.1,31.464128,30.740063,31.3917215
2022-05-31 18:00:00,30.0,30.872877,31.007496,30.8863389
2022-05-31 19:00:00,29.7,30.659473,29.840773,30.577603
2022-05-31 20:00:00,29.9,30.749668,29.463356,30.6210368
2022-05-31 21:00:00,30.3,30.496422,29.74358,30.421137799999997
2022-05-31 22:00:00,30.7,30.16583,29.27483,30.076729999999998
2022-05-31 23:00:00,30.6,29.797665,29.074903,29.725388799999998
2022-06-01 00:00:00,29.7,29.543377,29.17458,29.5064973
2022-06-01 01:00:00,29.2,29.479736,28.205181,29.3522805
2022-06-01 02:00:00,28.8,29.197426,28.192635,29.0969469
2022-06-01 03:00:00,28.5,28.730412,28.203163,28.6776871
2022-06-01 04:00:00,28.2,28.237368,28.218485,28.2354797
2022-06-01 05:00:00,28.4,28.46699,28.493866,28.469677599999997
2022-06-01 06:00:00,28.8,29.106071,29.031368,29.0986007
2022-06-01 07:00:00,30.2,30.872593,29.751831,30.760516799999998
2022-06-01 08:00:00,32.2,32.971817,31.221685,32.7968038
2022-06-01 09:00:00,34.0,34.26937,32.483265,34.090759500000004
2022-06-01 10:00:00,35.9,36.09424,33.77319,35.862135
2022-06-01 11:00:00,37.3,36.54614,34.663315,36.357857499999994
2022-06-01 12:00:00,37.7,36.803806,34.88369,36.6117944
2022-06-01 13:00:00,37.2,35.32084,33.298225,35.1185785
2022-06-01 14:00:00,35.6,33.76302,32.4709,33.633807999999995
2022-06-01 15:00:00,34.2,33.2134,32.307293,33.1227893
2022-06-01 16:00:00,33.2,32.460823,31.799765,32.3947172
2022-06-01 17:00:00,31.7,31.385826,30.713585,31.3186019
2022-06-01 18:00:00,30.6,30.153227,29.610687,30.098973
2022-06-01 19:00:00,30.3,29.96132,29.047411,29.8699291
2022-06-01 20:00:00,31.1,29.893589,28.782303,29.782460399999998
2022-06-01 21:00:00,31.5,30.04776,28.868023,29.9297863
2022-06-01 22:00:00,31.0,29.969769,28.80323,29.8531151
2022-06-01 23:00:00,30.5,29.778448,28.916222,29.6922254
2022-06-02 00:00:00,30.0,29.491444,28.9402,29.436319600000004
2022-06-02 01:00:00,29.8,29.096699,28.325718,29.0196009
2022-06-02 02:00:00,29.6,28.577238,28.182234,28.537737600000003
2022-06-02 03:00:00,29.2,28.419518,28.186184,28.396184599999998
2022-06-02 04:00:00,28.7,28.070759,28.44977,28.108660099999998
2022-06-02 05:00:00,29.1,28.410925,28.584684,28.4283009
2022-06-02 06:00:00,29.6,28.75589,29.139736,28.7942746
2022-06-02 07:00:00,30.9,30.41464,29.842308,30.3574068
2022-06-02 08:00:00,32.5,32.664433,31.065441,32.504533800000004
2022-06-02 09:00:00,34.3,34.075127,32.552727,33.922887
2022-06-02 10:00:00,36.0,36.18945,33.867893,35.9572943
2022-06-02 11:00:00,36.9,36.46465,34.928738,36.3110588
2022-06-02 12:00:00,35.7,35.866985,35.643684,35.8446549
2022-06-02 13:00:00,33.6,36.43079,35.53692,36.341403
2022-06-02 14:00:00,33.2,34.458046,33.781933,34.3904347
2022-06-02 15:00:00,32.5,33.660004,32.423756,33.5363792
2022-06-02 16:00:00,32.1,32.81882,31.296902,32.666628200000005
2022-06-02 17:00:00,31.3,31.834991,30.840899,31.7355818
2022-06-02 18:00:00,30.0,30.8011,29.88247,30.709237
2022-06-02 19:00:00,29.7,30.424887,29.436926,30.326090899999997
2022-06-02 20:00:00,29.6,30.685001,29.178862,30.5343871
2022-06-02 21:00:00,29.5,30.938345,29.542809,30.798791400000002
2022-06-02 22:00:00,29.3,30.798233,29.375465,30.6559562
2022-06-02 23:00:00,29.3,30.480423,29.270557,30.3594364
2022-06-03 00:00:00,29.4,29.813992,29.15959,29.7485518
2022-06-03 01:00:00,29.6,29.440512,28.4016,29.3366208
2022-06-03 02:00:00,29.4,29.271683,28.5345,29.1979647
2022-06-03 03:00:00,29.3,28.821987,28.535904,28.793378699999998
2022-06-03 04:00:00,29.0,28.529675,28.513437,28.5280512
2022-06-03 05:00:00,28.8,28.643648,28.788288,28.658112
2022-06-03 06:00:00,29.4,29.321085,29.530174,29.341993900000002
2022-06-03 07:00:00,30.8,30.246399,30.157133,30.237472399999998
2022-06-03 08:00:00,32.8,32.037086,31.389269,31.9723043
2022-06-03 09:00:00,34.3,33.99064,32.647278,33.8563038
2022-06-03 10:00:00,35.5,35.170784,33.869358,35.0406414
2022-06-03 11:00:00,35.6,35.575695,34.922997,35.5104252
2022-06-03 12:00:00,34.3,35.586346,35.4794,35.5756514
2022-06-03 13:00:00,34.2,34.788013,33.222263,34.631437999999996
2022-06-03 14:00:00,33.4,33.592037,32.567425,33.4895758
2022-06-03 15:00:00,32.8,32.761433,32.32409,32.7176987
2022-06-03 16:00:00,32.3,32.280922,31.269304,32.1797602
2022-06-03 17:00:00,31.5,31.49966,30.735268,31.4232208
2022-06-03 18:00:00,30.5,30.395319,30.086426,30.3644297
2022-06-03 19:00:00,29.9,30.016054,29.15895,29.9303436
2022-06-03 20:00:00,29.7,29.858372,28.847618,29.7572966
2022-06-03 21:00:00,29.7,29.802813,28.786516,29.7011833
2022-06-03 22:00:00,29.6,29.70865,28.709076,29.608692599999998
2022-06-03 23:00:00,29.4,29.638182,28.475697,29.521933500000003
2022-06-04 00:00:00,29.3,29.524012,28.44363,29.415973799999996
2022-06-04 01:00:00,29.4,29.837374,28.014648,29.6551014
2022-06-04 02:00:00,29.5,29.602724,28.072865,29.449738099999998
2022-06-04 03:00:00,29.4,29.233366,28.26828,29.1368574
2022-06-04 04:00:00,29.1,28.927301,28.542854,28.8888563
2022-06-04 05:00:00,28.6,28.856308,28.880125,28.8586897
2022-06-04 06:00:00,29.0,29.43512,29.1483,29.406438
2022-06-04 07:00:00,30.2,30.90943,29.869198,30.8054068
2022-06-04 08:00:00,31.9,32.07804,31.448233,32.015059300000004
2022-06-04 09:00:00,33.9,34.554058,32.41723,34.3403752
2022-06-04 10:00:00,35.6,34.727093,33.373886,34.5917723
2022-06-04 11:00:00,36.4,35.103203,34.51477,35.0443597
2022-06-04 12:00:00,35.5,34.790367,33.600136,34.671343900000004
2022-06-04 13:00:00,34.2,34.398865,32.849407,34.2439192
2022-06-04 14:00:00,33.3,33.599033,32.738365,33.5129662
2022-06-04 15:00:00,32.6,32.931313,32.137222,32.8519039
2022-06-04 16:00:00,31.9,32.29884,31.423302,32.211286199999996
2022-06-04 17:00:00,31.5,31.426964,30.963148,31.3805824
2022-06-04 18:00:00,30.2,30.552341,30.216427,30.5187496
2022-06-04 19:00:00,30.2,30.162807,29.440483,30.0905746
2022-06-04 20:00:00,30.3,29.800823,28.948917,29.7156324
2022-06-04 21:00:00,30.1,29.780909,28.806332,29.6834513
2022-06-04 22:00:00,30.4,29.78091,28.628761,29.6656951
2022-06-04 23:00:00,30.4,29.781996,28.490662,29.6528626
2022-06-05 00:00:00,30.2,29.78003,28.319626,29.6339896
2022-06-05 01:00:00,29.9,29.714146,27.87904,29.5306354
2022-06-05 02:00:00,29.3,29.768347,28.087051,29.6002174
2022-06-05 03:00:00,29.1,29.61184,28.273838,29.4780398
2022-06-05 04:00:00,29.1,29.17819,28.579803,29.1183513
2022-06-05 05:00:00,24.8,28.861303,28.740189,28.8491916
2022-06-05 06:00:00,25.2,29.399302,28.960949,29.355466699999997
2022-06-05 07:00:00,25.6,30.720495,29.770042,30.6254497
2022-06-05 08:00:00,26.3,32.567245,30.964184,32.4069389
2022-06-05 09:00:00,29.5,33.853027,32.326633,33.7003876
2022-06-05 10:00:00,31.4,35.481594,33.73094,35.3065286
2022-06-05 11:00:00,32.9,35.87434,34.722183,35.759124299999996
2022-06-05 12:00:00,34.5,35.709873,34.87381,35.6262667
2022-06-05 13:00:00,35.3,34.713512,33.12745,34.5549058
2022-06-05 14:00:00,34.9,33.744263,32.49917,33.6197537
2022-06-05 15:00:00,33.8,32.62766,31.948887,32.5597827
2022-06-05 16:00:00,32.8,31.961811,31.3732,31.9029499
2022-06-05 17:00:00,29.5,31.408512,30.543114,31.3219722
2022-06-05 18:00:00,29.0,30.69664,29.934757,30.620451699999997
2022-06-05 19:00:00,28.7,30.383907,29.173424,30.2628587
2022-06-05 20:00:00,28.3,30.389751,29.100346,30.2608105
2022-06-05 21:00:00,28.4,30.08615,28.994843,29.977019300000002
2022-06-05 22:00:00,28.0,30.281635,28.66412,30.119883500000004
2022-06-05 23:00:00,27.8,30.072954,28.862953,29.9519539
2022-06-06 00:00:00,27.4,29.85694,28.794233,29.750669300000002
2022-06-06 01:00:00,27.1,29.835665,28.402094,29.6923079
2022-06-06 02:00:00,26.9,29.511072,28.540358,29.414000599999998
2022-06-06 03:00:00,26.5,29.53834,28.263176,29.4108236
2022-06-06 04:00:00,26.5,29.147276,28.477024,29.0802508
2022-06-06 05:00:00,26.4,27.330212,28.661451,27.4633359
2022-06-06 06:00:00,26.8,27.028233,26.635214,26.988931100000002
2022-06-06 07:00:00,28.3,27.676132,28.531857,27.7617045
2022-06-06 08:00:00,30.1,29.625364,28.997429,29.5625705
2022-06-06 09:00:00,32.2,31.615065,29.709558,31.424514300000002
2022-06-06 10:00:00,34.2,32.173656,32.31784,32.1880744
2022-06-06 11:00:00,35.7,33.291058,33.04058,33.2660102
2022-06-06 12:00:00,36.4,34.41656,33.905155,34.3654195
2022-06-06 13:00:00,34.0,34.69583,34.232838,34.6495308
2022-06-06 14:00:00,34.9,34.33224,34.09049,34.308065
2022-06-06 15:00:00,34.2,33.87617,32.957138,33.784266800000005
2022-06-06 16:00:00,33.6,32.74188,31.68955,32.636647
2022-06-06 17:00:00,33.8,31.136847,30.801971,31.1033594
2022-06-06 18:00:00,32.5,29.759539,28.291536,29.612738699999998
2022-06-06 19:00:00,31.6,29.614574,29.352531,29.5883697
2022-06-06 20:00:00,30.8,29.392195,28.699694,29.3229449
2022-06-06 21:00:00,30.4,29.20624,28.423359,29.1279519
2022-06-06 22:00:00,29.9,29.22562,28.30579,29.133637
2022-06-06 23:00:00,29.6,28.785357,28.029192,28.7097405
2022-06-07 00:00:00,29.6,28.654343,28.076199,28.5965286
2022-06-07 01:00:00,29.5,28.175602,27.490526,28.1070944
2022-06-07 02:00:00,29.2,27.793112,27.287708,27.7425716
2022-06-07 03:00:00,29.0,27.64982,27.246754,27.609513399999997
2022-06-07 04:00:00,28.5,27.531523,27.261423,27.504513
2022-06-07 05:00:00,28.8,26.894825,27.644644,26.9698069
2022-06-07 06:00:00,29.2,27.041765,27.439976,27.081586100000003
2022-06-07 07:00:00,30.5,28.286194,28.316069,28.289181499999998
2022-06-07 08:00:00,32.0,29.734009,29.84859,29.745467100000003
2022-06-07 09:00:00,33.4,32.02582,31.012096,31.924447600000004
2022-06-07 10:00:00,35.0,33.74952,32.741783,33.6487463
2022-06-07 11:00:00,36.3,33.92911,33.87378,33.923577
2022-06-07 12:00:00,37.4,34.528393,34.56848,34.5324017
2022-06-07 13:00:00,37.5,33.675148,34.851036,33.7927368
2022-06-07 14:00:00,36.5,34.392666,32.801483,34.233547699999995
2022-06-07 15:00:00,36.3,33.379105,34.171364,33.4583309
2022-06-07 16:00:00,35.7,33.109318,32.119854,33.0103716
2022-06-07 17:00:00,29.2,32.207825,31.476793,32.1347218
2022-06-07 18:00:00,29.7,30.29808,31.07003,30.375275
2022-06-07 19:00:00,29.4,30.430708,30.041126,30.3917498
2022-06-07 20:00:00,29.3,30.221664,29.481735,30.1476711
2022-06-07 21:00:00,30.1,30.111706,29.127823,30.0133177
2022-06-07 22:00:00,29.4,29.596357,28.846012,29.5213225
2022-06-07 23:00:00,28.9,29.447344,28.56124,29.3587336
2022-06-08 00:00:00,28.8,28.856329,28.427933,28.813489399999998
2022-06-08 01:00:00,28.8,28.813105,28.06474,28.7382685
2022-06-08 02:00:00,28.7,28.91599,28.018055,28.826196500000002
2022-06-08 03:00:00,28.5,28.667032,28.223488,28.6226776
2022-06-08 04:00:00,28.5,28.420397,28.285343,28.4068916
2022-06-08 05:00:00,29.2,28.377897,28.441954,28.384302700000003
2022-06-08 06:00:00,29.7,28.61025,29.148874,28.6641124
2022-06-08 07:00:00,30.8,29.94149,29.508366,29.8981776
2022-06-08 08:00:00,32.2,31.36033,31.096157,31.3339127
2022-06-08 09:00:00,33.5,33.10295,32.14993,33.007647999999996
2022-06-08 10:00:00,34.7,34.79498,33.27571,34.643053
2022-06-08 11:00:00,35.4,36.17916,34.43065,36.004309
2022-06-08 12:00:00,34.3,36.854893,35.203033,36.689707
2022-06-08 13:00:00,33.7,36.41295,35.583946,36.3300496
2022-06-08 14:00:00,33.2,35.25463,34.735027,35.2026697
2022-06-08 15:00:00,32.8,35.030514,33.615875,34.8890501
2022-06-08 16:00:00,32.3,33.520325,33.11989,33.4802815
2022-06-08 17:00:00,30.6,32.400528,32.1968,32.3801552
2022-06-08 18:00:00,29.5,31.066404,28.632843,30.8230479
2022-06-08 19:00:00,29.4,29.91583,30.289629,29.9532099
2022-06-08 20:00:00,29.4,29.549429,29.093304,29.5038165
2022-06-08 21:00:00,29.4,29.911549,28.735977,29.7939918
2022-06-08 22:00:00,29.2,29.284328,28.89708,29.245603199999998
2022-06-08 23:00:00,29.0,28.840921,28.608055,28.8176344
2022-06-09 00:00:00,28.8,29.015001,28.617485,28.975249400000003
2022-06-09 01:00:00,28.8,29.018436,28.199627,28.9365551
2022-06-09 02:00:00,28.9,28.719301,28.33865,28.6812359
2022-06-09 03:00:00,28.8,28.632977,28.293606,28.5990399
2022-06-09 04:00:00,28.5,28.40354,28.506584,28.413844400000002
2022-06-09 05:00:00,28.4,28.64786,28.767899,28.6598639
2022-06-09 06:00:00,28.7,29.062708,29.485493,29.104986500000003
2022-06-09 07:00:00,29.9,30.244698,30.120707,30.2322989
2022-06-09 08:00:00,31.7,31.472971,31.265934,31.452267300000003
2022-06-09 09:00:00,33.4,33.241512,32.3395,33.1513108
2022-06-09 10:00:00,35.1,34.037807,33.490524,33.9830787
2022-06-09 11:00:00,36.4,34.110153,34.518726,34.151010299999996
2022-06-09 12:00:00,36.7,33.33119,34.576847,33.4557557
2022-06-09 13:00:00,35.8,34.23744,32.985085,34.1122045
2022-06-09 14:00:00,34.8,33.60592,33.00975,33.546302999999995
2022-06-09 15:00:00,34.0,33.09376,32.408077,33.0251917
2022-06-09 16:00:00,32.8,33.16425,31.892368,33.037061800000004
2022-06-09 17:00:00,32.4,30.946749,30.982666,30.950340699999998
2022-06-09 18:00:00,31.0,29.980267,29.006105,29.8828508
2022-06-09 19:00:00,30.4,29.55312,29.235594,29.5213674
2022-06-09 20:00:00,30.1,29.387377,28.803917,29.329031
2022-06-09 21:00:00,30.0,29.556572,28.691826,29.470097399999997
2022-06-09 22:00:00,29.6,29.39484,28.651321,29.3204881
2022-06-09 23:00:00,29.2,29.098698,28.349127,29.0237409
2022-06-10 00:00:00,29.2,29.069588,28.242672,28.9868964
2022-06-10 01:00:00,29.4,29.05888,27.654224,28.918414399999996
2022-06-10 02:00:00,29.3,29.1199,27.732939,28.9812039
2022-06-10 03:00:00,29.1,28.880915,28.098675,28.802691000000003
2022-06-10 04:00:00,28.9,28.604605,28.214298,28.5655743
2022-06-10 05:00:00,28.7,28.886988,28.483633,28.846652499999998
2022-06-10 06:00:00,29.1,29.370993,28.928747,29.3267684
2022-06-10 07:00:00,30.6,30.50405,29.55737,30.409382
2022-06-10 08:00:00,32.0,32.323208,30.819756,32.1728628
2022-06-10 09:00:00,33.4,33.3231,32.21507,33.21229699999999
2022-06-10 10:00:00,35.1,35.13145,33.494884,34.967793400000005
2022-06-10 11:00:00,36.5,35.99295,34.656956,35.8593506
2022-06-10 12:00:00,36.7,36.320198,35.286682,36.216846399999994
2022-06-10 13:00:00,34.6,34.761368,34.924675,34.777698699999995
2022-06-10 14:00:00,34.4,34.445133,33.371902,34.337809899999996
2022-06-10 15:00:00,33.1,33.54274,32.334576,33.4219236
2022-06-10 16:00:00,31.9,32.745884,31.878723,32.6591679
2022-06-10 17:00:00,30.6,31.983961,31.007252,31.8862901
2022-06-10 18:00:00,30.1,30.824732,30.233643,30.765623100000003
2022-06-10 19:00:00,29.7,30.290495,29.508793,30.2123248
2022-06-10 20:00:00,29.7,29.873306,29.386835,29.8246589
2022-06-10 21:00:00,29.7,29.810858,29.086445,29.738416700000002
2022-06-10 22:00:00,29.6,29.433208,28.853209,29.375208100000002
2022-06-10 23:00:00,29.5,29.050789,28.557775,29.0014876
2022-06-11 00:00:00,29.6,29.131737,28.352861,29.053849400000004
2022-06-11 01:00:00,29.7,29.112171,28.027111,29.003665
2022-06-11 02:00:00,29.5,28.967512,28.280155,28.898776299999998
2022-06-11 03:00:00,29.4,28.827852,28.352617,28.7803285
2022-06-11 04:00:00,29.2,28.491356,28.391678,28.481388199999998
2022-06-11 05:00:00,28.8,28.429882,28.639574,28.4508512
2022-06-11 06:00:00,29.3,28.699823,29.025019,28.7323426
2022-06-11 07:00:00,30.7,30.239138,29.656746,30.1808988
2022-06-11 08:00:00,32.3,32.000786,31.332113,31.9339187
2022-06-11 09:00:00,33.7,33.582436,32.493633,33.473555700000006
2022-06-11 10:00:00,34.8,35.410263,33.648384,35.2340751
2022-06-11 11:00:00,35.2,35.757908,34.890305,35.6711477
2022-06-11 12:00:00,34.0,35.879143,35.39951,35.8311797
2022-06-11 13:00:00,33.7,35.19731,35.277294,35.2053084
2022-06-11 14:00:00,32.6,34.773174,32.61501,34.557357599999996
2022-06-11 15:00:00,32.1,33.590145,32.763477,33.5074782
2022-06-11 16:00:00,31.3,32.455452,31.449663,32.3548731
2022-06-11 17:00:00,30.2,31.265636,30.785883,31.2176607
2022-06-11 18:00:00,29.4,30.44229,29.860268,30.384087800000003
2022-06-11 19:00:00,29.4,30.207455,29.405529,30.1272624
2022-06-11 20:00:00,29.2,29.849276,29.046986,29.769047
2022-06-11 21:00:00,29.2,29.763866,28.819344,29.6694138
2022-06-11 22:00:00,29.1,29.489094,28.724525,29.4126371
2022-06-11 23:00:00,29.0,29.25916,28.564981,29.1897421
2022-06-12 00:00:00,29.2,29.321548,28.501804,29.2395736
2022-06-12 01:00:00,28.7,29.491768,28.379248,29.380516
2022-06-12 02:00:00,28.5,29.264378,28.416399,29.179580100000003
2022-06-12 03:00:00,28.2,29.140947,28.58699,29.0855513
2022-06-12 04:00:00,28.0,29.082613,28.812689,29.055620599999997
2022-06-12 05:00:00,27.4,28.727669,28.922619,28.747163999999998
2022-06-12 06:00:00,28.1,29.130745,28.966362,29.1143067
2022-06-12 07:00:00,29.7,30.6514,30.050058,30.5912658
2022-06-12 08:00:00,31.6,32.192116,31.398113,32.1127157
2022-06-12 09:00:00,33.5,33.610027,32.608612,33.5098855
2022-06-12 10:00:00,34.8,35.124004,33.65186,34.9767896
2022-06-12 11:00:00,34.6,35.364506,34.680023,35.2960577
2022-06-12 12:00:00,33.4,34.59195,34.647865,34.5975415
2022-06-12 13:00:00,33.1,34.038315,32.899742,33.9244577
2022-06-12 14:00:00,33.7,33.22599,32.58876,33.162267
2022-06-12 15:00:00,32.3,32.373726,32.14103,32.3504564
2022-06-12 16:00:00,31.1,31.495583,31.362045,31.4822292
2022-06-12 17:00:00,30.6,30.497179,30.317686,30.479229699999998
2022-06-12 18:00:00,29.7,29.533836,29.273914,29.507843800000003
2022-06-12 19:00:00,29.1,29.402832,29.045044,29.3670532
2022-06-12 20:00:00,28.7,29.356157,28.761196,29.2966609
2022-06-12 21:00:00,28.6,29.361761,28.586342,29.2842191
2022-06-12 22:00:00,28.6,29.158722,28.441168,29.0869666
2022-06-12 23:00:00,28.4,28.982737,28.285543,28.9130176
2022-06-13 00:00:00,28.2,29.141157,28.143333,29.041374599999997
2022-06-13 01:00:00,28.1,28.993376,27.836884,28.8777268
2022-06-13 02:00:00,28.0,28.765211,28.075775,28.696267400000004
2022-06-13 03:00:00,27.9,28.616753,28.270245,28.5821022
2022-06-13 04:00:00,27.8,28.389763,28.289669,28.3797536
2022-06-13 05:00:00,28.0,28.255596,28.447721,28.274808500000002
2022-06-13 06:00:00,28.5,28.606771,28.226738,28.5687677
2022-06-13 07:00:00,29.6,29.922842,29.429197,29.8734775
2022-06-13 08:00:00,31.5,31.178757,30.739534,31.134834700000003
2022-06-13 09:00:00,33.6,33.355324,32.166748,33.236466400000005
2022-06-13 10:00:00,35.0,33.94294,33.094826,33.8581286
2022-06-13 11:00:00,35.7,34.3967,33.52006,34.309036000000006
2022-06-13 12:00:00,34.9,33.99217,33.096077,33.9025607
2022-06-13 13:00:00,34.2,32.962982,32.11975,32.8786588
2022-06-13 14:00:00,33.8,33.0283,32.118065,32.9372765
2022-06-13 15:00:00,33.6,32.606644,32.096287,32.5556083
2022-06-13 16:00:00,32.1,31.379255,30.909595,31.332289000000003
2022-06-13 17:00:00,31.4,30.549072,30.265173,30.5206821
2022-06-13 18:00:00,30.4,29.694782,29.755571,29.7008609
2022-06-13 19:00:00,29.9,29.357777,29.275948,29.349594099999997
2022-06-13 20:00:00,29.6,28.957766,28.823895,28.9443789
2022-06-13 21:00:00,29.1,28.811346,28.36562,28.7667734
2022-06-13 22:00:00,26.4,28.827435,28.18591,28.7632825
2022-06-13 23:00:00,26.4,28.742846,28.21713,28.6902744
2022-06-14 00:00:00,26.4,28.510178,27.993767,28.4585369
2022-06-14 01:00:00,26.0,28.292633,27.567345,28.220104199999998
2022-06-14 02:00:00,25.8,28.237427,27.482056,28.1618899
2022-06-14 03:00:00,25.8,27.888248,27.710978,27.870521
2022-06-14 04:00:00,25.9,27.88893,27.657198,27.8657568
2022-06-14 05:00:00,26.6,27.999702,28.006996,28.000431399999997
2022-06-14 06:00:00,27.1,28.31328,28.29231,28.311183
2022-06-14 07:00:00,28.1,29.784746,29.104675,29.7167389
2022-06-14 08:00:00,29.2,31.277287,30.42304,31.1918623
2022-06-14 09:00:00,30.4,32.650288,31.842625,32.5695217
2022-06-14 10:00:00,31.8,34.13333,33.004837,34.0204807
2022-06-14 11:00:00,32.7,34.811058,33.7129,34.7012422
2022-06-14 12:00:00,32.2,34.555668,33.045677,34.4046689
2022-06-14 13:00:00,31.2,33.95106,32.647865,33.8207405
2022-06-14 14:00:00,31.3,33.448566,32.28305,33.3320144
2022-06-14 15:00:00,31.2,33.22703,31.875175,33.0918445
2022-06-14 16:00:00,30.7,32.200745,31.348396,32.115510099999995
2022-06-14 17:00:00,30.6,31.249243,30.253826,31.1497013
2022-06-14 18:00:00,29.5,30.517267,29.960064,30.4615467
2022-06-14 19:00:00,29.0,29.765823,29.362015,29.7254422
2022-06-14 20:00:00,28.8,29.474438,28.828213,29.4098155
2022-06-14 21:00:00,28.6,29.35752,28.587288,29.280496799999998
2022-06-14 22:00:00,28.6,28.42372,28.297657,28.411113699999998
2022-06-14 23:00:00,26.4,27.687157,27.185741,27.6370154
2022-06-15 00:00:00,25.9,27.061869,27.336319,27.089314
2022-06-15 01:00:00,25.8,27.119963,27.146122,27.122578899999997
2022-06-15 02:00:00,25.6,27.153503,26.326412,27.070793899999998
2022-06-15 03:00:00,25.6,27.092186,26.151237,26.9980911
2022-06-15 04:00:00,25.4,26.56519,27.283962,26.6370672
2022-06-15 05:00:00,25.7,27.289934,27.267662,27.2877068
2022-06-15 06:00:00,26.4,28.046339,27.745628,28.0162679
2022-06-15 07:00:00,27.7,28.654488,28.52776,28.6418152
2022-06-15 08:00:00,29.3,30.591997,29.449177,30.477714999999996
2022-06-15 09:00:00,31.0,31.985258,29.648472,31.751579400000004
2022-06-15 10:00:00,32.2,31.9507,30.884056,31.844035599999998
2022-06-15 11:00:00,32.5,32.808273,31.717855,32.6992312
2022-06-15 12:00:00,31.9,32.541447,32.445568,32.5318591
2022-06-15 13:00:00,30.9,32.340202,31.819485,32.2881303
2022-06-15 14:00:00,30.9,31.748884,31.11443,31.685438599999998
2022-06-15 15:00:00,30.7,31.35719,30.809593,31.3024303
2022-06-15 16:00:00,30.1,30.83793,30.471607,30.8012977
2022-06-15 17:00:00,29.8,30.43774,29.998856,30.3938516
2022-06-15 18:00:00,29.1,29.796442,29.475826,29.7643804
2022-06-15 19:00:00,28.6,29.174042,28.867424,29.1433802
2022-06-15 20:00:00,28.4,28.965374,28.433172,28.9121538
2022-06-15 21:00:00,28.2,28.711052,28.119514,28.651898199999998
2022-06-15 22:00:00,28.2,28.372248,27.966658,28.331689
2022-06-15 23:00:00,26.8,27.784687,27.588161,27.7650344
2022-06-16 00:00:00,25.4,27.007994,26.975784,27.004773
2022-06-16 01:00:00,25.3,26.786877,26.592943,26.7674836
2022-06-16 02:00:00,25.3,26.335567,26.299643,26.331974600000002
2022-06-16 03:00:00,25.0,26.15062,26.584763,26.194034300000002
2022-06-16 04:00:00,24.9,26.282211,26.54365,26.308354899999998
2022-06-16 05:00:00,25.7,26.294077,26.64883,26.329552300000003
2022-06-16 06:00:00,26.5,26.953068,27.29881,26.987642199999996
2022-06-16 07:00:00,27.7,28.10088,28.112488,28.102040799999997
2022-06-16 08:00:00,29.1,29.47596,29.081665,29.4365305
2022-06-16 09:00:00,30.3,30.807028,30.42604,30.7689292
2022-06-16 10:00:00,30.8,31.692755,31.62179,31.6856585
2022-06-16 11:00:00,30.3,32.044933,33.01771,32.1422107
2022-06-16 12:00:00,30.3,32.248756,31.686996,32.19258
2022-06-16 13:00:00,30.3,31.538609,31.369926,31.521740700000002
2022-06-16 14:00:00,30.2,31.311142,30.750212,31.255049
2022-06-16 15:00:00,29.9,30.923223,30.77878,30.9087787
2022-06-16 16:00:00,29.4,30.43599,30.229647,30.4153557
2022-06-16 17:00:00,29.4,30.029316,29.576916,29.984076
2022-06-16 18:00:00,28.7,29.399143,29.161386,29.3753673
2022-06-16 19:00:00,28.3,28.887842,28.444395,28.8434973
2022-06-16 20:00:00,28.1,28.759043,28.197556,28.7028943
2022-06-16 21:00:00,28.0,28.452394,27.873724,28.394527
2022-06-16 22:00:00,28.0,28.522118,27.756428,28.445549
2022-06-16 23:00:00,27.8,27.885777,27.74624,27.8718233
2022-06-17 00:00:00,27.6,26.894554,27.017902,26.906888799999997
2022-06-17 01:00:00,27.4,26.497322,26.1072,26.458309800000002
2022-06-17 02:00:00,27.2,26.333378,26.112503,26.3112905
2022-06-17 03:00:00,27.0,25.847448,25.99179,25.8618822
2022-06-17 04:00:00,26.7,25.92305,26.50492,25.981237
2022-06-17 05:00:00,26.4,26.41858,26.404266,26.417148599999997
2022-06-17 06:00:00,27.0,27.041004,27.448715,27.0817751
2022-06-17 07:00:00,27.7,28.104576,27.69793,28.063911400000002
2022-06-17 08:00:00,28.9,29.603436,28.975067,29.5405991
2022-06-17 09:00:00,30.2,30.678532,30.319874,30.6426662
2022-06-17 10:00:00,30.9,31.072851,30.876278,31.0531937
2022-06-17 11:00:00,31.2,31.110434,30.991652,31.0985558
2022-06-17 12:00:00,29.2,31.445961,30.897444,31.3911093
2022-06-17 13:00:00,29.9,31.260426,31.244835,31.2588669
2022-06-17 14:00:00,30.4,31.158806,30.954885,31.138413899999996
2022-06-17 15:00:00,29.7,30.943506,30.7668,30.9258354
2022-06-17 16:00:00,29.6,30.361092,30.29427,30.3544098
2022-06-17 17:00:00,30.0,29.926516,29.593067,29.8931711
2022-06-17 18:00:00,29.1,29.188175,29.303888,29.1997463
2022-06-17 19:00:00,28.7,28.747843,28.585464,28.7316051
2022-06-17 20:00:00,28.3,28.598923,28.210651,28.5600958
2022-06-17 21:00:00,28.2,28.223532,28.060614,28.2072402
2022-06-17 22:00:00,28.0,28.071016,27.799423,28.0438567
2022-06-17 23:00:00,27.9,27.796629,27.695919,27.786558
2022-06-18 00:00:00,27.8,27.653097,27.286901,27.616477399999997
2022-06-18 01:00:00,27.7,27.553612,26.768814,27.4751322
2022-06-18 02:00:00,27.6,27.38982,26.79735,27.330573
2022-06-18 03:00:00,27.4,27.075232,26.846096,27.052318399999997
2022-06-18 04:00:00,27.2,26.752104,26.843254,26.761218999999997
2022-06-18 05:00:00,27.2,26.573826,27.183079,26.6347513
2022-06-18 06:00:00,27.6,27.151058,27.487278,27.18468
2022-06-18 07:00:00,28.3,28.020693,28.27412,28.0460357
2022-06-18 08:00:00,29.3,29.219233,29.22283,29.2195927
2022-06-18 09:00:00,30.6,30.81609,30.316996,30.7661806
2022-06-18 10:00:00,31.7,31.509584,31.27948,31.4865736
2022-06-18 11:00:00,32.7,31.738247,31.761463,31.7405686
2022-06-18 12:00:00,32.8,31.433323,31.50108,31.4400987
2022-06-18 13:00:00,30.9,31.15457,30.53074,31.092187
2022-06-18 14:00:00,29.8,30.95063,30.991941,30.9547611
2022-06-18 15:00:00,30.5,30.58488,30.89936,30.616327999999996
2022-06-18 16:00:00,30.0,30.199991,29.923487,30.172340600000002
2022-06-18 17:00:00,30.0,30.136497,29.83963,30.1068103
2022-06-18 18:00:00,29.2,29.238394,29.5377,29.2683246
2022-06-18 19:00:00,28.9,28.674946,28.669981,28.674449499999998
2022-06-18 20:00:00,27.2,28.3815,28.331692,28.3765192
2022-06-18 21:00:00,27.3,28.22239,27.96734,28.196885
2022-06-18 22:00:00,26.6,27.974688,27.833115,27.9605307
2022-06-18 23:00:00,25.8,27.847065,27.60014,27.8223725
2022-06-19 00:00:00,25.8,27.672314,27.507252,27.655807799999998
2022-06-19 01:00:00,25.7,27.494606,26.878954,27.4330408
2022-06-19 02:00:00,25.6,27.40281,26.976345,27.3601635
2022-06-19 03:00:00,25.7,27.328827,27.086622,27.3046065
2022-06-19 04:00:00,25.7,27.14679,27.154648,27.1475758
2022-06-19 05:00:00,25.9,27.228914,27.5242,27.258442600000002
2022-06-19 06:00:00,26.3,27.538748,27.927542,27.577627399999997
2022-06-19 07:00:00,27.6,28.335686,28.57053,28.3591704
2022-06-19 08:00:00,29.4,29.50472,29.359905,29.4902385
2022-06-19 09:00:00,31.3,30.763079,30.58525,30.7452961
2022-06-19 10:00:00,32.5,32.019737,31.563465,31.974109799999997
2022-06-19 11:00:00,33.2,32.432312,32.256905,32.414771300000005
2022-06-19 12:00:00,33.0,32.810326,32.72162,32.8014554
2022-06-19 13:00:00,32.3,31.745327,31.901577,31.760952
2022-06-19 14:00:00,31.6,31.035645,30.697998,31.001880299999996
2022-06-19 15:00:00,31.0,30.807314,30.345499,30.7611325
2022-06-19 16:00:00,30.8,30.22215,30.57885,30.25782
2022-06-19 17:00:00,30.2,29.979492,29.55865,29.9374078
2022-06-19 18:00:00,29.3,29.309576,29.512224,29.3298408
2022-06-19 19:00:00,28.7,28.885849,28.67572,28.8648361
2022-06-19 20:00:00,28.5,28.123297,28.370617,28.148029
2022-06-19 21:00:00,28.5,27.904747,27.600424,27.8743147
2022-06-19 22:00:00,28.3,27.601368,27.700596,27.611290800000003
2022-06-19 23:00:00,27.9,27.27304,26.847836,27.2305196
2022-06-20 00:00:00,27.7,26.824217,26.89652,26.8314473
2022-06-20 01:00:00,27.6,26.937447,26.664913,26.9101936
2022-06-20 02:00:00,27.4,26.588629,26.296743,26.5594404
2022-06-20 03:00:00,26.8,26.52799,26.49068,26.524259
2022-06-20 04:00:00,26.2,26.716969,26.619041,26.7071762
2022-06-20 05:00:00,26.1,26.87415,26.952147,26.8819497
2022-06-20 06:00:00,26.4,27.29197,27.024143,27.2651873
2022-06-20 07:00:00,27.2,28.324514,28.457489,28.3378115
2022-06-20 08:00:00,28.3,29.754978,29.250654,29.704545600000003
2022-06-20 09:00:00,30.3,30.64903,30.709965,30.6551235
2022-06-20 10:00:00,31.8,32.042362,31.879528,32.0260786
2022-06-20 11:00:00,32.7,32.966038,32.616337,32.931067899999995
2022-06-20 12:00:00,32.9,32.96615,33.229248,32.9924598
2022-06-20 13:00:00,33.2,32.072926,32.817444,32.1473778
2022-06-20 14:00:00,32.6,31.740887,31.21887,31.688685300000003
2022-06-20 15:00:00,31.6,31.251728,30.73532,31.200087200000002
2022-06-20 16:00:00,29.9,30.905493,30.484356,30.8633793
2022-06-20 17:00:00,29.0,30.468874,30.170425,30.4390291
2022-06-20 18:00:00,28.4,29.53692,29.285141,29.5117421
2022-06-20 19:00:00,27.4,28.983757,28.690502,28.954431500000002
2022-06-20 20:00:00,27.0,28.678331,28.269987,28.637496600000002
2022-06-20 21:00:00,27.4,28.55045,27.88898,28.484303
2022-06-20 22:00:00,27.8,28.321531,27.896002,28.2789781
2022-06-20 23:00:00,27.6,28.073938,27.55768,28.0223122
2022-06-21 00:00:00,27.4,27.96812,27.316544,27.9029624
2022-06-21 01:00:00,27.2,27.719845,26.790024,27.6268629
2022-06-21 02:00:00,27.1,27.598911,26.877888,27.5268087
2022-06-21 03:00:00,27.0,26.98606,26.940422,26.9814962
2022-06-21 04:00:00,26.8,26.66351,26.793226,26.6764816
2022-06-21 05:00:00,26.4,26.707857,27.452745,26.7823458
2022-06-21 06:00:00,27.1,26.834578,27.278614,26.8789816
2022-06-21 07:00:00,27.5,27.72121,28.25811,27.7749
2022-06-21 08:00:00,28.7,29.097359,28.944384,29.0820615
2022-06-21 09:00:00,29.9,30.944403,30.309616,30.8809243
2022-06-21 10:00:00,31.4,31.416653,31.787436,31.4537313
2022-06-21 11:00:00,32.3,32.35788,32.503754,32.372467400000005
2022-06-21 12:00:00,33.1,32.260105,32.956707,32.329765200000004
2022-06-21 13:00:00,33.0,32.475822,32.5546,32.4836998
2022-06-21 14:00:00,32.8,32.17237,32.70415,32.225547999999996
2022-06-21 15:00:00,31.6,31.403906,32.10179,31.4736944
2022-06-21 16:00:00,31.3,30.660122,30.723019,30.6664117
2022-06-21 17:00:00,30.3,30.349495,29.541885,30.268734000000002
2022-06-21 18:00:00,29.5,29.43254,27.952602,29.284546199999998
2022-06-21 19:00:00,29.3,28.481113,29.34293,28.5672947
2022-06-21 20:00:00,29.3,28.039988,27.733444,28.0093336
2022-06-21 21:00:00,28.5,28.233791,27.69038,28.179449899999998
2022-06-21 22:00:00,27.4,28.1574,27.841988,28.1258588
2022-06-21 23:00:00,27.0,27.8395,27.90422,27.845972
2022-06-22 00:00:00,26.9,27.824604,27.562819,27.7984255
2022-06-22 01:00:00,26.8,27.826675,27.113487,27.7553562
2022-06-22 02:00:00,26.7,27.614914,26.9426,27.547682599999998
2022-06-22 03:00:00,26.9,27.361198,27.1322,27.3382982
2022-06-22 04:00:00,26.4,27.091658,27.095226,27.092014799999998
2022-06-22 05:00:00,27.4,26.841204,27.234955,26.8805791
2022-06-22 06:00:00,27.5,27.263592,27.228573,27.2600901
2022-06-22 07:00:00,27.9,27.790115,28.320877,27.8431912
2022-06-22 08:00:00,28.8,28.887037,28.586952,28.8570285
2022-06-22 09:00:00,29.9,30.626469,30.356575,30.5994796
2022-06-22 10:00:00,31.1,31.279186,31.349197,31.2861871
2022-06-22 11:00:00,32.1,32.167427,32.39485,32.1901693
2022-06-22 12:00:00,32.5,32.776947,32.810646,32.7803169
2022-06-22 13:00:00,32.3,32.20841,33.349586,32.3225276
2022-06-22 14:00:00,31.5,32.259506,32.83373,32.3169284
2022-06-22 15:00:00,30.9,31.667723,31.91283,31.6922337
2022-06-22 16:00:00,30.5,31.10878,30.611958,31.0590978
2022-06-22 17:00:00,29.6,30.419064,30.00363,30.3775206
2022-06-22 18:00:00,29.1,29.330793,29.308832,29.3285969
2022-06-22 19:00:00,29.1,29.123238,28.978004,29.1087146
2022-06-22 20:00:00,28.9,28.966925,28.4636,28.9165925
2022-06-22 21:00:00,28.9,28.616667,28.267397,28.581739999999996
2022-06-22 22:00:00,28.8,28.159601,27.36806,28.0804469
2022-06-22 23:00:00,28.6,27.805283,27.31448,27.7562027
2022-06-23 00:00:00,28.4,27.39255,27.029655,27.356260499999998
2022-06-23 01:00:00,28.3,27.161623,26.827152,27.1281759
2022-06-23 02:00:00,28.2,26.83777,26.253891,26.7793821
2022-06-23 03:00:00,28.0,26.645813,26.182587,26.5994904
2022-06-23 04:00:00,27.8,26.492197,27.802694,26.6232467
2022-06-23 05:00:00,27.7,27.11144,27.178955,27.118191500000002
2022-06-23 06:00:00,27.9,27.41685,28.370672,27.5122322
2022-06-23 07:00:00,28.8,28.044563,28.925549,28.132661600000002
2022-06-23 08:00:00,30.2,29.169096,29.321232,29.1843096
2022-06-23 09:00:00,31.4,30.349583,30.624481,30.3770728
2022-06-23 10:00:00,32.6,31.455742,31.202843,31.4304521
2022-06-23 11:00:00,33.5,32.23088,32.40404,32.248196
2022-06-23 12:00:00,32.7,32.142864,32.896927,32.2182703
2022-06-23 13:00:00,33.4,31.952293,32.789223,32.035986
2022-06-23 14:00:00,33.1,31.758356,31.746233,31.7571437
2022-06-23 15:00:00,30.7,31.051388,31.20623,31.0668722
2022-06-23 16:00:00,29.2,30.766954,30.323044,30.722563
2022-06-23 17:00:00,30.6,29.962193,30.109596,29.9769333
2022-06-23 18:00:00,30.1,29.219982,29.001415,29.1981253
2022-06-23 19:00:00,30.0,29.061573,28.758217,29.0312374
2022-06-23 20:00:00,29.8,28.947367,28.660688,28.9186991
2022-06-23 21:00:00,29.4,28.81161,28.267246,28.7571736
2022-06-23 22:00:00,29.1,28.518744,28.070574,28.473927
2022-06-23 23:00:00,28.4,28.209747,27.870007,28.175773
2022-06-24 00:00:00,27.2,28.168428,27.77007,28.1285922
2022-06-24 01:00:00,27.0,28.02079,27.18369,27.93708
2022-06-24 02:00:00,27.0,27.912405,27.14585,27.8357495
2022-06-24 03:00:00,26.7,27.73891,27.22918,27.687937
2022-06-24 04:00:00,26.4,27.487936,27.441113,27.483253700000002
2022-06-24 05:00:00,26.2,27.293125,27.73146,27.3369585
2022-06-24 06:00:00,27.1,27.670374,28.289728,27.7323094
2022-06-24 07:00:00,28.5,28.429535,28.783834,28.464964900000002
2022-06-24 08:00:00,29.8,29.927387,29.840431,29.9186914
2022-06-24 09:00:00,30.6,31.0516,30.835665,31.030006500000002
2022-06-24 10:00:00,31.6,32.71973,31.94619,32.642376
2022-06-24 11:00:00,32.7,33.51104,32.87565,33.447501
2022-06-24 12:00:00,33.7,32.799576,33.51864,32.871482400000005
2022-06-24 13:00:00,34.6,33.328262,32.367844,33.2322202
2022-06-24 14:00:00,33.6,32.58887,33.296352,32.659618200000004
2022-06-24 15:00:00,33.9,31.116278,32.130558,31.217706
2022-06-24 16:00:00,34.1,30.382084,30.219904,30.365866
2022-06-24 17:00:00,31.7,30.371662,29.617218,30.296217600000002
2022-06-24 18:00:00,30.3,29.632893,29.75467,29.645070699999998
2022-06-24 19:00:00,29.8,29.583061,28.823044,29.5070593
2022-06-24 20:00:00,29.1,29.362637,28.775501,29.303923400000002
2022-06-24 21:00:00,28.6,29.05774,28.523724,29.004338399999998
2022-06-24 22:00:00,28.5,28.85513,28.262787,28.7958957
2022-06-24 23:00:00,28.5,28.279253,28.105415,28.2618692
2022-06-25 00:00:00,28.6,27.846092,27.754889,27.8369717
2022-06-25 01:00:00,28.5,27.635603,27.150316,27.5870743
2022-06-25 02:00:00,28.4,27.433569,27.236546,27.4138667
2022-06-25 03:00:00,27.8,27.195099,27.430275,27.2186166
2022-06-25 04:00:00,27.6,26.97167,27.285875,27.0030905
2022-06-25 05:00:00,27.5,26.928246,27.52551,26.987972400000004
2022-06-25 06:00:00,27.8,27.49698,27.571493,27.5044313
2022-06-25 07:00:00,28.9,28.685865,28.703691,28.6876476
2022-06-25 08:00:00,30.4,30.217144,30.044098,30.199839400000002
2022-06-25 09:00:00,31.6,31.352732,31.207937,31.3382525
2022-06-25 10:00:00,32.7,32.59486,31.962667,32.5316407
2022-06-25 11:00:00,33.9,33.492702,32.850918,33.4285236
2022-06-25 12:00:00,34.5,33.927235,33.265068,33.861018300000005
2022-06-25 13:00:00,35.0,34.79318,33.236694,34.6375314
2022-06-25 14:00:00,34.4,34.1844,33.6933,34.13529
2022-06-25 15:00:00,31.5,33.45264,32.24552,33.331928000000005
2022-06-25 16:00:00,30.5,32.90715,32.25804,32.842239
2022-06-25 17:00:00,31.0,31.690613,31.490757,31.6706274
2022-06-25 18:00:00,29.9,30.4783,29.969185,30.4273885
2022-06-25 19:00:00,30.0,30.195742,29.524601,30.128627899999998
2022-06-25 20:00:00,29.5,29.69002,28.695917,29.5906097
2022-06-25 21:00:00,29.3,29.310047,28.722187,29.251261
2022-06-25 22:00:00,29.1,29.13469,28.184864,29.039707399999998
2022-06-25 23:00:00,28.9,28.749237,28.065777,28.680891
2022-06-26 00:00:00,28.7,28.731989,27.992119,28.658002
2022-06-26 01:00:00,28.3,28.552574,27.464323,28.4437489
2022-06-26 02:00:00,28.0,28.655443,27.7206,28.5619587
2022-06-26 03:00:00,28.1,28.336615,27.829735,28.285927
2022-06-26 04:00:00,28.2,27.95882,27.745068,27.9374448
2022-06-26 05:00:00,28.3,27.514727,28.077099,27.5709642
2022-06-26 06:00:00,28.5,27.933352,28.432953,27.9833121
2022-06-26 07:00:00,29.1,29.023985,29.071957,29.0287822
2022-06-26 08:00:00,30.1,30.47213,30.220478,30.4469648
2022-06-26 09:00:00,31.0,31.549742,31.377712,31.532539
2022-06-26 10:00:00,31.6,32.911186,32.25543,32.8456104
2022-06-26 11:00:00,32.4,33.812664,33.21595,33.7529926
2022-06-26 12:00:00,32.8,34.60966,33.77415,34.526109
2022-06-26 13:00:00,33.5,35.001263,33.789703,34.880107
2022-06-26 14:00:00,33.5,33.513634,33.820873,33.5443579
2022-06-26 15:00:00,32.2,32.878895,33.078724,32.8988779
2022-06-26 16:00:00,30.6,31.727785,30.589218,31.6139283
2022-06-26 17:00:00,30.2,31.069885,30.563358,31.0192323
2022-06-26 18:00:00,28.4,30.257412,29.866982,30.218369
2022-06-26 19:00:00,28.6,30.118774,29.131256,30.0200222
2022-06-26 20:00:00,28.5,29.564655,29.188065,29.526995999999997
2022-06-26 21:00:00,28.5,29.196701,28.558756,29.132906499999997
2022-06-26 22:00:00,28.3,28.955313,28.293499,28.889131600000002
2022-06-26 23:00:00,28.3,28.748266,28.42767,28.7162064
2022-06-27 00:00:00,28.2,28.651842,28.234632,28.610121
2022-06-27 01:00:00,27.9,28.558918,27.631418,28.466168
2022-06-27 02:00:00,27.6,28.434404,27.547989,28.345762500000003
2022-06-27 03:00:00,27.2,28.018362,27.497938,27.9663196
2022-06-27 04:00:00,26.9,28.035028,27.803482,28.0118734
2022-06-27 05:00:00,27.0,27.974407,28.433327,28.020298999999998
2022-06-27 06:00:00,27.4,28.255066,28.88837,28.318396399999997
2022-06-27 07:00:00,28.4,29.136791,29.407948,29.1639067
2022-06-27 08:00:00,29.7,30.382736,30.324377,30.3769001
2022-06-27 09:00:00,31.1,31.346,31.429634,31.3543634
2022-06-27 10:00:00,32.3,31.32469,32.041695,31.3963905
2022-06-27 11:00:00,33.1,31.96908,32.573956,32.0295676
2022-06-27 12:00:00,33.2,32.475754,32.92884,32.5210626
2022-06-27 13:00:00,31.8,32.888077,32.968353,32.8961046
2022-06-27 14:00:00,31.2,33.161533,33.216408,33.1670205
2022-06-27 15:00:00,31.4,32.13778,33.1306,32.237062
2022-06-27 16:00:00,30.8,31.000328,30.433067,30.943601899999997
2022-06-27 17:00:00,30.2,30.340973,29.747288,30.2816045
2022-06-27 18:00:00,29.1,28.906187,29.701706,28.985738899999998
2022-06-27 19:00:00,28.8,29.200842,28.65634,29.146391800000004
2022-06-27 20:00:00,28.6,28.721348,28.693779,28.7185911
2022-06-27 21:00:00,28.5,28.502712,28.156704,28.4681112
2022-06-27 22:00:00,28.3,28.289806,28.039127,28.2647381
2022-06-27 23:00:00,28.2,28.18203,27.81509,28.145336
2022-06-28 00:00:00,28.2,27.985733,27.864346,27.9735943
2022-06-28 01:00:00,28.1,27.674046,27.413208,27.647962200000002
2022-06-28 02:00:00,27.8,27.451656,27.257076,27.432198
2022-06-28 03:00:00,27.5,27.132217,27.198072,27.1388025
2022-06-28 04:00:00,27.2,26.85677,27.266232,26.8977162
2022-06-28 05:00:00,27.4,27.089384,27.60956,27.1414016
2022-06-28 06:00:00,27.8,27.542446,27.307274,27.5189288
2022-06-28 07:00:00,29.1,28.669645,28.189299,28.6216104
2022-06-28 08:00:00,30.6,29.531296,29.29533,29.5076994
2022-06-28 09:00:00,32.1,30.600727,30.846647,30.625318999999998
2022-06-28 10:00:00,33.3,31.72847,31.991573,31.7547803
2022-06-28 11:00:00,34.2,32.742046,32.511234,32.7189648
2022-06-28 12:00:00,34.7,33.425484,33.01597,33.3845326
2022-06-28 13:00:00,34.8,32.48944,31.554943,32.3959903
2022-06-28 14:00:00,32.7,31.66075,30.945597,31.5892347
2022-06-28 15:00:00,30.8,31.4555,30.723766,31.3823266
2022-06-28 16:00:00,29.2,30.723167,30.351334,30.6859837
2022-06-28 17:00:00,29.5,30.156532,29.681444,30.1090232
2022-06-28 18:00:00,28.3,28.82334,28.802288,28.8212348
2022-06-28 19:00:00,28.1,28.531023,28.3284,28.5107607
2022-06-28 20:00:00,28.3,28.292225,28.202648,28.2832673
2022-06-28 21:00:00,28.0,28.283962,28.054623,28.261028099999997
2022-06-28 22:00:00,28.1,27.98656,27.892445,27.9771485
2022-06-28 23:00:00,28.3,27.922222,27.7658,27.9065798
2022-06-29 00:00:00,28.1,27.80337,27.695435,27.792576500000003
2022-06-29 01:00:00,27.7,27.6519,27.356052,27.6223152
2022-06-29 02:00:00,27.5,27.526266,27.285313,27.5021707
2022-06-29 03:00:00,27.2,27.10566,27.284245,27.1235185
2022-06-29 04:00:00,27.5,27.043472,27.309767,27.0701015
2022-06-29 05:00:00,27.3,27.227276,27.57589,27.2621374
2022-06-29 06:00:00,27.4,27.563053,28.15354,27.622101699999998
2022-06-29 07:00:00,28.3,28.693916,28.680246,28.692549
2022-06-29 08:00:00,30.0,30.319141,29.897175,30.276944399999998
2022-06-29 09:00:00,31.5,31.28056,31.286186,31.2811226
2022-06-29 10:00:00,32.5,31.77963,32.23538,31.825205
2022-06-29 11:00:00,33.5,32.682453,32.897648,32.7039725
2022-06-29 12:00:00,34.5,32.755054,33.400764,32.819625
2022-06-29 13:00:00,35.1,33.250744,33.44428,33.2700976
2022-06-29 14:00:00,34.5,32.741158,32.191616,32.6862038
2022-06-29 15:00:00,32.7,31.710306,30.759361,31.6152115
2022-06-29 16:00:00,31.0,31.113535,30.382545,31.040436
2022-06-29 17:00:00,31.7,30.332354,29.836884,30.282807
2022-06-29 18:00:00,30.5,29.043104,29.83348,29.1221416
2022-06-29 19:00:00,29.7,28.852259,28.258408,28.7928739
2022-06-29 20:00:00,30.1,28.57147,28.360683,28.5503913
2022-06-29 21:00:00,29.6,28.306377,28.063189,28.2820582
2022-06-29 22:00:00,29.0,28.219635,28.036144,28.201285900000002
2022-06-29 23:00:00,28.7,28.261581,27.87138,28.222560899999998
2022-06-30 00:00:00,28.5,28.147184,27.724392,28.1049048
2022-06-30 01:00:00,28.5,27.964787,27.10997,27.879305300000002
2022-06-30 02:00:00,28.5,27.589163,26.919754,27.5222221
2022-06-30 03:00:00,28.2,27.462347,27.092512,27.425363500000003
2022-06-30 04:00:00,28.1,27.57203,27.13882,27.528709
2022-06-30 05:00:00,26.3,26.543785,27.734257,26.6628322
2022-06-30 06:00:00,26.9,27.609264,27.139992,27.5623368
2022-06-30 07:00:00,28.6,28.646318,28.805061,28.6621923
2022-06-30 08:00:00,30.5,29.912888,29.326382,29.8542374
2022-06-30 09:00:00,32.0,31.218832,31.02465,31.1994138
2022-06-30 10:00:00,33.2,31.902998,32.210403,31.9337385
2022-06-30 11:00:00,34.4,33.05592,32.743553,33.0246833
2022-06-30 12:00:00,35.1,33.80782,33.24889,33.751927
2022-06-30 13:00:00,34.5,34.23684,33.810303,34.1941863
2022-06-30 14:00:00,33.3,33.589302,33.44353,33.574724800000006
2022-06-30 15:00:00,29.5,32.38411,31.371517,32.2828507
2022-06-30 16:00:00,29.8,31.383062,30.804623,31.3252181
2022-06-30 17:00:00,30.8,31.131607,29.754059,30.9938522
2022-06-30 18:00:00,29.7,30.273031,30.368881,30.282615999999997
2022-06-30 19:00:00,29.4,29.155037,29.117079,29.1512412
2022-06-30 20:00:00,29.5,29.692387,28.684818,29.5916301
2022-06-30 21:00:00,28.4,29.346926,28.754307,29.2876641
2022-06-30 22:00:00,27.8,28.941845,28.521664,28.8998269
2022-06-30 23:00:00,27.4,28.687197,28.128876,28.6313649
2022-07-01 00:00:00,27.1,28.413916,28.13401,28.3859254
2022-07-01 01:00:00,27.2,28.351934,26.97967,28.2147076
2022-07-01 02:00:00,27.0,28.43185,27.211447,28.309809700000002
2022-07-01 03:00:00,26.9,28.208933,27.331205,28.1211602
2022-07-01 04:00:00,26.9,28.137852,27.287193,28.0527861
2022-07-01 05:00:00,26.3,27.388487,27.66962,27.416600300000002
2022-07-01 06:00:00,26.9,27.487705,27.12119,27.451053499999997
2022-07-01 07:00:00,28.2,28.329945,27.909569,28.2879074
2022-07-01 08:00:00,29.8,30.02253,29.308228,29.951099799999998
2022-07-01 09:00:00,31.3,31.598019,30.649612,31.503178300000002
2022-07-01 10:00:00,32.5,32.32163,31.574053,32.2468723
2022-07-01 11:00:00,33.4,33.121704,32.304935,33.0400271
2022-07-01 12:00:00,34.2,34.458694,33.128532,34.3256778
2022-07-01 13:00:00,34.7,34.715958,32.95404,34.5397662
2022-07-01 14:00:00,34.9,33.07336,31.252867,32.8913107
2022-07-01 15:00:00,34.4,31.514833,31.345955,31.4979452
2022-07-01 16:00:00,32.4,30.33899,29.497398,30.2548308
2022-07-01 17:00:00,31.3,30.58839,29.73412,30.502963
2022-07-01 18:00:00,29.8,29.83141,29.636698,29.8119388
2022-07-01 19:00:00,29.8,29.524958,28.472248,29.419687
2022-07-01 20:00:00,29.4,29.642012,28.460907,29.5239015
2022-07-01 21:00:00,29.0,28.663546,28.342766,28.631467999999998
2022-07-01 22:00:00,28.7,28.33201,27.355618,28.2343708
2022-07-01 23:00:00,27.7,28.378252,27.381176,28.278544399999998
2022-07-02 00:00:00,27.0,28.02742,27.213984,27.9460764
2022-07-02 01:00:00,25.8,28.047325,26.59306,27.9018985
2022-07-02 02:00:00,25.3,27.776573,26.850603,27.683976
2022-07-02 03:00:00,25.2,27.529045,26.811975,27.457338
2022-07-02 04:00:00,25.8,27.532026,26.78551,27.4573744
2022-07-02 05:00:00,26.4,27.087307,27.269041,27.105480399999998
2022-07-02 06:00:00,26.8,27.286873,27.094687,27.267654399999998
2022-07-02 07:00:00,27.6,28.489225,28.152828,28.4555853
2022-07-02 08:00:00,29.2,29.98106,29.170176,29.8999716
2022-07-02 09:00:00,31.1,31.596182,30.54093,31.490656799999996
2022-07-02 10:00:00,32.3,32.350174,31.529766,32.2681332
2022-07-02 11:00:00,33.0,32.809784,32.23865,32.7526706
2022-07-02 12:00:00,33.7,33.378716,32.646072,33.3054516
2022-07-02 13:00:00,34.2,34.096653,32.83084,33.970071700000005
2022-07-02 14:00:00,34.4,33.79451,32.514652,33.666524200000005
2022-07-02 15:00:00,34.0,32.654655,31.770424,32.5662319
2022-07-02 16:00:00,32.2,31.246649,30.258465,31.147830600000002
2022-07-02 17:00:00,30.9,31.35042,29.942638,31.2096418
2022-07-02 18:00:00,30.3,30.369953,29.276178,30.260575499999998
2022-07-02 19:00:00,29.8,29.585102,28.59458,29.4860498
2022-07-02 20:00:00,29.5,29.419338,28.462145,29.323618699999997
2022-07-02 21:00:00,29.4,28.699198,28.141459,28.6434241
2022-07-02 22:00:00,29.2,28.539341,27.761162,28.4615231
2022-07-02 23:00:00,27.9,28.294044,27.643286,28.2289682
2022-07-03 00:00:00,27.5,28.154036,27.19911,28.0585434
2022-07-03 01:00:00,28.0,27.261507,26.65205,27.200561300000004
2022-07-03 02:00:00,28.5,26.706034,26.025238,26.637954399999998
2022-07-03 03:00:00,28.2,26.363853,26.888908,26.416358499999998
2022-07-03 04:00:00,28.1,26.35784,26.429686,26.365024599999998
2022-07-03 05:00:00,28.3,26.872849,26.805134,26.8660775
2022-07-03 06:00:00,28.5,27.550594,27.364239,27.5319585
2022-07-03 07:00:00,28.9,27.916697,27.856672,27.910694499999998
2022-07-03 08:00:00,30.2,29.449493,28.833498,29.387893499999997
2022-07-03 09:00:00,31.3,30.51896,30.128809,30.4799449
2022-07-03 10:00:00,32.4,31.689276,31.37881,31.6582294
2022-07-03 11:00:00,33.8,32.231644,32.13132,32.2216116
2022-07-03 12:00:00,34.3,32.44438,32.466717,32.4466137
2022-07-03 13:00:00,34.3,33.003624,32.692677,32.9725293
2022-07-03 14:00:00,32.9,33.242115,32.69456,33.1873595
2022-07-03 15:00:00,33.0,32.705753,32.25485,32.6606627
2022-07-03 16:00:00,33.0,31.097847,32.21982,31.210044300000003
2022-07-03 17:00:00,31.9,30.462652,29.837624,30.400149199999998
2022-07-03 18:00:00,30.8,30.016617,29.782997,29.993255
2022-07-03 19:00:00,30.6,29.597414,28.915829,29.5292555
2022-07-03 20:00:00,30.4,29.414946,28.542034,29.3276548
2022-07-03 21:00:00,28.9,29.013988,28.147675,28.9273567
2022-07-03 22:00:00,27.0,28.764776,27.983067,28.686605099999998
2022-07-03 23:00:00,27.4,28.242176,27.952984,28.2132568
2022-07-04 00:00:00,28.1,27.927532,27.337482,27.868527
2022-07-04 01:00:00,27.8,28.341316,26.732307,28.180415099999998
2022-07-04 02:00:00,27.6,28.396261,26.878752,28.2445101
2022-07-04 03:00:00,27.9,28.01803,27.320108,27.9482378
2022-07-04 04:00:00,28.0,27.739765,27.272417,27.6930302
2022-07-04 05:00:00,27.6,27.861021,27.67495,27.8424139
2022-07-04 06:00:00,27.7,28.053473,28.253845,28.073510199999998
2022-07-04 07:00:00,28.3,28.54513,28.925808,28.5831978
2022-07-04 08:00:00,28.9,29.818724,29.311445,29.767996099999998
2022-07-04 09:00:00,30.8,31.25235,30.754845,31.202599499999998
2022-07-04 10:00:00,31.3,31.715324,31.525871,31.696378699999997
2022-07-04 11:00:00,31.8,32.711746,32.091778,32.6497492
2022-07-04 12:00:00,31.4,33.580635,33.024857,33.5250572
2022-07-04 13:00:00,32.2,34.088737,32.957226,33.9755859
2022-07-04 14:00:00,32.1,33.668743,32.79525,33.5813937
2022-07-04 15:00:00,30.8,32.410778,31.492558,32.318956
2022-07-04 16:00:00,30.2,31.57276,31.576336,31.5731176
2022-07-04 17:00:00,30.6,30.460487,30.458435,30.4602818
2022-07-04 18:00:00,27.8,30.115343,29.76408,30.080216699999998
2022-07-04 19:00:00,27.1,30.02129,29.22739,29.9419
2022-07-04 20:00:00,26.4,29.61565,28.874088,29.541493799999998
2022-07-04 21:00:00,26.4,29.334007,28.575745,29.258180799999998
2022-07-04 22:00:00,26.5,28.750916,27.70735,28.646559399999997
2022-07-04 23:00:00,26.6,28.361965,27.147081,28.2404766
2022-07-05 00:00:00,26.1,28.645012,27.315561,28.5120669
2022-07-05 01:00:00,25.8,28.168163,27.062168,28.0575635
2022-07-05 02:00:00,25.7,27.981426,27.003672,27.8836506
2022-07-05 03:00:00,26.1,27.928534,27.164867,27.8521673
2022-07-05 04:00:00,26.3,27.813139,27.702362,27.8020613
2022-07-05 05:00:00,26.7,27.70025,27.89159,27.719383999999998
2022-07-05 06:00:00,26.8,27.997135,28.314497,28.0288712
2022-07-05 07:00:00,27.0,28.7691,28.67508,28.759698000000004
2022-07-05 08:00:00,27.7,29.715357,29.413963,29.6852176
2022-07-05 09:00:00,28.8,31.312462,30.32056,31.2132718
2022-07-05 10:00:00,29.6,32.24333,31.504852,32.169482200000004
2022-07-05 11:00:00,30.6,32.481407,31.834728,32.416739099999994
2022-07-05 12:00:00,30.8,32.18247,32.3379,32.198013
2022-07-05 13:00:00,30.7,32.405655,32.13379,32.378468500000004
2022-07-05 14:00:00,30.3,32.22571,32.323303,32.2354693
2022-07-05 15:00:00,29.6,31.976635,31.556011,31.9345726
2022-07-05 16:00:00,29.1,31.086918,30.719137,31.0501399
2022-07-05 17:00:00,27.3,30.29518,30.210941,30.286756099999998
2022-07-05 18:00:00,26.4,29.664053,29.928707,29.690518400000002
2022-07-05 19:00:00,26.6,29.197235,27.865692,29.064080699999998
2022-07-05 20:00:00,26.6,29.063362,27.73491,28.930516800000003
2022-07-05 21:00:00,26.5,27.92315,26.729002,27.803735200000002
2022-07-05 22:00:00,26.2,27.57609,26.887806,27.5072616
2022-07-05 23:00:00,26.0,27.90451,26.696178,27.783676799999995
2022-07-06 00:00:00,25.8,27.090528,26.828655,27.0643407
2022-07-06 01:00:00,25.7,27.148676,26.220232,27.055831599999998
2022-07-06 02:00:00,25.5,26.684761,26.234941,26.639779
2022-07-06 03:00:00,25.4,26.843803,26.32977,26.7923997
2022-07-06 04:00:00,25.3,26.935452,26.744434,26.9163502
2022-07-06 05:00:00,25.8,27.04365,27.034752,27.0427602
2022-07-06 06:00:00,26.2,27.214018,27.565842,27.2492004
2022-07-06 07:00:00,27.2,27.703197,28.132027,27.74608
2022-07-06 08:00:00,28.3,28.622992,28.673409,28.6280337
2022-07-06 09:00:00,30.0,29.723465,29.47268,29.698386499999998
2022-07-06 10:00:00,31.1,30.483427,30.554382,30.490522499999997
2022-07-06 11:00:00,32.3,31.128784,30.895233,31.1054289
2022-07-06 12:00:00,33.0,31.108633,31.593914,31.157161100000003
2022-07-06 13:00:00,33.0,31.460928,30.937126,31.4085478
2022-07-06 14:00:00,31.2,31.55208,31.299442,31.526816200000003
2022-07-06 15:00:00,30.0,30.833982,30.447613,30.7953451
2022-07-06 16:00:00,29.4,29.989689,29.582428,29.9489629
2022-07-06 17:00:00,30.1,29.52238,29.141914,29.4843334
2022-07-06 18:00:00,29.4,28.241793,27.921179,28.209731599999998
2022-07-06 19:00:00,28.9,27.872318,27.324497,27.8175359
2022-07-06 20:00:00,28.2,27.386982,27.344059,27.3826897
2022-07-06 21:00:00,27.7,27.074678,26.831673,27.050377499999996
2022-07-06 22:00:00,27.2,26.87151,26.719189,26.8562779
2022-07-06 23:00:00,27.1,26.71262,26.517796,26.6931376
2022-07-07 00:00:00,26.9,26.485191,26.502012,26.4868731
2022-07-07 01:00:00,26.7,26.35427,25.874859,26.3063289
2022-07-07 02:00:00,26.7,26.11985,25.87563,26.095428
2022-07-07 03:00:00,26.8,26.033276,25.859547,26.0159031
2022-07-07 04:00:00,26.8,26.018675,26.0807,26.0248775
2022-07-07 05:00:00,27.2,26.388279,26.41946,26.391397100000002
2022-07-07 06:00:00,27.3,26.778965,27.058132,26.806881699999998
2022-07-07 07:00:00,27.6,27.772684,27.467,27.7421156
2022-07-07 08:00:00,28.0,28.66811,28.391796,28.640478599999998
2022-07-07 09:00:00,28.8,29.959126,29.415863,29.9047997
2022-07-07 10:00:00,29.8,31.413118,30.680096,31.3398158
2022-07-07 11:00:00,31.0,32.379807,31.360933,32.277919600000004
2022-07-07 12:00:00,32.2,33.054752,31.924484,32.9417252
2022-07-07 13:00:00,32.9,32.81542,32.201347,32.754012700000004
2022-07-07 14:00:00,32.8,32.255444,31.6385,32.1937496
2022-07-07 15:00:00,33.1,30.934572,30.64223,30.905337799999998
2022-07-07 16:00:00,31.9,29.503609,29.915401,29.5447882
2022-07-07 17:00:00,29.1,29.740398,29.210032,29.6873614
2022-07-07 18:00:00,28.4,28.89501,29.366714,28.942180399999998
2022-07-07 19:00:00,28.1,28.545708,28.156744,28.5068116
2022-07-07 20:00:00,28.1,28.232233,28.060108,28.2150205
2022-07-07 21:00:00,28.0,28.001196,27.500435,27.951119900000002
2022-07-07 22:00:00,28.2,27.580442,27.3684,27.559237800000002
2022-07-07 23:00:00,27.8,27.648237,26.937588,27.5771721
2022-07-08 00:00:00,27.2,27.155088,26.901588,27.129738
2022-07-08 01:00:00,27.1,27.151762,26.344685,27.071054300000004
2022-07-08 02:00:00,27.3,26.894632,26.395973,26.8447661
2022-07-08 03:00:00,27.1,26.62094,26.465824,26.6054284
2022-07-08 04:00:00,26.8,26.57845,26.641949,26.5847999
2022-07-08 05:00:00,25.9,26.682318,26.972584,26.711344599999997
2022-07-08 06:00:00,26.5,26.716509,27.64803,26.8096611
2022-07-08 07:00:00,27.3,27.340546,27.936699,27.4001613
2022-07-08 08:00:00,28.5,27.735409,28.69507,27.8313751
2022-07-08 09:00:00,28.6,29.049574,29.521482,29.0967648
2022-07-08 10:00:00,29.0,30.457298,30.18705,30.430273200000002
2022-07-08 11:00:00,30.3,31.007385,31.16923,31.0235695
2022-07-08 12:00:00,30.6,31.760077,31.763264,31.7603957
2022-07-08 13:00:00,30.5,32.80766,32.17019,32.743913
2022-07-08 14:00:00,30.0,32.72102,32.311623,32.6800803
2022-07-08 15:00:00,30.2,31.7648,31.514725,31.739792500000004
2022-07-08 16:00:00,28.9,31.144894,31.05035,31.1354396
2022-07-08 17:00:00,30.9,29.82942,29.363358,29.7828138
2022-07-08 18:00:00,29.6,28.89493,28.56702,28.862139
2022-07-08 19:00:00,28.1,28.603968,28.257305,28.569301699999997
2022-07-08 20:00:00,26.5,28.10758,27.945477,28.091369699999998
2022-07-08 21:00:00,26.0,28.091738,27.371893,28.0197535
2022-07-08 22:00:00,26.0,27.928635,27.403368,27.8761083
2022-07-08 23:00:00,26.0,27.539398,27.213158,27.506774
2022-07-09 00:00:00,26.2,27.182228,26.980412,27.162046399999998
2022-07-09 01:00:00,26.2,26.999224,26.58042,26.9573436
2022-07-09 02:00:00,26.1,26.980816,26.644583,26.947192700000002
2022-07-09 03:00:00,25.7,26.95866,27.053268,26.968120799999998
2022-07-09 04:00:00,25.7,26.648544,26.979723,26.6816619
2022-07-09 05:00:00,26.4,26.784859,27.220055,26.8283786
2022-07-09 06:00:00,26.5,26.98757,27.190662,27.0078792
2022-07-09 07:00:00,27.2,27.56114,28.0494,27.609966
2022-07-09 08:00:00,28.4,28.517458,28.786419,28.5443541
2022-07-09 09:00:00,30.2,29.248701,29.766474,29.3004783
2022-07-09 10:00:00,31.1,30.531246,30.045023,30.482623699999998
2022-07-09 11:00:00,32.0,31.691065,30.863873,31.6083458
2022-07-09 12:00:00,33.5,31.808022,31.712044,31.798424200000003
2022-07-09 13:00:00,34.3,32.313606,31.374279,32.219673300000004
2022-07-09 14:00:00,34.9,31.818068,31.549686,31.7912298
2022-07-09 15:00:00,32.8,31.61628,30.686268,31.5232788
2022-07-09 16:00:00,32.9,31.296738,30.568863,31.2239505
2022-07-09 17:00:00,29.5,30.128149,29.168062,30.032140300000002
2022-07-09 18:00:00,28.5,29.101915,29.738941,29.1656176
2022-07-09 19:00:00,28.5,28.208225,28.562077,28.2436102
2022-07-09 20:00:00,28.4,28.480343,27.633837,28.3956924
2022-07-09 21:00:00,27.7,28.249126,26.99769,28.1239824
2022-07-09 22:00:00,27.4,27.715723,26.850636,27.6292143
2022-07-09 23:00:00,27.2,27.831337,26.786215,27.7268248
2022-07-10 00:00:00,27.4,27.333076,26.690235,27.268791899999997
2022-07-10 01:00:00,27.4,27.055487,26.235823,26.9735206
2022-07-10 02:00:00,27.2,26.983019,26.33308,26.918025099999998
2022-07-10 03:00:00,27.4,26.688784,26.415186,26.661424199999995
2022-07-10 04:00:00,27.5,26.586998,26.397522,26.5680504
2022-07-10 05:00:00,28.1,26.666737,26.783335,26.6783968
2022-07-10 06:00:00,28.2,26.716948,27.389034,26.784156599999996
2022-07-10 07:00:00,28.8,27.611685,27.756989,27.6262154
2022-07-10 08:00:00,29.8,28.78557,28.64859,28.771872
2022-07-10 09:00:00,30.8,30.35252,29.704464,30.2877144
2022-07-10 10:00:00,31.2,31.703455,30.814512,31.614560700000002
2022-07-10 11:00:00,32.8,32.30186,31.353168,32.2069908
2022-07-10 12:00:00,32.5,33.990498,31.918365,33.7832847
2022-07-10 13:00:00,33.0,34.2003,32.69424,34.049693999999995
2022-07-10 14:00:00,32.7,34.005642,32.34941,33.8400188
2022-07-10 15:00:00,32.0,32.83762,32.196335,32.7734915
2022-07-10 16:00:00,31.3,31.422245,30.790257,31.359046199999998
2022-07-10 17:00:00,28.4,30.888153,30.535902,30.852927899999997
2022-07-10 18:00:00,28.1,29.412643,29.116737,29.383052399999997
2022-07-10 19:00:00,28.4,28.548018,28.432491,28.536465299999996
2022-07-10 20:00:00,28.4,28.698357,28.06601,28.635122300000003
2022-07-10 21:00:00,28.4,28.314524,27.483818,28.2314534
2022-07-10 22:00:00,28.2,27.947578,27.204489,27.8732691
2022-07-10 23:00:00,27.8,27.788504,27.000324,27.709685999999998
2022-07-11 00:00:00,27.7,27.869791,27.040493,27.786861199999997
2022-07-11 01:00:00,27.7,27.646616,26.734034,27.5553578
2022-07-11 02:00:00,27.6,27.670095,26.833881,27.586473599999998
2022-07-11 03:00:00,27.4,27.750502,26.870796,27.662531400000002
2022-07-11 04:00:00,26.7,27.613213,27.15805,27.5676967
2022-07-11 05:00:00,26.9,27.60361,27.533024,27.5965514
2022-07-11 06:00:00,26.9,27.785393,28.227589,27.8296126
2022-07-11 07:00:00,27.6,28.241165,28.72767,28.2898155
2022-07-11 08:00:00,28.2,29.312872,29.65746,29.347330799999998
2022-07-11 09:00:00,30.3,30.62655,30.582548,30.622149800000003
2022-07-11 10:00:00,32.0,31.604332,31.517572,31.595655999999998
2022-07-11 11:00:00,33.0,32.668194,31.851646,32.5865392
2022-07-11 12:00:00,33.9,33.12713,32.82758,33.097175
2022-07-11 13:00:00,34.5,33.226234,32.449135,33.1485241
2022-07-11 14:00:00,35.1,32.824734,32.80493,32.8227536
2022-07-11 15:00:00,35.1,31.62612,32.11985,31.675493
2022-07-11 16:00:00,31.0,30.812138,30.799776,30.8109018
2022-07-11 17:00:00,32.9,29.529463,30.417713,29.618288
2022-07-11 18:00:00,31.9,28.197279,28.283548,28.2059059
2022-07-11 19:00:00,30.9,28.36626,28.618557,28.3914897
2022-07-11 20:00:00,29.9,28.037928,28.324608,28.066596
2022-07-11 21:00:00,30.6,27.797358,27.98627,27.816249199999998
2022-07-11 22:00:00,30.8,27.396227,27.831879,27.4397922
2022-07-11 23:00:00,30.2,27.099747,27.61309,27.1510813
2022-07-12 00:00:00,29.5,26.54438,27.531431,26.6430851
2022-07-12 01:00:00,29.0,26.723518,27.035336,26.7546998
2022-07-12 02:00:00,28.7,26.812159,27.16637,26.847580100000002
2022-07-12 03:00:00,28.4,26.587997,27.27353,26.656550300000003
2022-07-12 04:00:00,28.1,26.397583,27.334442,26.4912689
2022-07-12 05:00:00,28.0,26.882715,27.357056,26.9301491
2022-07-12 06:00:00,28.0,26.98697,27.993717,27.0876447
2022-07-12 07:00:00,28.2,28.069408,28.292892,28.091756399999998
2022-07-12 08:00:00,29.4,28.966267,29.226803,28.9923206
2022-07-12 09:00:00,30.9,30.719944,29.995281,30.6474777
2022-07-12 10:00:00,32.4,31.88564,31.551754,31.8522514
2022-07-12 11:00:00,33.5,32.93026,32.359035,32.8731375
2022-07-12 12:00:00,34.6,34.189396,32.922962,34.0627526
2022-07-12 13:00:00,34.0,34.46242,32.97389,34.313567000000006
2022-07-12 14:00:00,35.7,34.665897,33.234352,34.5227425
2022-07-12 15:00:00,33.9,33.779488,32.789692,33.6805084
2022-07-12 16:00:00,34.2,32.731503,32.268696,32.6852223
2022-07-12 17:00:00,32.7,31.446453,28.697922,31.1715999
2022-07-12 18:00:00,32.3,30.33582,30.96121,30.398359
2022-07-12 19:00:00,31.4,30.092594,29.108517,29.9941863
2022-07-12 20:00:00,31.0,29.634872,29.307835,29.602168300000002
2022-07-12 21:00:00,29.9,29.888834,28.31356,29.7313066
2022-07-12 22:00:00,29.7,28.971111,28.924078,28.9664077
2022-07-12 23:00:00,29.7,28.861145,28.6485,28.839880500000003
2022-07-13 00:00:00,29.3,28.439556,28.29833,28.4254334
2022-07-13 01:00:00,28.7,28.6255,27.760155,28.5389655
2022-07-13 02:00:00,28.5,28.414803,27.756777,28.349000399999998
2022-07-13 03:00:00,28.2,28.401264,27.86155,28.347292600000003
2022-07-13 04:00:00,28.2,28.09645,27.902466,28.0770516
2022-07-13 05:00:00,27.9,28.07034,28.00502,28.063808
2022-07-13 06:00:00,28.0,27.875006,28.48295,27.9358004
2022-07-13 07:00:00,28.8,28.224728,28.88469,28.2907242
2022-07-13 08:00:00,30.1,29.431551,29.541979,29.4425938
2022-07-13 09:00:00,31.3,31.585222,30.630718,31.4897716
2022-07-13 10:00:00,32.8,33.10348,31.926311,32.9857631
2022-07-13 11:00:00,33.3,33.96779,32.853287,33.8563397
2022-07-13 12:00:00,34.4,34.81158,33.074764,34.6378984
2022-07-13 13:00:00,35.8,34.70373,33.88361,34.621718
2022-07-13 14:00:00,35.9,34.694626,32.506893,34.4758527
2022-07-13 15:00:00,34.5,33.95867,33.94318,33.957121
2022-07-13 16:00:00,34.2,32.583126,31.695354,32.4943488
2022-07-13 17:00:00,33.5,30.93102,31.4836,30.986278000000002
2022-07-13 18:00:00,32.6,29.655577,30.42609,29.732628300000002
2022-07-13 19:00:00,32.4,30.06799,30.076233,30.0688143
2022-07-13 20:00:00,31.8,30.088686,29.339754,30.013792799999997
2022-07-13 21:00:00,31.1,29.762825,28.823717,29.6689142
2022-07-13 22:00:00,30.6,30.00355,28.558002,29.858995200000003
2022-07-13 23:00:00,30.0,29.80336,28.556725,29.6786965
2022-07-14 00:00:00,29.6,29.46884,28.504011,29.3723571
2022-07-14 01:00:00,29.0,28.66183,27.826527,28.5782997
2022-07-14 02:00:00,28.5,28.732365,27.722137,28.6313422
2022-07-14 03:00:00,28.2,28.987999,27.952658,28.884464899999998
2022-07-14 04:00:00,27.9,28.813257,27.826973,28.7146286
2022-07-14 05:00:00,28.1,28.103376,28.34327,28.1273654
2022-07-14 06:00:00,27.6,28.064045,28.42474,28.1001145
2022-07-14 07:00:00,28.7,28.800854,29.131744,28.833943
2022-07-14 08:00:00,30.2,30.521843,30.002106,30.4698693
2022-07-14 09:00:00,31.8,31.858852,31.19126,31.7920928
2022-07-14 10:00:00,33.2,33.07654,32.09166,32.978052
2022-07-14 11:00:00,33.7,34.366657,32.8741,34.2174013
2022-07-14 12:00:00,34.2,34.580643,33.29711,34.4522897
2022-07-14 13:00:00,35.8,35.463955,33.692886,35.2868481
2022-07-14 14:00:00,36.6,35.743095,33.994835,35.568269
2022-07-14 15:00:00,36.2,33.750767,33.43497,33.7191873
2022-07-14 16:00:00,33.6,33.0382,31.70364,32.90474400000001
2022-07-14 17:00:00,33.1,31.50648,31.994629,31.5552949
2022-07-14 18:00:00,31.2,29.996353,30.787947,30.0755124
2022-07-14 19:00:00,30.5,30.038273,30.025414,30.036987099999997
2022-07-14 20:00:00,30.6,30.184944,30.060587,30.172508300000004
2022-07-14 21:00:00,30.3,30.117325,29.223759,30.0279684
2022-07-14 22:00:00,30.2,29.809834,28.920055,29.7208561
2022-07-14 23:00:00,30.0,29.588493,28.720764,29.5017201
2022-07-15 00:00:00,29.7,29.138903,28.546173,29.07963
2022-07-15 01:00:00,29.3,29.016563,28.009417,28.9158484
2022-07-15 02:00:00,29.0,28.783281,27.85691,28.690643899999998
2022-07-15 03:00:00,28.7,28.44044,27.9208,28.388475999999997
2022-07-15 04:00:00,28.4,28.012215,28.012238,28.0122173
2022-07-15 05:00:00,28.3,28.184725,28.257723,28.192024800000002
2022-07-15 06:00:00,28.3,27.96619,28.784584,28.0480294
2022-07-15 07:00:00,29.3,28.65482,28.96421,28.685759
2022-07-15 08:00:00,30.8,30.643223,30.067059,30.5856066
2022-07-15 09:00:00,32.2,32.216484,31.353266,32.1301622
2022-07-15 10:00:00,33.6,33.598553,32.25899,33.4645967
2022-07-15 11:00:00,34.8,34.4153,33.22939,34.296709
2022-07-15 12:00:00,35.5,35.189384,33.247833,34.995228899999994
2022-07-15 13:00:00,36.7,35.62905,34.02799,35.468944
2022-07-15 14:00:00,32.3,36.18973,34.31227,36.001984
2022-07-15 15:00:00,32.8,34.469906,33.71076,34.393991400000004
2022-07-15 16:00:00,32.2,33.007328,33.14048,33.0206432
2022-07-15 17:00:00,32.2,31.190681,30.9915,31.1707629
2022-07-15 18:00:00,30.3,30.776375,30.941856,30.792923100000003
2022-07-15 19:00:00,28.5,30.161663,29.424255,30.0879222
2022-07-15 20:00:00,28.1,30.187122,29.218082,30.090218
2022-07-15 21:00:00,27.6,30.081223,29.253174,29.998418100000002
2022-07-15 22:00:00,27.2,30.001778,28.759888,29.877589
2022-07-15 23:00:00,27.1,29.53607,28.593838,29.4418468
2022-07-16 00:00:00,27.2,29.048824,28.437326,28.9876742
2022-07-16 01:00:00,26.9,28.875832,27.933117,28.7815605
2022-07-16 02:00:00,26.4,28.766771,27.954674,28.6855613
2022-07-16 03:00:00,26.4,28.368418,27.991747,28.330750899999998
2022-07-16 04:00:00,26.4,28.23776,28.127531,28.2267371
2022-07-16 05:00:00,26.3,28.104084,28.189117,28.1125873
2022-07-16 06:00:00,26.4,28.022516,28.863941,28.1066585
2022-07-16 07:00:00,27.1,29.133204,29.066801,29.1265637
2022-07-16 08:00:00,28.4,30.770782,30.264761,30.7201799
2022-07-16 09:00:00,29.9,32.099464,31.440865,32.0336041
2022-07-16 10:00:00,31.2,33.595528,32.345222,33.4704974
2022-07-16 11:00:00,32.1,35.11771,33.099724,34.9159114
2022-07-16 12:00:00,33.7,35.588413,33.870224,35.416594100000005
2022-07-16 13:00:00,34.3,36.296066,33.766266,36.043086
2022-07-16 14:00:00,33.4,34.23549,34.18689,34.23063
2022-07-16 15:00:00,32.6,32.60618,31.17956,32.463518
2022-07-16 16:00:00,31.1,31.683365,32.578228,31.7728513
2022-07-16 17:00:00,30.3,31.434109,30.556726,31.3463707
2022-07-16 18:00:00,29.8,30.334333,30.451584,30.3460581
2022-07-16 19:00:00,29.4,29.98675,28.901209,29.8781959
2022-07-16 20:00:00,28.5,29.701593,28.13647,29.5450807
2022-07-16 21:00:00,27.5,29.260607,28.333818,29.167928099999997
2022-07-16 22:00:00,27.0,28.91052,27.65649,28.785117000000003
2022-07-16 23:00:00,26.8,28.410984,27.45697,28.3155826
2022-07-17 00:00:00,26.8,28.670597,27.553867,28.558924
2022-07-17 01:00:00,26.9,27.905773,27.03037,27.8182327
2022-07-17 02:00:00,26.7,27.208069,26.993238,27.186585899999997
2022-07-17 03:00:00,26.6,27.33158,26.830439,27.281465899999997
2022-07-17 04:00:00,26.5,26.984905,26.970276,26.9834421
2022-07-17 05:00:00,25.8,26.971422,27.201925,26.9944723
2022-07-17 06:00:00,26.1,27.058716,27.740553,27.126899700000003
2022-07-17 07:00:00,26.2,28.20074,28.128534,28.1935194
2022-07-17 08:00:00,27.0,29.632597,29.03363,29.5727003
2022-07-17 09:00:00,28.2,31.053757,30.345623,30.9829436
2022-07-17 10:00:00,29.7,31.808111,31.321453,31.759445200000002
2022-07-17 11:00:00,30.5,31.800554,32.373734,31.857872
2022-07-17 12:00:00,31.5,33.549854,32.4002,33.4348886
2022-07-17 13:00:00,31.8,33.215557,33.63932,33.2579333
2022-07-17 14:00:00,31.4,32.43757,32.95996,32.489809
2022-07-17 15:00:00,30.7,31.603712,31.835081,31.6268489
2022-07-17 16:00:00,29.2,31.022436,30.971466,31.017339
2022-07-17 17:00:00,28.0,30.563154,29.816525,30.4884911
2022-07-17 18:00:00,28.0,29.855515,29.337141,29.8036776
2022-07-17 19:00:00,27.5,28.954578,28.850014,28.944121600000003
2022-07-17 20:00:00,27.2,28.465813,28.137142,28.4329459
2022-07-17 21:00:00,27.1,28.01386,27.844887,27.9969627
2022-07-17 22:00:00,27.0,27.635094,27.312492,27.6028338
2022-07-17 23:00:00,26.8,27.486172,27.09847,27.4474018
2022-07-18 00:00:00,26.6,27.303923,27.065128,27.2800435
2022-07-18 01:00:00,26.5,27.392872,26.63945,27.3175298
2022-07-18 02:00:00,26.5,27.220572,26.749992,27.173514
2022-07-18 03:00:00,26.6,26.931349,26.668247,26.9050388
2022-07-18 04:00:00,26.4,26.72441,26.985794,26.7505484
2022-07-18 05:00:00,26.2,26.40341,27.082005,26.471269500000002
2022-07-18 06:00:00,26.7,26.49106,27.028854,26.5448394
2022-07-18 07:00:00,27.6,27.225365,27.811321,27.2839606
2022-07-18 08:00:00,29.0,28.0565,27.945698,28.045419799999998
2022-07-18 09:00:00,30.5,29.100449,29.124252,29.1028293
2022-07-18 10:00:00,31.8,30.246717,30.124348,30.2344801
2022-07-18 11:00:00,32.8,31.036812,31.119888,31.0451196
2022-07-18 12:00:00,33.4,31.413212,31.703674,31.4422582
2022-07-18 13:00:00,32.8,31.431923,32.11254,31.499984700000002
2022-07-18 14:00:00,31.9,31.244665,32.03709,31.3239075
2022-07-18 15:00:00,31.0,30.681627,31.396343,30.7530986
2022-07-18 16:00:00,30.3,30.460945,30.175936,30.432444099999998
2022-07-18 17:00:00,30.0,29.834837,29.269136,29.7782669
2022-07-18 18:00:00,29.2,28.947779,28.071833,28.860184399999998
2022-07-18 19:00:00,28.6,28.745361,28.198418,28.690666699999998
2022-07-18 20:00:00,28.3,28.088783,27.321497,28.0120544
2022-07-18 21:00:00,28.2,27.703321,27.12588,27.6455769
2022-07-18 22:00:00,28.2,27.267715,26.81546,27.222489500000002
2022-07-18 23:00:00,28.0,26.964802,26.714193,26.9397411
2022-07-19 00:00:00,27.6,26.654497,26.60342,26.6493893
2022-07-19 01:00:00,27.2,26.694887,25.984959,26.623894200000002
2022-07-19 02:00:00,27.2,26.45078,26.16443,26.422145000000004
2022-07-19 03:00:00,27.1,26.519928,26.269972,26.4949324
2022-07-19 04:00:00,26.6,26.530613,26.53695,26.531246699999997
2022-07-19 05:00:00,25.9,26.392187,26.766273,26.4295956
2022-07-19 06:00:00,26.3,26.80586,26.972382,26.8225122
2022-07-19 07:00:00,27.4,27.47861,27.742893,27.5050383
2022-07-19 08:00:00,28.9,28.55746,28.4516,28.546874
2022-07-19 09:00:00,30.5,30.26592,29.658623,30.205190299999998
2022-07-19 10:00:00,31.8,31.170485,30.663486,31.119785099999998
2022-07-19 11:00:00,32.2,31.723637,31.37043,31.6883163
2022-07-19 12:00:00,32.1,32.724724,31.67462,32.619713600000004
2022-07-19 13:00:00,31.0,32.503654,32.02711,32.4559996
2022-07-19 14:00:00,30.4,31.510649,31.256485,31.485232600000003
2022-07-19 15:00:00,31.0,31.013414,30.335472,30.945619800000003
2022-07-19 16:00:00,30.0,30.218834,29.778452,30.174795800000002
2022-07-19 17:00:00,29.5,29.506607,29.206884,29.476634699999998
2022-07-19 18:00:00,28.9,28.92713,28.752348,28.9096518
2022-07-19 19:00:00,28.4,28.522408,28.042763,28.474443499999996
2022-07-19 20:00:00,28.4,28.221014,27.800587,28.178971299999997
2022-07-19 21:00:00,28.2,28.126312,27.504606,28.0641414
2022-07-19 22:00:00,27.7,28.00554,27.31179,27.936165000000003
2022-07-19 23:00:00,25.9,27.953491,27.336662,27.8918081
2022-07-20 00:00:00,25.4,27.606466,27.126574,27.5584768
2022-07-20 01:00:00,25.3,27.195967,26.519573,27.1283276
2022-07-20 02:00:00,25.1,26.941374,26.38657,26.8858936
2022-07-20 03:00:00,24.7,26.88472,26.835155,26.8797635
2022-07-20 04:00:00,24.7,26.635513,26.988962,26.6708579
2022-07-20 05:00:00,26.3,26.472294,26.896305,26.5146951
2022-07-20 06:00:00,26.7,26.597519,27.181963,26.655963399999997
2022-07-20 07:00:00,27.9,27.467098,27.413296,27.461717800000002
2022-07-20 08:00:00,29.5,28.846306,28.74516,28.8361914
2022-07-20 09:00:00,31.2,30.436367,29.930841,30.3858144
2022-07-20 10:00:00,32.1,31.336771,31.116936,31.314787499999998
2022-07-20 11:00:00,32.6,31.63083,32.204575,31.688204499999998
2022-07-20 12:00:00,32.5,31.5141,32.071236,31.5698136
2022-07-20 13:00:00,32.2,31.429895,31.567787,31.4436842
2022-07-20 14:00:00,31.4,30.626366,30.68624,30.6323534
2022-07-20 15:00:00,31.4,30.934217,30.270773,30.8678726
2022-07-20 16:00:00,30.6,30.268944,30.263786,30.268428200000002
2022-07-20 17:00:00,30.7,29.561283,29.204264,29.5255811
2022-07-20 18:00:00,29.8,28.892853,28.726725,28.876240199999998
2022-07-20 19:00:00,29.0,28.412992,28.382784,28.4099712
2022-07-20 20:00:00,28.7,28.141546,27.817966,28.109188000000003
2022-07-20 21:00:00,28.3,27.986607,27.723598,27.9603061
2022-07-20 22:00:00,27.3,27.650057,27.158924,27.6009437
2022-07-20 23:00:00,25.8,27.446728,26.886734,27.3907286
2022-07-21 00:00:00,25.1,26.298615,26.64933,26.3336865
2022-07-21 01:00:00,25.2,25.983162,26.452793,26.0301251
2022-07-21 02:00:00,25.3,25.926115,25.609371,25.8944406
2022-07-21 03:00:00,25.4,25.822264,26.206095,25.8606471
2022-07-21 04:00:00,25.5,25.733797,25.640278,25.724445099999997
2022-07-21 05:00:00,25.2,25.579676,26.393852,25.6610936
2022-07-21 06:00:00,25.5,26.975515,27.28368,27.0063315
2022-07-21 07:00:00,26.3,28.001238,27.464104,27.9475246
2022-07-21 08:00:00,27.3,28.99255,28.879377,28.9812327
2022-07-21 09:00:00,28.3,30.212538,30.199411,30.2112253
2022-07-21 10:00:00,29.2,31.293444,31.233814,31.287481
2022-07-21 11:00:00,29.8,31.919308,31.57101,31.884478200000004
2022-07-21 12:00:00,30.1,32.187294,32.06036,32.1746006
2022-07-21 13:00:00,30.5,31.838379,30.935436,31.7480847
2022-07-21 14:00:00,30.8,31.010775,30.312775,30.940974999999998
2022-07-21 15:00:00,30.6,30.898489,30.140076,30.8226477
2022-07-21 16:00:00,29.8,30.338354,29.939655,30.298484099999996
2022-07-21 17:00:00,30.3,29.985706,29.116467,29.8987821
2022-07-21 18:00:00,29.2,29.348104,29.198406,29.3331342
2022-07-21 19:00:00,28.1,28.72374,28.362038,28.6875698
2022-07-21 20:00:00,28.1,28.46095,27.877567,28.4026117
2022-07-21 21:00:00,27.8,28.14235,27.735893,28.1017043
2022-07-21 22:00:00,27.7,27.818789,27.398495,27.7767596
2022-07-21 23:00:00,27.6,27.006516,27.040972,27.0099616
2022-07-22 00:00:00,27.1,26.323065,26.3499,26.3257485
2022-07-22 01:00:00,26.0,26.013168,26.161299,26.0279811
2022-07-22 02:00:00,25.0,25.831163,25.491478,25.7971945
2022-07-22 03:00:00,24.9,25.765701,25.827381,25.771869000000002
2022-07-22 04:00:00,24.8,25.908396,25.973297,25.9148861
2022-07-22 05:00:00,25.5,26.05105,26.318165,26.0777615
2022-07-22 06:00:00,25.6,26.086224,26.717922,26.149393800000002
2022-07-22 07:00:00,26.3,27.145897,27.248783,27.1561856
2022-07-22 08:00:00,27.6,28.407948,28.257336,28.3928868
2022-07-22 09:00:00,29.2,29.17972,28.943985,29.1561465
2022-07-22 10:00:00,30.7,30.17268,29.970764,30.152488400000003
2022-07-22 11:00:00,31.7,31.559587,30.45321,31.4489493
2022-07-22 12:00:00,32.2,32.106583,30.51457,31.9473817
2022-07-22 13:00:00,32.0,31.365778,30.281929,31.2573931
2022-07-22 14:00:00,30.7,31.33312,29.779058,31.1777138
2022-07-22 15:00:00,28.7,30.966145,29.612148,30.8307453
2022-07-22 16:00:00,28.6,30.393467,29.773296,30.331449900000003
2022-07-22 17:00:00,28.1,30.257336,28.433867,30.0749891
2022-07-22 18:00:00,27.2,29.0914,29.47831,29.130091
2022-07-22 19:00:00,27.0,28.287104,27.396442,28.1980378
2022-07-22 20:00:00,26.9,28.264112,27.508747,28.188575500000002
2022-07-22 21:00:00,26.5,27.796436,27.432858,27.7600782
2022-07-22 22:00:00,26.4,27.434431,27.122185,27.4032064
2022-07-22 23:00:00,26.1,27.325733,26.932434,27.2864031
2022-07-23 00:00:00,25.6,27.00986,26.81269,26.990143
2022-07-23 01:00:00,26.3,26.573957,26.001068,26.5166681
2022-07-23 02:00:00,25.6,25.96411,25.963184,25.964017400000003
2022-07-23 03:00:00,25.8,25.811844,25.552073,25.785866900000002
2022-07-23 04:00:00,25.6,25.644989,25.792019,25.659692
2022-07-23 05:00:00,25.0,25.967602,26.207903,25.9916321
2022-07-23 06:00:00,25.5,26.066616,26.645826,26.124537
2022-07-23 07:00:00,26.5,27.049412,27.005238,27.0449946
2022-07-23 08:00:00,27.7,27.9595,27.97315,27.960865
2022-07-23 09:00:00,28.9,29.156427,29.044312,29.1452155
2022-07-23 10:00:00,30.1,29.974194,30.154516,29.9922262
2022-07-23 11:00:00,30.9,31.17016,31.041218,31.157265799999998
2022-07-23 12:00:00,31.4,31.722927,31.610847,31.711719
2022-07-23 13:00:00,31.4,31.751108,31.559788,31.731976
2022-07-23 14:00:00,31.3,31.336573,31.294357,31.3323514
2022-07-23 15:00:00,29.9,30.046452,29.848484,30.0266552
2022-07-23 16:00:00,29.2,29.744844,28.403713,29.6107309
2022-07-23 17:00:00,28.6,29.72567,28.572996,29.6104026
2022-07-23 18:00:00,28.1,28.314426,28.388554,28.321838800000002
2022-07-23 19:00:00,27.3,27.783844,27.684135,27.773873099999996
2022-07-23 20:00:00,26.9,27.641586,27.293407,27.6067681
2022-07-23 21:00:00,26.3,27.308983,27.205128,27.2985975
2022-07-23 22:00:00,26.7,27.134281,26.731804,27.094033300000003
2022-07-23 23:00:00,26.3,27.137083,26.728975,27.096272199999998
2022-07-24 00:00:00,26.2,26.634344,26.553865,26.626296099999998
2022-07-24 01:00:00,26.1,25.86214,25.400705,25.8159965
2022-07-24 02:00:00,26.0,25.683529,25.897652,25.704941299999998
2022-07-24 03:00:00,25.8,26.029068,25.830915,26.009252699999998
2022-07-24 04:00:00,25.7,26.073753,26.010971,26.0674748
2022-07-24 05:00:00,25.6,25.727028,25.984383,25.7527635
2022-07-24 06:00:00,26.4,25.984474,26.283506,26.0143772
2022-07-24 07:00:00,27.6,26.959486,26.996841,26.9632215
2022-07-24 08:00:00,29.2,28.099728,27.682669,28.0580221
2022-07-24 09:00:00,30.6,29.185825,29.09428,29.1766705
2022-07-24 10:00:00,31.7,29.8674,30.039612,29.884621199999998
2022-07-24 11:00:00,32.4,30.6439,30.942665,30.6737765
2022-07-24 12:00:00,32.3,31.350267,31.223295,31.337569799999997
2022-07-24 13:00:00,31.0,31.72928,31.48534,31.704886
2022-07-24 14:00:00,30.2,31.540945,30.926826,31.4795331
2022-07-24 15:00:00,29.7,30.633701,30.978111,30.668141999999996
2022-07-24 16:00:00,29.9,29.429462,29.153679,29.401883700000003
2022-07-24 17:00:00,30.1,29.182533,28.895687,29.153848399999998
2022-07-24 18:00:00,29.1,28.461884,28.532621,28.4689577
2022-07-24 19:00:00,28.1,28.117462,27.664331,28.072148900000002
2022-07-24 20:00:00,28.1,27.72541,26.847542,27.6376232
2022-07-24 21:00:00,27.6,27.389353,26.645115,27.3149292
2022-07-24 22:00:00,27.4,27.056599,26.733706,27.024309699999996
2022-07-24 23:00:00,26.8,26.999853,26.735638,26.973431500000004
2022-07-25 00:00:00,26.3,26.521875,26.375349,26.5072224
2022-07-25 01:00:00,26.1,26.513048,25.799158,26.441659
2022-07-25 02:00:00,26.1,26.383465,26.126825,26.357801
2022-07-25 03:00:00,26.0,26.155783,25.911179,26.1313226
2022-07-25 04:00:00,25.1,26.168352,26.075886,26.159105399999998
2022-07-25 05:00:00,25.2,26.015564,26.331211,26.047128700000002
2022-07-25 06:00:00,25.3,26.328814,26.03576,26.299508600000003
2022-07-25 07:00:00,25.7,27.348349,27.127659,27.32628
2022-07-25 08:00:00,26.6,28.760447,28.317467,28.716149
2022-07-25 09:00:00,27.9,30.235449,29.597488,30.171652899999998
2022-07-25 10:00:00,29.4,31.452248,30.415209,31.348544099999998
2022-07-25 11:00:00,30.1,31.881193,31.018246,31.7948983
2022-07-25 12:00:00,30.6,32.255417,31.433456,32.1732209
2022-07-25 13:00:00,30.9,31.788986,30.768429,31.6869303
2022-07-25 14:00:00,30.4,31.240786,30.169079,31.1336153
2022-07-25 15:00:00,28.6,30.133436,29.415443,30.0616367
2022-07-25 16:00:00,28.9,29.64553,29.433487,29.6243257
2022-07-25 17:00:00,29.8,29.462221,29.2337,29.439368899999998
2022-07-25 18:00:00,28.8,28.686544,28.661396,28.6840292
2022-07-25 19:00:00,28.0,28.329918,27.98428,28.2953542
2022-07-25 20:00:00,27.4,27.90826,27.494286,27.866862599999997
2022-07-25 21:00:00,27.0,27.662851,27.471659,27.643731799999998
2022-07-25 22:00:00,26.2,27.546507,27.055426,27.4973989
2022-07-25 23:00:00,26.2,27.200504,26.983467,27.1788003
2022-07-26 00:00:00,25.9,26.764814,26.759079,26.7642405
2022-07-26 01:00:00,25.6,26.448156,25.967545,26.4000949
2022-07-26 02:00:00,25.8,26.409527,26.076483,26.3762226
2022-07-26 03:00:00,25.3,26.228735,26.202915,26.226153
2022-07-26 04:00:00,25.7,25.866875,26.186504,25.8988379
2022-07-26 05:00:00,25.2,25.807312,26.256939,25.8522747
2022-07-26 06:00:00,25.4,26.050074,26.89571,26.1346376
2022-07-26 07:00:00,26.4,26.940363,27.152714,26.9615981
2022-07-26 08:00:00,27.6,27.76925,27.738647,27.7661897
2022-07-26 09:00:00,28.6,29.235632,29.01049,29.2131178
2022-07-26 10:00:00,29.5,29.98181,29.73922,29.957551
2022-07-26 11:00:00,29.9,31.020636,30.743996,30.992971999999998
2022-07-26 12:00:00,30.2,31.01359,30.580132,30.9702442
2022-07-26 13:00:00,30.1,31.479788,30.704666,31.402275799999998
2022-07-26 14:00:00,29.6,30.882854,29.736542,30.768222799999997
2022-07-26 15:00:00,29.2,30.540857,29.343895,30.4211608
2022-07-26 16:00:00,28.9,30.079813,28.60912,29.9327437
2022-07-26 17:00:00,28.9,29.68635,28.271706,29.5448856
2022-07-26 18:00:00,28.2,28.622272,28.249794,28.5850242
2022-07-26 19:00:00,27.7,27.867228,27.62109,27.8426142
2022-07-26 20:00:00,27.6,27.83668,26.981478,27.751159800000003
2022-07-26 21:00:00,27.5,27.504868,26.574953,27.411876499999998
2022-07-26 22:00:00,27.2,27.26349,26.262976,27.1634386
2022-07-26 23:00:00,26.9,27.01786,25.790022,26.8950762
2022-07-27 00:00:00,26.5,26.812668,25.858143,26.7172155
2022-07-27 01:00:00,26.2,26.501575,25.510782,26.4024957
2022-07-27 02:00:00,25.8,26.141575,25.488918,26.0763093
2022-07-27 03:00:00,25.6,25.892231,25.44785,25.8477929
2022-07-27 04:00:00,25.4,25.759481,24.938807,25.6774136
2022-07-27 05:00:00,25.9,25.844013,25.663445,25.8259562
2022-07-27 06:00:00,26.5,26.148836,26.369074,26.1708598
2022-07-27 07:00:00,27.7,26.780802,26.873508,26.790072600000002
2022-07-27 08:00:00,28.8,27.80213,28.156418,27.837558799999996
2022-07-27 09:00:00,29.6,28.699615,28.10254,28.639907500000003
2022-07-27 10:00:00,30.4,29.860071,28.770372,29.751101100000003
2022-07-27 11:00:00,31.1,30.43676,29.439247,30.337008700000002
2022-07-27 12:00:00,31.0,30.790676,29.728798,30.684488200000004
2022-07-27 13:00:00,30.5,30.716846,29.822472,30.6274086
2022-07-27 14:00:00,30.4,30.203074,29.746983,30.1574649
2022-07-27 15:00:00,30.1,29.517035,29.217913,29.487122799999998
2022-07-27 16:00:00,29.6,29.319782,28.692545,29.2570583
2022-07-27 17:00:00,29.7,29.184616,28.443556,29.110509999999998
2022-07-27 18:00:00,29.1,28.377516,27.971958,28.3369602
2022-07-27 19:00:00,28.7,27.846014,27.700514,27.831464
2022-07-27 20:00:00,28.4,27.58688,27.273924,27.5555844
2022-07-27 21:00:00,27.7,27.357275,27.09338,27.3308855
2022-07-27 22:00:00,27.3,27.12215,26.946995,27.1046345
2022-07-27 23:00:00,27.7,26.99082,26.6469,26.956428
2022-07-28 00:00:00,27.7,26.658125,26.6233,26.6546425
2022-07-28 01:00:00,27.2,26.37196,25.986689,26.333432900000002
2022-07-28 02:00:00,26.4,26.314417,25.833826,26.2663579
2022-07-28 03:00:00,26.1,26.01751,25.77575,25.993334
2022-07-28 04:00:00,24.9,25.82272,25.751404,25.8155884
2022-07-28 05:00:00,26.1,26.34502,25.925573,26.3030753
2022-07-28 06:00:00,26.8,26.451612,26.112865,26.4177373
2022-07-28 07:00:00,27.3,27.4329,27.007624,27.3903724
2022-07-28 08:00:00,28.3,28.534378,28.201832,28.5011234
2022-07-28 09:00:00,29.1,29.343548,29.691128,29.378306
2022-07-28 10:00:00,29.6,30.550455,30.23113,30.5185225
2022-07-28 11:00:00,29.5,31.50537,29.9364,31.348473
2022-07-28 12:00:00,29.4,31.573753,30.366383,31.453016
2022-07-28 13:00:00,29.5,30.879196,30.218616,30.813138000000002
2022-07-28 14:00:00,29.3,30.564571,30.082613,30.5163752
2022-07-28 15:00:00,29.1,30.121841,29.40044,30.0497009
2022-07-28 16:00:00,28.7,29.454641,29.311356,29.440312499999997
2022-07-28 17:00:00,28.9,29.262657,28.651981,29.201589400000003
2022-07-28 18:00:00,28.3,28.609241,28.586483,28.6069652
2022-07-28 19:00:00,27.9,28.250883,27.934628,28.2192575
2022-07-28 20:00:00,27.8,28.189499,27.742687,28.144817800000002
2022-07-28 21:00:00,27.7,27.879179,27.468697,27.8381308
2022-07-28 22:00:00,27.6,27.358444,26.829193,27.3055189
2022-07-28 23:00:00,27.5,27.419603,26.81112,27.3587547
2022-07-29 00:00:00,27.2,27.217546,27.07763,27.203554399999998
2022-07-29 01:00:00,27.0,27.122261,26.561905,27.0662254
2022-07-29 02:00:00,26.8,26.527735,26.16172,26.4911335
2022-07-29 03:00:00,26.7,26.214855,25.987692,26.1921387
2022-07-29 04:00:00,26.5,25.72825,25.766338,25.7320588
2022-07-29 05:00:00,26.4,26.043037,25.863924,26.025125700000004
2022-07-29 06:00:00,26.3,26.613913,27.106985,26.6632202
2022-07-29 07:00:00,27.2,27.504671,27.012909,27.4554948
2022-07-29 08:00:00,28.3,28.538223,28.109436,28.495344299999996
2022-07-29 09:00:00,29.3,29.356468,29.909061,29.4117273
2022-07-29 10:00:00,30.5,30.158016,29.80155,30.1223694
2022-07-29 11:00:00,31.5,30.92893,30.310873,30.8671243
2022-07-29 12:00:00,31.8,30.36645,30.31307,30.361112
2022-07-29 13:00:00,31.2,30.341734,30.25816,30.333376599999998
2022-07-29 14:00:00,30.2,29.973892,29.928102,29.969313
2022-07-29 15:00:00,30.0,29.672817,29.6497,29.670505299999995
2022-07-29 16:00:00,29.6,29.350313,29.259663,29.341248
2022-07-29 17:00:00,29.3,29.29723,28.773972,29.2449042
2022-07-29 18:00:00,28.6,28.543936,28.644068,28.553949199999998
2022-07-29 19:00:00,28.3,28.131216,27.94522,28.1126164
2022-07-29 20:00:00,28.1,27.911272,27.573963,27.877541100000002
2022-07-29 21:00:00,28.0,27.689741,27.389309,27.6596978
2022-07-29 22:00:00,28.0,27.50445,27.11619,27.465624
2022-07-29 23:00:00,27.8,27.520615,26.927542,27.4613077
2022-07-30 00:00:00,27.5,27.247622,26.89335,27.2121948
2022-07-30 01:00:00,27.2,26.876146,26.320988,26.820630199999997
2022-07-30 02:00:00,26.5,26.577763,26.290726,26.549059300000003
2022-07-30 03:00:00,26.1,26.486734,26.247906,26.4628512
2022-07-30 04:00:00,25.6,26.203848,26.457027,26.229165899999998
2022-07-30 05:00:00,26.4,26.333231,26.353882,26.3352961
2022-07-30 06:00:00,26.7,26.414606,26.672176,26.440363
2022-07-30 07:00:00,27.6,27.465332,27.429556,27.4617544
2022-07-30 08:00:00,28.9,28.531603,28.612787,28.5397214
2022-07-30 09:00:00,30.1,29.375853,29.273695,29.365637200000002
2022-07-30 10:00:00,30.9,30.83778,30.460672,30.8000692
2022-07-30 11:00:00,31.2,31.41766,31.164017,31.392295700000002
2022-07-30 12:00:00,31.0,31.945873,31.59679,31.9109647
2022-07-30 13:00:00,30.8,31.773462,30.93792,31.6899078
2022-07-30 14:00:00,30.8,30.838493,30.357933,30.790436999999997
2022-07-30 15:00:00,30.5,30.158117,29.625134,30.1048187
2022-07-30 16:00:00,30.1,29.704842,29.5159,29.6859478
2022-07-30 17:00:00,29.9,29.268852,29.085545,29.250521299999996
2022-07-30 18:00:00,29.1,28.407476,28.592213,28.425949699999997
2022-07-30 19:00:00,28.8,28.076431,27.968838,28.0656717
2022-07-30 20:00:00,28.6,27.975836,27.727518,27.9510042
2022-07-30 21:00:00,28.3,27.808855,27.474266,27.775396100000002
2022-07-30 22:00:00,28.1,27.569433,27.264984,27.5389881
2022-07-30 23:00:00,27.9,27.402298,27.179913,27.380059499999998
2022-07-31 00:00:00,27.3,27.010416,27.074944,27.016868799999997
2022-07-31 01:00:00,26.2,26.957874,26.449509,26.907037499999998
2022-07-31 02:00:00,25.9,26.524553,26.347607,26.5068584
2022-07-31 03:00:00,25.3,26.374126,26.383398,26.3750532
2022-07-31 04:00:00,25.1,26.202457,26.37085,26.2192963
2022-07-31 05:00:00,27.1,26.162886,26.164446,26.163041999999997
2022-07-31 06:00:00,27.2,26.603552,27.077461,26.6509429
2022-07-31 07:00:00,28.2,27.57468,27.391148,27.5563268
2022-07-31 08:00:00,29.5,28.738928,28.59405,28.7244402
2022-07-31 09:00:00,30.7,29.81683,29.786585,29.813805499999997
2022-07-31 10:00:00,31.8,30.902328,30.371153,30.8492105
2022-07-31 11:00:00,32.4,31.683912,30.40276,31.5557968
2022-07-31 12:00:00,32.4,31.477106,30.874722,31.4168676
2022-07-31 13:00:00,31.5,31.451265,30.596977,31.365836199999997
2022-07-31 14:00:00,31.0,30.8718,30.308407,30.8154607
2022-07-31 15:00:00,30.7,30.570227,30.144266,30.5276309
2022-07-31 16:00:00,30.1,29.959476,29.70298,29.933826399999997
2022-07-31 17:00:00,30.2,29.612968,29.255104,29.5771816
2022-07-31 18:00:00,29.4,28.816149,28.790146,28.8135487
2022-07-31 19:00:00,29.1,28.456196,28.126637,28.423240099999997
2022-07-31 20:00:00,29.1,28.3086,27.866356,28.2643756
2022-07-31 21:00:00,28.8,28.040394,27.650127,28.0013673
2022-07-31 22:00:00,25.6,27.842848,27.364231,27.7949863
2022-07-31 23:00:00,25.8,27.664206,27.159418,27.6137272
2022-08-01 00:00:00,25.6,27.259153,27.154263,27.248664
2022-08-01 01:00:00,25.7,26.705362,25.670193,26.6018451
2022-08-01 02:00:00,25.6,26.44451,25.739296,26.3739886
2022-08-01 03:00:00,25.3,26.040356,25.740301,26.010350499999998
2022-08-01 04:00:00,25.1,25.811596,25.274012,25.757837600000002
2022-08-01 05:00:00,26.0,26.166307,25.764938,26.126170100000003
2022-08-01 06:00:00,26.5,26.904211,27.21579,26.9353689
2022-08-01 07:00:00,27.9,27.823502,26.99529,27.7406808
2022-08-01 08:00:00,29.2,28.857395,28.081085,28.779764
2022-08-01 09:00:00,30.1,29.85631,29.561192,29.826798200000002
2022-08-01 10:00:00,31.4,31.205023,29.92825,31.077345700000002
2022-08-01 11:00:00,31.9,31.731535,31.50583,31.7089645
2022-08-01 12:00:00,31.9,31.727541,30.149708,31.5697577
2022-08-01 13:00:00,31.6,31.537718,30.32347,31.4162932
2022-08-01 14:00:00,30.3,30.744848,29.63771,30.6341342
2022-08-01 15:00:00,30.2,30.391771,29.26301,30.278894899999997
2022-08-01 16:00:00,29.4,29.75498,29.071198,29.686601800000002
2022-08-01 17:00:00,29.9,29.911772,28.730556,29.7936504
2022-08-01 18:00:00,29.3,29.11909,28.521229,29.059303900000003
2022-08-01 19:00:00,28.7,28.758633,27.792059,28.661975599999998
2022-08-01 20:00:00,26.7,28.612312,27.584251,28.5095059
2022-08-01 21:00:00,26.7,28.355667,27.50647,28.2707473
2022-08-01 22:00:00,26.4,27.377356,27.152401,27.354860499999997
2022-08-01 23:00:00,25.1,27.261866,25.85628,27.121307400000003
2022-08-02 00:00:00,25.2,26.512484,26.122417,26.4734773
2022-08-02 01:00:00,24.8,26.378511,25.277977,26.2684576
2022-08-02 02:00:00,25.1,26.325548,25.009045,26.1938977
2022-08-02 03:00:00,24.5,25.983576,25.00481,25.8856994
2022-08-02 04:00:00,24.6,25.704966,25.16603,25.6510724
2022-08-02 05:00:00,25.5,26.180588,25.153599,26.0778891
2022-08-02 06:00:00,25.8,26.737335,26.267557,26.6903572
2022-08-02 07:00:00,25.8,27.57112,26.352531,27.4492611
2022-08-02 08:00:00,26.1,29.166979,27.731218,29.0234029
2022-08-02 09:00:00,26.1,29.91742,28.50711,29.776389
2022-08-02 10:00:00,25.8,31.320757,28.702915,31.058972800000003
2022-08-02 11:00:00,26.1,31.441105,29.750896,31.2720841
2022-08-02 12:00:00,26.7,31.288824,30.062891,31.166230700000003
2022-08-02 13:00:00,27.6,31.250948,30.117733,31.1376265
2022-08-02 14:00:00,28.0,30.826012,29.74628,30.7180388
2022-08-02 15:00:00,28.0,30.368906,29.160894,30.2481048
2022-08-02 16:00:00,28.2,29.908537,28.90759,29.8084423
2022-08-02 17:00:00,27.9,29.555216,28.270811,29.426775499999998
2022-08-02 18:00:00,27.1,29.14548,28.475176,29.0784496
2022-08-02 19:00:00,26.8,29.053663,27.800377,28.928334399999997
2022-08-02 20:00:00,26.6,28.631805,27.29054,28.4976785
2022-08-02 21:00:00,26.3,28.809685,26.155582,28.544274700000003
2022-08-02 22:00:00,26.4,27.234835,26.097643,27.1211158
2022-08-02 23:00:00,26.4,26.835464,25.523296,26.7042472
2022-08-03 00:00:00,26.3,26.217873,25.713661,26.1674518
2022-08-03 01:00:00,25.1,25.65313,24.564404,25.5442574
2022-08-03 02:00:00,24.6,25.356209,24.51899,25.2724871
2022-08-03 03:00:00,24.4,25.51107,25.7735,25.537313
2022-08-03 04:00:00,24.4,24.742561,24.350527,24.7033576
2022-08-03 05:00:00,25.8,25.063942,26.282806,25.185828400000002
2022-08-03 06:00:00,26.0,25.960001,25.91098,25.9550989
2022-08-03 07:00:00,26.7,26.481075,25.696081,26.402575600000002
2022-08-03 08:00:00,27.5,27.852877,26.789562,27.7465455
2022-08-03 09:00:00,28.5,28.704386,27.403511,28.574298499999998
2022-08-03 10:00:00,28.8,29.182297,27.789078,29.0429751
2022-08-03 11:00:00,29.6,28.919235,27.898884,28.8171999
2022-08-03 12:00:00,30.4,29.572353,28.345486,29.449666299999997
2022-08-03 13:00:00,30.1,29.926685,28.534218,29.787438299999998
2022-08-03 14:00:00,26.7,29.830822,28.647161,29.712455900000002
2022-08-03 15:00:00,25.9,30.056562,27.874355,29.8383413
2022-08-03 16:00:00,25.6,29.626425,27.47924,29.4117065
2022-08-03 17:00:00,27.9,29.609163,27.496065,29.397853199999997
2022-08-03 18:00:00,27.3,27.999718,28.17054,28.016800200000002
2022-08-03 19:00:00,26.0,27.419254,27.057781,27.3831067
2022-08-03 20:00:00,25.7,27.01436,26.814499,26.9943739
2022-08-03 21:00:00,25.6,26.97871,26.300644,26.9109034
2022-08-03 22:00:00,25.5,27.002827,25.877031,26.8902474
2022-08-03 23:00:00,25.3,26.77349,25.905977,26.6867387
2022-08-04 00:00:00,25.1,26.512205,25.727428,26.4337273
2022-08-04 01:00:00,25.0,26.08623,25.36333,26.01394
2022-08-04 02:00:00,25.0,25.597013,25.069323,25.544244
2022-08-04 03:00:00,25.3,25.279736,25.116646,25.263427
2022-08-04 04:00:00,25.4,25.201717,25.242477,25.205793
2022-08-04 05:00:00,25.9,25.561935,25.12189,25.5179305
2022-08-04 06:00:00,26.3,26.124256,26.188793,26.1307097
2022-08-04 07:00:00,27.1,26.849884,26.400349,26.8049305
2022-08-04 08:00:00,28.2,28.023056,27.240868,27.9448372
2022-08-04 09:00:00,28.7,28.696907,27.934309,28.6206472
2022-08-04 10:00:00,28.5,29.71064,28.802898,29.619865800000003
2022-08-04 11:00:00,29.1,31.012167,29.05052,30.8160023
2022-08-04 12:00:00,30.7,31.634819,29.268356,31.3981727
2022-08-04 13:00:00,29.6,30.297169,29.56801,30.2242531
2022-08-04 14:00:00,29.1,30.104738,29.331985,30.0274627
2022-08-04 15:00:00,29.7,29.253618,27.97709,29.125965199999996
2022-08-04 16:00:00,29.4,28.294405,27.768578,28.2418223
2022-08-04 17:00:00,29.6,28.1344,27.563805,28.0773405
2022-08-04 18:00:00,28.8,27.853456,27.708874,27.8389978
2022-08-04 19:00:00,28.2,27.381998,26.855295,27.3293277
2022-08-04 20:00:00,27.9,27.431213,26.32858,27.3209497
2022-08-04 21:00:00,27.5,27.013155,25.942616,26.9061011
2022-08-04 22:00:00,27.4,26.722065,25.95869,26.645727500000003
2022-08-04 23:00:00,27.1,26.583784,25.63359,26.4887646
2022-08-05 00:00:00,26.9,26.350811,25.510029,26.2667328
2022-08-05 01:00:00,26.7,26.07013,25.001577,25.9632747
2022-08-05 02:00:00,27.0,25.880665,24.950657,25.787664200000002
2022-08-05 03:00:00,27.1,25.864107,24.990404,25.7767367
2022-08-05 04:00:00,26.8,25.930185,25.21938,25.8591045
2022-08-05 05:00:00,26.5,26.227264,25.600048,26.164542400000002
2022-08-05 06:00:00,26.8,26.892189,26.45008,26.8479781
2022-08-05 07:00:00,26.8,27.550875,27.011093,27.496896800000002
2022-08-05 08:00:00,27.0,28.502808,27.698652,28.4223924
2022-08-05 09:00:00,27.4,29.36465,28.845373,29.3127223
2022-08-05 10:00:00,27.5,29.692564,29.336155,29.6569231
2022-08-05 11:00:00,27.9,30.883781,29.520237,30.747426599999997
2022-08-05 12:00:00,27.6,32.142757,30.063255,31.934806800000004
2022-08-05 13:00:00,28.9,31.447256,30.67823,31.3703534
2022-08-05 14:00:00,29.4,30.247732,29.698055,30.1927643
2022-08-05 15:00:00,29.1,29.986382,29.070463,29.8947901
2022-08-05 16:00:00,29.6,29.222939,29.15838,29.2164831
2022-08-05 17:00:00,29.8,29.253231,28.459745,29.1738824
2022-08-05 18:00:00,29.1,28.82622,28.575577,28.801155700000002
2022-08-05 19:00:00,28.9,28.303114,27.665787,28.2393813
2022-08-05 20:00:00,28.7,27.918503,27.292263,27.855879
2022-08-05 21:00:00,28.7,27.647865,26.964594,27.5795379
2022-08-05 22:00:00,28.3,27.444609,26.626835,27.3628316
2022-08-05 23:00:00,27.9,27.424162,26.524132,27.334158999999996
2022-08-06 00:00:00,27.6,27.138079,26.384985,27.062769600000003
2022-08-06 01:00:00,27.2,27.052097,25.87221,26.9341083
2022-08-06 02:00:00,26.7,27.083735,25.80737,26.9560985
2022-08-06 03:00:00,26.4,26.83314,26.130041,26.7628301
2022-08-06 04:00:00,26.7,26.45012,26.429333,26.4480413
2022-08-06 05:00:00,26.6,26.173994,26.544289,26.2110235
2022-08-06 06:00:00,26.7,26.462677,27.026888,26.5190981
2022-08-06 07:00:00,27.3,27.123087,27.625721,27.1733504
2022-08-06 08:00:00,28.3,28.028082,27.962162,28.02149
2022-08-06 09:00:00,29.6,28.730667,28.58254,28.7158543
2022-08-06 10:00:00,29.5,28.957516,29.035538,28.9653182
2022-08-06 11:00:00,31.3,29.97425,29.244476,29.901272600000002
2022-08-06 12:00:00,31.8,31.587076,29.75903,31.4042714
2022-08-06 13:00:00,31.2,31.339119,29.580679,31.163275
2022-08-06 14:00:00,31.3,30.525805,29.925667,30.465791199999998
2022-08-06 15:00:00,30.5,31.147427,29.559292,30.9886135
2022-08-06 16:00:00,29.0,29.905804,29.094456,29.8246692
2022-08-06 17:00:00,29.9,30.03444,28.783173,29.9093133
2022-08-06 18:00:00,29.5,28.974365,28.631508,28.9400793
2022-08-06 19:00:00,29.0,28.62896,27.999403,28.5660043
2022-08-06 20:00:00,28.7,28.515112,27.723808,28.435981599999998
2022-08-06 21:00:00,28.9,28.442814,27.430653,28.341597899999996
2022-08-06 22:00:00,28.8,28.34634,27.294369,28.2411429
2022-08-06 23:00:00,28.5,28.285082,26.858671,28.1424409
2022-08-07 00:00:00,28.1,27.461838,26.7877,27.3944242
2022-08-07 01:00:00,27.8,27.098297,26.185135,27.006980799999997
2022-08-07 02:00:00,27.7,26.650696,26.078285,26.5934549
2022-08-07 03:00:00,27.7,26.29037,26.164036,26.277736599999997
2022-08-07 04:00:00,27.3,26.301739,26.188892,26.2904543
2022-08-07 05:00:00,27.1,26.290937,26.691578,26.3310011
2022-08-07 06:00:00,27.1,26.545244,27.004665,26.5911861
2022-08-07 07:00:00,27.4,27.4941,27.441542,27.4888442
2022-08-07 08:00:00,28.3,28.586996,28.087236,28.537020000000002
2022-08-07 09:00:00,28.6,29.777565,28.901308,29.6899393
2022-08-07 10:00:00,29.3,30.125534,29.869493,30.0999299
2022-08-07 11:00:00,31.1,31.926859,29.785667,31.712739799999998
2022-08-07 12:00:00,31.7,32.646194,31.114048,32.4929794
2022-08-07 13:00:00,32.8,32.265285,30.722347,32.1109912
2022-08-07 14:00:00,33.1,31.474665,30.499191,31.377117600000002
2022-08-07 15:00:00,33.1,30.69992,30.498962,30.6798242
2022-08-07 16:00:00,32.2,30.890076,29.323532,30.7334216
2022-08-07 17:00:00,31.6,29.767847,28.704918,29.6615541
2022-08-07 18:00:00,30.7,29.071531,28.792645,29.0436424
2022-08-07 19:00:00,29.6,28.872944,28.21002,28.806651600000002
2022-08-07 20:00:00,29.9,28.66875,27.802765,28.5821515
2022-08-07 21:00:00,29.7,28.658934,27.607864,28.553827
2022-08-07 22:00:00,29.4,28.565355,27.568504,28.4656699
2022-08-07 23:00:00,29.0,28.247288,27.247961,28.1473553
2022-08-08 00:00:00,28.6,27.8033,27.134342,27.7364042
2022-08-08 01:00:00,28.2,27.318943,26.575562,27.2446049
2022-08-08 02:00:00,27.9,27.350395,26.473099,27.2626654
2022-08-08 03:00:00,27.7,27.232655,26.717985,27.181188
2022-08-08 04:00:00,27.5,26.832762,26.727324,26.822218200000002
2022-08-08 05:00:00,27.4,26.790627,26.93026,26.8045903
2022-08-08 06:00:00,27.2,26.872019,27.26599,26.911416100000004
2022-08-08 07:00:00,27.6,27.404257,27.730587,27.436890000000002
2022-08-08 08:00:00,28.7,28.4358,28.390343,28.4312543
2022-08-08 09:00:00,30.0,29.741007,29.352127,29.702118999999996
2022-08-08 10:00:00,31.3,30.733782,29.75005,30.6354088
2022-08-08 11:00:00,32.3,32.305565,30.36367,32.1113755
2022-08-08 12:00:00,33.4,32.482296,31.373278,32.3713942
2022-08-08 13:00:00,33.8,33.113304,31.356817,32.9376553
2022-08-08 14:00:00,34.5,32.29684,31.616676,32.228823600000005
2022-08-08 15:00:00,34.4,32.310997,31.275461,32.2074434
2022-08-08 16:00:00,33.5,31.454195,30.683697,31.377145199999998
2022-08-08 17:00:00,32.2,30.22849,29.689354,30.1745764
2022-08-08 18:00:00,31.4,29.63516,29.334635,29.6051075
2022-08-08 19:00:00,30.7,28.69203,28.236786,28.646505599999998
2022-08-08 20:00:00,29.5,28.9871,27.894823,28.8778723
2022-08-08 21:00:00,29.2,28.933472,28.113895,28.851514299999998
2022-08-08 22:00:00,29.1,28.827517,27.751232,28.7198885
2022-08-08 23:00:00,28.5,28.29332,27.568684,28.2208564
2022-08-09 00:00:00,28.1,27.94479,27.47274,27.897585000000003
2022-08-09 01:00:00,27.7,27.69084,26.825909,27.604346900000003
2022-08-09 02:00:00,27.4,27.44061,26.87253,27.383802
2022-08-09 03:00:00,27.3,27.269243,26.918411,27.234159799999997
2022-08-09 04:00:00,27.0,27.02528,27.096134,27.032365399999996
2022-08-09 05:00:00,26.9,26.948824,27.2055,26.974491599999997
2022-08-09 06:00:00,26.7,26.958958,27.705753,27.0336375
2022-08-09 07:00:00,27.3,27.48297,27.978645,27.5325375
2022-08-09 08:00:00,28.7,28.74573,28.531733,28.7243303
2022-08-09 09:00:00,30.0,29.982327,29.769558,29.9610501
2022-08-09 10:00:00,31.4,31.342243,30.452122,31.2532309
2022-08-09 11:00:00,31.9,32.56544,31.329376,32.4418336
2022-08-09 12:00:00,33.2,33.223038,31.866285,33.0873627
2022-08-09 13:00:00,33.1,33.13644,32.433773,33.0661733
2022-08-09 14:00:00,33.6,33.59044,32.346855,33.4660815
2022-08-09 15:00:00,34.2,33.7541,32.22188,33.600878
2022-08-09 16:00:00,34.0,31.758223,31.547268,31.7371275
2022-08-09 17:00:00,32.5,31.006632,30.502419,30.9562107
2022-08-09 18:00:00,31.2,30.56343,29.768307,30.483917700000003
2022-08-09 19:00:00,30.4,30.252048,29.333153,30.160158499999998
2022-08-09 20:00:00,30.0,29.73585,28.750925,29.6373575
2022-08-09 21:00:00,29.6,29.593782,27.98781,29.4331848
2022-08-09 22:00:00,29.4,29.466116,27.75589,29.2950934
2022-08-09 23:00:00,28.9,28.703796,27.74208,28.6076244
2022-08-10 00:00:00,28.6,28.39812,27.43333,28.301641
2022-08-10 01:00:00,28.5,27.948668,26.895447,27.8433459
2022-08-10 02:00:00,28.0,27.494436,26.79575,27.4245674
2022-08-10 03:00:00,27.6,27.283478,26.972633,27.2523935
2022-08-10 04:00:00,27.1,27.138714,27.004047,27.1252473
2022-08-10 05:00:00,26.2,26.957037,27.202793,26.9816126
2022-08-10 06:00:00,26.6,26.83653,27.634485,26.9163255
2022-08-10 07:00:00,27.7,27.691422,28.004955,27.7227753
2022-08-10 08:00:00,29.1,28.706425,28.733782,28.709160699999998
2022-08-10 09:00:00,30.4,30.152824,29.82979,30.1205206
2022-08-10 10:00:00,31.3,31.810347,30.80493,31.709805300000003
2022-08-10 11:00:00,32.9,32.545284,31.85497,32.4762526
2022-08-10 12:00:00,33.8,33.835384,31.846638,33.636509399999994
2022-08-10 13:00:00,34.2,33.28581,32.855366,33.2427656
2022-08-10 14:00:00,35.6,32.62025,31.979805,32.5562055
2022-08-10 15:00:00,35.7,32.720333,32.163277,32.66462739999999
2022-08-10 16:00:00,33.5,31.54482,31.720646,31.562402600000002
2022-08-10 17:00:00,31.1,30.618788,31.028769,30.659786099999998
2022-08-10 18:00:00,29.8,30.142769,29.606363,30.089128400000003
2022-08-10 19:00:00,29.1,29.879887,29.394722,29.831370500000002
2022-08-10 20:00:00,28.8,29.646624,28.62059,29.5440206
2022-08-10 21:00:00,28.6,29.335062,28.25364,29.2269198
2022-08-10 22:00:00,28.4,29.025219,27.959166,28.918613699999998
2022-08-10 23:00:00,28.2,28.471476,27.831654,28.407493799999997
2022-08-11 00:00:00,27.9,28.140057,27.551765,28.0812278
2022-08-11 01:00:00,28.5,28.03715,27.098133,27.9432483
2022-08-11 02:00:00,28.4,27.843662,27.124071,27.771702899999998
2022-08-11 03:00:00,28.0,27.506163,27.01824,27.4573707
2022-08-11 04:00:00,27.6,27.458622,27.164978,27.4292576
2022-08-11 05:00:00,27.9,26.66016,27.261051,26.7202491
2022-08-11 06:00:00,27.9,26.669952,27.137527,26.7167095
2022-08-11 07:00:00,28.7,27.825844,28.02399,27.8456586
2022-08-11 08:00:00,30.0,29.189888,28.883211,29.159220299999998
2022-08-11 09:00:00,31.3,30.636896,30.050636,30.57827
2022-08-11 10:00:00,32.6,31.853203,30.916641,31.7595468
2022-08-11 11:00:00,33.5,32.637745,31.813068,32.5552773
2022-08-11 12:00:00,34.3,34.162636,32.410145,33.9873869
2022-08-11 13:00:00,33.8,34.209545,32.7282,34.061410499999994
2022-08-11 14:00:00,35.4,34.60743,32.699223,34.4166093
2022-08-11 15:00:00,35.1,33.559032,32.946873,33.4978161
2022-08-11 16:00:00,35.2,32.478203,32.247112,32.4550939
2022-08-11 17:00:00,33.0,31.21428,30.621735,31.1550255
2022-08-11 18:00:00,32.0,29.896208,28.88139,29.7947262
2022-08-11 19:00:00,30.1,29.621828,28.757977,29.5354429
2022-08-11 20:00:00,29.1,29.447756,28.169308,29.319911199999996
2022-08-11 21:00:00,28.8,29.279016,27.791996,29.130314
2022-08-11 22:00:00,28.8,28.820784,27.435429,28.682248499999996
2022-08-11 23:00:00,28.4,28.25416,27.209106,28.149654599999998
2022-08-12 00:00:00,28.1,28.041267,27.274069,27.9645472
2022-08-12 01:00:00,27.9,28.099821,26.677662,27.9576051
2022-08-12 02:00:00,27.7,27.956938,27.13552,27.874796200000002
2022-08-12 03:00:00,27.6,27.753809,27.247454,27.703173500000002
2022-08-12 04:00:00,27.4,27.575006,27.20715,27.538220399999997
2022-08-12 05:00:00,27.7,27.465527,27.363968,27.4553711
2022-08-12 06:00:00,27.8,27.325317,27.780678,27.370853099999998
2022-08-12 07:00:00,28.7,28.241835,28.319904,28.249641899999997
2022-08-12 08:00:00,30.1,29.125578,29.052416,29.118261800000003
2022-08-12 09:00:00,31.3,30.625654,30.21026,30.5841146
2022-08-12 10:00:00,32.4,32.33791,31.142416,32.2183606
2022-08-12 11:00:00,33.3,33.37175,31.962326,33.2308076
2022-08-12 12:00:00,34.3,34.22777,32.476562,34.0526492
2022-08-12 13:00:00,35.0,34.003685,32.99457,33.902773499999995
2022-08-12 14:00:00,35.2,34.74905,32.10489,34.484634
2022-08-12 15:00:00,34.6,34.194347,33.09019,34.0839313
2022-08-12 16:00:00,32.6,33.069023,31.868523,32.948973
2022-08-12 17:00:00,31.4,31.464449,31.217735,31.4397776
2022-08-12 18:00:00,29.4,30.371462,29.252235,30.2595393
2022-08-12 19:00:00,29.1,29.990967,29.510427,29.942913
2022-08-12 20:00:00,28.9,29.355474,28.280582,29.247984799999998
2022-08-12 21:00:00,28.7,28.931293,27.74274,28.8124377
2022-08-12 22:00:00,28.5,28.742165,27.542372,28.6221857
2022-08-12 23:00:00,28.6,28.376478,27.547878,28.293618
2022-08-13 00:00:00,29.5,28.02108,27.193003,27.9382723
2022-08-13 01:00:00,28.8,28.073332,26.618786,27.9278774
2022-08-13 02:00:00,28.3,27.959116,26.79395,27.8425994
2022-08-13 03:00:00,28.0,27.63564,26.884893,27.5605653
2022-08-13 04:00:00,27.7,27.452093,27.118557,27.4187394
2022-08-13 05:00:00,27.6,27.597805,27.279491,27.565973600000003
2022-08-13 06:00:00,27.6,27.675032,28.134075,27.7209363
2022-08-13 07:00:00,28.4,28.617487,28.27917,28.5836553
2022-08-13 08:00:00,29.4,29.688894,29.268085,29.646813100000003
2022-08-13 09:00:00,30.3,30.95669,30.305058,30.891526799999998
2022-08-13 10:00:00,31.1,32.524063,31.29476,32.4011327
2022-08-13 11:00:00,32.0,33.08949,32.028244,32.9833654
2022-08-13 12:00:00,32.9,33.42235,32.17904,33.298019000000004
2022-08-13 13:00:00,33.9,34.506035,32.88717,34.344148499999996
2022-08-13 14:00:00,33.7,34.399986,32.642483,34.2242357
2022-08-13 15:00:00,31.6,33.289486,32.4118,33.20171739999999
2022-08-13 16:00:00,30.5,31.324106,31.90493,31.3821884
2022-08-13 17:00:00,29.9,30.977457,30.341124,30.9138237
2022-08-13 18:00:00,28.8,29.811089,29.151924,29.7451725
2022-08-13 19:00:00,28.0,29.402548,28.409515,29.3032447
2022-08-13 20:00:00,27.4,29.072365,27.998764,28.9650049
2022-08-13 21:00:00,27.4,28.749638,27.730185,28.6476927
2022-08-13 22:00:00,27.1,28.585331,27.509413,28.477739200000002
2022-08-13 23:00:00,27.1,28.223557,27.240414,28.1252427
2022-08-14 00:00:00,27.2,28.495724,27.3569,28.381841599999998
2022-08-14 01:00:00,26.9,28.158028,26.961826,28.0384078
2022-08-14 02:00:00,26.7,27.746977,26.781134,27.6503927
2022-08-14 03:00:00,26.6,27.67903,27.104633,27.6215903
2022-08-14 04:00:00,26.6,27.413057,27.184368,27.3901881
2022-08-14 05:00:00,26.5,27.26729,27.318073,27.2723683
2022-08-14 06:00:00,26.8,27.316162,27.824823,27.3670281
2022-08-14 07:00:00,27.6,28.287249,27.982145,28.2567386
2022-08-14 08:00:00,29.0,29.24871,28.933266,29.217165599999998
2022-08-14 09:00:00,30.6,30.387993,29.881554,30.3373491
2022-08-14 10:00:00,32.1,30.84018,30.826506,30.838812599999997
2022-08-14 11:00:00,33.2,31.486164,31.409477,31.4784953
2022-08-14 12:00:00,33.3,32.207325,31.851957,32.171788199999995
2022-08-14 13:00:00,32.2,32.284985,32.301773,32.2866638
2022-08-14 14:00:00,31.6,32.321293,32.293865,32.3185502
2022-08-14 15:00:00,30.9,31.711178,30.49499,31.5895592
2022-08-14 16:00:00,30.4,30.78908,30.015303,30.7117023
2022-08-14 17:00:00,29.9,30.024323,29.271784,29.9490691
2022-08-14 18:00:00,29.1,28.729958,28.506224,28.7075846
2022-08-14 19:00:00,28.8,28.285456,28.225641,28.2794745
2022-08-14 20:00:00,28.7,28.25602,27.18092,28.148509999999998
2022-08-14 21:00:00,28.6,27.47478,27.10548,27.437849999999997
2022-08-14 22:00:00,28.3,27.268715,27.226406,27.2644841
2022-08-14 23:00:00,28.1,27.422028,26.88723,27.3685482
2022-08-15 00:00:00,27.6,27.678265,26.908556,27.6012941
2022-08-15 01:00:00,27.4,27.35402,26.542397,27.272857699999996
2022-08-15 02:00:00,27.2,27.017855,26.256258,26.9416953
2022-08-15 03:00:00,27.1,26.853617,26.388962,26.8071515
2022-08-15 04:00:00,27.0,26.897842,26.291546,26.837212400000002
2022-08-15 05:00:00,27.1,26.878584,26.593987,26.8501243
2022-08-15 06:00:00,27.6,27.095556,26.828453,27.0688457
2022-08-15 07:00:00,28.7,27.919302,27.526253,27.879997099999997
2022-08-15 08:00:00,29.9,29.057245,28.334274,28.9849479
2022-08-15 09:00:00,31.2,30.380383,29.594662,30.301810899999996
2022-08-15 10:00:00,31.9,31.562782,30.82394,31.4888978
2022-08-15 11:00:00,32.2,32.403168,31.71916,32.3347672
2022-08-15 12:00:00,31.7,32.5113,32.503204,32.510490399999995
2022-08-15 13:00:00,31.0,32.2331,32.238525,32.2336425
2022-08-15 14:00:00,31.5,31.709433,30.87138,31.6256277
2022-08-15 15:00:00,30.2,30.83626,30.409649,30.7935989
2022-08-15 16:00:00,30.3,30.162418,29.827389,30.1289151
2022-08-15 17:00:00,29.6,29.64039,29.260933,29.6024443
2022-08-15 18:00:00,28.8,28.83185,28.496426,28.798307599999998
2022-08-15 19:00:00,28.5,28.316116,27.942783,28.2787827
2022-08-15 20:00:00,28.4,28.200012,27.611267,28.1411375
2022-08-15 21:00:00,28.3,28.211922,27.402035,28.130933300000002
2022-08-15 22:00:00,28.3,27.898188,27.13652,27.822021200000002
2022-08-15 23:00:00,27.5,27.685377,26.98934,27.615773299999997
2022-08-16 00:00:00,27.6,27.339146,26.87116,27.2923474
2022-08-16 01:00:00,25.6,27.091364,26.101488,26.992376399999998
2022-08-16 02:00:00,25.9,26.892157,26.24356,26.8272973
2022-08-16 03:00:00,26.3,26.808556,26.31214,26.7589144
2022-08-16 04:00:00,26.2,26.703741,26.438128,26.6771797
2022-08-16 05:00:00,27.0,26.797148,26.637825,26.7812157
2022-08-16 06:00:00,26.3,27.23704,26.956177,27.208953700000002
2022-08-16 07:00:00,27.0,28.350874,27.723167,28.288103300000003
2022-08-16 08:00:00,28.1,29.25524,28.69625,29.199341
2022-08-16 09:00:00,29.8,30.832376,29.893812,30.7385196
2022-08-16 10:00:00,31.5,31.750599,30.918892,31.6674283
2022-08-16 11:00:00,32.6,32.347904,31.521915,32.2653051
2022-08-16 12:00:00,32.8,32.303364,31.567442,32.2297718
2022-08-16 13:00:00,31.0,31.800093,30.908411,31.7109248
2022-08-16 14:00:00,30.4,31.728394,30.592403,31.6147949
2022-08-16 15:00:00,30.5,30.852345,30.51248,30.818358500000002
2022-08-16 16:00:00,30.0,30.521555,29.242485,30.393648
2022-08-16 17:00:00,29.9,29.604355,29.337322,29.5776517
2022-08-16 18:00:00,28.9,28.74902,28.475615,28.7216795
2022-08-16 19:00:00,28.5,28.525885,27.883514,28.4616479
2022-08-16 20:00:00,28.4,28.354254,27.655806,28.284409200000002
2022-08-16 21:00:00,28.3,28.23272,27.332935,28.1427415
2022-08-16 22:00:00,28.1,28.006327,27.19767,27.925461300000002
2022-08-16 23:00:00,28.0,27.500488,27.109789,27.461418100000003
2022-08-17 00:00:00,27.9,27.318375,26.683872,27.254924699999997
2022-08-17 01:00:00,27.2,26.320332,26.347622,26.323061000000003
2022-08-17 02:00:00,27.0,26.183878,25.89859,26.1553492
2022-08-17 03:00:00,27.0,26.41708,26.062977,26.3816697
2022-08-17 04:00:00,27.1,26.21639,26.267963,26.2215473
2022-08-17 05:00:00,26.7,26.513197,26.343866,26.496263900000002
2022-08-17 06:00:00,27.0,26.907627,27.334732,26.9503375
2022-08-17 07:00:00,28.0,27.790705,27.382586,27.749893099999998
2022-08-17 08:00:00,29.5,28.742994,28.421383,28.7108329
2022-08-17 09:00:00,31.3,30.131186,29.695818,30.0876492
2022-08-17 10:00:00,32.7,31.254694,30.832232,31.2124478
2022-08-17 11:00:00,33.7,31.69509,31.727427,31.698323700000003
2022-08-17 12:00:00,33.7,31.99422,32.02581,31.997379
2022-08-17 13:00:00,32.1,31.551542,31.631218,31.559509600000002
2022-08-17 14:00:00,30.8,30.602146,30.168612,30.558792600000004
2022-08-17 15:00:00,31.8,30.418903,29.769138,30.3539265
2022-08-17 16:00:00,30.9,30.028618,29.65634,29.9913902
2022-08-17 17:00:00,30.3,29.568077,29.074078,29.518677099999998
2022-08-17 18:00:00,29.5,28.793303,28.60189,28.7741617
2022-08-17 19:00:00,29.0,28.34747,27.815172,28.2942402
2022-08-17 20:00:00,28.9,28.247726,27.588009,28.1817543
2022-08-17 21:00:00,28.7,28.004349,27.284655,27.9323796
2022-08-17 22:00:00,28.5,27.737446,27.093483,27.673049699999996
2022-08-17 23:00:00,28.2,27.574186,26.9054,27.5073074
2022-08-18 00:00:00,25.2,27.349968,26.841024,27.2990736
2022-08-18 01:00:00,25.6,26.873795,26.400143,26.826429800000003
2022-08-18 02:00:00,25.9,26.687334,26.056114,26.624212
2022-08-18 03:00:00,26.0,26.602316,26.197975,26.5618819
2022-08-18 04:00:00,25.9,26.67076,26.37706,26.64139
2022-08-18 05:00:00,26.4,26.647932,26.58444,26.641582800000002
2022-08-18 06:00:00,26.8,26.778154,26.718723,26.7722109
2022-08-18 07:00:00,27.5,27.64767,27.290768,27.6119798
2022-08-18 08:00:00,28.9,28.94682,28.337858,28.8859238
2022-08-18 09:00:00,30.3,30.711529,29.431974,30.5835735
2022-08-18 10:00:00,31.9,31.771133,30.499043,31.643924
2022-08-18 11:00:00,33.0,32.207245,30.85041,32.0715615
2022-08-18 12:00:00,33.5,32.369114,31.741539,32.3063565
2022-08-18 13:00:00,33.5,31.767359,31.048359,31.695459
2022-08-18 14:00:00,32.0,31.319199,30.115704,31.1988495
2022-08-18 15:00:00,31.7,30.91286,29.543833,30.775957299999998
2022-08-18 16:00:00,30.8,30.476517,30.242275,30.4530928
2022-08-18 17:00:00,30.2,29.890764,28.94517,29.796204600000003
2022-08-18 18:00:00,28.9,29.091558,28.681728,29.050575
2022-08-18 19:00:00,28.6,28.594847,28.107225,28.546084800000003
2022-08-18 20:00:00,28.5,28.421982,27.799305,28.3597143
2022-08-18 21:00:00,28.6,28.12415,27.687939,28.0805289
2022-08-18 22:00:00,28.7,27.999357,27.42559,27.9419803
2022-08-18 23:00:00,28.5,27.872353,27.238747,27.8089924
2022-08-19 00:00:00,28.8,26.805151,27.071804,26.831816299999996
2022-08-19 01:00:00,28.2,26.107048,25.520868,26.048429999999996
2022-08-19 02:00:00,27.9,26.521076,26.084557,26.4774241
2022-08-19 03:00:00,27.7,26.632421,26.060955,26.5752744
2022-08-19 04:00:00,27.5,26.62473,26.219393,26.584196300000002
2022-08-19 05:00:00,27.5,26.534359,26.235409,26.504464
2022-08-19 06:00:00,27.7,26.864595,27.157177,26.893853200000002
2022-08-19 07:00:00,28.6,27.438717,27.767931,27.4716384
2022-08-19 08:00:00,30.2,28.789818,28.429081,28.7537443
2022-08-19 09:00:00,31.5,30.391968,29.65464,30.3182352
2022-08-19 10:00:00,32.5,31.542028,30.597376,31.447562799999996
2022-08-19 11:00:00,33.7,31.857931,31.72471,31.8446089
2022-08-19 12:00:00,34.6,32.370445,31.779793,32.3113798
2022-08-19 13:00:00,34.7,32.414055,31.279022,32.3005517
2022-08-19 14:00:00,33.4,31.537657,31.087772,31.492668499999997
2022-08-19 15:00:00,31.8,31.152515,29.767246,31.013988100000002
2022-08-19 16:00:00,31.1,30.551367,29.391891,30.4354194
2022-08-19 17:00:00,30.0,30.08851,28.958155,29.975474499999997
2022-08-19 18:00:00,28.9,29.173449,28.295578,29.0856619
2022-08-19 19:00:00,29.5,28.729794,27.873096,28.6441242
2022-08-19 20:00:00,29.3,28.52695,27.558268,28.430081799999996
2022-08-19 21:00:00,29.1,28.44526,27.508877,28.351621700000003
2022-08-19 22:00:00,28.8,28.349327,27.382921,28.252686399999998
2022-08-19 23:00:00,28.7,28.087225,27.318047,28.0103072
2022-08-20 00:00:00,28.2,28.119299,27.1451,28.021879100000003
2022-08-20 01:00:00,28.3,27.802382,26.666958,27.6888396
2022-08-20 02:00:00,28.5,27.30928,26.513153,27.229667300000003
2022-08-20 03:00:00,28.3,27.081434,26.551926,27.0284832
2022-08-20 04:00:00,28.0,26.889736,26.77966,26.878728399999996
2022-08-20 05:00:00,25.6,26.839695,26.949936,26.8507191
2022-08-20 06:00:00,26.5,27.106462,27.439358,27.1397516
2022-08-20 07:00:00,28.0,28.118555,27.907024,28.0974019
2022-08-20 08:00:00,29.6,29.478874,28.763094,29.407296000000002
2022-08-20 09:00:00,30.9,30.665499,30.097141,30.608663200000002
2022-08-20 10:00:00,31.8,31.888882,30.990107,31.799004499999995
2022-08-20 11:00:00,32.7,32.534782,31.811983,32.4625021
2022-08-20 12:00:00,33.3,33.05428,32.464138,32.9952658
2022-08-20 13:00:00,32.5,33.09734,32.937828,33.081388800000006
2022-08-20 14:00:00,31.7,32.400993,32.660934,32.4269871
2022-08-20 15:00:00,31.2,31.468555,30.818218,31.403521299999998
2022-08-20 16:00:00,30.1,30.92033,29.7227,30.800566999999997
2022-08-20 17:00:00,29.8,30.204573,29.331295,30.1172452
2022-08-20 18:00:00,29.2,29.053509,28.3261,28.9807681
2022-08-20 19:00:00,28.9,28.962755,27.733149,28.839794400000002
2022-08-20 20:00:00,28.6,28.575153,28.09643,28.5272807
2022-08-20 21:00:00,28.2,28.582626,27.75243,28.4996064
2022-08-20 22:00:00,27.7,28.32044,27.61865,28.250261000000002
2022-08-20 23:00:00,27.3,28.052856,27.34193,27.9817634
2022-08-21 00:00:00,27.0,28.07554,27.237041,27.9916901
2022-08-21 01:00:00,26.6,27.6474,26.249554,27.5076154
2022-08-21 02:00:00,26.5,27.858896,27.019634,27.7749698
2022-08-21 03:00:00,26.3,27.699232,26.885265,27.617835299999996
2022-08-21 04:00:00,26.2,27.380745,27.128895,27.35556
2022-08-21 05:00:00,25.7,26.582207,27.448809,26.668867199999998
2022-08-21 06:00:00,26.1,26.354958,26.325336,26.351995799999997
2022-08-21 07:00:00,27.4,28.128706,28.01404,28.1172394
2022-08-21 08:00:00,29.2,29.37026,28.693848,29.302618799999998
2022-08-21 09:00:00,30.6,30.552647,29.864143,30.4837966
2022-08-21 10:00:00,31.8,31.558819,30.79183,31.4821201
2022-08-21 11:00:00,33.0,32.298347,31.65392,32.2339043
2022-08-21 12:00:00,33.8,32.441666,32.440273,32.4415267
2022-08-21 13:00:00,34.4,31.88432,32.636436,31.9595316
2022-08-21 14:00:00,34.5,31.857893,31.178137,31.7899174
2022-08-21 15:00:00,31.0,31.234035,30.24862,31.1354935
2022-08-21 16:00:00,29.4,30.371483,29.72638,30.306972700000003
2022-08-21 17:00:00,29.7,29.702238,28.987648,29.630779
2022-08-21 18:00:00,28.8,28.905325,28.540054,28.8687979
2022-08-21 19:00:00,28.1,28.903225,27.958397,28.808742199999998
2022-08-21 20:00:00,28.1,28.55981,27.888245,28.4926535
2022-08-21 21:00:00,27.7,28.194088,27.488281,28.123507300000004
2022-08-21 22:00:00,27.4,27.984627,27.32933,27.9190973
2022-08-21 23:00:00,27.1,27.642778,26.810911,27.5595913
2022-08-22 00:00:00,26.7,27.117367,27.000704,27.1057007
2022-08-22 01:00:00,26.4,27.041729,26.264378,26.9639939
2022-08-22 02:00:00,26.2,27.193604,26.268337,27.1010773
2022-08-22 03:00:00,26.2,27.010254,26.37492,26.9467206
2022-08-22 04:00:00,26.2,26.868898,26.395666,26.8215748
2022-08-22 05:00:00,25.9,26.266901,26.518616,26.2920725
2022-08-22 06:00:00,26.3,26.580011,26.49948,26.571957899999997
2022-08-22 07:00:00,27.5,27.589373,27.215235,27.5519592
2022-08-22 08:00:00,29.1,29.003763,28.370232,28.940409900000002
2022-08-22 09:00:00,30.7,30.17135,29.728535,30.1270685
2022-08-22 10:00:00,32.0,31.099154,30.61073,31.0503116
2022-08-22 11:00:00,33.3,32.09023,31.404823,32.0216893
2022-08-22 12:00:00,34.0,33.191925,32.01385,33.0741175
2022-08-22 13:00:00,33.8,33.453873,32.37983,33.3464687
2022-08-22 14:00:00,31.0,32.910595,32.122208,32.8317563
2022-08-22 15:00:00,29.9,31.41816,31.988096,31.475153600000002
2022-08-22 16:00:00,29.8,30.240026,28.85133,30.1011564
2022-08-22 17:00:00,29.7,29.766743,29.097734,29.6998421
2022-08-22 18:00:00,28.9,28.941391,28.561108,28.9033627
2022-08-22 19:00:00,28.9,28.520245,27.893927,28.4576132
2022-08-22 20:00:00,28.6,28.315674,27.520515,28.2361581
2022-08-22 21:00:00,28.5,27.839756,27.303797,27.786160100000004
2022-08-22 22:00:00,28.1,27.556107,26.770357,27.477532000000004
2022-08-22 23:00:00,27.7,27.460245,26.727247,27.3869452
2022-08-23 00:00:00,27.7,27.178366,26.624878,27.1230172
2022-08-23 01:00:00,27.1,27.008429,25.849707,26.8925568
2022-08-23 02:00:00,26.7,26.982956,26.001963,26.884856700000004
2022-08-23 03:00:00,26.8,26.673574,25.831861,26.589402699999997
2022-08-23 04:00:00,26.7,26.692757,26.154964,26.638977699999998
2022-08-23 05:00:00,25.0,26.54063,26.339333,26.5205003
2022-08-23 06:00:00,24.7,26.696371,26.606663,26.6874002
2022-08-23 07:00:00,25.0,27.535137,27.312994,27.512922699999997
2022-08-23 08:00:00,26.4,28.781092,28.291164,28.7320992
2022-08-23 09:00:00,28.4,30.241104,29.631144,30.180108
2022-08-23 10:00:00,30.1,30.95561,30.59914,30.919963
2022-08-23 11:00:00,31.5,31.818077,31.22722,31.758991299999998
2022-08-23 12:00:00,31.8,32.49764,31.868616,32.4347376
2022-08-23 13:00:00,31.2,32.026253,31.903145,32.013942199999995
2022-08-23 14:00:00,31.0,31.61946,31.167633,31.5742773
2022-08-23 15:00:00,30.8,30.553457,29.590937,30.457205000000002
2022-08-23 16:00:00,30.4,29.846771,29.091406,29.771234500000002
2022-08-23 17:00:00,31.1,29.66174,28.997976,29.595363600000002
2022-08-23 18:00:00,29.5,28.978691,28.502092,28.9310311
2022-08-23 19:00:00,28.5,28.69523,27.85265,28.610971999999997
2022-08-23 20:00:00,28.2,28.483255,27.673208,28.402250300000002
2022-08-23 21:00:00,28.3,28.365747,27.294313,28.258603599999997
2022-08-23 22:00:00,28.0,28.022772,27.178959,27.9383907
2022-08-23 23:00:00,25.2,27.712444,26.850275,27.6262271
2022-08-24 00:00:00,25.5,27.490248,26.833632,27.4245864
2022-08-24 01:00:00,25.5,27.279232,26.52946,27.2042548
2022-08-24 02:00:00,25.4,26.834177,26.152843,26.7660436
2022-08-24 03:00:00,25.2,26.82071,26.073524,26.745991399999998
2022-08-24 04:00:00,25.0,26.811321,26.411459,26.771334799999998
2022-08-24 05:00:00,26.2,26.114256,26.479084,26.1507388
2022-08-24 06:00:00,26.4,26.152073,26.161644,26.153030100000002
2022-08-24 07:00:00,27.5,26.343273,26.712334,26.3801791
2022-08-24 08:00:00,29.1,27.640581,26.932491,27.569772
2022-08-24 09:00:00,30.6,29.176638,28.269913,29.0859655
2022-08-24 10:00:00,31.9,30.28952,29.757872,30.2363552
2022-08-24 11:00:00,32.8,30.659388,30.283024,30.621751600000003
2022-08-24 12:00:00,33.1,30.888075,31.168705,30.916138000000004
2022-08-24 13:00:00,32.1,31.465841,30.680027,31.3872596
2022-08-24 14:00:00,30.0,31.022161,30.087591,30.928704
2022-08-24 15:00:00,30.8,30.370897,28.89423,30.2232303
2022-08-24 16:00:00,29.9,30.043184,30.014286,30.0402942
2022-08-24 17:00:00,29.0,30.00912,28.77272,29.885479999999998
2022-08-24 18:00:00,28.3,28.888233,29.059368,28.9053465
2022-08-24 19:00:00,27.8,28.514923,27.68698,28.4321287
2022-08-24 20:00:00,27.6,28.200258,27.439268,28.124159000000002
2022-08-24 21:00:00,26.5,27.969254,27.237123,27.8960409
2022-08-24 22:00:00,25.9,27.738634,27.132133,27.6779839
2022-08-24 23:00:00,25.1,26.886436,26.84468,26.8822604
2022-08-25 00:00:00,24.3,26.308764,25.512424,26.22913
2022-08-25 01:00:00,24.7,26.294178,25.44514,26.2092742
2022-08-25 02:00:00,24.7,26.071203,25.369358,26.0010185
2022-08-25 03:00:00,24.6,25.948208,25.179548,25.871342
2022-08-25 04:00:00,24.6,25.809082,25.405575,25.7687313
2022-08-25 05:00:00,25.4,26.030876,25.455404,25.9733288
2022-08-25 06:00:00,25.9,26.496597,26.54832,26.5017693
2022-08-25 07:00:00,27.0,27.345966,26.442581,27.2556275
2022-08-25 08:00:00,28.5,28.468243,27.396103,28.361029000000002
2022-08-25 09:00:00,30.1,29.827343,28.830093,29.727618
2022-08-25 10:00:00,31.5,30.76522,29.876987,30.676396699999998
2022-08-25 11:00:00,32.2,32.492123,30.611042,32.3040149
2022-08-25 12:00:00,32.5,32.383183,30.414875,32.1863522
2022-08-25 13:00:00,32.2,31.626102,30.6508,31.528571799999998
2022-08-25 14:00:00,30.6,31.032406,30.030207,30.932186100000003
2022-08-25 15:00:00,30.2,30.586157,28.874249,30.4149662
2022-08-25 16:00:00,30.0,29.955116,29.386518,29.8982562
2022-08-25 17:00:00,29.5,29.66364,28.479261,29.5452021
2022-08-25 18:00:00,28.5,28.907663,28.335669,28.850463599999998
2022-08-25 19:00:00,27.8,28.118174,27.718924,28.078249
2022-08-25 20:00:00,27.2,27.847557,27.363976,27.7991989
2022-08-25 21:00:00,26.3,27.75113,26.87904,27.663921
2022-08-25 22:00:00,25.5,27.343828,26.122953,27.2217405
2022-08-25 23:00:00,25.3,26.225573,26.28611,26.2316267
2022-08-26 00:00:00,24.6,25.674221,25.51746,25.658544900000003
2022-08-26 01:00:00,24.9,25.347853,25.560867,25.3691544
2022-08-26 02:00:00,24.7,25.464857,25.000511,25.4184224
2022-08-26 03:00:00,24.7,25.113846,25.126472,25.1151086
2022-08-26 04:00:00,24.5,25.055933,25.192135,25.069553199999998
2022-08-26 05:00:00,25.5,25.641943,25.395613,25.61731
2022-08-26 06:00:00,25.7,26.367416,26.343477,26.365022099999997
2022-08-26 07:00:00,26.9,27.554445,26.671232,27.4661237
2022-08-26 08:00:00,28.4,28.557014,27.649292,28.4662418
2022-08-26 09:00:00,29.8,29.734627,28.577122,29.6188765
2022-08-26 10:00:00,31.0,30.749043,29.843473,30.658486
2022-08-26 11:00:00,31.5,31.839548,30.612915,31.7168847
2022-08-26 12:00:00,30.3,31.91574,30.181116,31.7422776
2022-08-26 13:00:00,30.0,31.563742,30.71434,31.478801800000003
2022-08-26 14:00:00,30.2,30.837011,30.077965,30.7611064
2022-08-26 15:00:00,30.1,30.455084,29.176357,30.3272113
2022-08-26 16:00:00,29.7,29.735737,28.83511,29.6456743
2022-08-26 17:00:00,29.3,29.165129,28.34488,29.0831041
2022-08-26 18:00:00,28.5,28.440985,28.086945,28.405580999999998
2022-08-26 19:00:00,28.3,28.28438,27.53151,28.209093
2022-08-26 20:00:00,26.8,27.957115,26.666294,27.8280329
2022-08-26 21:00:00,25.6,27.359138,26.688576,27.292081800000002
2022-08-26 22:00:00,25.2,26.542183,26.059534,26.493918100000002
2022-08-26 23:00:00,25.1,25.980925,25.82029,25.964861499999998
2022-08-27 00:00:00,24.9,25.642746,25.907555,25.669226899999998
2022-08-27 01:00:00,24.9,25.58441,25.146278,25.5405968
2022-08-27 02:00:00,24.9,25.583054,25.38404,25.563152600000002
2022-08-27 03:00:00,24.9,25.26117,25.08999,25.244052
2022-08-27 04:00:00,24.8,25.079523,25.317883,25.103358999999998
2022-08-27 05:00:00,24.9,25.50067,25.522512,25.5028542
2022-08-27 06:00:00,25.4,26.28449,26.491932,26.3052342
2022-08-27 07:00:00,26.7,27.34364,26.819067,27.2911827
2022-08-27 08:00:00,28.4,28.487381,27.83591,28.4222339
2022-08-27 09:00:00,30.1,29.645987,28.966446,29.5780329
2022-08-27 10:00:00,31.2,30.760834,29.849812,30.6697318
2022-08-27 11:00:00,31.8,31.483139,30.502274,31.385052500000004
2022-08-27 12:00:00,31.6,31.27583,30.02433,31.15068
2022-08-27 13:00:00,29.5,30.90778,29.393654,30.7563674
2022-08-27 14:00:00,29.9,30.553873,29.18212,30.4166977
2022-08-27 15:00:00,30.1,30.248522,29.263865,30.150056300000003
2022-08-27 16:00:00,29.3,29.881971,29.121788,29.8059527
2022-08-27 17:00:00,28.1,29.456476,28.547462,29.365574599999995
2022-08-27 18:00:00,27.1,28.675562,28.2604,28.6340458
2022-08-27 19:00:00,27.0,28.259798,27.531923,28.1870105
2022-08-27 20:00:00,26.9,27.890162,27.332676,27.8344134
2022-08-27 21:00:00,26.6,27.14331,26.473383,27.0763173
2022-08-27 22:00:00,26.5,26.10188,25.969702,26.0886622
2022-08-27 23:00:00,26.4,26.009272,25.21107,25.9294518
2022-08-28 00:00:00,26.1,25.952639,26.009554,25.958330500000002
2022-08-28 01:00:00,25.9,25.934395,24.971472,25.8381027
2022-08-28 02:00:00,25.7,25.746801,24.803585,25.652479400000004
2022-08-28 03:00:00,25.5,25.570482,25.164787,25.5299125
2022-08-28 04:00:00,25.5,25.370705,25.367928,25.370427300000003
2022-08-28 05:00:00,25.2,25.576311,25.207191,25.539399000000003
2022-08-28 06:00:00,25.4,25.878284,26.317535,25.9222091
2022-08-28 07:00:00,25.4,27.126064,26.534355,27.0668931
2022-08-28 08:00:00,26.6,28.658146,27.81502,28.573833399999998
2022-08-28 09:00:00,28.3,30.03954,28.797104,29.9152964
2022-08-28 10:00:00,29.6,30.941046,29.501669,30.7971083
2022-08-28 11:00:00,30.3,31.799826,29.45412,31.565255399999998
2022-08-28 12:00:00,31.2,31.615541,29.95791,31.4497779
2022-08-28 13:00:00,30.4,31.66604,29.891827,31.4886187
2022-08-28 14:00:00,29.1,30.464167,29.45029,30.3627793
2022-08-28 15:00:00,29.8,30.016947,28.843967,29.899649
2022-08-28 16:00:00,28.7,29.730692,28.989563,29.6565791
2022-08-28 17:00:00,29.4,29.216654,28.391384,29.134127
2022-08-28 18:00:00,28.4,28.117727,27.281298,28.034084099999998
2022-08-28 19:00:00,28.0,28.083212,27.53926,28.0288168
2022-08-28 20:00:00,27.8,27.842518,26.621777,27.7204439
2022-08-28 21:00:00,27.6,27.36318,26.35138,27.261999999999997
2022-08-28 22:00:00,27.3,27.008467,26.104958,26.9181161
2022-08-28 23:00:00,26.7,26.976763,25.936562,26.8727429
2022-08-29 00:00:00,26.5,26.50944,25.874184,26.445914400000003
2022-08-29 01:00:00,25.1,26.487488,25.318356,26.3705748
2022-08-29 02:00:00,24.6,26.219685,25.211405,26.118857
2022-08-29 03:00:00,24.6,25.91468,25.273746,25.8505866
2022-08-29 04:00:00,24.3,25.759872,25.385395,25.7224243
2022-08-29 05:00:00,25.9,25.400785,25.90575,25.4512815
2022-08-29 06:00:00,25.7,25.759312,26.139175,25.7972983
2022-08-29 07:00:00,26.9,26.321527,26.542824,26.3436567
2022-08-29 08:00:00,28.5,27.419544,27.357033,27.4132929
2022-08-29 09:00:00,29.5,29.064632,28.371393,28.9953081
2022-08-29 10:00:00,30.0,30.572063,29.220274,30.4368841
2022-08-29 11:00:00,30.3,30.82087,29.52195,30.690978
2022-08-29 12:00:00,30.1,31.419773,30.052412,31.2830369
2022-08-29 13:00:00,30.1,30.84034,29.625473,30.718853300000003
2022-08-29 14:00:00,30.1,30.3056,29.25419,30.200459
2022-08-29 15:00:00,29.7,29.963087,28.46437,29.8132153
2022-08-29 16:00:00,29.5,29.169748,28.65078,29.1178512
2022-08-29 17:00:00,28.7,29.048042,27.667538,28.909991599999998
2022-08-29 18:00:00,28.1,28.324892,27.860378,28.2784406
2022-08-29 19:00:00,27.9,27.856283,26.82584,27.7532387
2022-08-29 20:00:00,27.8,27.595905,26.68512,27.5048265
2022-08-29 21:00:00,27.8,27.591986,26.438179,27.4766053
2022-08-29 22:00:00,27.6,27.254402,26.438137,27.1727755
2022-08-29 23:00:00,27.4,26.978374,26.372295,26.917766099999998
2022-08-30 00:00:00,27.3,26.329891,26.080694,26.3049713
2022-08-30 01:00:00,26.9,25.98826,25.727425,25.9621765
2022-08-30 02:00:00,26.5,25.229322,25.201826,25.2265724
2022-08-30 03:00:00,26.3,24.864408,24.242413,24.8022085
2022-08-30 04:00:00,25.9,24.760864,25.411446,24.8259222
2022-08-30 05:00:00,25.3,25.359697,24.955421,25.319269400000003
2022-08-30 06:00:00,25.7,26.08306,26.343628,26.1091168
2022-08-30 07:00:00,26.4,26.906763,26.31325,26.847411700000002
2022-08-30 08:00:00,27.5,28.020006,27.071077,27.925113099999997
2022-08-30 09:00:00,28.0,29.034666,28.104744,28.941673800000004
2022-08-30 10:00:00,27.7,29.998959,28.671268,29.866189900000002
2022-08-30 11:00:00,28.8,30.586817,29.785269,30.506662199999997
2022-08-30 12:00:00,28.8,30.767172,29.719122,30.662366999999996
2022-08-30 13:00:00,28.3,30.530474,29.88032,30.4654586
2022-08-30 14:00:00,28.4,29.97126,29.483107,29.922444700000003
2022-08-30 15:00:00,28.3,29.702797,29.109787,29.643496
2022-08-30 16:00:00,28.0,29.040379,28.76231,29.012572100000003
2022-08-30 17:00:00,27.5,28.790216,28.098207,28.721015100000002
2022-08-30 18:00:00,27.1,28.00607,27.690363,27.9744993
2022-08-30 19:00:00,26.8,27.73152,27.23056,27.681424
2022-08-30 20:00:00,26.5,27.601454,27.145798,27.5558884
2022-08-30 21:00:00,26.4,27.46748,26.811256,27.401857599999996
2022-08-30 22:00:00,26.0,27.245665,26.749454,27.1960439
2022-08-30 23:00:00,25.8,27.015121,26.390814,26.9526903
2022-08-31 00:00:00,25.7,26.805271,26.148178,26.739561700000003
2022-08-31 01:00:00,25.3,26.403078,25.704895,26.333259700000003
2022-08-31 02:00:00,25.0,26.30336,25.458195,26.218843500000002
2022-08-31 03:00:00,25.0,26.221128,25.498383,26.1488535
2022-08-31 04:00:00,24.5,26.063393,25.730099,26.030063600000002
2022-08-31 05:00:00,25.3,25.94147,25.807327,25.928055699999998
2022-08-31 06:00:00,24.8,25.988785,25.98459,25.9883655
2022-08-31 07:00:00,25.2,27.155437,26.976501,27.137543400000002
2022-08-31 08:00:00,25.7,28.055782,27.644547,28.0146585
2022-08-31 09:00:00,26.7,28.582628,28.777496,28.6021148
2022-08-31 10:00:00,27.7,28.599863,28.142426,28.5541193
2022-08-31 11:00:00,27.8,30.222157,28.716602,30.0716015
2022-08-31 12:00:00,26.5,29.816925,29.395473,29.774779799999997
2022-08-31 13:00:00,27.2,29.747683,29.292381,29.702152799999997
2022-08-31 14:00:00,28.2,29.963224,28.633854,29.830287
2022-08-31 15:00:00,27.5,29.873646,28.89473,29.7757544
2022-08-31 16:00:00,27.3,29.238327,28.310148,29.1455091
2022-08-31 17:00:00,26.2,28.09683,27.978558,28.0850028
2022-08-31 18:00:00,26.1,27.514332,27.514084,27.514307199999998
2022-08-31 19:00:00,26.1,27.286337,27.321083,27.2898116
2022-08-31 20:00:00,26.1,27.165903,26.849758,27.1342885
2022-08-31 21:00:00,26.8,27.21524,26.59205,27.152921000000003
2022-08-31 22:00:00,25.7,27.005709,26.319416,26.937079699999998
2022-08-31 23:00:00,25.8,26.703417,26.056265,26.638701800000003
2022-09-01 00:00:00,25.6,26.125687,26.06966,26.1200843
2022-09-01 01:00:00,25.4,25.75986,25.176853,25.7015593
2022-09-01 02:00:00,24.9,25.406837,25.0536,25.3715133
2022-09-01 03:00:00,24.8,25.479727,24.625988,25.3943531
2022-09-01 04:00:00,24.5,25.113962,24.786116,25.0811774
2022-09-01 05:00:00,24.7,25.368584,25.002808,25.332006399999997
2022-09-01 06:00:00,24.9,25.224888,25.189533,25.221352500000002
2022-09-01 07:00:00,25.9,26.002382,26.184814,26.0206252
2022-09-01 08:00:00,27.1,26.775497,25.781393,26.6760866
2022-09-01 09:00:00,28.4,27.500128,27.549498,27.505065
2022-09-01 10:00:00,29.5,27.745255,27.607132,27.7314427
2022-09-01 11:00:00,30.0,28.18894,27.919031,28.161949099999998
2022-09-01 12:00:00,30.0,28.736546,28.625778,28.725469200000003
2022-09-01 13:00:00,29.5,28.889656,28.038061,28.8044965
2022-09-01 14:00:00,29.2,28.568575,27.987122,28.5104297
2022-09-01 15:00:00,29.2,28.1186,28.253277,28.1320677
2022-09-01 16:00:00,28.8,27.950708,27.639221,27.9195593
2022-09-01 17:00:00,28.5,26.95906,27.511374,27.014291399999998
2022-09-01 18:00:00,27.9,26.46641,25.595148,26.3792838
2022-09-01 19:00:00,27.9,26.194683,25.762363,26.151451
2022-09-01 20:00:00,27.8,25.996288,25.334509,25.9301101
2022-09-01 21:00:00,27.6,26.064043,24.961964,25.9538351
2022-09-01 22:00:00,27.4,25.80192,25.045229,25.726250899999997
2022-09-01 23:00:00,27.2,25.912643,24.609016,25.7822803
2022-09-02 00:00:00,27.2,25.575623,25.138792,25.531939899999998
2022-09-02 01:00:00,27.0,25.499073,24.382582,25.387423899999998
2022-09-02 02:00:00,26.6,25.392574,25.012417,25.3545583
2022-09-02 03:00:00,26.2,25.199526,24.737413,25.1533147
2022-09-02 04:00:00,25.9,25.066631,24.98203,25.0581709
2022-09-02 05:00:00,25.6,24.91425,24.556889,24.878513899999998
2022-09-02 06:00:00,26.1,25.513456,25.350143,25.4971247
2022-09-02 07:00:00,27.1,26.41326,25.593117,26.3312457
2022-09-02 08:00:00,28.4,27.669392,26.581303,27.5605831
2022-09-02 09:00:00,29.6,28.297298,27.799072,28.247475400000003
2022-09-02 10:00:00,30.8,29.391354,28.994423,29.351660900000002
2022-09-02 11:00:00,31.2,29.422804,29.268862,29.4074098
2022-09-02 12:00:00,30.6,29.434298,29.47074,29.4379422
2022-09-02 13:00:00,30.3,29.450878,29.10013,29.4158032
2022-09-02 14:00:00,29.9,29.251146,28.909475,29.216978899999997
2022-09-02 15:00:00,29.8,28.990345,28.717468,28.963057300000003
2022-09-02 16:00:00,29.3,28.604963,28.52474,28.5969407
2022-09-02 17:00:00,28.9,28.170052,27.90888,28.143934799999997
2022-09-02 18:00:00,28.4,27.760612,27.242577,27.708808499999996
2022-09-02 19:00:00,28.3,27.549839,27.118279,27.506683
2022-09-02 20:00:00,28.3,27.50083,26.88041,27.438788
2022-09-02 21:00:00,28.1,27.379942,26.690445,27.3109923
2022-09-02 22:00:00,27.9,27.269773,26.511068,27.193902500000004
2022-09-02 23:00:00,27.6,26.966393,26.226265,26.892380199999998
2022-09-03 00:00:00,27.4,26.978483,26.091106,26.8897453
2022-09-03 01:00:00,27.1,26.74841,25.661324,26.6397014
2022-09-03 02:00:00,26.7,26.466883,25.577248,26.377919499999997
2022-09-03 03:00:00,26.1,26.10806,25.432312,26.0404852
2022-09-03 04:00:00,25.8,25.94937,25.409794,25.895412399999998
2022-09-03 05:00:00,26.3,25.964613,25.633606,25.9315123
2022-09-03 06:00:00,26.7,26.165594,25.482143,26.097248899999997
2022-09-03 07:00:00,27.3,26.951412,26.282597,26.884530500000004
2022-09-03 08:00:00,28.7,28.01303,27.423107,27.9540377
2022-09-03 09:00:00,30.1,29.209429,28.493576,29.137843699999998
2022-09-03 10:00:00,30.8,30.439577,29.428425,30.338461799999997
2022-09-03 11:00:00,31.4,30.915361,30.384338,30.8622587
2022-09-03 12:00:00,31.4,30.825392,30.034187,30.7462715
2022-09-03 13:00:00,31.1,30.211922,29.368313,30.1275611
2022-09-03 14:00:00,30.9,29.74821,29.326014,29.7059904
2022-09-03 15:00:00,29.6,29.413042,28.866974,29.3584352
2022-09-03 16:00:00,29.7,29.036062,28.64769,28.9972248
2022-09-03 17:00:00,29.6,28.654404,28.098427,28.5988063
2022-09-03 18:00:00,28.9,28.151575,27.70345,28.106762500000002
2022-09-03 19:00:00,28.6,27.966318,27.20084,27.8897702
2022-09-03 20:00:00,28.4,27.881292,27.089888,27.8021516
2022-09-03 21:00:00,28.2,27.870262,26.874868,27.7707226
2022-09-03 22:00:00,27.1,27.60161,26.659777,27.5074267
2022-09-03 23:00:00,26.7,27.201424,26.589832,27.140264799999997
2022-09-04 00:00:00,26.4,26.90355,26.268805,26.840075499999998
2022-09-04 01:00:00,26.0,26.787653,25.77194,26.6860817
2022-09-04 02:00:00,25.4,26.351664,25.74326,26.2908236
2022-09-04 03:00:00,25.3,26.02969,25.454649,25.9721859
2022-09-04 04:00:00,25.4,25.768507,25.389185,25.7305748
2022-09-04 05:00:00,25.5,25.973797,25.55637,25.9320543
2022-09-04 06:00:00,25.9,26.494892,26.189684,26.464371200000002
2022-09-04 07:00:00,26.8,27.353954,26.667877,27.285346300000004
2022-09-04 08:00:00,28.0,28.411201,27.620955,28.3321764
2022-09-04 09:00:00,29.4,29.677162,28.841185,29.5935643
2022-09-04 10:00:00,30.6,30.64957,29.91693,30.576306
2022-09-04 11:00:00,31.4,31.247833,30.236189,31.146668599999998
2022-09-04 12:00:00,31.7,31.104204,30.872538,31.0810374
2022-09-04 13:00:00,30.4,30.979671,30.101406,30.8918445
2022-09-04 14:00:00,30.4,30.5842,29.773363,30.503116300000002
2022-09-04 15:00:00,30.1,30.016262,29.343712,29.949007
2022-09-04 16:00:00,29.7,29.378757,28.588856,29.2997669
2022-09-04 17:00:00,29.3,29.138206,28.439295,29.068314899999997
2022-09-04 18:00:00,28.7,28.607841,27.875973,28.5346542
2022-09-04 19:00:00,28.6,28.258842,27.299059,28.1628637
2022-09-04 20:00:00,28.5,28.135765,27.085915,28.03078
2022-09-04 21:00:00,28.6,27.93296,26.80393,27.820057000000002
2022-09-04 22:00:00,28.5,27.352203,26.68902,27.2858847
2022-09-04 23:00:00,28.1,27.146778,26.336864,27.0657866
2022-09-05 00:00:00,27.1,26.51116,26.097336,26.4697776
2022-09-05 01:00:00,26.6,26.205622,25.497822,26.134842000000003
2022-09-05 02:00:00,25.4,25.717024,25.325497,25.6778713
2022-09-05 03:00:00,25.4,25.563782,25.37081,25.5444848
2022-09-05 04:00:00,25.2,25.52815,25.240421,25.4993771
2022-09-05 05:00:00,25.3,25.758408,25.674435,25.7500107
2022-09-05 06:00:00,25.6,26.033072,25.947323,26.0244971
2022-09-05 07:00:00,26.4,26.974869,26.671913,26.9445734
2022-09-05 08:00:00,28.1,27.884815,27.213121,27.8176456
2022-09-05 09:00:00,29.7,29.203573,28.449673,29.128183
2022-09-05 10:00:00,30.9,30.151026,29.710247,30.106948100000004
2022-09-05 11:00:00,31.2,30.94207,30.29809,30.877672
2022-09-05 12:00:00,30.5,31.234285,30.70242,31.1810985
2022-09-05 13:00:00,30.2,30.792332,29.96886,30.709984799999997
2022-09-05 14:00:00,30.3,30.237074,29.078945,30.121261099999998
2022-09-05 15:00:00,29.5,29.803814,29.070763,29.7305089
2022-09-05 16:00:00,29.4,29.593624,28.508747,29.485136299999997
2022-09-05 17:00:00,29.6,29.350702,28.216852,29.237316999999997
2022-09-05 18:00:00,28.8,28.719711,28.02318,28.6500579
2022-09-05 19:00:00,28.6,28.396353,27.474085,28.3041262
2022-09-05 20:00:00,28.4,28.277746,27.192957,28.169267100000003
2022-09-05 21:00:00,27.0,28.11399,26.98715,28.001306000000003
2022-09-05 22:00:00,26.9,28.071928,26.897387,27.9544739
2022-09-05 23:00:00,26.7,27.684088,26.674713,27.5831505
2022-09-06 00:00:00,26.5,27.17034,26.45231,27.098537
2022-09-06 01:00:00,26.1,26.638498,25.611763,26.5358245
2022-09-06 02:00:00,25.9,25.801731,25.546642,25.7762221
2022-09-06 03:00:00,26.2,25.648619,25.057442,25.5895013
2022-09-06 04:00:00,26.2,25.656452,25.493998,25.640206600000003
2022-09-06 05:00:00,26.1,25.616516,25.083633,25.5632277
2022-09-06 06:00:00,26.3,25.744837,25.918224,25.7621757
2022-09-06 07:00:00,26.6,26.473888,25.743359,26.400835100000002
2022-09-06 08:00:00,27.3,27.858662,27.301952,27.802991
2022-09-06 09:00:00,28.0,29.159397,28.708939,29.114351199999998
2022-09-06 10:00:00,29.3,29.919292,29.3986,29.8672228
2022-09-06 11:00:00,29.9,30.743727,30.544727,30.723827
2022-09-06 12:00:00,30.9,30.787544,29.677008,30.6764904
2022-09-06 13:00:00,31.1,30.208433,29.657486,30.153338299999998
2022-09-06 14:00:00,30.4,30.304613,29.176502,30.1918019
2022-09-06 15:00:00,28.8,29.688236,28.901825,29.609594899999998
2022-09-06 16:00:00,28.6,29.437273,28.311329,29.324678600000002
2022-09-06 17:00:00,26.5,29.239307,28.223385,29.1377148
2022-09-06 18:00:00,26.6,28.596838,27.961397,28.533293900000004
2022-09-06 19:00:00,26.5,28.383398,27.307774,28.2758356
2022-09-06 20:00:00,26.3,28.200455,27.236643,28.104073800000002
2022-09-06 21:00:00,26.3,27.574797,26.99228,27.516545299999997
2022-09-06 22:00:00,26.0,27.276953,26.193869,27.168644599999997
2022-09-06 23:00:00,25.8,27.095001,26.436687,27.0291696
2022-09-07 00:00:00,25.6,26.493105,25.96279,26.4400735
2022-09-07 01:00:00,25.4,25.441101,25.189573,25.4159482
2022-09-07 02:00:00,25.3,25.705181,24.370823,25.5717452
2022-09-07 03:00:00,25.3,25.83051,24.427149,25.690173899999998
2022-09-07 04:00:00,25.2,25.76203,25.749863,25.7608133
2022-09-07 05:00:00,25.0,25.85449,25.646404,25.833681399999996
2022-09-07 06:00:00,25.6,26.036942,24.800812,25.913329
2022-09-07 07:00:00,26.0,26.517698,25.905493,26.4564775
2022-09-07 08:00:00,26.7,27.715994,27.362328,27.6806274
2022-09-07 09:00:00,27.5,28.02604,27.482563,27.971692299999997
2022-09-07 10:00:00,27.7,29.230614,27.374357,29.0449883
2022-09-07 11:00:00,27.9,30.855352,28.5263,30.6224468
2022-09-07 12:00:00,28.7,30.842548,29.3,30.6882932
2022-09-07 13:00:00,28.7,30.879108,30.411488,30.832345999999998
2022-09-07 14:00:00,29.1,30.818577,29.00602,30.6373213
2022-09-07 15:00:00,29.1,29.36195,28.847908,29.3105458
2022-09-07 16:00:00,29.1,28.936003,27.63551,28.8059537
2022-09-07 17:00:00,27.3,28.340893,27.773354,28.2841391
2022-09-07 18:00:00,26.7,27.797142,26.840866,27.7015144
2022-09-07 19:00:00,26.5,27.430079,26.989992,27.3860703
2022-09-07 20:00:00,26.4,27.181772,26.51968,27.1155628
2022-09-07 21:00:00,26.4,26.842964,25.342903,26.692957899999996
2022-09-07 22:00:00,26.2,26.61869,25.841578,26.5409788
2022-09-07 23:00:00,25.9,26.372814,25.297047,26.265237300000003
2022-09-08 00:00:00,25.9,25.856855,25.206783,25.7918478
2022-09-08 01:00:00,25.8,25.755665,24.694027,25.6495012
2022-09-08 02:00:00,25.8,25.676119,24.482315,25.5567386
2022-09-08 03:00:00,25.7,25.714394,24.533188,25.596273399999998
2022-09-08 04:00:00,25.5,25.684927,25.064743,25.6229086
2022-09-08 05:00:00,25.6,25.559258,25.318428,25.535175
2022-09-08 06:00:00,26.1,25.91727,25.667225,25.8922655
2022-09-08 07:00:00,26.6,26.347715,26.308949,26.3438384
2022-09-08 08:00:00,27.6,27.44945,26.755087,27.3800137
2022-09-08 09:00:00,29.2,28.067316,27.62293,28.022877400000002
2022-09-08 10:00:00,30.2,28.83429,28.222183,28.7730793
2022-09-08 11:00:00,30.6,29.282974,28.70907,29.2255836
2022-09-08 12:00:00,31.0,30.233767,28.9832,30.1087103
2022-09-08 13:00:00,31.5,30.656399,29.632927,30.5540518
2022-09-08 14:00:00,32.0,30.412142,28.90313,30.2612408
2022-09-08 15:00:00,32.0,29.38496,28.744404,29.320904399999996
2022-09-08 16:00:00,31.1,29.057234,28.439724,28.995483
2022-09-08 17:00:00,30.2,28.191948,28.130697,28.1858229
2022-09-08 18:00:00,28.2,27.513607,26.447357,27.406982
2022-09-08 19:00:00,27.1,26.958029,26.206478,26.8828739
2022-09-08 20:00:00,26.9,26.64034,26.195019,26.595807899999997
2022-09-08 21:00:00,27.0,26.42815,26.069084,26.392243399999998
2022-09-08 22:00:00,26.9,26.440155,25.826475,26.378787000000003
2022-09-08 23:00:00,25.3,26.357063,25.578995,26.2792562
2022-09-09 00:00:00,25.5,26.105518,25.3559,26.0305562
2022-09-09 01:00:00,25.7,26.027805,25.103966,25.935421100000003
2022-09-09 02:00:00,25.3,26.01446,25.119593,25.924973299999998
2022-09-09 03:00:00,25.1,25.879152,25.137487,25.8049855
2022-09-09 04:00:00,25.6,25.82627,25.147068,25.7583498
2022-09-09 05:00:00,26.6,25.677237,25.347492,25.644262500000004
2022-09-09 06:00:00,26.8,26.0114,25.55379,25.965638999999996
2022-09-09 07:00:00,27.4,26.712555,26.239498,26.665249299999996
2022-09-09 08:00:00,28.0,27.438984,26.763426,27.3714282
2022-09-09 09:00:00,29.1,29.108536,27.834805,28.9811629
2022-09-09 10:00:00,29.8,30.197647,29.131851,30.0910674
2022-09-09 11:00:00,30.7,30.30223,29.492687,30.2212757
2022-09-09 12:00:00,30.9,30.443659,29.842072,30.3835003
2022-09-09 13:00:00,31.4,30.43014,29.872444,30.3743704
2022-09-09 14:00:00,31.4,30.939259,30.098465,30.8551796
2022-09-09 15:00:00,31.3,30.664146,30.05112,30.6028434
2022-09-09 16:00:00,30.5,30.40416,29.50373,30.314117
2022-09-09 17:00:00,30.0,29.44002,28.985458,29.3945638
2022-09-09 18:00:00,29.4,28.778912,28.104053,28.711426099999997
2022-09-09 19:00:00,29.1,28.003162,25.96275,27.799120799999997
2022-09-09 20:00:00,28.8,27.520355,26.564947,27.4248142
2022-09-09 21:00:00,28.5,27.339304,26.338242,27.2391978
2022-09-09 22:00:00,28.3,27.319386,26.21486,27.208933400000003
2022-09-09 23:00:00,28.2,26.6307,25.360073,26.5036373
2022-09-10 00:00:00,28.1,26.089767,25.270298,26.007820099999996
2022-09-10 01:00:00,27.7,25.9741,24.388489,25.8155389
2022-09-10 02:00:00,27.3,25.84947,24.764175,25.7409405
2022-09-10 03:00:00,26.9,25.59445,24.889313,25.5239363
2022-09-10 04:00:00,26.8,25.794237,25.24976,25.739789299999998
2022-09-10 05:00:00,27.3,26.273853,25.606716,26.207139299999998
2022-09-10 06:00:00,27.3,26.589943,26.38805,26.5697537
2022-09-10 07:00:00,27.7,27.402565,26.653826,27.327691099999996
2022-09-10 08:00:00,28.7,28.317856,27.503468,28.236417199999998
2022-09-10 09:00:00,29.7,29.001978,28.384619,28.9402421
2022-09-10 10:00:00,30.8,29.793917,29.51332,29.7658573
2022-09-10 11:00:00,31.7,30.87911,29.958906,30.7870896
2022-09-10 12:00:00,32.1,31.32103,30.390057,31.2279327
2022-09-10 13:00:00,32.3,31.94398,30.467348,31.7963168
2022-09-10 14:00:00,32.0,31.316391,30.621346,31.2468865
2022-09-10 15:00:00,32.3,31.227665,30.297796,31.134678099999995
2022-09-10 16:00:00,31.6,30.438284,29.710274,30.365483
2022-09-10 17:00:00,30.8,29.65599,28.883121,29.5787031
2022-09-10 18:00:00,30.1,28.728045,28.356796,28.6909201
2022-09-10 19:00:00,29.9,28.547894,27.716036,28.4647082
2022-09-10 20:00:00,29.2,28.296043,27.326519,28.1990906
2022-09-10 21:00:00,28.5,27.999073,27.052773,27.904442999999997
2022-09-10 22:00:00,28.1,27.772331,26.749973,27.6700952
2022-09-10 23:00:00,27.9,27.512308,26.690872,27.430164400000002
2022-09-11 00:00:00,27.7,27.421398,26.454582,27.3247164
2022-09-11 01:00:00,27.4,27.254663,26.039896,27.1331863
2022-09-11 02:00:00,26.9,27.035572,25.984098,26.9304246
2022-09-11 03:00:00,26.4,26.727962,25.987537,26.6539195
2022-09-11 04:00:00,26.0,26.692944,26.0493,26.628579600000002
2022-09-11 05:00:00,26.1,26.925774,26.406662,26.873862799999998
2022-09-11 06:00:00,26.1,26.940386,27.06971,26.9533184
2022-09-11 07:00:00,26.9,27.59329,27.435352,27.5774962
2022-09-11 08:00:00,28.5,28.551105,28.00733,28.4967275
2022-09-11 09:00:00,29.9,29.344547,28.864199,29.2965122
2022-09-11 10:00:00,31.1,30.833794,29.815708,30.731985400000003
2022-09-11 11:00:00,31.8,32.156937,30.528656,31.9941089
2022-09-11 12:00:00,32.6,32.633568,31.074757,32.477686899999995
2022-09-11 13:00:00,32.7,32.942554,31.020678,32.7503664
2022-09-11 14:00:00,32.7,32.240925,30.976446,32.1144771
2022-09-11 15:00:00,31.8,31.958822,30.3325,31.7961898
2022-09-11 16:00:00,30.1,30.70659,30.388275,30.6747585
2022-09-11 17:00:00,28.9,30.195366,29.432785,30.1191079
2022-09-11 18:00:00,28.7,29.378683,28.495644,29.2903791
2022-09-11 19:00:00,28.6,29.288872,28.321104,29.1920952
2022-09-11 20:00:00,28.5,28.776667,27.865582,28.6855585
2022-09-11 21:00:00,28.6,28.298119,27.448149,28.213122
2022-09-11 22:00:00,28.4,27.922577,26.885506,27.8188699
2022-09-11 23:00:00,28.0,27.685259,26.625093,27.5792424
2022-09-12 00:00:00,27.9,27.61682,26.536102,27.5087482
2022-09-12 01:00:00,27.5,27.534842,26.137323,27.3950901
2022-09-12 02:00:00,27.0,26.980795,26.137676,26.8964831
2022-09-12 03:00:00,26.6,26.68282,26.14163,26.628701
2022-09-12 04:00:00,26.3,26.313358,26.09424,26.291446200000003
2022-09-12 05:00:00,26.2,26.511513,26.19965,26.480326700000003
2022-09-12 06:00:00,26.2,26.499588,26.817665,26.531395699999997
2022-09-12 07:00:00,27.3,27.13487,27.087269,27.130109899999997
2022-09-12 08:00:00,28.9,28.30751,27.874964,28.2642554
2022-09-12 09:00:00,30.4,29.885147,29.084332,29.805065499999998
2022-09-12 10:00:00,31.5,31.273067,29.98737,31.1444973
2022-09-12 11:00:00,32.4,32.201847,30.86839,32.0685013
2022-09-12 12:00:00,33.0,32.801754,31.201347,32.6417133
2022-09-12 13:00:00,32.3,32.83718,31.487696,32.7022316
2022-09-12 14:00:00,31.0,32.499687,31.120789,32.3617972
2022-09-12 15:00:00,30.8,31.442963,31.002161,31.3988828
2022-09-12 16:00:00,30.1,30.393219,29.738926,30.327789699999997
2022-09-12 17:00:00,29.2,29.609665,28.62503,29.511201500000002
2022-09-12 18:00:00,28.9,29.00785,27.935986,28.9006636
2022-09-12 19:00:00,28.5,29.162748,27.687325,29.0152057
2022-09-12 20:00:00,28.3,28.582897,27.364712,28.4610785
2022-09-12 21:00:00,28.3,28.354832,27.119328,28.2312816
2022-09-12 22:00:00,28.1,28.134317,26.986668,28.0195521
2022-09-12 23:00:00,28.1,27.672644,26.806072,27.5859868
2022-09-13 00:00:00,27.8,27.428492,26.531557,27.3387985
2022-09-13 01:00:00,27.5,27.211039,26.17012,27.1069471
2022-09-13 02:00:00,27.3,26.775888,26.09123,26.7074222
2022-09-13 03:00:00,27.0,26.44492,26.118952,26.4123232
2022-09-13 04:00:00,26.7,26.15184,26.05085,26.141741
2022-09-13 05:00:00,26.6,26.103592,26.157246,26.1089574
2022-09-13 06:00:00,26.7,26.238535,26.542809,26.2689624
2022-09-13 07:00:00,27.5,27.1013,26.79816,27.070985999999998
2022-09-13 08:00:00,28.8,28.577856,27.86074,28.5061444
2022-09-13 09:00:00,30.4,29.923399,29.12505,29.8435641
2022-09-13 10:00:00,31.7,30.992466,30.240604,30.9172798
2022-09-13 11:00:00,32.6,31.84545,31.032158,31.7641208
2022-09-13 12:00:00,32.7,32.3793,31.626625,32.3040325
2022-09-13 13:00:00,30.8,31.983356,31.788013,31.9638217
2022-09-13 14:00:00,30.2,31.232576,30.739496,31.183268
2022-09-13 15:00:00,30.7,30.709597,29.676733,30.606310599999997
2022-09-13 16:00:00,29.9,29.95791,29.516228,29.913741799999997
2022-09-13 17:00:00,29.6,29.129946,28.708006,29.087752
2022-09-13 18:00:00,28.8,28.788069,27.922499,28.701511999999997
2022-09-13 19:00:00,28.6,28.451164,27.84602,28.3906496
2022-09-13 20:00:00,28.3,28.218021,27.326523,28.1288712
2022-09-13 21:00:00,28.1,28.162956,26.995726,28.046233
2022-09-13 22:00:00,28.0,27.85749,26.858343,27.7575753
2022-09-13 23:00:00,27.9,27.642454,26.671959,27.5454045
2022-09-14 00:00:00,27.7,27.443882,26.550112,27.354505
2022-09-14 01:00:00,25.3,27.102274,25.99841,26.9918876
2022-09-14 02:00:00,25.4,26.884718,25.982512,26.7944974
2022-09-14 03:00:00,25.5,26.66022,26.083359,26.6025339
2022-09-14 04:00:00,25.6,26.432526,26.201828,26.409456199999997
2022-09-14 05:00:00,26.0,26.36462,26.347462,26.3629042
2022-09-14 06:00:00,26.4,26.550417,26.705486,26.5659239
2022-09-14 07:00:00,27.2,27.366606,27.149208,27.3448662
2022-09-14 08:00:00,28.5,28.775524,28.022837,28.700255300000002
2022-09-14 09:00:00,29.9,30.261219,29.003206,30.1354177
2022-09-14 10:00:00,30.9,31.187351,30.149393,31.0835552
2022-09-14 11:00:00,31.8,31.939547,30.948704,31.8404627
2022-09-14 12:00:00,32.6,32.261906,31.56084,32.1917994
2022-09-14 13:00:00,32.8,31.484163,31.28764,31.464510699999998
2022-09-14 14:00:00,32.7,30.710672,29.93998,30.6336028
2022-09-14 15:00:00,31.6,30.519989,29.538218,30.421811899999998
2022-09-14 16:00:00,30.8,29.96696,29.56583,29.926847
2022-09-14 17:00:00,29.6,29.373497,28.535835,29.2897308
2022-09-14 18:00:00,28.4,28.812078,28.09275,28.7401452
2022-09-14 19:00:00,28.3,28.374746,27.675358,28.3048072
2022-09-14 20:00:00,28.3,28.089737,27.346964,28.0154597
2022-09-14 21:00:00,28.0,27.850834,26.998611,27.7656117
2022-09-14 22:00:00,27.7,27.75677,26.793028,27.6603958
2022-09-14 23:00:00,27.5,27.61025,26.71238,27.520463
2022-09-15 00:00:00,27.0,27.298231,26.657574,27.2341653
2022-09-15 01:00:00,26.7,26.195522,26.022127,26.1781825
2022-09-15 02:00:00,26.5,25.691853,24.99469,25.6221367
2022-09-15 03:00:00,26.5,25.660215,25.516891,25.645882600000004
2022-09-15 04:00:00,26.3,25.636766,25.812506,25.65434
2022-09-15 05:00:00,26.5,25.890821,25.83987,25.8857259
2022-09-15 06:00:00,26.8,26.282654,26.459496,26.3003382
2022-09-15 07:00:00,27.6,27.195984,27.058193,27.1822049
2022-09-15 08:00:00,29.1,28.32248,27.953173,28.2855493
2022-09-15 09:00:00,30.8,29.845968,28.87907,29.7492782
2022-09-15 10:00:00,32.0,30.601751,30.070087,30.5485846
2022-09-15 11:00:00,33.0,31.60765,30.762245,31.5231095
2022-09-15 12:00:00,33.5,32.01518,31.354763,31.9491383
2022-09-15 13:00:00,33.4,31.798748,31.524456,31.7713188
2022-09-15 14:00:00,32.1,31.543228,31.188044,31.5077096
2022-09-15 15:00:00,31.2,30.972246,30.602716,30.935292999999998
2022-09-15 16:00:00,30.5,30.29711,29.502108,30.2176098
2022-09-15 17:00:00,29.4,29.449493,28.848942,29.389437899999997
2022-09-15 18:00:00,28.7,28.688305,27.893154,28.6087899
2022-09-15 19:00:00,28.8,28.4273,27.5276,28.337329999999998
2022-09-15 20:00:00,28.6,28.171078,27.286705,28.082640700000002
2022-09-15 21:00:00,28.4,27.944983,27.048267,27.855311399999998
2022-09-15 22:00:00,28.0,27.733437,26.748463,27.6349396
2022-09-15 23:00:00,27.8,27.509459,26.585918,27.417104900000002
2022-09-16 00:00:00,27.6,27.165003,26.340818,27.0825845
2022-09-16 01:00:00,27.3,26.732664,25.549599,26.6143575
2022-09-16 02:00:00,27.0,26.362093,25.362288,26.2621125
2022-09-16 03:00:00,26.8,26.191051,25.634197,26.135365600000004
2022-09-16 04:00:00,26.7,26.147177,25.666777,26.099137
2022-09-16 05:00:00,26.9,26.178493,25.798382,26.140481899999997
2022-09-16 06:00:00,27.1,26.456333,26.181532,26.4288529
2022-09-16 07:00:00,28.0,27.244396,26.833145,27.203270899999996
2022-09-16 08:00:00,29.7,28.640461,27.710888,28.5475037
2022-09-16 09:00:00,31.1,29.942762,29.019468,29.850432599999998
2022-09-16 10:00:00,32.3,31.21902,30.272783,31.1243963
2022-09-16 11:00:00,33.1,32.116905,31.037182,32.0089327
2022-09-16 12:00:00,33.5,32.392845,31.779423,32.3315028
2022-09-16 13:00:00,33.9,32.19193,32.091087,32.1818457
2022-09-16 14:00:00,33.1,31.46146,31.543533,31.4696673
2022-09-16 15:00:00,32.1,31.00059,30.039036,30.904434600000002
2022-09-16 16:00:00,30.9,30.595276,29.338335,30.469581899999998
2022-09-16 17:00:00,30.2,29.496586,28.876114,29.434538800000002
2022-09-16 18:00:00,29.7,28.699656,27.973293,28.627019699999998
2022-09-16 19:00:00,29.4,28.500357,27.613028,28.4116241
2022-09-16 20:00:00,29.1,28.34378,27.366291,28.246031099999996
2022-09-16 21:00:00,28.7,28.245255,27.055614,28.1262909
2022-09-16 22:00:00,28.5,27.85232,26.83998,27.751085999999997
2022-09-16 23:00:00,28.2,27.606009,26.481613,27.4935694
2022-09-17 00:00:00,27.9,27.421017,26.41664,27.3205793
2022-09-17 01:00:00,27.6,27.229715,25.91184,27.097927499999997
2022-09-17 02:00:00,27.6,26.77813,25.820507,26.6823677
2022-09-17 03:00:00,27.1,26.530584,25.836746,26.4612002
2022-09-17 04:00:00,27.1,26.422377,26.07168,26.3873073
2022-09-17 05:00:00,27.2,26.582047,26.230324,26.5468747
2022-09-17 06:00:00,27.4,26.821987,26.794357,26.819224
2022-09-17 07:00:00,28.4,27.751049,27.316113,27.7075554
2022-09-17 08:00:00,29.5,29.032488,28.210672,28.9503064
2022-09-17 09:00:00,30.9,30.455349,29.470224,30.356836499999996
2022-09-17 10:00:00,32.3,31.694166,30.497074,31.5744568
2022-09-17 11:00:00,33.4,32.615185,31.21787,32.4754535
2022-09-17 12:00:00,33.8,32.48671,31.695053,32.407544300000005
2022-09-17 13:00:00,33.7,32.537495,31.961151,32.4798606
2022-09-17 14:00:00,33.2,32.157818,31.881199,32.1301561
2022-09-17 15:00:00,31.4,31.156473,30.747349,31.1155606
2022-09-17 16:00:00,30.1,30.36459,29.588776,30.2870086
2022-09-17 17:00:00,29.8,29.726257,28.723091,29.6259404
2022-09-17 18:00:00,29.3,28.99648,28.429878,28.9398198
2022-09-17 19:00:00,28.9,28.900747,28.028795,28.8135518
2022-09-17 20:00:00,28.7,28.780392,27.669163,28.669269099999998
2022-09-17 21:00:00,28.5,28.392122,27.379776,28.290887400000003
2022-09-17 22:00:00,28.1,28.093225,27.001038,27.9840063
2022-09-17 23:00:00,27.8,27.984402,26.930185,27.878980300000002
2022-09-18 00:00:00,27.5,27.76293,26.746534,27.661290400000002
2022-09-18 01:00:00,27.7,27.415096,26.187832,27.292369599999997
2022-09-18 02:00:00,27.6,27.228815,26.060513,27.111984800000002
2022-09-18 03:00:00,27.3,26.916515,26.057106,26.8305741
2022-09-18 04:00:00,27.1,26.675121,25.876495,26.5952584
2022-09-18 05:00:00,26.6,26.751465,26.341297,26.7104482
2022-09-18 06:00:00,26.8,27.104223,26.995777,27.0933784
2022-09-18 07:00:00,27.9,28.047949,27.280396,27.971193699999997
2022-09-18 08:00:00,29.7,29.313396,28.349344,29.216990799999998
2022-09-18 09:00:00,30.9,30.627201,29.438889,30.508369799999997
2022-09-18 10:00:00,32.0,31.723251,30.615826,31.6125085
2022-09-18 11:00:00,32.9,32.092556,31.396027,32.0229031
2022-09-18 12:00:00,33.4,32.263355,31.709347,32.207954199999996
2022-09-18 13:00:00,33.8,32.66927,31.505934,32.5529364
2022-09-18 14:00:00,34.0,32.381813,30.863207,32.2299524
2022-09-18 15:00:00,33.5,31.17874,31.125694,31.1734354
2022-09-18 16:00:00,30.2,30.099485,29.01532,29.9910685
2022-09-18 17:00:00,29.0,29.570581,28.571896,29.470712499999998
2022-09-18 18:00:00,28.6,29.102509,28.41468,29.0337261
2022-09-18 19:00:00,28.7,28.919304,27.95819,28.8231926
2022-09-18 20:00:00,28.8,28.542227,27.460026,28.4340069
2022-09-18 21:00:00,28.7,28.18588,27.232838,28.090575800000003
2022-09-18 22:00:00,28.4,27.947577,26.93742,27.8465613
2022-09-18 23:00:00,28.2,27.525513,26.748953,27.447857
2022-09-19 00:00:00,27.9,27.177128,26.5058,27.109995199999997
2022-09-19 01:00:00,27.7,27.335758,25.920538,27.194235999999997
2022-09-19 02:00:00,27.4,27.193983,26.156214,27.0902061
2022-09-19 03:00:00,27.0,26.887865,26.276796,26.826758100000003
2022-09-19 04:00:00,26.8,26.801716,26.348095,26.7563539
2022-09-19 05:00:00,27.1,26.656109,26.541683,26.6446664
2022-09-19 06:00:00,27.3,26.9281,26.703732,26.905663200000003
2022-09-19 07:00:00,28.2,27.917095,27.392546,27.8646401
2022-09-19 08:00:00,29.5,29.245712,28.303852,29.151526
2022-09-19 09:00:00,30.9,30.53702,29.505772,30.4338952
2022-09-19 10:00:00,32.2,31.712667,30.397568,31.5811571
2022-09-19 11:00:00,33.4,32.50466,31.357693,32.3899633
2022-09-19 12:00:00,34.3,32.594856,31.680883,32.5034587
2022-09-19 13:00:00,34.7,32.771812,31.807394,32.675370199999996
2022-09-19 14:00:00,34.8,32.78784,31.855251,32.6945811
2022-09-19 15:00:00,33.8,31.719774,31.32471,31.6802676
2022-09-19 16:00:00,31.3,30.175917,30.510208,30.209346099999998
2022-09-19 17:00:00,31.2,29.520273,27.830395,29.3512852
2022-09-19 18:00:00,29.2,28.75956,28.341835,28.7177875
2022-09-19 19:00:00,28.7,28.626282,27.719841,28.535637899999998
2022-09-19 20:00:00,28.4,28.552536,27.399746,28.437257
2022-09-19 21:00:00,27.9,28.461418,27.16479,28.3317552
2022-09-19 22:00:00,27.6,28.14439,26.972301,28.0271811
2022-09-19 23:00:00,27.3,27.849224,26.862938,27.750595399999998
2022-09-20 00:00:00,26.7,27.659386,26.617819,27.5552293
2022-09-20 01:00:00,26.3,27.411718,26.089874,27.2795336
2022-09-20 02:00:00,25.9,27.222837,26.26601,27.1271543
2022-09-20 03:00:00,25.8,27.035624,26.217226,26.953784199999998
2022-09-20 04:00:00,25.8,26.877768,26.023027,26.7922939
2022-09-20 05:00:00,26.3,26.975645,26.189793,26.8970598
2022-09-20 06:00:00,26.7,27.174112,26.875664,27.144267199999998
2022-09-20 07:00:00,28.1,28.07808,27.452589,28.0155309
2022-09-20 08:00:00,29.9,29.63527,28.44486,29.516229
2022-09-20 09:00:00,31.3,31.02766,29.710192,30.895913200000003
2022-09-20 10:00:00,32.6,31.929504,30.800648,31.8166184
2022-09-20 11:00:00,33.9,32.968445,31.49046,32.8206465
2022-09-20 12:00:00,34.7,33.74003,32.13351,33.579378
2022-09-20 13:00:00,34.8,34.123463,32.678238,33.9789405
2022-09-20 14:00:00,34.2,33.964527,32.461945,33.8142688
2022-09-20 15:00:00,32.5,31.576744,31.99724,31.6187936
2022-09-20 16:00:00,30.7,30.654736,31.1999,30.709252399999997
2022-09-20 17:00:00,30.0,30.260244,28.684006,30.102620199999997
2022-09-20 18:00:00,29.5,29.112663,28.768951,29.0782918
2022-09-20 19:00:00,29.2,28.52105,27.643147,28.4332597
2022-09-20 20:00:00,28.9,28.489851,27.548643,28.3957302
2022-09-20 21:00:00,28.8,28.151995,27.363186,28.0731141
2022-09-20 22:00:00,28.6,27.803684,27.039068,27.7272224
2022-09-20 23:00:00,28.5,27.447784,26.75024,27.3780296
2022-09-21 00:00:00,28.2,27.095482,26.576763,27.0436101
2022-09-21 01:00:00,27.8,26.758394,25.719406,26.6544952
2022-09-21 02:00:00,27.5,26.542583,25.812475,26.4695722
2022-09-21 03:00:00,27.1,26.345491,25.708145,26.2817564
2022-09-21 04:00:00,27.1,25.981712,25.93079,25.9766198
2022-09-21 05:00:00,27.2,26.345829,26.166294,26.3278755
2022-09-21 06:00:00,27.5,26.821688,27.053364,26.844855600000002
2022-09-21 07:00:00,28.4,27.714666,27.49959,27.6931584
2022-09-21 08:00:00,30.3,29.674688,28.727303,29.5799495
2022-09-21 09:00:00,31.7,30.606441,29.909939,30.5367908
2022-09-21 10:00:00,33.3,31.371164,30.77106,31.3111536
2022-09-21 11:00:00,34.4,33.119263,31.67551,32.9748877
2022-09-21 12:00:00,35.3,34.13147,32.463734,33.9646964
2022-09-21 13:00:00,35.5,33.916748,32.871777,33.812250899999995
2022-09-21 14:00:00,34.9,32.506737,32.457886,32.5018519
2022-09-21 15:00:00,32.9,31.585714,31.238407,31.5509833
2022-09-21 16:00:00,31.1,30.58268,29.660852,30.4904972
2022-09-21 17:00:00,30.3,29.899343,28.771137,29.7865224
2022-09-21 18:00:00,30.1,28.972534,28.25208,28.9004886
2022-09-21 19:00:00,29.6,28.745716,27.709965,28.6421409
2022-09-21 20:00:00,29.3,28.696276,27.534409,28.580089299999997
2022-09-21 21:00:00,29.1,28.420992,27.124514,28.291344199999997
2022-09-21 22:00:00,28.9,28.284012,27.053936,28.161004400000003
2022-09-21 23:00:00,29.0,28.133457,26.927776,28.0128889
2022-09-22 00:00:00,28.7,27.918295,26.864712,27.8129367
2022-09-22 01:00:00,28.0,27.582405,26.202015,27.444366000000002
2022-09-22 02:00:00,27.5,27.25792,26.069843,27.1391123
2022-09-22 03:00:00,27.0,26.857658,26.0231,26.7742022
2022-09-22 04:00:00,26.4,26.895899,26.029,26.8092091
2022-09-22 05:00:00,26.7,27.011515,26.519493,26.9623128
2022-09-22 06:00:00,26.8,27.25504,27.140999,27.2436359
2022-09-22 07:00:00,28.0,28.125284,27.63006,28.075761600000003
2022-09-22 08:00:00,30.1,30.105488,28.613272,29.9562664
2022-09-22 09:00:00,31.8,31.654327,30.126453,31.501539599999997
2022-09-22 10:00:00,33.0,32.0991,30.898447,31.9790347
2022-09-22 11:00:00,34.0,33.807213,31.916758,33.6181675
2022-09-22 12:00:00,34.3,34.65921,32.792366,34.472525600000004
2022-09-22 13:00:00,34.2,34.05787,33.04264,33.956347
2022-09-22 14:00:00,33.2,33.349228,32.452705,33.2595757
2022-09-22 15:00:00,31.9,32.21382,31.118176,32.1042556
2022-09-22 16:00:00,31.0,31.172167,29.843891,31.0393394
2022-09-22 17:00:00,29.9,30.556427,28.838549,30.3846392
2022-09-22 18:00:00,29.6,29.680141,28.553268,29.5674537
2022-09-22 19:00:00,29.4,29.242884,28.199404,29.138536000000002
2022-09-22 20:00:00,29.1,29.002777,27.640963,28.866595599999997
2022-09-22 21:00:00,28.4,28.88916,27.449291,28.745173100000002
2022-09-22 22:00:00,28.2,28.661306,27.112537,28.506429100000002
2022-09-22 23:00:00,27.9,28.574577,27.133146,28.4304339
2022-09-23 00:00:00,27.6,28.192368,27.173267,28.090457899999997
2022-09-23 01:00:00,27.4,27.740936,26.624931,27.6293355
2022-09-23 02:00:00,27.4,27.358253,26.334883,27.255916000000003
2022-09-23 03:00:00,27.1,26.99969,26.211172,26.920838200000002
2022-09-23 04:00:00,27.0,26.530277,26.035961,26.480845400000003
2022-09-23 05:00:00,27.2,26.694061,26.009914,26.6256463
2022-09-23 06:00:00,27.6,26.98023,26.495304,26.9317374
2022-09-23 07:00:00,29.0,28.094608,26.908257,27.9759729
2022-09-23 08:00:00,30.8,29.834753,28.170198,29.6682975
2022-09-23 09:00:00,32.4,31.19196,29.811747,31.053938700000003
2022-09-23 10:00:00,33.5,31.896786,30.627794,31.7698868
2022-09-23 11:00:00,34.2,32.545406,31.822742,32.4731396
2022-09-23 12:00:00,34.3,33.51717,32.58243,33.423696
2022-09-23 13:00:00,34.0,32.575764,32.638584,32.582046
2022-09-23 14:00:00,32.6,32.302677,32.448334,32.3172427
2022-09-23 15:00:00,31.1,31.618324,30.712631,31.527754700000003
2022-09-23 16:00:00,31.0,31.02196,29.853622,30.9051262
2022-09-23 17:00:00,30.9,29.928392,29.16763,29.8523158
2022-09-23 18:00:00,29.7,29.194986,28.361542,29.1116416
2022-09-23 19:00:00,29.3,28.945078,28.285313,28.879101499999997
2022-09-23 20:00:00,28.9,28.83312,27.708115,28.7206195
2022-09-23 21:00:00,28.5,28.393732,27.569489,28.3113077
2022-09-23 22:00:00,27.8,28.313139,27.02999,28.1848241
2022-09-23 23:00:00,27.9,28.148947,26.96768,28.0308203
2022-09-24 00:00:00,27.5,27.86512,26.794197,27.758027700000003
2022-09-24 01:00:00,27.3,27.435648,26.305027,27.3225859
2022-09-24 02:00:00,26.9,27.284575,26.359627,27.1920802
2022-09-24 03:00:00,26.5,27.010643,26.32127,26.941705700000004
2022-09-24 04:00:00,26.3,26.674305,26.255556,26.6324301
2022-09-24 05:00:00,26.4,26.896646,26.517902,26.8587716
2022-09-24 06:00:00,26.9,27.222754,26.921448,27.192623399999995
2022-09-24 07:00:00,28.4,28.467524,27.595284,28.380300000000002
2022-09-24 08:00:00,30.4,29.942825,28.904482,29.838990699999997
2022-09-24 09:00:00,32.5,31.683758,30.054108,31.520793
2022-09-24 10:00:00,33.7,32.282177,30.931507,32.14711
2022-09-24 11:00:00,34.1,32.7147,31.664873,32.6097173
2022-09-24 12:00:00,32.9,33.735367,31.895855,33.551415799999994
2022-09-24 13:00:00,31.2,32.869324,31.122044,32.694596
2022-09-24 14:00:00,31.4,32.071815,31.015083,31.9661418
2022-09-24 15:00:00,31.5,31.59661,30.101639,31.447112899999997
2022-09-24 16:00:00,30.8,30.853045,29.05296,30.673036500000002
2022-09-24 17:00:00,30.6,30.270601,28.900948,30.1336357
2022-09-24 18:00:00,29.6,29.20957,28.307625,29.1193755
2022-09-24 19:00:00,28.8,29.02862,27.803844,28.9061424
2022-09-24 20:00:00,28.6,28.759565,27.49496,28.633104499999998
2022-09-24 21:00:00,28.2,28.314775,27.203003,28.2035978
2022-09-24 22:00:00,27.9,27.752495,26.957191,27.672964599999997
2022-09-24 23:00:00,27.8,27.748392,26.631031,27.6366559
2022-09-25 00:00:00,27.2,27.489511,26.66446,27.4070059
2022-09-25 01:00:00,26.9,27.31443,25.972618,27.1802488
2022-09-25 02:00:00,26.8,26.92349,26.020893,26.8332303
2022-09-25 03:00:00,26.7,26.591164,25.977646,26.529812200000002
2022-09-25 04:00:00,26.7,26.468933,25.99672,26.4217117
2022-09-25 05:00:00,26.7,26.42359,26.232702,26.404501200000002
2022-09-25 06:00:00,26.3,27.098495,26.595894,27.048234899999997
2022-09-25 07:00:00,26.7,28.327785,27.137568,28.208763299999998
2022-09-25 08:00:00,28.6,29.904158,28.45633,29.759375199999997
2022-09-25 09:00:00,30.2,31.556187,29.84031,31.3845993
2022-09-25 10:00:00,31.1,32.529427,31.111206,32.3876049
2022-09-25 11:00:00,32.1,33.328316,31.541025,33.1495869
2022-09-25 12:00:00,32.9,32.790226,31.312685,32.6424719
2022-09-25 13:00:00,33.1,31.7925,30.79168,31.692418
2022-09-25 14:00:00,33.5,31.427189,29.791937,31.2636638
2022-09-25 15:00:00,32.5,31.307535,29.12542,31.0893235
2022-09-25 16:00:00,30.7,30.523401,29.331741,30.404235
2022-09-25 17:00:00,26.8,30.14839,28.370193,29.9705703
2022-09-25 18:00:00,27.3,29.295172,28.265852,29.19224
2022-09-25 19:00:00,27.2,28.665833,27.547518,28.5540015
2022-09-25 20:00:00,27.1,28.34416,27.048506,28.214594599999998
2022-09-25 21:00:00,27.1,27.907152,27.240744,27.840511199999998
2022-09-25 22:00:00,27.2,27.769709,26.756344,27.6683725
2022-09-25 23:00:00,26.6,27.578308,26.57224,27.4777012
2022-09-26 00:00:00,26.3,27.177698,26.523111,27.1122393
2022-09-26 01:00:00,25.8,26.800322,25.838175,26.7041073
2022-09-26 02:00:00,25.5,26.756836,25.486202,26.6297726
2022-09-26 03:00:00,25.4,26.56148,25.334738,26.4388058
2022-09-26 04:00:00,25.3,26.640446,25.781109,26.5545123
2022-09-26 05:00:00,27.0,26.71813,26.053982,26.651715199999998
2022-09-26 06:00:00,27.3,26.436077,25.901169,26.3825862
2022-09-26 07:00:00,27.9,27.516232,27.342617,27.498870499999995
2022-09-26 08:00:00,28.7,29.274294,27.634851,29.1103497
2022-09-26 09:00:00,30.4,30.709923,29.680084,30.606939099999998
2022-09-26 10:00:00,32.0,31.133059,30.530216,31.072774699999997
2022-09-26 11:00:00,32.7,31.534184,31.11394,31.4921596
2022-09-26 12:00:00,31.9,32.134483,31.569084,32.077943100000006
2022-09-26 13:00:00,31.0,31.886824,31.603067,31.8584483
2022-09-26 14:00:00,31.2,31.642338,31.366205,31.6147247
2022-09-26 15:00:00,31.0,31.373346,31.305794,31.3665908
2022-09-26 16:00:00,29.9,30.44935,29.8829,30.392705
2022-09-26 17:00:00,29.6,29.319973,28.237856,29.211761300000003
2022-09-26 18:00:00,28.9,28.306614,27.272963,28.2032489
2022-09-26 19:00:00,28.8,28.387629,27.519138,28.300779900000002
2022-09-26 20:00:00,28.6,28.085833,26.466557,27.923905400000002
2022-09-26 21:00:00,28.5,27.697393,26.397104,27.5673641
2022-09-26 22:00:00,28.3,27.782217,25.909327,27.594928
2022-09-26 23:00:00,27.0,27.326345,26.052406,27.1989511
2022-09-27 00:00:00,26.5,26.483372,25.779053,26.4129401
2022-09-27 01:00:00,26.2,26.369045,25.00255,26.2323955
2022-09-27 02:00:00,26.3,25.944996,25.31376,25.8818724
2022-09-27 03:00:00,25.7,25.829659,24.916908,25.738383900000002
2022-09-27 04:00:00,25.0,25.712206,25.354527,25.6764381
2022-09-27 05:00:00,25.5,26.146736,25.657574,26.0978198
2022-09-27 06:00:00,25.9,26.94611,26.616987,26.9131977
2022-09-27 07:00:00,25.8,27.494385,27.345829,27.4795294
2022-09-27 08:00:00,27.1,28.545866,27.80383,28.4716624
2022-09-27 09:00:00,28.7,29.915247,28.767475,29.800469800000002
2022-09-27 10:00:00,30.3,31.613691,29.76098,31.4284199
2022-09-27 11:00:00,31.3,32.254784,29.774101,32.0067157
2022-09-27 12:00:00,31.5,31.621359,30.331947,31.492417800000002
2022-09-27 13:00:00,31.9,31.37947,30.013603,31.2428833
2022-09-27 14:00:00,32.1,31.414919,29.56227,31.2296541
2022-09-27 15:00:00,30.9,30.886463,29.655521,30.7633688
2022-09-27 16:00:00,29.4,29.951483,28.979557,29.8542904
2022-09-27 17:00:00,29.0,28.924593,28.193993,28.851533000000003
2022-09-27 18:00:00,28.4,28.578676,27.660597,28.486868100000002
2022-09-27 19:00:00,28.1,28.270452,27.499594,28.193366199999996
2022-09-27 20:00:00,27.6,28.067774,27.078876,27.9688842
2022-09-27 21:00:00,27.2,27.97481,26.826862,27.8600152
2022-09-27 22:00:00,26.2,27.837181,26.811155,27.734578400000004
2022-09-27 23:00:00,25.5,26.79546,26.612774,26.7771914
2022-09-28 00:00:00,25.3,26.328253,25.292664,26.2246941
2022-09-28 01:00:00,24.6,26.167833,25.553806,26.106430300000003
2022-09-28 02:00:00,24.8,25.998955,25.102646,25.9093241
2022-09-28 03:00:00,24.3,25.911636,25.493004,25.869772800000003
2022-09-28 04:00:00,24.1,25.776001,25.518948,25.750295700000002
2022-09-28 05:00:00,26.8,25.78621,25.364328,25.744021800000002
2022-09-28 06:00:00,26.9,26.184822,26.929062,26.259246
2022-09-28 07:00:00,27.3,26.789993,26.417938,26.752787499999997
2022-09-28 08:00:00,27.4,27.923357,26.423304,27.7733517
2022-09-28 09:00:00,28.1,29.180096,28.393074,29.1013938
2022-09-28 10:00:00,28.8,30.228601,29.558231,30.161564000000002
2022-09-28 11:00:00,29.4,30.787569,29.986351,30.7074472
2022-09-28 12:00:00,30.6,30.890198,30.353052,30.836483400000002
2022-09-28 13:00:00,31.2,31.078844,30.38166,31.0091256
2022-09-28 14:00:00,31.8,31.108736,29.052666,30.903129
2022-09-28 15:00:00,32.0,30.507168,29.165886,30.3730398
2022-09-28 16:00:00,31.9,29.604403,28.695335,29.513496200000002
2022-09-28 17:00:00,28.8,29.079842,27.941456,28.9660034
2022-09-28 18:00:00,28.2,28.434914,27.947363,28.3861589
2022-09-28 19:00:00,27.5,28.207367,27.379662,28.1245965
2022-09-28 20:00:00,27.7,28.161894,26.991558,28.0448604
2022-09-28 21:00:00,27.6,27.864424,26.428974,27.720879
2022-09-28 22:00:00,26.4,27.151047,26.305008,27.0664431
2022-09-28 23:00:00,25.4,26.380077,25.955086,26.3375779
2022-09-29 00:00:00,25.5,25.967447,25.816538,25.952356100000003
2022-09-29 01:00:00,25.1,25.623772,24.926098,25.5540046
2022-09-29 02:00:00,25.0,25.493645,25.131351,25.4574156
2022-09-29 03:00:00,25.2,25.326073,25.116692,25.305134900000002
2022-09-29 04:00:00,25.2,24.828754,24.787344,24.824613
2022-09-29 05:00:00,25.3,26.076418,25.287354,25.9975116
2022-09-29 06:00:00,25.5,27.160809,26.931763,27.137904400000004
2022-09-29 07:00:00,26.3,27.20404,26.216295,27.1052655
2022-09-29 08:00:00,26.7,27.631464,26.871174,27.555435
2022-09-29 09:00:00,27.5,28.20511,27.296082,28.1142072
2022-09-29 10:00:00,28.5,28.904799,28.182281,28.8325472
2022-09-29 11:00:00,28.8,30.104979,28.880964,29.982577499999998
2022-09-29 12:00:00,29.3,31.042265,29.239576,30.8619961
2022-09-29 13:00:00,29.0,31.150307,30.0569,31.0409663
2022-09-29 14:00:00,29.9,30.825974,29.97532,30.740908599999997
2022-09-29 15:00:00,30.1,30.972197,29.96674,30.8716513
2022-09-29 16:00:00,29.4,30.71545,29.302246,30.5741296
2022-09-29 17:00:00,28.2,30.053772,29.013754,29.9497702
2022-09-29 18:00:00,27.7,28.459394,27.25959,28.3394136
2022-09-29 19:00:00,27.3,27.926079,27.52558,27.886029100000002
2022-09-29 20:00:00,27.1,27.878548,26.834627,27.7741559
2022-09-29 21:00:00,27.1,28.029188,26.644787,27.8907479
2022-09-29 22:00:00,26.6,27.359917,26.131508,27.2370761
2022-09-29 23:00:00,26.1,26.219994,25.543678,26.1523624
2022-09-30 00:00:00,26.4,26.07173,25.498972,26.0144542
2022-09-30 01:00:00,26.6,25.574183,24.943888,25.511153500000002
2022-09-30 02:00:00,26.3,25.444736,25.269592,25.4272216
2022-09-30 03:00:00,26.2,25.60661,25.210428,25.5669918
2022-09-30 04:00:00,26.2,25.598745,25.37698,25.5765685
2022-09-30 05:00:00,25.4,25.709887,25.489815,25.687879799999997
2022-09-30 06:00:00,25.3,25.951548,25.316826,25.8880758
2022-09-30 07:00:00,25.7,26.670717,26.272047,26.63085
2022-09-30 08:00:00,26.0,27.523762,27.287075,27.5000933
2022-09-30 09:00:00,26.5,28.247,27.924788,28.214778799999998
2022-09-30 10:00:00,26.5,28.694588,28.579224,28.6830516
2022-09-30 11:00:00,25.8,29.568644,28.990007,29.510780299999997
2022-09-30 12:00:00,27.5,30.168432,29.063187,30.0579075
2022-09-30 13:00:00,28.5,30.40644,29.564762,30.3222722
2022-09-30 14:00:00,29.4,30.72866,29.087122,30.5645062
2022-09-30 15:00:00,28.1,30.714754,29.539791,30.597257699999997
2022-09-30 16:00:00,28.1,30.099997,28.99052,29.989049299999998
2022-09-30 17:00:00,28.8,28.633453,28.598135,28.6299212
2022-09-30 18:00:00,28.1,28.032227,27.362537,27.965258
2022-09-30 19:00:00,28.0,27.764257,26.918312,27.6796625
2022-09-30 20:00:00,27.8,27.774158,26.277504,27.6244926
2022-09-30 21:00:00,27.5,27.655178,26.121723,27.5018325
2022-09-30 22:00:00,27.4,26.839998,26.112154,26.7672136
2022-09-30 23:00:00,27.5,26.32727,25.246058,26.2191488
2022-10-01 00:00:00,27.6,26.260204,24.963528,26.130536400000004
2022-10-01 01:00:00,27.6,26.437885,24.728806,26.266977100000002
2022-10-01 02:00:00,27.3,26.245937,25.419521,26.163295400000003
2022-10-01 03:00:00,27.1,26.124912,25.054901,26.017910899999997
2022-10-01 04:00:00,27.0,25.990297,25.43157,25.934424300000003
2022-10-01 05:00:00,26.5,25.58011,25.55095,25.577194
2022-10-01 06:00:00,26.5,25.363438,25.726295,25.399723699999996
2022-10-01 07:00:00,27.3,26.163412,26.037636,26.1508344
2022-10-01 08:00:00,28.5,26.91285,26.098164,26.831381399999998
2022-10-01 09:00:00,29.5,27.999716,26.937803,27.8935247
2022-10-01 10:00:00,30.6,28.12927,27.753063,28.091649300000004
2022-10-01 11:00:00,31.3,29.37881,27.73008,29.213937
2022-10-01 12:00:00,31.5,29.943596,27.886778,29.7379142
2022-10-01 13:00:00,31.8,29.7692,28.372274,29.6295074
2022-10-01 14:00:00,31.8,30.942543,28.46138,30.6944267
2022-10-01 15:00:00,32.1,30.662184,28.90349,30.4863146
2022-10-01 16:00:00,31.3,29.579163,27.600601,29.3813068
2022-10-01 17:00:00,30.1,28.78306,27.622059,28.6669599
2022-10-01 18:00:00,29.0,27.83988,27.202774,27.7761694
2022-10-01 19:00:00,28.7,27.527205,26.557924,27.4302769
2022-10-01 20:00:00,28.5,27.388006,26.417843,27.290989699999997
2022-10-01 21:00:00,28.4,27.159939,26.093533,27.0532984
2022-10-01 22:00:00,28.3,26.969852,25.8932,26.8621868
2022-10-01 23:00:00,28.3,27.015133,25.80222,26.8938417
2022-10-02 00:00:00,27.9,26.893124,25.67747,26.771558600000002
2022-10-02 01:00:00,27.5,26.965462,25.378561,26.806771899999998
2022-10-02 02:00:00,27.2,26.868635,25.43151,26.724922499999998
2022-10-02 03:00:00,26.9,26.651436,25.565098,26.5428022
2022-10-02 04:00:00,26.8,26.474966,25.551275,26.382596899999996
2022-10-02 05:00:00,27.3,26.052597,25.830309,26.0303682
2022-10-02 06:00:00,27.4,25.969212,25.865063,25.958797099999998
2022-10-02 07:00:00,28.0,27.070805,26.198645,26.983589
2022-10-02 08:00:00,28.9,28.164053,26.936764,28.041324099999997
2022-10-02 09:00:00,30.0,29.574799,27.894533,29.406772399999998
2022-10-02 10:00:00,31.4,30.357838,28.69022,30.191076199999998
2022-10-02 11:00:00,32.7,30.248371,29.217361,30.14527
2022-10-02 12:00:00,33.6,31.556753,29.37512,31.3385897
2022-10-02 13:00:00,33.4,32.051037,29.74462,31.8203953
2022-10-02 14:00:00,33.0,31.825972,29.773994,31.6207742
2022-10-02 15:00:00,32.2,31.591496,29.371334,31.3694798
2022-10-02 16:00:00,32.0,30.690813,29.08965,30.530696699999996
2022-10-02 17:00:00,30.4,29.64235,28.245762,29.5026912
2022-10-02 18:00:00,29.6,28.57298,27.795034,28.4951854
2022-10-02 19:00:00,29.3,28.032003,27.205544,27.9493571
2022-10-02 20:00:00,28.8,27.786507,27.053368,27.713193099999998
2022-10-02 21:00:00,28.8,27.669882,26.809193,27.5838131
2022-10-02 22:00:00,28.1,27.542582,26.544191,27.4427429
2022-10-02 23:00:00,27.2,27.428604,26.526241,27.338367700000003
2022-10-03 00:00:00,26.6,27.119713,26.452227,27.0529644
2022-10-03 01:00:00,26.5,27.100035,25.858776,26.9759091
2022-10-03 02:00:00,26.4,26.95605,25.866383,26.8470833
2022-10-03 03:00:00,26.3,26.72033,25.827387,26.6310357
2022-10-03 04:00:00,26.1,26.539177,25.956163,26.480875599999997
2022-10-03 05:00:00,26.4,26.827517,26.113132,26.756078499999997
2022-10-03 06:00:00,26.7,26.89881,26.644747,26.8734037
2022-10-03 07:00:00,27.7,27.874765,26.997877,27.787076199999998
2022-10-03 08:00:00,29.4,28.955446,27.679874,28.827888799999997
2022-10-03 09:00:00,30.8,29.989782,28.561306,29.846934400000002
2022-10-03 10:00:00,31.9,30.76506,29.357359,30.6242899
2022-10-03 11:00:00,32.6,32.785072,30.239185,32.5304833
2022-10-03 12:00:00,33.3,33.940514,30.693085,33.6157711
2022-10-03 13:00:00,33.6,32.87767,31.062704,32.6961734
2022-10-03 14:00:00,33.9,32.285477,30.61779,32.1187083
2022-10-03 15:00:00,33.8,31.605116,30.097815,31.4543859
2022-10-03 16:00:00,32.6,31.022957,29.455387,30.866200000000003
2022-10-03 17:00:00,30.8,29.849972,28.88417,29.753391800000003
2022-10-03 18:00:00,29.8,29.362337,27.692827,29.195386
2022-10-03 19:00:00,29.1,28.708176,27.260933,28.5634517
2022-10-03 20:00:00,28.7,28.283133,27.29409,28.184228700000002
2022-10-03 21:00:00,28.6,27.998205,26.808645,27.879248999999998
2022-10-03 22:00:00,28.2,27.547976,26.826323,27.475810699999997
2022-10-03 23:00:00,28.0,27.407204,26.412247,27.307708299999998
2022-10-04 00:00:00,28.5,27.191746,26.107986,27.08337
2022-10-04 01:00:00,27.2,27.00582,25.497198,26.854957799999998
2022-10-04 02:00:00,26.5,26.684965,25.594097,26.5758782
2022-10-04 03:00:00,25.5,26.393173,25.603935,26.314249200000003
2022-10-04 04:00:00,25.6,26.19688,25.764835,26.1536755
2022-10-04 05:00:00,27.0,26.611708,26.019535,26.5524907
2022-10-04 06:00:00,27.3,26.740444,26.596622,26.7260618
2022-10-04 07:00:00,27.4,27.68143,26.947403,27.6080273
2022-10-04 08:00:00,27.4,28.962452,27.912567,28.857463499999998
2022-10-04 09:00:00,27.9,30.317122,28.876896,30.173099399999998
2022-10-04 10:00:00,28.4,31.7117,29.676964,31.508226399999998
2022-10-04 11:00:00,28.3,32.77266,30.488504,32.5442444
2022-10-04 12:00:00,27.3,33.88064,30.749958,33.567571799999996
2022-10-04 13:00:00,27.4,34.315464,31.203852,34.0043028
2022-10-04 14:00:00,26.8,34.05733,30.9221,33.743807000000004
2022-10-04 15:00:00,26.7,33.25497,30.633076,32.9927806
2022-10-04 16:00:00,26.5,31.621517,29.877178,31.4470831
2022-10-04 17:00:00,27.5,30.36672,28.53431,30.183479000000002
2022-10-04 18:00:00,26.7,29.379547,27.649313,29.2065236
2022-10-04 19:00:00,26.9,28.86983,26.979774,28.6808244
2022-10-04 20:00:00,27.2,28.537449,26.347828,28.3184869
2022-10-04 21:00:00,27.1,28.391617,26.210121,28.1734674
2022-10-04 22:00:00,27.1,27.974234,26.045721,27.781382699999998
2022-10-04 23:00:00,26.2,27.43799,25.61237,27.255428
2022-10-05 00:00:00,26.3,27.610458,25.85146,27.4345582
2022-10-05 01:00:00,25.9,26.939465,25.129248,26.7584433
2022-10-05 02:00:00,24.5,26.82121,25.089151,26.6480041
2022-10-05 03:00:00,24.3,25.983536,25.042616,25.889444
2022-10-05 04:00:00,24.3,25.708221,25.61058,25.6984569
2022-10-05 05:00:00,24.1,26.369303,25.826447,26.3150174
2022-10-05 06:00:00,24.5,27.1864,26.90187,27.157946999999997
2022-10-05 07:00:00,24.8,27.3047,26.87863,27.262093
2022-10-05 08:00:00,24.9,27.937033,27.655737,27.9089034
2022-10-05 09:00:00,25.0,29.163506,27.952438,29.0423992
2022-10-05 10:00:00,25.8,29.848112,28.622515,29.7255523
2022-10-05 11:00:00,27.1,29.92274,27.753874,29.705853400000002
2022-10-05 12:00:00,29.1,29.08895,28.286911,29.0087461
2022-10-05 13:00:00,30.3,28.55774,27.70649,28.472614999999998
2022-10-05 14:00:00,30.7,28.960342,27.805143,28.844822100000002
2022-10-05 15:00:00,30.1,28.933956,27.321922,28.7727526
2022-10-05 16:00:00,29.1,27.962263,27.020538,27.868090499999997
2022-10-05 17:00:00,29.3,29.271646,26.460232,28.990504599999998
2022-10-05 18:00:00,27.7,27.688858,27.561115,27.6760837
2022-10-05 19:00:00,26.2,27.3613,26.36631,27.261801
2022-10-05 20:00:00,25.7,27.454527,26.477383,27.3568126
2022-10-05 21:00:00,25.5,27.298407,26.410976,27.2096639
2022-10-05 22:00:00,25.2,26.989353,26.186674,26.909085100000002
2022-10-05 23:00:00,25.1,26.231636,25.926691,26.201141500000002
2022-10-06 00:00:00,24.9,26.22952,24.547762,26.0613442
2022-10-06 01:00:00,24.4,25.94787,25.45889,25.898972
2022-10-06 02:00:00,23.8,25.478195,24.47593,25.3779685
2022-10-06 03:00:00,24.0,24.989727,24.895061,24.9802604
2022-10-06 04:00:00,23.9,24.725283,24.759792,24.7287339
2022-10-06 05:00:00,24.6,24.696266,25.127869,24.7394263
2022-10-06 06:00:00,24.5,24.894077,25.446072,24.949276499999996
2022-10-06 07:00:00,25.4,25.76954,25.784271,25.771013099999998
2022-10-06 08:00:00,26.3,26.994867,26.391457,26.934526
2022-10-06 09:00:00,27.3,28.330349,26.724205,28.169734599999998
2022-10-06 10:00:00,27.6,29.091042,27.24223,28.906160800000002
2022-10-06 11:00:00,28.2,29.207779,27.915236,29.078524699999996
2022-10-06 12:00:00,28.1,30.266087,28.384449,30.077923199999997
2022-10-06 13:00:00,27.8,30.599,29.28685,30.467785
2022-10-06 14:00:00,27.5,30.014492,29.42194,29.9552368
2022-10-06 15:00:00,26.9,29.642395,29.245628,29.602718300000003
2022-10-06 16:00:00,26.9,29.00045,28.447227,28.9451277
2022-10-06 17:00:00,27.5,28.720116,27.586527,28.6067571
2022-10-06 18:00:00,26.7,28.05586,27.53718,28.003992
2022-10-06 19:00:00,26.4,27.17574,26.525248,27.1106908
2022-10-06 20:00:00,26.5,26.562672,26.145817,26.5209865
2022-10-06 21:00:00,26.4,26.0624,25.814476,26.0376076
2022-10-06 22:00:00,26.0,25.725943,25.461193,25.699468000000003
2022-10-06 23:00:00,25.7,25.967838,25.311356,25.9021898
2022-10-07 00:00:00,26.9,25.374546,24.609709,25.298062299999998
2022-10-07 01:00:00,26.7,24.764273,23.950794,24.6829251
2022-10-07 02:00:00,25.7,24.605383,24.73464,24.6183087
2022-10-07 03:00:00,25.3,24.441706,24.042284,24.401763799999998
2022-10-07 04:00:00,25.3,24.333382,24.74502,24.3745458
2022-10-07 05:00:00,25.4,24.51156,24.857311,24.546135099999997
2022-10-07 06:00:00,25.6,24.81794,24.703287,24.8064747
2022-10-07 07:00:00,26.6,25.599031,24.9927,25.5383979
2022-10-07 08:00:00,27.3,26.168882,26.06505,26.1584988
2022-10-07 09:00:00,26.4,27.158083,26.08293,27.050567700000002
2022-10-07 10:00:00,26.8,27.680624,28.117992,27.724360800000003
2022-10-07 11:00:00,26.8,28.245054,27.801525,28.2007011
2022-10-07 12:00:00,28.6,28.58933,28.269766,28.5573736
2022-10-07 13:00:00,29.7,29.039665,28.421875,28.977885999999998
2022-10-07 14:00:00,27.9,29.108856,28.17572,29.015542399999998
2022-10-07 15:00:00,28.4,28.698353,28.00364,28.6288817
2022-10-07 16:00:00,28.1,27.714855,27.428877,27.6862572
2022-10-07 17:00:00,27.8,27.715876,26.936394,27.6379278
2022-10-07 18:00:00,27.4,26.846247,26.917772,26.853399500000002
2022-10-07 19:00:00,26.7,26.006628,26.037157,26.0096809
2022-10-07 20:00:00,26.3,25.996275,25.513111,25.9479586
2022-10-07 21:00:00,26.1,26.20076,25.383717,26.119055699999997
2022-10-07 22:00:00,25.4,25.973614,25.447502,25.9210028
2022-10-07 23:00:00,25.4,25.860744,24.957958,25.7704654
2022-10-08 00:00:00,25.3,25.79061,25.0853,25.720079000000002
2022-10-08 01:00:00,24.7,25.760597,24.948923,25.679429600000002
2022-10-08 02:00:00,24.5,25.396591,23.91707,25.248638900000003
2022-10-08 03:00:00,24.3,25.326162,24.287432,25.222289
2022-10-08 04:00:00,24.1,25.143417,24.027348,25.0318101
2022-10-08 05:00:00,25.0,25.396753,24.67603,25.324680700000002
2022-10-08 06:00:00,24.3,25.455904,25.564034,25.466717000000003
2022-10-08 07:00:00,25.3,26.394722,24.890715,26.244321300000003
2022-10-08 08:00:00,26.5,27.333342,26.286953,27.2287031
2022-10-08 09:00:00,27.4,27.204699,27.062342,27.1904633
2022-10-08 10:00:00,28.5,27.885733,27.405228,27.8376825
2022-10-08 11:00:00,27.6,28.20104,27.497574,28.1306934
2022-10-08 12:00:00,26.5,28.48181,27.239437,28.3575727
2022-10-08 13:00:00,27.6,29.19554,27.421505,29.018136500000004
2022-10-08 14:00:00,28.2,28.799994,28.19268,28.739262600000004
2022-10-08 15:00:00,27.8,28.044151,27.04607,27.9443429
2022-10-08 16:00:00,27.7,27.419582,27.150652,27.392688999999997
2022-10-08 17:00:00,27.2,27.06685,26.56554,27.016719
2022-10-08 18:00:00,26.9,26.59925,26.220222,26.5613472
2022-10-08 19:00:00,26.0,26.232115,25.764126,26.1853161
2022-10-08 20:00:00,25.9,25.989666,25.262247,25.9169241
2022-10-08 21:00:00,25.9,26.355965,25.062283,26.226596800000003
2022-10-08 22:00:00,25.8,25.726358,24.87081,25.6408032
2022-10-08 23:00:00,25.1,25.78684,24.50259,25.658415
2022-10-09 00:00:00,25.2,25.342716,24.49797,25.2582414
2022-10-09 01:00:00,24.9,25.113758,24.079243,25.0103065
2022-10-09 02:00:00,24.6,24.772123,24.085672,24.703477900000003
2022-10-09 03:00:00,24.3,24.602669,23.58782,24.501184099999996
2022-10-09 04:00:00,23.9,24.42688,23.947014,24.3788934
2022-10-09 05:00:00,25.1,24.679987,23.912144,24.6032027
2022-10-09 06:00:00,25.5,24.897974,24.519514,24.860128
2022-10-09 07:00:00,25.9,25.40301,24.846066,25.347315599999998
2022-10-09 08:00:00,26.6,26.041702,25.383839,25.9759157
2022-10-09 09:00:00,27.7,26.920458,26.336605,26.8620727
2022-10-09 10:00:00,28.5,27.88313,26.748577,27.769674700000003
2022-10-09 11:00:00,28.9,28.212574,27.699135,28.161230099999997
2022-10-09 12:00:00,28.0,28.199625,27.600666,28.1397291
2022-10-09 13:00:00,28.9,28.648363,26.882648,28.4717915
2022-10-09 14:00:00,29.0,27.96869,27.895874,27.961408399999996
2022-10-09 15:00:00,28.5,27.750683,27.6402,27.739634699999996
2022-10-09 16:00:00,28.2,27.358223,27.086456,27.3310463
2022-10-09 17:00:00,27.8,27.055782,26.941484,27.044352200000002
2022-10-09 18:00:00,27.3,26.63134,26.11346,26.579552
2022-10-09 19:00:00,27.3,25.999495,26.058788,26.005424299999998
2022-10-09 20:00:00,27.3,25.887154,25.332268,25.8316654
2022-10-09 21:00:00,27.3,25.845451,25.777088,25.8386147
2022-10-09 22:00:00,27.2,25.596972,25.239939,25.561268700000003
2022-10-09 23:00:00,26.9,25.393488,25.152533,25.369392500000004
2022-10-10 00:00:00,26.6,25.496977,25.098675,25.4571468
2022-10-10 01:00:00,25.6,25.108051,24.37458,25.0347039
2022-10-10 02:00:00,24.8,24.85531,24.722801,24.8420591
2022-10-10 03:00:00,24.9,24.643978,24.460106,24.625590799999998
2022-10-10 04:00:00,25.1,24.463116,24.4789,24.4646944
2022-10-10 05:00:00,25.0,24.819824,24.859837,24.8238253
2022-10-10 06:00:00,25.2,25.256872,26.038738,25.3350586
2022-10-10 07:00:00,25.9,25.850714,25.091759,25.7748185
2022-10-10 08:00:00,27.0,26.920086,25.706486,26.798726
2022-10-10 09:00:00,28.1,27.47381,26.712385,27.397667499999997
2022-10-10 10:00:00,28.6,28.157616,27.427803,28.084634700000002
2022-10-10 11:00:00,28.8,28.336899,28.118675,28.315076599999998
2022-10-10 12:00:00,29.2,28.251938,28.244576,28.251201799999997
2022-10-10 13:00:00,29.4,28.451817,27.759302,28.3825655
2022-10-10 14:00:00,29.0,28.479244,28.489532,28.4802728
2022-10-10 15:00:00,29.0,28.11287,28.31782,28.133365
2022-10-10 16:00:00,28.6,27.893312,27.76285,27.8802658
2022-10-10 17:00:00,28.1,27.417086,27.53206,27.4285834
2022-10-10 18:00:00,27.7,26.866669,27.020348,26.882036900000003
2022-10-10 19:00:00,27.8,26.893785,26.601368,26.8645433
2022-10-10 20:00:00,27.6,26.84469,26.325298,26.7927508
2022-10-10 21:00:00,27.3,26.929373,26.18959,26.855394699999998
2022-10-10 22:00:00,27.3,26.913727,26.076462,26.8300005
2022-10-10 23:00:00,26.7,26.661194,25.948135,26.5898881
2022-10-11 00:00:00,26.3,26.30985,25.709219,26.2497869
2022-10-11 01:00:00,26.4,25.771301,25.172382,25.711409100000004
2022-10-11 02:00:00,26.1,25.109621,25.003113,25.0989702
2022-10-11 03:00:00,25.7,25.1611,24.586407,25.1036307
2022-10-11 04:00:00,25.5,25.216509,25.110905,25.205948599999996
2022-10-11 05:00:00,25.6,25.160738,25.240885,25.1687527
2022-10-11 06:00:00,25.9,25.235674,25.564236,25.268530199999997
2022-10-11 07:00:00,26.9,26.153296,26.156021,26.153568500000002
2022-10-11 08:00:00,28.0,27.02527,26.85661,27.008404
2022-10-11 09:00:00,28.9,28.103422,27.680035,28.061083299999996
2022-10-11 10:00:00,29.5,28.44406,28.497675,28.4494215
2022-10-11 11:00:00,30.2,28.689945,28.88537,28.7094875
2022-10-11 12:00:00,30.4,28.786934,29.003265,28.808567099999998
2022-10-11 13:00:00,27.5,29.135365,29.15858,29.1376865
2022-10-11 14:00:00,28.6,28.829973,29.012178,28.848193499999997
2022-10-11 15:00:00,29.2,28.767927,28.706142,28.7617485
2022-10-11 16:00:00,28.7,28.245617,28.276995,28.248754799999997
2022-10-11 17:00:00,28.4,27.89353,27.91222,27.895398999999998
2022-10-11 18:00:00,27.7,27.525274,27.177834,27.49053
2022-10-11 19:00:00,27.4,27.485046,26.9354,27.4300814
2022-10-11 20:00:00,27.4,27.280857,26.782473,27.2310186
2022-10-11 21:00:00,27.4,27.18635,26.459911,27.1137061
2022-10-11 22:00:00,27.1,27.047941,26.187105,26.9618574
2022-10-11 23:00:00,26.9,26.61494,26.128986,26.5663446
2022-10-12 00:00:00,26.6,26.094177,25.765182,26.0612775
2022-10-12 01:00:00,27.2,25.94248,25.177237,25.8659557
2022-10-12 02:00:00,25.3,25.936773,25.248495,25.867945199999998
2022-10-12 03:00:00,24.6,25.71005,25.110497,25.650094699999997
2022-10-12 04:00:00,24.2,25.596148,25.161642,25.5526974
2022-10-12 05:00:00,24.7,25.41225,25.44968,25.415993
2022-10-12 06:00:00,24.8,25.713083,25.733868,25.7151615
2022-10-12 07:00:00,26.4,26.656675,26.34082,26.6250895
2022-10-12 08:00:00,28.1,27.718012,27.217913,27.668002100000002
2022-10-12 09:00:00,29.3,28.72273,28.21347,28.671803999999998
2022-10-12 10:00:00,30.0,29.396383,28.850185,29.341763200000003
2022-10-12 11:00:00,30.0,29.919903,29.383503,29.866263
2022-10-12 12:00:00,29.4,30.098652,29.645735,30.0533603
2022-10-12 13:00:00,28.8,29.731213,29.331907,29.691282400000002
2022-10-12 14:00:00,29.1,28.789627,28.324623,28.7431266
2022-10-12 15:00:00,29.1,28.88102,28.689167,28.8618347
2022-10-12 16:00:00,28.5,28.47034,28.372974,28.4606034
2022-10-12 17:00:00,28.4,27.9733,27.759323,27.9519023
2022-10-12 18:00:00,27.8,27.546358,27.402597,27.5319819
2022-10-12 19:00:00,27.8,27.218493,26.749012,27.1715449
2022-10-12 20:00:00,27.4,27.26415,26.574352,27.1951702
2022-10-12 21:00:00,27.2,27.06949,26.381691,27.0007101
2022-10-12 22:00:00,27.0,26.948038,26.157093,26.8689435
2022-10-12 23:00:00,26.6,26.519321,25.923664,26.4597553
2022-10-13 00:00:00,24.7,26.238424,25.739643,26.188545899999998
2022-10-13 01:00:00,24.5,26.335602,25.193844,26.221426200000003
2022-10-13 02:00:00,24.2,25.742535,25.55962,25.7242435
2022-10-13 03:00:00,24.0,25.129023,24.816189,25.0977396
2022-10-13 04:00:00,23.9,24.890608,24.692045,24.8707517
2022-10-13 05:00:00,24.6,24.832996,24.851046,24.834801000000002
2022-10-13 06:00:00,25.2,25.067694,25.304392,25.0913638
2022-10-13 07:00:00,26.0,26.502836,25.554873,26.4080397
2022-10-13 08:00:00,27.3,27.998827,27.196667,27.918611
2022-10-13 09:00:00,28.4,28.827925,27.93406,28.738538499999997
2022-10-13 10:00:00,29.3,29.49207,28.826157,29.4254787
2022-10-13 11:00:00,27.0,29.876017,29.006157,29.789031
2022-10-13 12:00:00,27.5,29.985971,29.040874,29.8914613
2022-10-13 13:00:00,28.6,29.107094,28.739414,29.070326
2022-10-13 14:00:00,28.2,28.84146,28.11647,28.768961
2022-10-13 15:00:00,27.8,28.7869,28.285864,28.7367964
2022-10-13 16:00:00,27.8,28.22468,27.874977,28.189709699999998
2022-10-13 17:00:00,27.5,28.026043,27.46884,27.9703227
2022-10-13 18:00:00,27.1,27.593826,27.25053,27.5594964
2022-10-13 19:00:00,26.9,27.165533,26.695507,27.118530399999997
2022-10-13 20:00:00,26.8,27.020962,26.586475,26.977513300000002
2022-10-13 21:00:00,26.8,26.940977,26.237406,26.870619899999998
2022-10-13 22:00:00,26.7,26.525002,26.111385,26.4836403
2022-10-13 23:00:00,25.8,26.240623,25.847858,26.2013465
2022-10-14 00:00:00,25.3,25.474277,25.555166,25.4823659
2022-10-14 01:00:00,24.1,25.102306,24.628326,25.054907999999998
2022-10-14 02:00:00,23.9,24.914509,24.19017,24.8420751
2022-10-14 03:00:00,23.9,24.54524,24.470486,24.5377646
2022-10-14 04:00:00,24.0,24.5042,24.122509,24.4660309
2022-10-14 05:00:00,24.8,24.644098,24.543266,24.6340148
2022-10-14 06:00:00,25.1,25.154503,25.762726,25.2153253
2022-10-14 07:00:00,25.9,26.395395,25.804058,26.336261300000004
2022-10-14 08:00:00,27.1,27.550207,26.645899,27.4597762
2022-10-14 09:00:00,28.3,28.302832,27.190166,28.191565399999998
2022-10-14 10:00:00,29.2,29.14343,27.943296,29.023416599999997
2022-10-14 11:00:00,29.7,28.85719,28.1723,28.788701
2022-10-14 12:00:00,29.7,28.16399,27.444613,28.0920523
2022-10-14 13:00:00,29.2,28.17152,27.49801,28.104169
2022-10-14 14:00:00,28.6,28.130243,28.081877,28.1254064
2022-10-14 15:00:00,28.5,28.00331,27.305208,27.9334998
2022-10-14 16:00:00,28.0,27.574081,26.975132,27.5141861
2022-10-14 17:00:00,28.2,27.247475,26.61019,27.1837465
2022-10-14 18:00:00,27.6,26.756746,26.29166,26.710237399999997
2022-10-14 19:00:00,27.5,26.577759,25.637316,26.4837147
2022-10-14 20:00:00,27.4,26.27893,25.391205,26.190157499999998
2022-10-14 21:00:00,27.5,26.187988,25.223736,26.0915628
2022-10-14 22:00:00,26.9,26.32173,25.117474,26.2013044
2022-10-14 23:00:00,26.4,25.914913,24.959932,25.819414899999998
2022-10-15 00:00:00,24.5,25.634476,24.791344,25.5501628
2022-10-15 01:00:00,24.9,25.055664,23.876362,24.9377338
2022-10-15 02:00:00,24.7,24.75022,23.726257,24.6478237
2022-10-15 03:00:00,24.2,24.743118,23.794174,24.6482236
2022-10-15 04:00:00,24.2,24.550549,23.971312,24.4926253
2022-10-15 05:00:00,25.0,24.72916,24.084995,24.6647435
2022-10-15 06:00:00,25.4,25.149767,24.881178,25.122908100000004
2022-10-15 07:00:00,26.3,26.103725,25.19144,26.0124965
2022-10-15 08:00:00,27.3,27.175993,25.94586,27.052979699999998
2022-10-15 09:00:00,28.2,27.755163,27.099272,27.6895739
2022-10-15 10:00:00,29.1,28.780424,27.32375,28.634756600000003
2022-10-15 11:00:00,29.6,28.787027,28.022512,28.7105755
2022-10-15 12:00:00,29.3,28.709196,27.916267,28.629903099999996
2022-10-15 13:00:00,29.3,28.899313,28.096748,28.8190565
2022-10-15 14:00:00,29.1,28.944496,27.993008,28.849347200000004
2022-10-15 15:00:00,29.0,28.13805,27.237368,28.047981800000002
2022-10-15 16:00:00,28.8,27.706774,27.066845,27.642781099999997
2022-10-15 17:00:00,29.2,27.632595,26.713657,27.540701199999997
2022-10-15 18:00:00,28.5,27.353945,26.63562,27.2821125
2022-10-15 19:00:00,28.2,26.978579,26.04189,26.8849101
2022-10-15 20:00:00,28.0,26.899014,25.945927,26.8037053
2022-10-15 21:00:00,27.7,26.977863,25.978859,26.877962599999996
2022-10-15 22:00:00,27.5,26.58159,26.099375,26.5333685
2022-10-15 23:00:00,27.0,26.442968,25.638445,26.3625157
2022-10-16 00:00:00,25.0,25.409264,25.717377,25.4400753
2022-10-16 01:00:00,24.1,25.231934,24.641207,25.172861299999997
2022-10-16 02:00:00,24.4,25.206459,24.534046,25.1392177
2022-10-16 03:00:00,24.0,24.846975,24.453808,24.8076583
2022-10-16 04:00:00,24.0,24.719967,23.981876,24.646157900000002
2022-10-16 05:00:00,24.8,25.024603,24.496178,24.9717605
2022-10-16 06:00:00,25.5,25.500265,25.191034,25.4693419
2022-10-16 07:00:00,26.1,26.33059,25.27389,26.22492
2022-10-16 08:00:00,27.2,27.222147,26.290903,27.1290226
2022-10-16 09:00:00,28.0,28.041565,28.1912,28.0565285
2022-10-16 10:00:00,28.9,28.863182,28.130863,28.7899501
2022-10-16 11:00:00,29.1,29.312761,28.678925,29.2493774
2022-10-16 12:00:00,29.2,29.253145,29.026024,29.2304329
2022-10-16 13:00:00,28.6,29.030565,28.702116,28.997720100000002
2022-10-16 14:00:00,29.3,28.79151,28.65183,28.777541999999997
2022-10-16 15:00:00,29.0,28.605766,28.077488,28.5529382
2022-10-16 16:00:00,28.6,28.194582,27.954866,28.1706104
2022-10-16 17:00:00,28.7,28.356571,27.542488,28.2751627
2022-10-16 18:00:00,27.8,27.913631,27.503136,27.8725815
2022-10-16 19:00:00,27.7,27.755949,26.74941,27.655295100000004
2022-10-16 20:00:00,27.1,27.496843,26.503208,27.3974795
2022-10-16 21:00:00,27.1,27.296417,26.376144,27.204389700000004
2022-10-16 22:00:00,26.4,26.902903,26.069885,26.819601199999997
2022-10-16 23:00:00,27.1,26.428509,25.904587,26.3761168
2022-10-17 00:00:00,25.7,25.619095,25.442223,25.601407800000004
2022-10-17 01:00:00,25.7,25.059975,24.614096,25.0153871
2022-10-17 02:00:00,25.3,24.893873,24.69859,24.874344699999998
2022-10-17 03:00:00,24.9,24.68364,24.930841,24.7083601
2022-10-17 04:00:00,24.7,24.622797,24.69271,24.629788299999998
2022-10-17 05:00:00,24.7,24.537973,24.702606,24.554436300000003
2022-10-17 06:00:00,25.6,24.954212,24.60228,24.9190188
2022-10-17 07:00:00,26.7,26.139341,24.95884,26.021290900000004
2022-10-17 08:00:00,28.2,26.976595,27.024681,26.9814036
2022-10-17 09:00:00,29.6,27.74445,27.08414,27.678418999999998
2022-10-17 10:00:00,30.4,28.675121,27.681667,28.5757756
2022-10-17 11:00:00,30.7,28.951023,28.69178,28.9250987
2022-10-17 12:00:00,30.8,28.970322,28.566578,28.929947600000002
2022-10-17 13:00:00,29.3,28.499142,28.469662,28.496194
2022-10-17 14:00:00,29.0,28.912445,27.883646,28.8095651
2022-10-17 15:00:00,28.9,28.70562,28.441257,28.6791837
2022-10-17 16:00:00,28.8,28.314726,27.882328,28.271486200000002
2022-10-17 17:00:00,28.7,28.386608,27.560047,28.303951899999998
2022-10-17 18:00:00,27.8,27.75998,27.413507,27.7253327
2022-10-17 19:00:00,27.2,27.283264,26.692154,27.224152999999998
2022-10-17 20:00:00,26.8,27.107666,26.664173,27.063316699999998
2022-10-17 21:00:00,26.7,27.054173,26.150246,26.963780299999996
2022-10-17 22:00:00,24.1,26.697655,26.210499,26.6489394
2022-10-17 23:00:00,24.0,26.625467,25.832764,26.5461967
2022-10-18 00:00:00,23.8,26.111052,25.946081,26.0945549
2022-10-18 01:00:00,23.8,25.872904,24.333466,25.718960199999998
2022-10-18 02:00:00,23.4,25.592957,24.330061,25.4666674
2022-10-18 03:00:00,23.6,25.256247,24.34321,25.1649433
2022-10-18 04:00:00,23.8,25.020384,24.388197,24.9571653
2022-10-18 05:00:00,24.3,24.935944,24.691082,24.9114578
2022-10-18 06:00:00,25.0,25.43136,24.841717,25.3723957
2022-10-18 07:00:00,26.0,26.521826,25.652985,26.434941900000002
2022-10-18 08:00:00,27.4,27.868042,26.584505,27.7396883
2022-10-18 09:00:00,28.9,29.015411,27.64883,28.878752900000002
2022-10-18 10:00:00,29.8,29.48031,28.365095,29.368788499999997
2022-10-18 11:00:00,30.4,29.94866,28.756193,29.829413300000002
2022-10-18 12:00:00,30.6,29.834082,28.86383,29.737056799999998
2022-10-18 13:00:00,30.0,29.26829,28.734192,29.214880200000003
2022-10-18 14:00:00,29.4,28.737541,27.86729,28.650515900000002
2022-10-18 15:00:00,28.8,28.447535,27.65076,28.3678575
2022-10-18 16:00:00,28.3,28.263624,27.424292,28.1796908
2022-10-18 17:00:00,28.7,28.233562,27.268314,28.137037199999998
2022-10-18 18:00:00,27.9,27.607323,27.058357,27.552426399999998
2022-10-18 19:00:00,27.6,27.062902,26.130678,26.969679600000003
2022-10-18 20:00:00,27.6,26.636768,25.917027,26.564793899999998
2022-10-18 21:00:00,27.6,26.85229,25.711515,26.7382125
2022-10-18 22:00:00,27.3,25.634672,26.02104,25.6733088
2022-10-18 23:00:00,25.8,25.46386,24.682968,25.385770800000003
2022-10-19 00:00:00,25.4,24.902802,25.232971,24.9358189
2022-10-19 01:00:00,25.2,24.774475,24.044016,24.7014291
2022-10-19 02:00:00,24.8,24.254955,23.958477,24.225307199999996
2022-10-19 03:00:00,24.3,24.142624,23.763025,24.1046641
2022-10-19 04:00:00,23.9,24.267048,24.066822,24.2470254
2022-10-19 05:00:00,25.3,24.602766,24.118568,24.554346199999998
2022-10-19 06:00:00,24.8,25.15142,24.74588,25.110866
2022-10-19 07:00:00,25.2,26.376684,25.4873,26.2877456
2022-10-19 08:00:00,26.4,27.803265,26.106472,27.633585699999998
2022-10-19 09:00:00,27.7,28.526344,27.315187,28.4052283
2022-10-19 10:00:00,28.8,29.512552,27.868141,29.348110900000002
2022-10-19 11:00:00,29.7,29.809597,28.250587,29.653696
2022-10-19 12:00:00,30.2,30.02305,28.686234,29.889368400000002
2022-10-19 13:00:00,29.4,29.644787,28.651613,29.5454696
2022-10-19 14:00:00,28.8,29.240955,28.098755,29.126735
2022-10-19 15:00:00,28.1,28.899858,27.848034,28.794675599999998
2022-10-19 16:00:00,28.3,28.27789,27.108147,28.1609157
2022-10-19 17:00:00,28.8,28.252098,26.87679,28.1145672
2022-10-19 18:00:00,28.4,27.775867,26.755741,27.6738544
2022-10-19 19:00:00,28.2,27.485106,25.98064,27.3346594
2022-10-19 20:00:00,28.0,27.340439,25.66091,27.1724861
2022-10-19 21:00:00,27.8,27.25157,25.574305,27.0838435
2022-10-19 22:00:00,27.4,26.956158,25.453854,26.8059276
2022-10-19 23:00:00,27.1,26.148283,25.230011,26.0564558
2022-10-20 00:00:00,26.3,25.53431,24.735018,25.454380800000003
2022-10-20 01:00:00,25.0,25.27895,23.935144,25.144569399999998
2022-10-20 02:00:00,24.2,24.88641,24.058638,24.8036328
2022-10-20 03:00:00,23.6,24.925152,23.8863,24.8212668
2022-10-20 04:00:00,24.0,24.641521,24.087223,24.586091200000002
2022-10-20 05:00:00,24.8,25.05739,24.359035,24.9875545
2022-10-20 06:00:00,24.3,25.085815,25.878624,25.1650959
2022-10-20 07:00:00,25.2,25.751818,25.214914,25.6981276
2022-10-20 08:00:00,26.6,25.924444,26.105907,25.942590300000003
2022-10-20 09:00:00,28.1,27.156025,26.36044,27.0764665
2022-10-20 10:00:00,25.4,28.553438,27.41817,28.439911199999997
2022-10-20 11:00:00,27.6,29.004028,28.052458,28.908871
2022-10-20 12:00:00,29.2,29.5953,28.466822,29.4824522
2022-10-20 13:00:00,29.4,29.24973,28.829437,29.2077007
2022-10-20 14:00:00,28.2,28.373018,28.068659,28.342582099999998
2022-10-20 15:00:00,28.1,27.91461,27.92733,27.915882
2022-10-20 16:00:00,28.1,27.555279,27.022697,27.502020799999997
2022-10-20 17:00:00,28.9,28.019135,27.009773,27.9181988
2022-10-20 18:00:00,28.3,27.469013,27.0898,27.4310917
2022-10-20 19:00:00,27.9,27.385519,26.396704,27.286637499999998
2022-10-20 20:00:00,27.6,27.24348,26.144867,27.133618700000003
2022-10-20 21:00:00,27.4,27.010164,25.91499,26.900646599999998
2022-10-20 22:00:00,27.3,26.633335,25.75793,26.5457945
2022-10-20 23:00:00,27.0,26.386065,25.475319,26.2949904
2022-10-21 00:00:00,25.6,25.785799,25.110065,25.7182256
2022-10-21 01:00:00,23.8,25.093225,24.310095,25.014912
2022-10-21 02:00:00,22.9,24.615587,24.69575,24.6236033
2022-10-21 03:00:00,23.1,24.236542,24.260082,24.238896
2022-10-21 04:00:00,23.7,24.287434,23.963923,24.2550829
2022-10-21 05:00:00,24.4,24.69493,23.964802,24.6219172
2022-10-21 06:00:00,24.7,24.919184,24.846954,24.911961
2022-10-21 07:00:00,26.1,25.386053,24.97586,25.3450337
2022-10-21 08:00:00,27.3,26.140682,25.897879,26.116401700000004
2022-10-21 09:00:00,28.9,27.78746,26.362183,27.6449323
2022-10-21 10:00:00,29.9,28.783419,27.683128,28.6733899
2022-10-21 11:00:00,28.0,28.521402,26.773869,28.346648699999996
2022-10-21 12:00:00,27.8,29.070967,27.959652,28.959835499999997
2022-10-21 13:00:00,28.5,28.72211,28.483513,28.698250299999998
2022-10-21 14:00:00,27.3,28.318106,28.110744,28.2973698
2022-10-21 15:00:00,26.7,27.593637,27.399208,27.574194100000003
2022-10-21 16:00:00,26.3,27.466639,27.183704,27.4383455
2022-10-21 17:00:00,26.9,28.323473,27.002068,28.1913325
2022-10-21 18:00:00,26.6,27.615961,27.329315,27.5872964
2022-10-21 19:00:00,26.5,27.186028,26.52042,27.1194672
2022-10-21 20:00:00,26.2,26.929377,26.075508,26.8439901
2022-10-21 21:00:00,26.4,26.638998,25.656273,26.5407255
2022-10-21 22:00:00,26.2,26.579903,25.474377,26.469350400000003
2022-10-21 23:00:00,25.8,26.524603,25.303082,26.4024509
2022-10-22 00:00:00,25.7,25.669971,25.28215,25.6311889
2022-10-22 01:00:00,25.5,25.18088,24.139088,25.076700799999998
2022-10-22 02:00:00,25.1,24.515047,23.649834,24.428525699999998
2022-10-22 03:00:00,24.7,24.140398,24.621542,24.1885124
2022-10-22 04:00:00,24.6,24.278069,23.808453,24.2311074
2022-10-22 05:00:00,25.3,24.597897,24.223492,24.5604565
2022-10-22 06:00:00,25.5,24.704239,24.768448,24.7106599
2022-10-22 07:00:00,26.3,25.926144,25.091873,25.842716900000003
2022-10-22 08:00:00,27.6,26.589973,26.13044,26.5440197
2022-10-22 09:00:00,29.0,27.592134,27.250145,27.5579351
2022-10-22 10:00:00,30.0,27.847408,27.926868,27.855354000000002
2022-10-22 11:00:00,30.8,27.253847,28.12304,27.3407663
2022-10-22 12:00:00,31.3,26.663969,27.594875,26.7570596
2022-10-22 13:00:00,31.5,27.35114,27.94007,27.410033000000002
2022-10-22 14:00:00,31.3,27.081625,27.940327,27.167495199999998
2022-10-22 15:00:00,30.6,26.658697,26.9776,26.6905873
2022-10-22 16:00:00,29.0,26.346794,26.585493,26.3706639
2022-10-22 17:00:00,28.0,26.48987,26.227053,26.4635883
2022-10-22 18:00:00,27.0,26.28583,26.443323,26.3015793
2022-10-22 19:00:00,26.3,26.235651,25.706457,26.1827316
2022-10-22 20:00:00,26.0,26.150753,25.51018,26.0866957
2022-10-22 21:00:00,25.0,26.015438,25.202805,25.9341747
2022-10-22 22:00:00,24.7,25.855202,25.175648,25.7872466
2022-10-22 23:00:00,24.2,25.970173,24.885508,25.861706499999997
2022-10-23 00:00:00,24.0,25.475773,24.693075,25.3975032
2022-10-23 01:00:00,23.6,25.46313,24.199383,25.3367553
2022-10-23 02:00:00,22.8,25.088188,23.986744,24.9780436
2022-10-23 03:00:00,22.1,24.84833,23.912642,24.7547612
2022-10-23 04:00:00,21.7,24.43313,24.18992,24.408808999999998
2022-10-23 05:00:00,21.8,24.558823,24.438892,24.5468299
2022-10-23 06:00:00,22.1,25.159714,25.25474,25.169216600000002
2022-10-23 07:00:00,23.5,25.815134,25.514645,25.785085100000003
2022-10-23 08:00:00,25.8,27.13439,26.55207,27.076158
2022-10-23 09:00:00,28.2,28.585781,27.69772,28.4969749
2022-10-23 10:00:00,30.0,29.545837,28.881912,29.479444499999996
2022-10-23 11:00:00,30.9,30.031384,29.56377,29.984622599999998
2022-10-23 12:00:00,31.3,30.065552,29.813917,30.0403885
2022-10-23 13:00:00,31.5,31.207882,30.00641,31.0877348
2022-10-23 14:00:00,31.5,30.252056,29.759176,30.202768
2022-10-23 15:00:00,31.2,29.786457,28.696066,29.677417900000002
2022-10-23 16:00:00,30.5,28.542679,27.952465,28.4836576
2022-10-23 17:00:00,30.3,27.594738,27.175188,27.552783
2022-10-23 18:00:00,27.3,26.977293,26.793427,26.9589064
2022-10-23 19:00:00,27.0,26.298725,26.10115,26.2789675
2022-10-23 20:00:00,25.4,25.693653,25.898153,25.714103
2022-10-23 21:00:00,24.2,25.536741,25.478771,25.530943999999998
2022-10-23 22:00:00,23.3,25.661264,25.074337,25.6025713
2022-10-23 23:00:00,22.9,25.106472,25.21852,25.117676799999998
2022-10-24 00:00:00,21.9,24.510979,24.797758,24.539656899999997
2022-10-24 01:00:00,21.1,24.421373,24.160103,24.395246
2022-10-24 02:00:00,20.7,23.860622,24.260597,23.9006195
2022-10-24 03:00:00,20.5,23.13026,24.11827,23.229060999999998
2022-10-24 04:00:00,20.4,23.191288,24.248652,23.2970244
2022-10-24 05:00:00,21.9,23.784595,24.498703,23.856005800000002
2022-10-24 06:00:00,21.9,24.05886,25.020058,24.1549798
2022-10-24 07:00:00,23.2,24.466166,25.839607,24.6035101
2022-10-24 08:00:00,25.5,26.826494,26.91713,26.8355576
2022-10-24 09:00:00,27.8,28.741539,28.250473,28.692432399999998
2022-10-24 10:00:00,29.6,29.90777,29.58966,29.875959
2022-10-24 11:00:00,30.7,30.763529,30.425373,30.729713399999998
2022-10-24 12:00:00,31.3,31.321945,30.958946,31.285645099999996
2022-10-24 13:00:00,31.5,31.359829,30.93557,31.317403100000003
2022-10-24 14:00:00,31.4,31.380474,30.932106,31.3356372
2022-10-24 15:00:00,30.8,30.760393,30.101486,30.694502300000003
2022-10-24 16:00:00,29.1,29.815607,29.417627,29.775809
2022-10-24 17:00:00,27.6,28.949146,29.038393,28.958070699999997
2022-10-24 18:00:00,26.9,27.737267,28.794947,27.843034999999997
2022-10-24 19:00:00,26.6,27.26886,26.800951,27.2220691
2022-10-24 20:00:00,26.1,26.323195,26.896227,26.380498199999998
2022-10-24 21:00:00,25.9,25.438026,25.85127,25.4793504
2022-10-24 22:00:00,25.6,24.358335,25.370789,24.4595804
2022-10-24 23:00:00,24.8,23.667849,24.797417,23.7808058
2022-10-25 00:00:00,23.6,23.705376,24.432833,23.7781217
2022-10-25 01:00:00,23.3,24.397074,23.72976,24.3303426
2022-10-25 02:00:00,22.4,23.851421,23.735767,23.8398556
2022-10-25 03:00:00,21.9,23.08021,23.973433,23.1695323
2022-10-25 04:00:00,21.8,22.620655,24.05187,22.7637765
2022-10-25 05:00:00,22.1,23.179522,24.374748,23.2990446
2022-10-25 06:00:00,22.7,23.18171,25.329433,23.3964823
2022-10-25 07:00:00,24.8,23.650623,25.405926,23.8261533
2022-10-25 08:00:00,27.2,26.11205,26.538061,26.154651100000002
2022-10-25 09:00:00,28.7,28.19562,28.119804,28.1880384
2022-10-25 10:00:00,29.7,29.88078,29.502743,29.842976300000004
2022-10-25 11:00:00,30.3,30.863583,30.478746,30.825099299999998
2022-10-25 12:00:00,30.3,31.086428,30.875599,31.065345100000002
2022-10-25 13:00:00,30.3,31.213808,30.419044,31.1343316
2022-10-25 14:00:00,30.3,30.924322,29.721745,30.804064299999997
2022-10-25 15:00:00,30.2,30.246132,29.42873,30.164391799999997
2022-10-25 16:00:00,29.1,29.312498,28.765312,29.2577794
2022-10-25 17:00:00,26.8,28.726652,27.721485,28.6261353
2022-10-25 18:00:00,24.9,27.085964,27.04478,27.081845599999998
2022-10-25 19:00:00,25.6,26.740505,26.365877,26.7030422
2022-10-25 20:00:00,26.3,26.029964,25.985678,26.025535400000003
2022-10-25 21:00:00,26.2,25.950764,25.511349,25.906822499999997
2022-10-25 22:00:00,25.2,25.593315,25.043,25.538283500000002
2022-10-25 23:00:00,24.9,25.24447,24.857388,25.2057618
2022-10-26 00:00:00,24.5,24.695597,24.37457,24.6634943
2022-10-26 01:00:00,24.4,23.669453,23.426483,23.645156
2022-10-26 02:00:00,24.7,23.56782,23.593254,23.5703634
2022-10-26 03:00:00,23.9,23.599215,23.431202,23.582413700000004
2022-10-26 04:00:00,23.4,23.635239,23.54467,23.626182099999998
2022-10-26 05:00:00,23.1,23.819422,24.104416,23.847921399999997
2022-10-26 06:00:00,23.9,23.798182,24.367004,23.8550642
2022-10-26 07:00:00,25.3,24.751371,25.049025,24.7811364
2022-10-26 08:00:00,26.0,27.15338,26.494476,27.087489599999998
2022-10-26 09:00:00,26.4,28.506104,27.980083,28.4535019
2022-10-26 10:00:00,27.6,29.429472,28.798847,29.3664095
2022-10-26 11:00:00,28.5,29.999529,29.447372,29.944313299999997
2022-10-26 12:00:00,28.9,30.350594,29.617874,30.277322
2022-10-26 13:00:00,29.8,30.242659,29.43737,30.1621301
2022-10-26 14:00:00,29.2,30.250278,29.397858,30.165036
2022-10-26 15:00:00,28.9,29.823057,29.13376,29.7541273
2022-10-26 16:00:00,28.6,28.752571,28.682442,28.7455581
2022-10-26 17:00:00,27.3,27.530994,27.623056,27.540200199999997
2022-10-26 18:00:00,26.9,25.74791,26.530962,25.8262152
2022-10-26 19:00:00,27.3,25.586449,25.604298,25.5882339
2022-10-26 20:00:00,27.2,25.8643,25.761532,25.8540232
2022-10-26 21:00:00,26.9,25.975922,25.629387,25.9412685
2022-10-26 22:00:00,26.5,24.945759,25.321386,24.983321699999998
2022-10-26 23:00:00,24.5,24.663183,24.665392,24.6634039
2022-10-27 00:00:00,23.3,24.3181,24.806713,24.3669613
2022-10-27 01:00:00,23.4,24.080458,24.0714,24.0795522
2022-10-27 02:00:00,23.9,24.357523,24.165998,24.3383705
2022-10-27 03:00:00,23.1,23.95479,24.338099,23.9931209
2022-10-27 04:00:00,23.1,23.618519,24.076366,23.6643037
2022-10-27 05:00:00,23.8,23.901062,24.272816,23.938237400000002
2022-10-27 06:00:00,24.4,24.164196,24.379118,24.185688199999998
2022-10-27 07:00:00,25.3,25.43446,25.263369,25.417350900000002
2022-10-27 08:00:00,26.6,26.475998,26.32968,26.4613662
2022-10-27 09:00:00,27.3,27.58182,26.897865,27.513424500000003
2022-10-27 10:00:00,28.5,28.409103,27.352644,28.3034571
2022-10-27 11:00:00,27.7,28.963203,28.58448,28.9253307
2022-10-27 12:00:00,27.7,29.527567,28.4598,29.420790300000004
2022-10-27 13:00:00,27.7,29.589266,28.358418,29.4661812
2022-10-27 14:00:00,28.3,29.024225,28.775074,28.9993099
2022-10-27 15:00:00,28.0,28.826706,28.12972,28.7570074
2022-10-27 16:00:00,27.8,28.201904,27.818577,28.1635713
2022-10-27 17:00:00,27.3,27.320007,27.244225,27.3124288
2022-10-27 18:00:00,26.8,26.445978,26.304876,26.4318678
2022-10-27 19:00:00,26.9,26.322289,25.71839,26.2618991
2022-10-27 20:00:00,27.1,26.52718,25.88892,26.463354000000002
2022-10-27 21:00:00,27.0,26.302317,25.59898,26.2319833
2022-10-27 22:00:00,27.0,26.086634,25.228088,26.0007794
2022-10-27 23:00:00,26.2,25.363491,25.040697,25.3312116
2022-10-28 00:00:00,26.0,24.64665,24.307331,24.612718100000002
2022-10-28 01:00:00,25.8,24.167654,23.372799,24.0881685
2022-10-28 02:00:00,25.5,24.28192,23.675842,24.2213122
2022-10-28 03:00:00,25.5,24.122728,23.82785,24.093240199999997
2022-10-28 04:00:00,25.5,24.02601,23.617956,23.9852046
2022-10-28 05:00:00,25.9,24.137045,23.87403,24.1107435
2022-10-28 06:00:00,26.6,24.62567,24.37713,24.600816
2022-10-28 07:00:00,27.4,25.77522,25.105738,25.708271800000002
2022-10-28 08:00:00,28.9,26.7555,25.884472,26.6683972
2022-10-28 09:00:00,29.1,27.002962,26.735083,26.976174099999998
2022-10-28 10:00:00,29.9,27.930433,26.98859,27.8362487
2022-10-28 11:00:00,30.2,27.363956,28.120926,27.439653000000003
2022-10-28 12:00:00,30.3,27.330318,27.516317,27.3489179
2022-10-28 13:00:00,30.0,27.883644,27.899914,27.885271
2022-10-28 14:00:00,29.9,27.594646,27.704033,27.605584699999998
2022-10-28 15:00:00,29.6,27.489223,27.688656,27.509166299999997
2022-10-28 16:00:00,28.9,27.190987,27.118034,27.1836917
2022-10-28 17:00:00,28.0,26.846096,26.86939,26.8484254
2022-10-28 18:00:00,27.7,26.529322,26.377552,26.514145000000003
2022-10-28 19:00:00,27.6,26.476984,25.89785,26.4190706
2022-10-28 20:00:00,27.6,26.547289,25.803308,26.4728909
2022-10-28 21:00:00,27.6,26.456898,25.693253,26.3805335
2022-10-28 22:00:00,27.5,26.28407,25.470715,26.2027345
2022-10-28 23:00:00,27.4,25.890333,25.37833,25.839132699999997
2022-10-29 00:00:00,27.2,25.82933,24.741436,25.7205406
2022-10-29 01:00:00,27.0,25.685059,24.052298,25.5217829
2022-10-29 02:00:00,26.8,25.361435,24.110039,25.236295400000003
2022-10-29 03:00:00,26.5,25.05181,24.143764,24.961005399999998
2022-10-29 04:00:00,26.0,24.670486,24.200994,24.623536800000004
2022-10-29 05:00:00,26.5,25.028513,24.45303,24.9709647
2022-10-29 06:00:00,26.5,25.474138,25.021078,25.428832
2022-10-29 07:00:00,27.6,26.598223,25.733402,26.511740900000003
2022-10-29 08:00:00,28.9,27.456497,26.43156,27.354003300000002
2022-10-29 09:00:00,29.8,27.819006,27.880054,27.8251108
2022-10-29 10:00:00,30.1,27.979486,27.930775,27.974614900000002
2022-10-29 11:00:00,30.3,28.863077,28.86809,28.8635783
2022-10-29 12:00:00,30.1,28.650017,28.788977,28.663912999999997
2022-10-29 13:00:00,29.9,28.157717,28.901043,28.232049600000003
2022-10-29 14:00:00,29.5,28.183468,28.572908,28.222412
2022-10-29 15:00:00,29.2,27.848606,28.440052,27.9077506
2022-10-29 16:00:00,28.6,27.487513,27.966097,27.535371400000002
2022-10-29 17:00:00,27.9,27.065102,27.313633,27.089955099999997
2022-10-29 18:00:00,27.8,26.803026,26.819613,26.804684699999996
2022-10-29 19:00:00,27.7,26.655226,26.510365,26.6407399
2022-10-29 20:00:00,27.5,26.544992,26.201115,26.5106043
2022-10-29 21:00:00,27.6,26.287853,26.090612,26.268128899999997
2022-10-29 22:00:00,27.1,26.180061,25.930483,26.1551032
2022-10-29 23:00:00,26.4,26.017818,25.6624,25.9822762
2022-10-30 00:00:00,26.0,26.260365,25.519966,26.1863251
2022-10-30 01:00:00,26.1,26.13171,25.034176,26.0219566
2022-10-30 02:00:00,26.2,25.946035,24.975,25.8489315
2022-10-30 03:00:00,26.1,25.519838,24.964237,25.4642779
2022-10-30 04:00:00,26.1,25.310474,24.906185,25.2700451
2022-10-30 05:00:00,24.8,25.526983,24.91439,25.4657237
2022-10-30 06:00:00,25.0,25.540007,25.588207,25.544826999999998
2022-10-30 07:00:00,25.3,26.96273,25.765759,26.8430329
2022-10-30 08:00:00,24.9,28.084227,26.764936,27.9522979
2022-10-30 09:00:00,25.0,28.356573,27.825523,28.303468
2022-10-30 10:00:00,25.1,28.951496,28.485634,28.9049098
2022-10-30 11:00:00,25.8,29.167929,29.037762,29.1549123
2022-10-30 12:00:00,24.9,29.142977,29.082462,29.1369255
2022-10-30 13:00:00,24.9,28.67291,28.95232,28.700851000000004
2022-10-30 14:00:00,25.0,28.235111,28.69186,28.280785899999998
2022-10-30 15:00:00,24.9,27.93982,28.380783,27.9839163
2022-10-30 16:00:00,24.8,27.088224,27.903381,27.1697397
2022-10-30 17:00:00,24.7,26.475939,27.338667,26.5622118
2022-10-30 18:00:00,24.4,26.368254,26.704708,26.4018994
2022-10-30 19:00:00,24.0,26.47234,26.58825,26.483931
2022-10-30 20:00:00,24.3,26.224184,26.206158,26.2223814
2022-10-30 21:00:00,24.4,26.386356,26.05618,26.3533384
2022-10-30 22:00:00,24.3,26.2658,25.932156,26.2324356
2022-10-30 23:00:00,24.2,25.807152,25.575409,25.783977699999998
2022-10-31 00:00:00,24.2,25.742664,25.182564,25.686654
2022-10-31 01:00:00,24.0,25.663301,24.576187,25.5545896
2022-10-31 02:00:00,23.8,25.351772,24.576584,25.2742532
2022-10-31 03:00:00,23.9,25.242458,24.660408,25.184253
2022-10-31 04:00:00,23.9,25.322191,24.665096,25.2564815
2022-10-31 05:00:00,23.9,24.996271,24.895857,24.9862296
2022-10-31 06:00:00,24.3,24.501726,24.630661,24.514619500000002
2022-10-31 07:00:00,24.7,25.808207,25.280617,25.755447999999998
2022-10-31 08:00:00,25.2,26.553452,26.058966,26.504003400000002
2022-10-31 09:00:00,24.9,27.533695,26.1228,27.392605500000002
2022-10-31 10:00:00,24.8,27.630724,26.488289,27.5164805
2022-10-31 11:00:00,24.7,27.322187,26.7945,27.269418299999998
2022-10-31 12:00:00,25.4,27.041288,27.268759,27.0640351
2022-10-31 13:00:00,24.7,27.482224,26.670326,27.401034199999998
2022-10-31 14:00:00,25.4,27.258041,26.754246,27.2076615
2022-10-31 15:00:00,25.5,26.491173,26.481894,26.4902451
2022-10-31 16:00:00,25.7,25.871143,26.054235,25.8894522
2022-10-31 17:00:00,24.4,25.740183,25.892422,25.755406899999997
2022-10-31 18:00:00,23.9,24.99918,25.386112,25.037873199999996
2022-10-31 19:00:00,23.7,24.842876,25.003883,24.8589767
2022-10-31 20:00:00,23.9,24.81202,24.7199,24.802808
2022-10-31 21:00:00,24.1,24.986498,24.676178,24.955466
2022-10-31 22:00:00,23.5,25.028728,24.401104,24.9659656
2022-10-31 23:00:00,23.3,25.004822,24.146824,24.9190222
2022-11-01 00:00:00,23.2,24.8631,24.111773,24.7879673
2022-11-01 01:00:00,23.3,24.330889,23.486206,24.2464207
2022-11-01 02:00:00,23.2,24.615734,23.431969,24.4973575
2022-11-01 03:00:00,23.3,24.277391,23.623316,24.211983500000002
2022-11-01 04:00:00,23.6,24.204136,23.549755,24.138697899999997
2022-11-01 05:00:00,23.0,24.282946,23.760014,24.230652799999998
2022-11-01 06:00:00,23.4,24.390205,23.853746,24.336559100000002
2022-11-01 07:00:00,23.7,25.067589,24.64302,25.0251321
2022-11-01 08:00:00,24.7,26.239506,25.456657,26.1612211
2022-11-01 09:00:00,24.8,26.847763,26.03437,26.7664237
2022-11-01 10:00:00,25.3,26.924644,26.080671,26.8402467
2022-11-01 11:00:00,24.6,27.435356,26.54438,27.3462584
2022-11-01 12:00:00,24.6,27.049192,26.517078,26.995980600000003
2022-11-01 13:00:00,24.7,27.163277,26.63614,27.1105633
2022-11-01 14:00:00,24.2,26.773642,26.11979,26.708256799999997
2022-11-01 15:00:00,24.9,26.39465,26.374886,26.392673600000002
2022-11-01 16:00:00,24.8,25.913034,25.689224,25.890652999999997
2022-11-01 17:00:00,24.5,25.796625,25.618397,25.7788022
2022-11-01 18:00:00,24.1,24.53041,24.854858,24.5628548
2022-11-01 19:00:00,23.6,24.310528,24.786268,24.358102000000002
2022-11-01 20:00:00,24.0,24.216627,24.328167,24.227781
2022-11-01 21:00:00,24.0,24.619719,24.29662,24.587409100000002
2022-11-01 22:00:00,24.1,24.343788,24.23534,24.3329432
2022-11-01 23:00:00,23.9,24.103727,23.728909,24.066245199999997
2022-11-02 00:00:00,22.9,23.957989,23.866257,23.948815800000002
2022-11-02 01:00:00,22.9,23.82883,23.211136,23.7670606
2022-11-02 02:00:00,22.9,23.769865,23.184124,23.711290899999998
2022-11-02 03:00:00,22.8,23.550783,23.039742,23.4996789
2022-11-02 04:00:00,22.6,23.740685,23.465366,23.7131531
2022-11-02 05:00:00,23.4,23.958187,23.59318,23.921686299999998
2022-11-02 06:00:00,23.9,23.725672,23.77464,23.7305688
2022-11-02 07:00:00,24.8,24.39652,24.457855,24.4026535
2022-11-02 08:00:00,25.8,25.472021,24.93326,25.4181449
2022-11-02 09:00:00,26.8,26.337376,25.350403,26.238678699999998
2022-11-02 10:00:00,26.9,26.52322,25.785809,26.4494789
2022-11-02 11:00:00,26.6,27.000809,26.107279,26.911456
2022-11-02 12:00:00,25.4,26.587591,26.119144,26.5407463
2022-11-02 13:00:00,26.1,26.812078,25.986317,26.7295019
2022-11-02 14:00:00,25.8,26.099382,25.928581,26.0823019
2022-11-02 15:00:00,26.0,25.967344,25.520596,25.9226692
2022-11-02 16:00:00,26.4,25.479542,25.684414,25.5000292
2022-11-02 17:00:00,25.9,25.0717,25.160679,25.0805979
2022-11-02 18:00:00,25.5,24.858229,24.857815,24.8581876
2022-11-02 19:00:00,24.9,24.478294,24.444443,24.474908900000003
2022-11-02 20:00:00,24.3,24.516659,24.073318,24.472324900000004
2022-11-02 21:00:00,24.3,24.66934,24.030903,24.6054963
2022-11-02 22:00:00,24.2,24.329847,23.828579,24.2797202
2022-11-02 23:00:00,23.8,24.391043,23.81865,24.333803699999997
2022-11-03 00:00:00,23.5,24.128418,23.67421,24.0829972
2022-11-03 01:00:00,23.3,24.149105,22.895267,24.0237212
2022-11-03 02:00:00,23.3,24.201973,23.063122,24.0880879
2022-11-03 03:00:00,23.3,24.004303,23.088127,23.9126854
2022-11-03 04:00:00,23.3,23.822172,23.199728,23.759927599999997
2022-11-03 05:00:00,24.0,23.659477,23.427916,23.636320899999998
2022-11-03 06:00:00,24.1,24.128004,23.83268,24.098471600000003
2022-11-03 07:00:00,24.8,25.386217,24.367432,25.284338499999997
2022-11-03 08:00:00,25.9,25.969893,25.03045,25.8759487
2022-11-03 09:00:00,27.3,26.523607,26.111767,26.482422999999997
2022-11-03 10:00:00,28.0,26.659218,26.384731,26.6317693
2022-11-03 11:00:00,26.9,26.661453,26.576595,26.6529672
2022-11-03 12:00:00,27.8,26.438786,26.744919,26.4693993
2022-11-03 13:00:00,28.1,26.362251,25.992924,26.3253183
2022-11-03 14:00:00,28.0,26.191605,26.601591,26.232603599999997
2022-11-03 15:00:00,27.4,26.195532,25.939882,26.169967
2022-11-03 16:00:00,27.3,25.97313,25.989754,25.974792400000002
2022-11-03 17:00:00,27.7,25.919882,25.863531,25.914246900000002
2022-11-03 18:00:00,27.6,25.44198,25.25313,25.423095000000004
2022-11-03 19:00:00,27.6,25.07609,24.92854,25.061335
2022-11-03 20:00:00,27.6,24.903,24.618515,24.8745515
2022-11-03 21:00:00,27.6,24.820179,24.32846,24.7710071
2022-11-03 22:00:00,27.4,24.688246,24.06504,24.6259254
2022-11-03 23:00:00,27.1,24.46944,23.977089,24.4202049
2022-11-04 00:00:00,26.8,24.280258,23.849392,24.2371714
2022-11-04 01:00:00,26.7,23.93694,23.274996,23.8707456
2022-11-04 02:00:00,26.3,23.92664,23.353855,23.869361499999997
2022-11-04 03:00:00,25.9,23.595692,22.974237,23.5335465
2022-11-04 04:00:00,25.0,23.944094,23.346298,23.884314399999997
2022-11-04 05:00:00,24.7,24.09478,23.607063,24.0460083
2022-11-04 06:00:00,24.3,24.572865,24.234596,24.5390381
2022-11-04 07:00:00,25.2,24.989622,24.421528,24.9328126
2022-11-04 08:00:00,26.8,26.257162,25.27108,26.1585538
2022-11-04 09:00:00,27.8,26.964535,25.824997,26.8505812
2022-11-04 10:00:00,29.2,27.651522,26.950172,27.581387
2022-11-04 11:00:00,27.9,27.569914,27.283298,27.541252399999998
2022-11-04 12:00:00,28.4,27.442114,26.999725,27.3978751
2022-11-04 13:00:00,28.9,27.69788,27.16652,27.644744000000003
2022-11-04 14:00:00,28.5,27.582817,27.400528,27.5645881
2022-11-04 15:00:00,28.8,27.291023,27.015125,27.263433199999998
2022-11-04 16:00:00,28.4,27.106667,26.644114,27.0604117
2022-11-04 17:00:00,27.7,27.084206,26.461807,27.021966099999997
2022-11-04 18:00:00,27.2,26.796236,26.426939,26.7593063
2022-11-04 19:00:00,27.1,26.678286,26.11281,26.621738399999998
2022-11-04 20:00:00,26.7,26.716026,25.806248,26.6250482
2022-11-04 21:00:00,26.4,26.649096,25.698158,26.554002200000003
2022-11-04 22:00:00,25.8,26.610744,25.62146,26.5118156
2022-11-04 23:00:00,25.9,26.35036,25.40783,26.256107
2022-11-05 00:00:00,25.6,26.061487,25.165344,25.9718727
2022-11-05 01:00:00,25.3,26.068373,24.704182,25.931953900000003
2022-11-05 02:00:00,25.1,25.71885,24.589743,25.605939300000003
2022-11-05 03:00:00,25.0,25.560614,24.570791,25.461631699999998
2022-11-05 04:00:00,24.8,25.283531,24.79396,25.2345739
2022-11-05 05:00:00,25.7,24.725906,24.572235,24.710538899999996
2022-11-05 06:00:00,26.2,24.67737,24.55339,24.664972
2022-11-05 07:00:00,27.4,25.7827,24.739738,25.678403799999998
2022-11-05 08:00:00,28.4,26.746155,26.096071,26.6811466
2022-11-05 09:00:00,29.0,27.498611,27.039839,27.4527338
2022-11-05 10:00:00,29.4,28.437096,27.0554,28.2989264
2022-11-05 11:00:00,29.6,28.06058,28.504911,28.1050131
2022-11-05 12:00:00,29.6,27.980024,27.525612,27.9345828
2022-11-05 13:00:00,29.5,28.36125,28.536345,28.378759499999997
2022-11-05 14:00:00,29.1,28.0234,28.270649,28.048124899999998
2022-11-05 15:00:00,28.5,27.979378,27.682423,27.9496825
2022-11-05 16:00:00,27.9,27.72299,27.64604,27.715294999999998
2022-11-05 17:00:00,27.6,27.266178,27.022625,27.2418227
2022-11-05 18:00:00,27.1,26.847057,26.620722,26.8244235
2022-11-05 19:00:00,26.7,26.767036,26.216713,26.7120037
2022-11-05 20:00:00,26.6,26.631884,25.966831,26.5653787
2022-11-05 21:00:00,26.4,26.574495,25.848356,26.5018811
2022-11-05 22:00:00,26.2,26.329973,25.470785,26.2440542
2022-11-05 23:00:00,25.7,25.924814,25.169792,25.849311800000002
2022-11-06 00:00:00,25.5,25.47888,25.046581,25.4356501
2022-11-06 01:00:00,25.5,25.070395,24.30085,24.9934405
2022-11-06 02:00:00,25.1,25.009714,24.209919,24.9297345
2022-11-06 03:00:00,24.7,24.81127,24.22565,24.752708
2022-11-06 04:00:00,24.0,24.737957,24.119143,24.6760756
2022-11-06 05:00:00,24.7,25.074661,24.158394,24.9830343
2022-11-06 06:00:00,25.0,25.460129,25.053316,25.419447699999996
2022-11-06 07:00:00,25.6,26.414957,25.519455,26.3254068
2022-11-06 08:00:00,26.9,27.389648,26.482758,27.298959000000004
2022-11-06 09:00:00,27.0,27.951218,27.456757,27.9017719
2022-11-06 10:00:00,27.8,28.483671,27.946766,28.4299805
2022-11-06 11:00:00,27.9,28.279554,28.586845,28.3102831
2022-11-06 12:00:00,27.7,28.446213,28.563015,28.4578932
2022-11-06 13:00:00,27.6,28.260317,28.682344,28.3025197
2022-11-06 14:00:00,27.4,27.854036,28.47178,27.9158104
2022-11-06 15:00:00,27.8,27.482996,28.05111,27.5398074
2022-11-06 16:00:00,27.3,27.04545,27.589203,27.0998253
2022-11-06 17:00:00,25.8,26.883942,27.119068,26.907454599999998
2022-11-06 18:00:00,26.2,26.563107,26.70479,26.5772753
2022-11-06 19:00:00,26.1,26.374659,26.38098,26.375291100000002
2022-11-06 20:00:00,26.0,26.191715,26.019857,26.1745292
2022-11-06 21:00:00,25.5,26.077488,25.829062,26.0526454
2022-11-06 22:00:00,25.1,25.92531,25.586697,25.891448699999998
2022-11-06 23:00:00,25.2,25.682135,25.306873,25.6446088
2022-11-07 00:00:00,25.2,25.238739,25.051933,25.2200584
2022-11-07 01:00:00,24.8,25.105707,24.316475,25.0267838
2022-11-07 02:00:00,24.5,24.934439,24.27396,24.8683911
2022-11-07 03:00:00,23.9,24.685863,24.163883,24.633665
2022-11-07 04:00:00,24.2,24.650135,24.325539,24.6176754
2022-11-07 05:00:00,24.3,24.587177,24.129982,24.5414575
2022-11-07 06:00:00,24.2,24.855495,24.924303,24.8623758
2022-11-07 07:00:00,25.4,25.399504,25.369694,25.396523000000002
2022-11-07 08:00:00,26.5,26.661823,25.728767,26.568517399999998
2022-11-07 09:00:00,26.3,27.446054,26.973423,27.398790899999998
2022-11-07 10:00:00,27.6,28.0302,26.988005,27.9259805
2022-11-07 11:00:00,28.0,28.033741,27.866976,28.0170645
2022-11-07 12:00:00,28.0,27.69136,27.994854,27.721709399999998
2022-11-07 13:00:00,28.2,27.828827,27.849821,27.830926400000003
2022-11-07 14:00:00,28.2,26.7089,27.74992,26.813001999999997
2022-11-07 15:00:00,28.0,27.261122,27.271152,27.262125
2022-11-07 16:00:00,27.3,26.878807,27.281166,26.919042899999997
2022-11-07 17:00:00,26.7,26.175535,26.55748,26.2137295
2022-11-07 18:00:00,26.8,26.027637,25.607437,25.985616999999998
2022-11-07 19:00:00,26.9,26.01375,25.8688,25.999255
2022-11-07 20:00:00,26.8,26.000492,25.45363,25.9458058
2022-11-07 21:00:00,26.6,25.83457,25.15329,25.766441999999998
2022-11-07 22:00:00,26.4,25.516796,24.942698,25.459386199999997
2022-11-07 23:00:00,26.3,25.244293,24.670057,25.1868694
2022-11-08 00:00:00,26.1,25.079752,24.64543,25.036319799999998
2022-11-08 01:00:00,25.6,24.84255,24.143175,24.772612499999997
2022-11-08 02:00:00,25.4,24.678728,24.25875,24.636730200000002
2022-11-08 03:00:00,24.9,24.33805,23.709196,24.2751646
2022-11-08 04:00:00,24.5,24.43254,23.631115,24.3523975
2022-11-08 05:00:00,25.1,24.278883,23.84246,24.2352407
2022-11-08 06:00:00,25.5,24.458815,24.419285,24.454862000000002
2022-11-08 07:00:00,25.4,25.471075,24.816597,25.405627199999998
2022-11-08 08:00:00,26.8,26.181295,25.49472,26.112637499999998
2022-11-08 09:00:00,27.7,27.000694,26.316084,26.932232999999997
2022-11-08 10:00:00,28.6,27.567476,26.406696,27.451397999999998
2022-11-08 11:00:00,29.1,27.609549,27.757107,27.624304800000004
2022-11-08 12:00:00,29.3,27.738052,27.75153,27.7393998
2022-11-08 13:00:00,29.2,27.636171,27.590294,27.6315833
2022-11-08 14:00:00,29.1,27.347912,27.60341,27.3734618
2022-11-08 15:00:00,27.5,27.166416,27.38515,27.188289400000002
2022-11-08 16:00:00,26.6,26.878668,27.099007,26.9007019
2022-11-08 17:00:00,26.9,26.417088,26.481407,26.4235199
2022-11-08 18:00:00,25.9,25.942871,25.907639,25.9393478
2022-11-08 19:00:00,25.4,25.843267,25.893654,25.8483057
2022-11-08 20:00:00,25.5,25.884308,25.658154,25.861692599999998
2022-11-08 21:00:00,25.5,26.079042,25.432728,26.0144106
2022-11-08 22:00:00,25.3,25.859228,25.180159,25.7913211
2022-11-08 23:00:00,25.1,25.722836,25.020897,25.6526421
2022-11-09 00:00:00,24.5,25.57632,24.876625,25.5063505
2022-11-09 01:00:00,24.1,25.414856,24.350534,25.3084238
2022-11-09 02:00:00,23.6,25.025093,24.115751,24.9341588
2022-11-09 03:00:00,23.5,24.755043,24.075954,24.687134099999998
2022-11-09 04:00:00,23.7,24.393467,23.925121,24.346632400000004
2022-11-09 05:00:00,23.9,24.576475,24.05558,24.524385499999998
2022-11-09 06:00:00,24.3,24.93618,24.463968,24.8889588
2022-11-09 07:00:00,25.2,25.084558,25.047688,25.080871000000002
2022-11-09 08:00:00,26.3,26.330072,25.43872,26.240936800000004
2022-11-09 09:00:00,27.2,26.820078,26.971834,26.835253599999998
2022-11-09 10:00:00,28.3,27.832855,27.503986,27.7999681
2022-11-09 11:00:00,28.7,27.732603,28.025576,27.7619003
2022-11-09 12:00:00,29.0,27.988985,28.330523,28.023138799999998
2022-11-09 13:00:00,29.2,27.798054,28.424927,27.8607413
2022-11-09 14:00:00,29.0,27.642145,28.181234,27.696053900000003
2022-11-09 15:00:00,28.5,27.345888,28.023788,27.413677999999997
2022-11-09 16:00:00,28.1,26.586025,26.989807,26.6264032
2022-11-09 17:00:00,27.4,26.363485,26.43719,26.3708555
2022-11-09 18:00:00,26.6,25.691345,26.307243,25.7529348
2022-11-09 19:00:00,26.6,25.343422,25.903687,25.3994485
2022-11-09 20:00:00,26.6,25.268301,25.24878,25.266348900000004
2022-11-09 21:00:00,26.7,25.31608,25.184622,25.3029342
2022-11-09 22:00:00,26.6,25.132599,24.83035,25.1023741
2022-11-09 23:00:00,26.0,24.729565,24.584507,24.715059200000002
2022-11-10 00:00:00,25.5,24.702988,24.447762,24.677465400000003
2022-11-10 01:00:00,25.3,24.348011,23.868603,24.3000702
2022-11-10 02:00:00,25.6,23.510475,23.9504,23.554467499999998
2022-11-10 03:00:00,25.5,23.401726,23.81498,23.4430514
2022-11-10 04:00:00,25.5,23.795135,23.861176,23.8017391
2022-11-10 05:00:00,24.8,24.190039,24.08418,24.179453099999996
2022-11-10 06:00:00,24.6,24.432848,24.465223,24.436085499999997
2022-11-10 07:00:00,23.8,25.177856,25.154686,25.175538999999997
2022-11-10 08:00:00,24.5,25.890947,25.745861,25.876438399999998
2022-11-10 09:00:00,24.8,27.097588,26.460648,27.033893999999997
2022-11-10 10:00:00,24.3,27.49275,27.095226,27.4529976
2022-11-10 11:00:00,24.7,27.244875,27.990993,27.3194868
2022-11-10 12:00:00,25.4,27.264605,28.071016,27.3452461
2022-11-10 13:00:00,25.0,27.416138,28.36404,27.5109282
2022-11-10 14:00:00,25.7,27.16543,28.280706,27.276957600000003
2022-11-10 15:00:00,25.5,26.779686,27.87681,26.8893984
2022-11-10 16:00:00,25.5,26.582817,27.195108,26.644046099999997
2022-11-10 17:00:00,24.9,26.092983,26.824211,26.1661058
2022-11-10 18:00:00,24.8,25.582674,26.379257,25.662332300000003
2022-11-10 19:00:00,24.8,25.672327,25.775694,25.6826637
2022-11-10 20:00:00,25.1,25.922981,25.69231,25.899913899999998
2022-11-10 21:00:00,24.7,25.292852,25.486412,25.312208
2022-11-10 22:00:00,25.2,25.56241,25.414982,25.5476672
2022-11-10 23:00:00,25.5,25.11277,25.223938,25.1238868
2022-11-11 00:00:00,25.7,24.798004,24.822973,24.8005009
2022-11-11 01:00:00,25.6,24.700443,24.292847,24.659683400000002
2022-11-11 02:00:00,25.2,24.51938,24.137028,24.481144800000003
2022-11-11 03:00:00,25.8,24.453114,24.186243,24.426426900000003
2022-11-11 04:00:00,24.8,24.369255,24.340796,24.3664091
2022-11-11 05:00:00,25.7,24.413488,24.515505,24.4236897
2022-11-11 06:00:00,25.2,24.365326,24.474884,24.3762818
2022-11-11 07:00:00,25.4,24.545027,24.937616,24.5842859
2022-11-11 08:00:00,24.7,25.294798,25.08368,25.2736862
2022-11-11 09:00:00,25.8,25.629913,25.778969,25.644818599999997
2022-11-11 10:00:00,25.4,25.125813,26.271084,25.240340099999997
2022-11-11 11:00:00,26.2,25.284634,26.377855,25.3939561
2022-11-11 12:00:00,25.7,25.472616,26.76157,25.6015114
2022-11-11 13:00:00,26.2,25.549223,26.848583,25.679159
2022-11-11 14:00:00,26.2,25.796612,26.796347,25.8965855
2022-11-11 15:00:00,26.1,25.732893,26.606724,25.8202761
2022-11-11 16:00:00,25.3,25.824774,26.345861,25.876882700000003
2022-11-11 17:00:00,25.5,25.168621,26.006554,25.2524143
2022-11-11 18:00:00,25.3,24.873339,25.384546,24.9244597
2022-11-11 19:00:00,25.6,24.856777,25.008024,24.871901700000002
2022-11-11 20:00:00,25.5,25.093147,24.915634,25.075395699999998
2022-11-11 21:00:00,24.6,24.943949,24.991076,24.9486617
2022-11-11 22:00:00,24.0,25.291716,24.460302,25.208574600000002
2022-11-11 23:00:00,23.8,25.289526,24.771652,25.237738599999997
2022-11-12 00:00:00,23.9,25.087534,24.59856,25.0386366
2022-11-12 01:00:00,23.8,24.983137,24.321644,24.9169877
2022-11-12 02:00:00,23.7,24.72486,24.220465,24.6744205
2022-11-12 03:00:00,23.3,24.790533,24.319746,24.7434543
2022-11-12 04:00:00,23.0,24.501646,24.494465,24.5009279
2022-11-12 05:00:00,24.2,24.75865,24.3928,24.722065
2022-11-12 06:00:00,24.0,24.951262,24.86377,24.942512800000003
2022-11-12 07:00:00,24.4,25.076487,25.094458,25.078284099999998
2022-11-12 08:00:00,25.6,25.183388,25.228626,25.187911800000002
2022-11-12 09:00:00,26.6,26.42406,25.410477,26.3227017
2022-11-12 10:00:00,26.7,27.160429,26.501698,27.094555900000003
2022-11-12 11:00:00,26.4,26.727638,26.562075,26.7110817
2022-11-12 12:00:00,25.9,26.646656,27.078934,26.6898838
2022-11-12 13:00:00,26.6,26.40212,26.815966,26.4435046
2022-11-12 14:00:00,26.8,26.452868,27.080448,26.515625999999997
2022-11-12 15:00:00,26.8,26.08892,26.692202,26.1492482
2022-11-12 16:00:00,26.7,25.824524,26.387648,25.8808364
2022-11-12 17:00:00,25.8,25.426779,25.695505,25.453651599999997
2022-11-12 18:00:00,25.4,25.313763,25.656298,25.348016500000004
2022-11-12 19:00:00,25.2,25.332733,25.175259,25.3169856
2022-11-12 20:00:00,25.0,25.455423,25.151894,25.4250701
2022-11-12 21:00:00,24.8,24.995687,24.830345,24.979152799999998
2022-11-12 22:00:00,24.6,24.840689,24.20763,24.7773831
2022-11-12 23:00:00,24.2,24.895416,24.089188,24.8147932
2022-11-13 00:00:00,23.5,24.541742,24.153137,24.502881499999997
2022-11-13 01:00:00,23.3,24.413338,23.457108,24.317715
2022-11-13 02:00:00,23.4,24.23142,23.398926,24.1481706
2022-11-13 03:00:00,23.5,23.775103,23.52333,23.7499257
2022-11-13 04:00:00,23.9,23.59184,23.550032,23.5876592
2022-11-13 05:00:00,24.1,24.362143,23.439964,24.2699251
2022-11-13 06:00:00,24.5,24.218412,25.613682,24.357939000000002
2022-11-13 07:00:00,25.2,25.024029,24.049864,24.926612499999997
2022-11-13 08:00:00,26.4,26.037306,25.451643,25.978739700000002
2022-11-13 09:00:00,26.0,26.67526,26.0027,26.608004
2022-11-13 10:00:00,25.8,26.897963,26.67902,26.876068699999998
2022-11-13 11:00:00,27.0,27.547422,26.710682,27.463748000000002
2022-11-13 12:00:00,26.7,26.965435,27.01362,26.9702535
2022-11-13 13:00:00,26.8,26.832464,26.596777,26.808895300000003
2022-11-13 14:00:00,27.0,27.081692,27.11222,27.0847448
2022-11-13 15:00:00,26.9,26.969883,26.697527,26.9426474
2022-11-13 16:00:00,26.9,26.819918,26.47194,26.7851202
2022-11-13 17:00:00,26.8,26.010437,26.154663,26.0248596
2022-11-13 18:00:00,26.5,25.588593,25.418549,25.571588600000002
2022-11-13 19:00:00,26.1,25.35153,25.067045,25.3230815
2022-11-13 20:00:00,25.5,25.200333,24.811039,25.161403600000003
2022-11-13 21:00:00,25.2,24.962278,24.621927,24.9282429
2022-11-13 22:00:00,24.6,25.045387,24.325775,24.9734258
2022-11-13 23:00:00,24.0,24.791958,24.117147,24.7244769
2022-11-14 00:00:00,23.8,23.799505,23.74037,23.793591499999998
2022-11-14 01:00:00,23.2,23.784122,23.21853,23.7275628
2022-11-14 02:00:00,22.8,23.965574,23.385698,23.9075864
2022-11-14 03:00:00,22.6,23.737003,23.419441,23.7052468
2022-11-14 04:00:00,22.6,23.844635,23.584286,23.8186001
2022-11-14 05:00:00,23.1,24.207514,23.852085,24.1719711
2022-11-14 06:00:00,23.5,24.530628,24.039522,24.4815174
2022-11-14 07:00:00,24.6,25.277836,24.48109,25.1981614
2022-11-14 08:00:00,26.5,25.993408,25.229975,25.917064699999997
2022-11-14 09:00:00,28.1,26.520237,26.26728,26.4949413
2022-11-14 10:00:00,28.8,26.85639,26.560505,26.826801500000002
2022-11-14 11:00:00,29.0,26.97477,26.363667,26.9136597
2022-11-14 12:00:00,28.5,27.19765,27.309,27.208785
2022-11-14 13:00:00,28.9,27.188927,26.985786,27.1686129
2022-11-14 14:00:00,28.5,27.264282,27.00761,27.2386148
2022-11-14 15:00:00,28.2,26.854235,26.97285,26.8660965
2022-11-14 16:00:00,27.5,26.625021,26.57304,26.6198229
2022-11-14 17:00:00,27.0,26.42265,26.432129,26.4235979
2022-11-14 18:00:00,26.4,26.048445,25.801529,26.0237534
2022-11-14 19:00:00,26.0,25.659084,25.71267,25.6644426
2022-11-14 20:00:00,25.8,25.578844,25.254787,25.546438300000002
2022-11-14 21:00:00,25.6,25.276976,24.717686,25.221047000000002
2022-11-14 22:00:00,25.3,25.05496,24.444023,24.9938663
2022-11-14 23:00:00,24.6,24.952559,24.088108,24.866113900000002
2022-11-15 00:00:00,23.8,24.876123,24.632664,24.8517771
2022-11-15 01:00:00,23.1,24.441227,23.499584,24.3470627
2022-11-15 02:00:00,22.9,23.620426,23.496548,23.6080382
2022-11-15 03:00:00,22.6,23.370735,23.547672,23.3884287
2022-11-15 04:00:00,22.8,23.115576,23.666862,23.1707046
2022-11-15 05:00:00,23.0,23.017477,23.766556,23.0923849
2022-11-15 06:00:00,23.5,23.35722,24.157417,23.4372397
2022-11-15 07:00:00,25.1,24.467424,24.672255,24.4879071
2022-11-15 08:00:00,26.8,26.46034,25.580357,26.3723417
2022-11-15 09:00:00,27.9,27.247822,26.84138,27.2071778
2022-11-15 10:00:00,28.4,27.758995,27.081387,27.6912342
2022-11-15 11:00:00,28.6,27.919687,27.759123,27.9036306
2022-11-15 12:00:00,28.7,27.94999,28.149979,27.969988899999997
2022-11-15 13:00:00,28.8,28.16081,27.732552,28.1179842
2022-11-15 14:00:00,28.6,28.107475,28.115217,28.108249200000003
2022-11-15 15:00:00,27.9,27.751925,27.575274,27.7342599
2022-11-15 16:00:00,27.1,27.284107,27.230606,27.2787569
2022-11-15 17:00:00,26.4,26.832006,26.73968,26.8227734
2022-11-15 18:00:00,26.0,26.184855,26.2411,26.1904795
2022-11-15 19:00:00,25.7,25.918926,25.75439,25.9024724
2022-11-15 20:00:00,25.5,25.699633,25.42025,25.6716947
2022-11-15 21:00:00,25.3,25.395935,25.223782,25.3787197
2022-11-15 22:00:00,24.9,25.139471,24.94977,25.1205009
2022-11-15 23:00:00,24.4,24.85656,24.63909,24.834813000000004
2022-11-16 00:00:00,23.6,24.471228,24.230373,24.4471425
2022-11-16 01:00:00,22.6,24.077932,23.432148,24.0133536
2022-11-16 02:00:00,21.6,23.467367,23.189548,23.4395851
2022-11-16 03:00:00,21.3,23.349842,23.40143,23.3550008
2022-11-16 04:00:00,21.1,23.315851,23.461016,23.3303675
2022-11-16 05:00:00,21.5,23.552023,23.824337,23.5792544
2022-11-16 06:00:00,21.6,23.62215,24.154371,23.6753721
2022-11-16 07:00:00,23.2,24.93951,24.816957,24.9272547
2022-11-16 08:00:00,25.5,26.283375,25.910603,26.246097799999998
2022-11-16 09:00:00,27.1,27.361786,26.630066,27.288614
2022-11-16 10:00:00,27.8,28.09376,27.771244,28.061508399999997
2022-11-16 11:00:00,28.2,28.316357,28.203083,28.3050296
2022-11-16 12:00:00,28.4,28.17691,28.298466,28.1890656
2022-11-16 13:00:00,28.4,28.330137,28.377892,28.3349125
2022-11-16 14:00:00,28.1,28.12143,28.31564,28.140851
2022-11-16 15:00:00,27.6,27.73596,27.948069,27.7571709
2022-11-16 16:00:00,26.8,27.28696,27.308105,27.2890745
2022-11-16 17:00:00,25.8,26.601713,26.690193,26.610561
2022-11-16 18:00:00,25.3,25.812555,26.096268,25.8409263
2022-11-16 19:00:00,24.9,25.573694,25.684277,25.5847523
2022-11-16 20:00:00,24.6,25.398237,25.353817,25.393795
2022-11-16 21:00:00,24.2,25.017971,25.195671,25.035740999999998
2022-11-16 22:00:00,24.3,24.896038,25.00253,24.9066872
2022-11-16 23:00:00,24.0,24.583185,24.716797,24.5965462
2022-11-17 00:00:00,23.5,24.078606,24.411064,24.1118518
2022-11-17 01:00:00,22.5,23.553783,23.622757,23.560680400000003
2022-11-17 02:00:00,21.8,23.149435,23.181858,23.1526773
2022-11-17 03:00:00,21.5,23.38273,23.134989,23.357955899999997
2022-11-17 04:00:00,21.2,23.696264,23.268509,23.6534885
2022-11-17 05:00:00,21.6,23.314714,23.547777,23.3380203
2022-11-17 06:00:00,21.8,23.296434,23.990074,23.365798
2022-11-17 07:00:00,23.5,24.0977,24.3998,24.12791
2022-11-17 08:00:00,25.1,26.012217,25.694191,25.9804144
2022-11-17 09:00:00,26.7,27.457829,26.954891,27.4075352
2022-11-17 10:00:00,27.8,28.197315,27.832832,28.1608667
2022-11-17 11:00:00,28.4,28.415579,27.827217,28.356742800000003
2022-11-17 12:00:00,28.6,28.206926,28.129482,28.199181599999996
2022-11-17 13:00:00,28.4,28.141323,28.174683,28.144658999999997
2022-11-17 14:00:00,27.9,27.49372,28.04828,27.549176
2022-11-17 15:00:00,27.7,27.339766,27.544865,27.3602759
2022-11-17 16:00:00,27.1,26.320267,27.034779,26.3917182
2022-11-17 17:00:00,26.3,25.729385,26.384281,25.7948746
2022-11-17 18:00:00,25.9,25.168568,25.684978,25.220209
2022-11-17 19:00:00,25.5,24.934546,25.31639,24.9727304
2022-11-17 20:00:00,25.4,24.753479,24.923853,24.770516399999998
2022-11-17 21:00:00,25.2,24.621397,24.684477,24.627705000000002
2022-11-17 22:00:00,24.6,24.39705,24.638845,24.4212295
2022-11-17 23:00:00,24.0,24.203802,24.609192,24.244341
2022-11-18 00:00:00,23.0,23.784489,24.318752,23.837915300000002
2022-11-18 01:00:00,22.4,23.465332,23.642902,23.483089
2022-11-18 02:00:00,22.1,23.636137,23.26936,23.599459300000003
2022-11-18 03:00:00,21.8,23.867805,23.131088,23.7941333
2022-11-18 04:00:00,21.3,23.691757,23.284286,23.6510099
2022-11-18 05:00:00,21.9,23.824385,23.294342,23.7713807
2022-11-18 06:00:00,22.1,23.771784,23.877575,23.7823631
2022-11-18 07:00:00,23.5,23.89681,24.312363,23.938365299999997
2022-11-18 08:00:00,25.3,25.265608,25.585857,25.2976329
2022-11-18 09:00:00,27.0,27.093359,26.709564,27.054979499999998
2022-11-18 10:00:00,28.1,27.370344,27.532923,27.3866019
2022-11-18 11:00:00,28.7,27.461319,27.733307,27.4885178
2022-11-18 12:00:00,28.9,27.619003,28.058947,27.6629974
2022-11-18 13:00:00,28.9,27.667152,28.205557,27.7209925
2022-11-18 14:00:00,28.5,27.234934,27.87473,27.2989136
2022-11-18 15:00:00,27.6,26.885704,27.418644,26.938998
2022-11-18 16:00:00,26.9,26.641018,27.091988,26.686114999999997
2022-11-18 17:00:00,25.8,25.866076,26.402733,25.9197417
2022-11-18 18:00:00,25.4,25.474117,25.796074,25.506312700000002
2022-11-18 19:00:00,24.8,25.222662,25.432402,25.243636
2022-11-18 20:00:00,24.3,24.812933,25.120693,24.843709
2022-11-18 21:00:00,24.2,24.79655,24.983677,24.815262699999998
2022-11-18 22:00:00,24.1,24.670221,24.687988,24.6719977
2022-11-18 23:00:00,23.5,24.307917,24.586426,24.3357679
2022-11-19 00:00:00,22.8,23.924446,24.324648,23.964466199999997
2022-11-19 01:00:00,22.1,23.671715,23.56498,23.6610415
2022-11-19 02:00:00,21.7,23.35892,23.356586,23.3586866
2022-11-19 03:00:00,21.4,23.400679,23.257324,23.3863435
2022-11-19 04:00:00,21.4,23.387014,23.311092,23.379421800000003
2022-11-19 05:00:00,22.3,23.57751,23.34593,23.554351999999998
2022-11-19 06:00:00,22.6,23.658278,23.849413,23.6773915
2022-11-19 07:00:00,23.3,23.771444,24.232567,23.8175563
2022-11-19 08:00:00,24.7,25.355692,25.495026,25.3696254
2022-11-19 09:00:00,25.7,26.935232,26.73827,26.9155358
2022-11-19 10:00:00,25.7,27.594608,27.734093,27.608556500000002
2022-11-19 11:00:00,26.3,27.404087,28.210655,27.4847438
2022-11-19 12:00:00,26.7,27.806814,28.490644,27.875197
2022-11-19 13:00:00,26.8,27.717962,28.540367,27.800202499999997
2022-11-19 14:00:00,26.9,27.474665,28.382463,27.5654448
2022-11-19 15:00:00,26.0,26.838926,27.828995,26.9379329
2022-11-19 16:00:00,25.3,26.19462,27.169569,26.2921149
2022-11-19 17:00:00,24.8,25.50352,26.55637,25.608805
2022-11-19 18:00:00,25.0,25.17995,25.779808,25.2399358
2022-11-19 19:00:00,23.1,24.797077,25.480927,24.865462
2022-11-19 20:00:00,22.5,24.797132,25.263075,24.8437263
2022-11-19 21:00:00,22.3,24.336395,25.04639,24.407394500000002
2022-11-19 22:00:00,22.0,24.231806,24.865055,24.2951309
2022-11-19 23:00:00,21.2,23.560612,24.533989,23.6579497
2022-11-20 00:00:00,21.0,23.663881,24.23913,23.7214059
2022-11-20 01:00:00,20.8,23.850832,23.509716,23.8167204
2022-11-20 02:00:00,20.9,23.805967,23.424633,23.7678336
2022-11-20 03:00:00,20.0,23.868452,23.372784,23.8188852
2022-11-20 04:00:00,19.8,23.430769,23.42416,23.4301081
2022-11-20 05:00:00,20.8,23.5431,23.553326,23.5441226
2022-11-20 06:00:00,20.8,23.686209,24.176033,23.7351914
2022-11-20 07:00:00,21.0,23.83042,24.695942,23.9169722
2022-11-20 08:00:00,21.8,25.158873,25.563255,25.1993112
2022-11-20 09:00:00,23.2,26.470535,26.660673,26.4895488
2022-11-20 10:00:00,24.4,27.070574,27.630367,27.1265533
2022-11-20 11:00:00,24.3,27.52279,27.95662,27.566173000000003
2022-11-20 12:00:00,23.8,27.506138,28.489883,27.6045125
2022-11-20 13:00:00,24.1,27.492094,28.613426,27.604227200000004
2022-11-20 14:00:00,23.3,27.10044,28.47931,27.238326999999998
2022-11-20 15:00:00,23.2,25.821447,28.053293,26.0446316
2022-11-20 16:00:00,22.5,25.751038,26.650215,25.8409557
2022-11-20 17:00:00,21.5,24.285152,26.163584,24.4729952
2022-11-20 18:00:00,21.4,24.35995,25.908466,24.514801600000002
2022-11-20 19:00:00,21.3,23.81892,25.460201,23.983048099999998
2022-11-20 20:00:00,21.3,23.250637,24.366852,23.3622585
2022-11-20 21:00:00,21.4,23.656473,24.163986,23.7072243
2022-11-20 22:00:00,21.3,23.370188,24.086615,23.441830699999997
2022-11-20 23:00:00,21.4,23.643415,23.90039,23.669112500000004
2022-11-21 00:00:00,21.4,23.765486,23.466553,23.735592699999998
2022-11-21 01:00:00,21.4,23.177858,22.920223,23.1520945
2022-11-21 02:00:00,21.5,23.450527,22.927816,23.398255900000002
2022-11-21 03:00:00,21.6,23.172913,22.98841,23.1544627
2022-11-21 04:00:00,21.6,23.010588,23.10169,23.019698199999997
2022-11-21 05:00:00,21.9,22.910797,23.236465,22.943363799999997
2022-11-21 06:00:00,22.0,22.946331,23.577646,23.0094625
2022-11-21 07:00:00,22.5,23.441427,23.897882,23.4870725
2022-11-21 08:00:00,22.5,23.695599,24.67861,23.793900100000002
2022-11-21 09:00:00,22.7,24.113394,25.60356,24.2624106
2022-11-21 10:00:00,23.1,25.433514,26.748663,25.565028899999998
2022-11-21 11:00:00,23.4,26.228325,27.336227,26.3391152
2022-11-21 12:00:00,23.2,25.535137,26.97894,25.679517299999997
2022-11-21 13:00:00,24.0,25.804188,26.977795,25.9215487
2022-11-21 14:00:00,24.0,26.055689,26.910582,26.141178300000004
2022-11-21 15:00:00,23.5,25.174791,26.185581,25.275869999999998
2022-11-21 16:00:00,23.1,25.520096,25.644135,25.5324999
2022-11-21 17:00:00,24.1,24.416067,25.163177,24.490778
2022-11-21 18:00:00,23.9,23.945715,24.65387,24.016530500000002
2022-11-21 19:00:00,23.7,24.629946,24.554054,24.622356800000002
2022-11-21 20:00:00,23.6,24.647171,23.931004,24.5755543
2022-11-21 21:00:00,23.7,24.314165,23.453897,24.228138199999997
2022-11-21 22:00:00,23.4,24.159828,23.391834,24.083028600000002
2022-11-21 23:00:00,23.1,23.759926,23.179752,23.7019086
2022-11-22 00:00:00,22.9,23.329935,23.051397,23.302081199999996
2022-11-22 01:00:00,23.1,23.350664,22.475206,23.2631182
2022-11-22 02:00:00,23.1,23.634016,22.54957,23.525571399999997
2022-11-22 03:00:00,22.7,23.598257,22.595676,23.497998900000002
2022-11-22 04:00:00,22.6,23.765566,22.737698,23.6627792
2022-11-22 05:00:00,23.3,23.7542,22.928791,23.671659100000003
2022-11-22 06:00:00,23.5,23.626999,23.342741,23.5985732
2022-11-22 07:00:00,24.0,24.233677,24.20174,24.2304833
2022-11-22 08:00:00,25.1,24.90506,24.227936,24.837347599999998
2022-11-22 09:00:00,25.6,25.262589,24.9579,25.2321201
2022-11-22 10:00:00,26.2,25.228354,25.382706,25.243789200000002
2022-11-22 11:00:00,26.8,25.472063,25.831205,25.5079772
2022-11-22 12:00:00,27.9,24.953089,26.082676,25.0660477
2022-11-22 13:00:00,28.2,26.146267,25.52934,26.084574300000003
2022-11-22 14:00:00,27.3,27.138006,26.394012,27.0636066
2022-11-22 15:00:00,27.1,26.831093,26.538965,26.8018802
2022-11-22 16:00:00,27.0,26.21006,25.798998,26.1689538
2022-11-22 17:00:00,26.6,25.868374,24.999544,25.781491
2022-11-22 18:00:00,26.2,25.271109,24.654886,25.2094867
2022-11-22 19:00:00,25.8,24.593246,24.185608,24.5524822
2022-11-22 20:00:00,26.0,24.357405,23.96082,24.317746500000002
2022-11-22 21:00:00,24.8,24.650307,23.752708,24.5605471
2022-11-22 22:00:00,25.1,24.628492,23.682106,24.533853399999998
2022-11-22 23:00:00,24.3,24.247204,23.413994,24.163883000000002
2022-11-23 00:00:00,23.9,24.128168,23.390312,24.0543824
2022-11-23 01:00:00,23.4,23.651047,22.842163,23.5701586
2022-11-23 02:00:00,23.0,23.420036,22.992796,23.377312
2022-11-23 03:00:00,22.9,23.53356,23.131327,23.493336700000004
2022-11-23 04:00:00,22.8,23.960371,23.403473,23.9046812
2022-11-23 05:00:00,24.0,24.191372,24.082483,24.180483100000004
2022-11-23 06:00:00,24.4,24.194654,24.288708,24.2040594
2022-11-23 07:00:00,25.4,24.590109,24.563469,24.587445000000002
2022-11-23 08:00:00,26.6,25.948368,25.248222,25.878353399999998
2022-11-23 09:00:00,27.4,26.712357,26.178514,26.6589727
2022-11-23 10:00:00,24.7,27.129835,26.770317,27.0938832
2022-11-23 11:00:00,27.1,27.463732,27.492643,27.4666231
2022-11-23 12:00:00,28.2,28.129326,27.90662,28.1070554
2022-11-23 13:00:00,27.7,28.26797,28.320784,28.2732514
2022-11-23 14:00:00,27.7,27.70278,28.245384,27.757040399999998
2022-11-23 15:00:00,27.3,27.445131,27.283947,27.4290126
2022-11-23 16:00:00,26.9,27.08474,27.180737,27.0943397
2022-11-23 17:00:00,26.4,26.541374,26.753645,26.562601100000002
2022-11-23 18:00:00,25.8,26.155823,26.40279,26.1805197
2022-11-23 19:00:00,25.4,25.978632,25.947817,25.9755505
2022-11-23 20:00:00,25.2,25.927134,25.633812,25.897801799999996
2022-11-23 21:00:00,24.8,25.479685,25.51461,25.4831775
2022-11-23 22:00:00,24.4,25.533144,24.594154,25.439245
2022-11-23 23:00:00,24.2,25.179802,25.17348,25.179169799999997
2022-11-24 00:00:00,24.8,24.668589,24.240124,24.6257425
2022-11-24 01:00:00,24.7,24.508919,23.982607,24.4562878
2022-11-24 02:00:00,23.4,23.721329,23.629547,23.7121508
2022-11-24 03:00:00,23.3,23.348822,23.53298,23.367237799999998
2022-11-24 04:00:00,22.9,23.617243,23.658218,23.6213405
2022-11-24 05:00:00,23.7,24.104742,23.548988,24.049166600000003
2022-11-24 06:00:00,24.3,24.469147,25.058651,24.5280974
2022-11-24 07:00:00,25.2,25.642227,24.274538,25.5054581
2022-11-24 08:00:00,25.7,26.342747,26.187744,26.3272467
2022-11-24 09:00:00,26.5,27.124132,26.94255,27.105973799999997
2022-11-24 10:00:00,27.5,27.329386,26.971973,27.293644699999998
2022-11-24 11:00:00,28.3,28.352066,26.644138,28.1812732
2022-11-24 12:00:00,28.6,27.919422,28.18244,27.9457238
2022-11-24 13:00:00,28.4,27.617292,28.172659,27.6728287
2022-11-24 14:00:00,28.0,27.42394,27.596832,27.4412292
2022-11-24 15:00:00,27.5,27.153584,27.548897,27.1931153
2022-11-24 16:00:00,26.9,26.746054,27.07729,26.7791776
2022-11-24 17:00:00,26.5,26.317389,26.774075,26.363057599999998
2022-11-24 18:00:00,25.7,25.827822,26.179977,25.8630375
2022-11-24 19:00:00,25.2,25.563826,25.764034,25.5838468
2022-11-24 20:00:00,24.9,25.443516,25.352634,25.434427799999998
2022-11-24 21:00:00,25.1,25.283913,25.154377,25.2709594
2022-11-24 22:00:00,24.7,25.076199,24.73442,25.0420211
2022-11-24 23:00:00,24.0,24.79528,24.448677,24.760619700000003
2022-11-25 00:00:00,23.9,24.637547,24.477705,24.621562800000003
2022-11-25 01:00:00,25.2,24.576836,23.800957,24.4992481
2022-11-25 02:00:00,24.4,24.14715,23.426863,24.0751213
2022-11-25 03:00:00,23.3,23.789454,23.254335,23.7359421
2022-11-25 04:00:00,23.3,23.517136,23.585835,23.5240059
2022-11-25 05:00:00,23.7,24.198214,23.578938,24.1362864
2022-11-25 06:00:00,24.0,24.366577,24.158691,24.3457884
2022-11-25 07:00:00,25.0,25.24888,24.639877,25.1879797
2022-11-25 08:00:00,25.9,26.20115,25.501835,26.1312185
2022-11-25 09:00:00,27.1,27.178432,25.977894,27.0583782
2022-11-25 10:00:00,28.0,27.255922,26.878672,27.218197
2022-11-25 11:00:00,28.3,27.951118,27.040123,27.8600185
2022-11-25 12:00:00,28.2,27.971394,28.104523,27.9847069
2022-11-25 13:00:00,27.5,27.882359,28.025879,27.896711
2022-11-25 14:00:00,27.6,27.566856,27.941727,27.6043431
2022-11-25 15:00:00,27.2,27.01491,27.489143,27.0623333
2022-11-25 16:00:00,26.6,26.702477,27.031782,26.735407499999997
2022-11-25 17:00:00,26.2,26.161453,26.43337,26.1886447
2022-11-25 18:00:00,25.9,25.922167,26.032051,25.933155400000004
2022-11-25 19:00:00,25.9,25.654661,25.510696,25.6402645
2022-11-25 20:00:00,25.7,25.337551,25.220184,25.3258143
2022-11-25 21:00:00,24.3,25.283428,24.920204,25.247105599999998
2022-11-25 22:00:00,24.6,25.021517,24.969051,25.0162704
2022-11-25 23:00:00,24.2,24.654577,24.441591,24.633278400000002
2022-11-26 00:00:00,24.2,24.533173,24.007328,24.480588500000003
2022-11-26 01:00:00,23.7,24.508972,23.505238,24.408598599999998
2022-11-26 02:00:00,23.3,24.2998,23.844484,24.2542684
2022-11-26 03:00:00,23.2,23.68592,23.528214,23.6701494
2022-11-26 04:00:00,23.0,23.593878,23.425282,23.5770184
2022-11-26 05:00:00,23.5,24.01231,23.817537,23.9928327
2022-11-26 06:00:00,23.6,24.167528,24.136997,24.1644749
2022-11-26 07:00:00,24.6,25.000929,24.726223,24.9734584
2022-11-26 08:00:00,25.9,25.744019,25.51366,25.720983100000005
2022-11-26 09:00:00,27.1,26.969887,25.932652,26.8661635
2022-11-26 10:00:00,27.9,27.641663,26.952595,27.5727562
2022-11-26 11:00:00,28.4,27.908676,27.518011,27.8696095
2022-11-26 12:00:00,28.7,28.141142,27.948162,28.121844
2022-11-26 13:00:00,28.3,27.683401,27.933006,27.7083615
2022-11-26 14:00:00,27.7,27.589474,27.467834,27.577309999999997
2022-11-26 15:00:00,26.7,27.407269,27.15168,27.3817101
2022-11-26 16:00:00,26.2,26.746239,26.69077,26.740692099999997
2022-11-26 17:00:00,26.4,26.185041,26.187342,26.185271099999998
2022-11-26 18:00:00,25.8,25.897842,25.820076,25.8900654
2022-11-26 19:00:00,25.5,25.862383,25.462543,25.822399000000004
2022-11-26 20:00:00,25.4,25.70064,25.311756,25.661751600000002
2022-11-26 21:00:00,24.5,25.04809,24.994709,25.0427519
2022-11-26 22:00:00,24.1,24.902084,24.139994,24.825874999999996
2022-11-26 23:00:00,23.9,24.643072,25.181036,24.6968684
2022-11-27 00:00:00,24.1,24.523167,24.236538,24.4945041
2022-11-27 01:00:00,25.2,24.581272,23.619453,24.485090099999997
2022-11-27 02:00:00,23.3,24.101494,23.391972,24.0305418
2022-11-27 03:00:00,22.7,23.76654,23.33674,23.72356
2022-11-27 04:00:00,22.8,23.59438,23.467346,23.5816766
2022-11-27 05:00:00,23.2,23.70007,23.583801,23.6884431
2022-11-27 06:00:00,23.8,23.962088,24.494507,24.0153299
2022-11-27 07:00:00,24.7,24.989262,24.882177,24.9785535
2022-11-27 08:00:00,26.0,26.512783,26.194397,26.4809444
2022-11-27 09:00:00,27.0,27.336481,27.323547,27.335187599999998
2022-11-27 10:00:00,27.6,27.810013,28.061863,27.835198000000002
2022-11-27 11:00:00,27.9,28.061756,28.338842,28.0894646
2022-11-27 12:00:00,28.1,28.098042,28.323345,28.1205723
2022-11-27 13:00:00,28.3,27.961939,28.389488,28.004693900000003
2022-11-27 14:00:00,28.2,27.606411,27.956337,27.6414036
2022-11-27 15:00:00,27.8,27.061613,27.497126,27.105164300000002
2022-11-27 16:00:00,27.2,26.305634,26.813435,26.356414100000002
2022-11-27 17:00:00,26.5,26.18479,26.227583,26.1890693
2022-11-27 18:00:00,25.8,25.758757,26.077194,25.7906007
2022-11-27 19:00:00,25.6,25.687672,25.36132,25.655036799999998
2022-11-27 20:00:00,25.5,25.520464,25.311403,25.499557900000003
2022-11-27 21:00:00,25.4,25.141253,25.157673,25.142895
2022-11-27 22:00:00,25.1,24.87772,24.539494,24.8438974
2022-11-27 23:00:00,23.7,24.615032,24.500607,24.6035895
2022-11-28 00:00:00,23.1,24.522598,24.360619,24.506400099999997
2022-11-28 01:00:00,22.6,24.478874,23.872791,24.418265700000003
2022-11-28 02:00:00,22.0,24.333681,23.639585,24.2642714
2022-11-28 03:00:00,21.8,23.458458,23.203705,23.4329827
2022-11-28 04:00:00,21.7,23.281105,23.45148,23.298142499999997
2022-11-28 05:00:00,21.7,23.601925,24.021948,23.6439273
2022-11-28 06:00:00,22.7,24.087793,23.881956,24.067209300000002
2022-11-28 07:00:00,23.9,25.069895,24.590332,25.0219387
2022-11-28 08:00:00,25.9,26.224508,25.419636,26.1440208
2022-11-28 09:00:00,27.3,27.100294,26.357729,27.0260375
2022-11-28 10:00:00,28.0,27.703348,27.526066,27.685619799999998
2022-11-28 11:00:00,28.3,27.84637,27.639137,27.8256467
2022-11-28 12:00:00,28.3,28.050968,28.011036,28.0469748
2022-11-28 13:00:00,28.1,27.845926,28.129992,27.8743326
2022-11-28 14:00:00,27.8,27.701227,28.052284,27.736332700000002
2022-11-28 15:00:00,27.3,27.398762,27.624918,27.4213776
2022-11-28 16:00:00,26.5,27.019552,27.151943,27.0327911
2022-11-28 17:00:00,25.8,26.362171,26.689371,26.394891
2022-11-28 18:00:00,25.3,25.65116,26.300789,25.716122900000002
2022-11-28 19:00:00,25.1,25.342155,25.674065,25.375346000000004
2022-11-28 20:00:00,25.0,25.15891,25.45203,25.188222
2022-11-28 21:00:00,24.8,24.994747,25.270035,25.0222758
2022-11-28 22:00:00,24.5,24.93324,25.046665,24.9445825
2022-11-28 23:00:00,24.1,24.570322,24.761436,24.5894334
2022-11-29 00:00:00,23.2,24.083004,24.060452,24.080748800000002
2022-11-29 01:00:00,22.4,23.060768,23.378517,23.092542899999998
2022-11-29 02:00:00,21.5,22.731783,23.46279,22.8048837
2022-11-29 03:00:00,21.5,23.370054,23.143433,23.3473919
2022-11-29 04:00:00,21.3,23.512,23.427338,23.5035338
2022-11-29 05:00:00,21.7,23.355957,23.692467,23.389608000000003
2022-11-29 06:00:00,22.2,23.811306,23.767517,23.8069271
2022-11-29 07:00:00,23.1,24.235113,24.816463,24.293248
2022-11-29 08:00:00,24.9,26.143547,25.634663,26.0926586
2022-11-29 09:00:00,26.5,27.272148,26.955755,27.240508700000003
2022-11-29 10:00:00,27.6,27.912119,27.338009,27.854708
2022-11-29 11:00:00,27.9,27.8428,27.930058,27.8515258
2022-11-29 12:00:00,28.3,27.866386,28.160791,27.8958265
2022-11-29 13:00:00,28.2,27.929174,28.232162,27.9594728
2022-11-29 14:00:00,28.1,27.675737,28.051785,27.713341800000002
2022-11-29 15:00:00,27.8,27.378227,27.597763,27.4001806
2022-11-29 16:00:00,27.0,26.255093,27.12054,26.341637699999996
2022-11-29 17:00:00,26.5,25.578245,26.508377,25.6712582
2022-11-29 18:00:00,25.9,24.993275,25.98069,25.0920165
2022-11-29 19:00:00,25.6,24.896502,25.521795,24.9590313
2022-11-29 20:00:00,25.4,24.942654,25.215305,24.969919100000002
2022-11-29 21:00:00,24.9,24.875286,25.124025,24.9001599
2022-11-29 22:00:00,24.8,24.643318,24.911612,24.6701474
2022-11-29 23:00:00,24.8,24.41197,24.666826,24.4374556
2022-11-30 00:00:00,24.6,23.70832,24.272526,23.7647406
2022-11-30 01:00:00,24.3,23.652933,23.333702,23.621009899999997
2022-11-30 02:00:00,24.2,23.466997,23.19161,23.4394583
2022-11-30 03:00:00,24.2,23.64815,22.99052,23.582387
2022-11-30 04:00:00,24.1,23.345411,23.26319,23.3371889
2022-11-30 05:00:00,24.1,23.925787,23.409634,23.8741717
2022-11-30 06:00:00,24.1,23.892904,23.999575,23.9035711
2022-11-30 07:00:00,24.9,23.669483,24.510214,23.753556099999997
2022-11-30 08:00:00,25.9,25.359777,25.254152,25.349214500000002
2022-11-30 09:00:00,26.6,26.750185,26.579525,26.733119
2022-11-30 10:00:00,27.4,27.65952,27.02666,27.596234000000003
2022-11-30 11:00:00,27.4,27.93053,27.8177,27.919247
2022-11-30 12:00:00,27.4,28.02503,27.786165,28.0011435
2022-11-30 13:00:00,27.9,27.987999,28.010868,27.9902859
2022-11-30 14:00:00,27.8,27.84056,27.704256,27.8269296
2022-11-30 15:00:00,27.3,27.615374,27.361343,27.5899709
2022-11-30 16:00:00,26.8,27.047136,26.895874,27.0320098
2022-11-30 17:00:00,26.8,26.430098,26.223778,26.409466000000002
2022-11-30 18:00:00,26.3,26.078016,25.747234,26.044937800000003
2022-11-30 19:00:00,26.1,25.70983,25.218975,25.6607445
2022-11-30 20:00:00,25.9,25.373343,24.941074,25.3301161
2022-11-30 21:00:00,25.8,25.184177,24.714844,25.1372437
2022-11-30 22:00:00,25.6,25.044605,24.369143,24.977058800000002
2022-11-30 23:00:00,25.2,25.229166,24.34341,25.1405904
2022-12-01 00:00:00,24.6,25.042599,24.048534,24.9431925
2022-12-01 01:00:00,24.3,24.520128,23.613655,24.4294807
2022-12-01 02:00:00,24.2,24.500921,23.425167,24.393345600000004
2022-12-01 03:00:00,23.8,24.482948,23.498028,24.384456
2022-12-01 04:00:00,23.7,24.473804,23.739464,24.400370000000002
2022-12-01 05:00:00,24.2,24.45533,23.680698,24.3778668
2022-12-01 06:00:00,24.4,24.463858,23.993174,24.4167896
2022-12-01 07:00:00,25.2,25.19319,24.52259,25.126130000000003
2022-12-01 08:00:00,26.3,26.00417,25.13161,25.916914
2022-12-01 09:00:00,27.4,26.898142,26.464085,26.8547363
2022-12-01 10:00:00,28.3,27.72465,26.956863,27.6478713
2022-12-01 11:00:00,28.8,27.6207,27.749084,27.6335384
2022-12-01 12:00:00,29.0,27.700396,28.235653,27.7539217
2022-12-01 13:00:00,28.8,27.741138,27.603529,27.7273771
2022-12-01 14:00:00,28.5,27.638666,27.76403,27.6512024
2022-12-01 15:00:00,28.1,27.32783,27.439175,27.3389645
2022-12-01 16:00:00,27.7,26.863214,26.98565,26.875457599999997
2022-12-01 17:00:00,27.2,26.521091,26.473942,26.5163761
2022-12-01 18:00:00,26.8,26.215767,26.059082,26.2000985
2022-12-01 19:00:00,26.5,25.820473,25.547335,25.793159199999998
2022-12-01 20:00:00,26.3,25.849695,25.213041,25.7860296
2022-12-01 21:00:00,26.2,25.909126,25.0391,25.822123400000002
2022-12-01 22:00:00,26.1,25.682568,24.788298,25.593141
2022-12-01 23:00:00,25.9,25.429201,24.669073,25.353188199999998
2022-12-02 00:00:00,25.9,25.070658,24.348324,24.9984246
2022-12-02 01:00:00,25.6,24.854422,23.61841,24.7308208
2022-12-02 02:00:00,25.3,24.69344,23.519966,24.5760926
2022-12-02 03:00:00,25.2,24.425638,23.802841,24.3633583
2022-12-02 04:00:00,25.1,24.352192,23.793962,24.296369
2022-12-02 05:00:00,25.5,24.41962,24.011158,24.378773799999998
2022-12-02 06:00:00,23.8,24.5951,24.477282,24.5833182
2022-12-02 07:00:00,24.3,25.557625,25.029982,25.504860700000002
2022-12-02 08:00:00,25.8,26.214521,25.862625,26.179331400000002
2022-12-02 09:00:00,27.3,27.018286,26.660458,26.9825032
2022-12-02 10:00:00,27.9,27.949589,27.23112,27.8777421
2022-12-02 11:00:00,26.5,27.995657,28.057873,28.0018786
2022-12-02 12:00:00,27.3,28.239977,28.3511,28.2510893
2022-12-02 13:00:00,27.9,28.07879,28.330933,28.1040043
2022-12-02 14:00:00,28.1,27.830456,28.147655,27.8621759
2022-12-02 15:00:00,27.4,27.505018,27.790928,27.533609000000002
2022-12-02 16:00:00,27.1,27.15553,27.202587,27.160235699999998
2022-12-02 17:00:00,24.5,26.766766,26.727945,26.7628839
2022-12-02 18:00:00,25.4,26.542528,26.306215,26.518896700000003
2022-12-02 19:00:00,25.5,26.290962,25.873653,26.2492311
2022-12-02 20:00:00,24.9,26.096659,25.593204,26.0463135
2022-12-02 21:00:00,25.0,25.947147,25.363392,25.8887715
2022-12-02 22:00:00,25.1,25.938116,25.186852,25.862989600000002
2022-12-02 23:00:00,24.3,25.867838,25.042564,25.7853106
2022-12-03 00:00:00,24.4,25.727774,24.855644,25.640560999999998
2022-12-03 01:00:00,24.4,25.343437,24.33195,25.2422883
2022-12-03 02:00:00,24.7,24.955654,24.209671,24.881055699999997
2022-12-03 03:00:00,24.9,24.90015,24.134434,24.8235784
2022-12-03 04:00:00,24.2,24.748363,24.205814,24.6941081
2022-12-03 05:00:00,24.3,24.928604,24.41552,24.877295600000004
2022-12-03 06:00:00,24.3,24.745586,24.800735,24.7511009
2022-12-03 07:00:00,25.1,24.943697,25.098442,24.9591715
2022-12-03 08:00:00,26.3,26.062246,25.479422,26.0039636
2022-12-03 09:00:00,28.2,27.156376,26.36879,27.0776174
2022-12-03 10:00:00,28.7,27.718084,27.569199,27.7031955
2022-12-03 11:00:00,29.0,27.567793,27.915455,27.6025592
2022-12-03 12:00:00,28.8,27.889193,27.543941,27.854667799999998
2022-12-03 13:00:00,28.5,27.842016,28.111301,27.8689445
2022-12-03 14:00:00,28.6,27.985374,27.93408,27.9802446
2022-12-03 15:00:00,28.1,27.529522,27.599419,27.5365117
2022-12-03 16:00:00,27.6,27.374512,27.011126,27.3381734
2022-12-03 17:00:00,27.1,25.86777,26.684557,25.9494487
2022-12-03 18:00:00,26.8,25.416729,25.569899,25.432046
2022-12-03 19:00:00,26.6,25.63786,25.70828,25.644902
2022-12-03 20:00:00,26.5,25.452011,25.205774,25.4273873
2022-12-03 21:00:00,26.5,25.550802,25.05076,25.5007978
2022-12-03 22:00:00,26.0,25.535063,24.738258,25.455382500000002
2022-12-03 23:00:00,25.8,24.947695,24.744469,24.9273724
2022-12-04 00:00:00,25.7,24.968557,24.51415,24.9231163
2022-12-04 01:00:00,25.6,24.826796,24.091864,24.7533028
2022-12-04 02:00:00,25.4,24.572935,24.176657,24.533307200000003
2022-12-04 03:00:00,25.1,24.714828,24.168499,24.6601951
2022-12-04 04:00:00,24.8,24.446114,24.13438,24.4149406
2022-12-04 05:00:00,25.1,24.363852,23.978302,24.325297
2022-12-04 06:00:00,25.3,24.54364,24.400011,24.5292771
2022-12-04 07:00:00,26.6,25.266066,24.548334,25.194292799999996
2022-12-04 08:00:00,27.5,26.075378,25.313087,25.9991489
2022-12-04 09:00:00,28.3,27.41714,26.306543,27.3060803
2022-12-04 10:00:00,28.6,27.57296,27.816051,27.5972691
2022-12-04 11:00:00,28.9,27.471458,28.017931,27.526105299999998
2022-12-04 12:00:00,29.0,27.61779,28.049076,27.6609186
2022-12-04 13:00:00,28.7,27.581429,28.22949,27.6462351
2022-12-04 14:00:00,28.4,27.630106,27.906925,27.6577879
2022-12-04 15:00:00,27.9,27.468485,27.83284,27.5049205
2022-12-04 16:00:00,27.3,26.606178,27.155209,26.661081099999997
2022-12-04 17:00:00,27.0,26.290796,26.742714,26.335987799999998
2022-12-04 18:00:00,26.5,26.208841,26.06268,26.194224900000002
2022-12-04 19:00:00,26.4,26.405443,25.910872,26.355985900000004
2022-12-04 20:00:00,26.3,26.170565,25.594648,26.1129733
2022-12-04 21:00:00,26.1,26.133327,25.396618,26.059656099999998
2022-12-04 22:00:00,25.9,25.958372,25.289211,25.891455900000004
2022-12-04 23:00:00,25.4,25.710714,24.898739,25.629516499999998
2022-12-05 00:00:00,25.0,25.383154,24.767006,25.321539200000004
2022-12-05 01:00:00,24.6,25.29507,24.31498,25.197060999999998
2022-12-05 02:00:00,24.4,25.05706,24.340534,24.9854074
2022-12-05 03:00:00,24.2,24.863857,24.336111,24.8110824
2022-12-05 04:00:00,23.9,24.8063,24.297722,24.7554422
2022-12-05 05:00:00,24.7,24.930431,24.242308,24.8616187
2022-12-05 06:00:00,24.8,24.922089,24.879265,24.917806600000002
2022-12-05 07:00:00,25.8,25.823431,25.299843,25.7710722
2022-12-05 08:00:00,27.1,26.711006,26.30542,26.6704474
2022-12-05 09:00:00,27.9,27.67113,27.126823,27.616699300000004
2022-12-05 10:00:00,28.3,28.028187,27.939243,28.0192926
2022-12-05 11:00:00,28.6,28.295958,28.256775,28.292039699999997
2022-12-05 12:00:00,28.6,28.238111,28.527819,28.2670818
2022-12-05 13:00:00,28.7,27.915611,28.530193,27.9770692
2022-12-05 14:00:00,28.4,27.657915,28.151691,27.7072926
2022-12-05 15:00:00,27.6,27.270996,27.953222,27.339218600000002
2022-12-05 16:00:00,26.9,26.354883,27.284508,26.4478455
2022-12-05 17:00:00,26.4,26.257895,26.841085,26.316214000000002
2022-12-05 18:00:00,26.2,26.104013,26.435322,26.137143899999998
2022-12-05 19:00:00,25.8,26.037304,26.0093,26.034503599999997
2022-12-05 20:00:00,25.6,26.007904,25.80924,25.9880376
2022-12-05 21:00:00,25.2,25.961971,25.617458,25.9275197
2022-12-05 22:00:00,24.8,25.910639,25.387972,25.8583723
2022-12-05 23:00:00,24.8,25.420753,25.103817,25.3890594
2022-12-06 00:00:00,24.7,24.991348,24.806334,24.972846599999997
2022-12-06 01:00:00,24.4,24.581259,24.107183,24.5338514
2022-12-06 02:00:00,24.0,24.220253,24.033945,24.201622200000003
2022-12-06 03:00:00,23.7,24.219467,24.028069,24.2003272
2022-12-06 04:00:00,23.5,24.070177,24.005682,24.0637275
2022-12-06 05:00:00,23.3,24.338572,24.337597,24.3384745
2022-12-06 06:00:00,23.3,24.330982,24.873346,24.3852184
2022-12-06 07:00:00,24.2,25.414948,25.179615,25.3914147
2022-12-06 08:00:00,25.2,26.653803,26.014404,26.5898631
2022-12-06 09:00:00,26.2,27.212801,27.155848,27.2071057
2022-12-06 10:00:00,26.5,27.743793,27.788832,27.7482969
2022-12-06 11:00:00,26.9,27.30049,28.21658,27.392098999999998
2022-12-06 12:00:00,27.5,27.264786,28.48591,27.3868984
2022-12-06 13:00:00,27.7,27.28541,28.51392,27.408261
2022-12-06 14:00:00,27.4,26.93332,28.31459,27.071447
2022-12-06 15:00:00,26.8,26.485922,27.910408,26.628370599999997
2022-12-06 16:00:00,26.2,25.906855,27.227612,26.0389307
2022-12-06 17:00:00,25.6,25.525503,26.652058,25.6381585
2022-12-06 18:00:00,25.3,25.356186,26.322954,25.452862800000002
2022-12-06 19:00:00,25.2,25.460947,25.812677,25.496119999999998
2022-12-06 20:00:00,25.0,25.435911,25.484661,25.440786
2022-12-06 21:00:00,24.9,25.15173,25.272678,25.1638248
2022-12-06 22:00:00,24.4,24.948647,24.969051,24.9506874
2022-12-06 23:00:00,23.9,24.808304,24.640522,24.791525800000002
2022-12-07 00:00:00,23.5,24.41191,24.538507,24.4245697
2022-12-07 01:00:00,23.1,24.422747,23.959604,24.376432700000002
2022-12-07 02:00:00,22.7,24.167145,24.13138,24.1635685
2022-12-07 03:00:00,22.8,24.074577,24.110842,24.0782035
2022-12-07 04:00:00,23.1,23.887196,24.036379,23.9021143
2022-12-07 05:00:00,23.3,23.491728,24.106005,23.553155699999998
2022-12-07 06:00:00,23.5,23.61924,24.4576,23.703076000000003
2022-12-07 07:00:00,24.0,24.322622,24.96781,24.387140799999997
2022-12-07 08:00:00,24.6,25.835257,25.851488,25.8368801
2022-12-07 09:00:00,24.7,25.567347,26.741673,25.684779600000002
2022-12-07 10:00:00,25.0,26.562555,27.033792,26.6096787
2022-12-07 11:00:00,24.4,26.440405,27.826073,26.578971799999998
2022-12-07 12:00:00,24.9,26.71879,27.777561,26.824667099999996
2022-12-07 13:00:00,23.4,26.667034,28.036936,26.8040242
2022-12-07 14:00:00,23.3,26.506693,28.007505,26.656774199999997
2022-12-07 15:00:00,22.1,26.543415,27.511116,26.640185099999997
2022-12-07 16:00:00,21.3,25.68091,27.251938,25.8380128
2022-12-07 17:00:00,21.4,24.823717,26.699848,25.0113301
2022-12-07 18:00:00,21.7,24.581398,25.8271,24.7059682
2022-12-07 19:00:00,22.0,24.402857,25.757553,24.5383266
2022-12-07 20:00:00,22.6,24.628967,25.240463,24.6901166
2022-12-07 21:00:00,23.0,24.626665,25.281986,24.692197099999998
2022-12-07 22:00:00,22.9,24.494106,24.914564,24.5361518
2022-12-07 23:00:00,21.5,24.187717,24.672634,24.2362087
2022-12-08 00:00:00,21.8,23.940397,24.369833,23.9833406
2022-12-08 01:00:00,21.0,23.659786,23.752003,23.6690077
2022-12-08 02:00:00,21.7,23.248178,23.580776,23.2814378
2022-12-08 03:00:00,20.4,23.370241,23.63613,23.3968299
2022-12-08 04:00:00,21.1,23.924423,23.943726,23.926353300000002
2022-12-08 05:00:00,22.9,23.884401,24.226469,23.9186078
2022-12-08 06:00:00,22.5,23.744823,24.420761,23.8124168
2022-12-08 07:00:00,23.0,24.163803,24.940666,24.2414893
2022-12-08 08:00:00,23.9,25.092102,25.588385,25.141730300000003
2022-12-08 09:00:00,23.5,25.75863,26.479445,25.8307115
2022-12-08 10:00:00,23.4,26.39686,27.050953,26.4622693
2022-12-08 11:00:00,25.2,25.942406,27.392834,26.087448799999997
2022-12-08 12:00:00,24.0,26.665953,27.205086,26.719866299999996
2022-12-08 13:00:00,24.0,26.0376,27.685452,26.2023852
2022-12-08 14:00:00,24.1,26.393877,26.430546,26.3975439
2022-12-08 15:00:00,23.8,25.233164,26.540894,25.363937
2022-12-08 16:00:00,23.9,24.473372,25.771988,24.603233600000003
2022-12-08 17:00:00,23.8,23.704212,25.22054,23.8558448
2022-12-08 18:00:00,23.8,23.154943,25.07283,23.3467317
2022-12-08 19:00:00,23.8,22.658066,24.825201,22.8747795
2022-12-08 20:00:00,23.9,23.879435,24.629173,23.954408800000003
2022-12-08 21:00:00,24.4,24.00673,24.626575,24.0687145
2022-12-08 22:00:00,24.4,24.04404,24.219225,24.0615585
2022-12-08 23:00:00,25.1,23.414913,24.095896,23.4830113
2022-12-09 00:00:00,25.6,23.208233,23.663195,23.2537292
2022-12-09 01:00:00,25.4,23.808783,23.514015,23.7793062
2022-12-09 02:00:00,24.3,23.63507,23.070179,23.5785809
2022-12-09 03:00:00,23.4,23.585005,23.474981,23.5740026
2022-12-09 04:00:00,23.2,23.41643,22.870522,23.3618392
2022-12-09 05:00:00,23.9,23.98519,23.559885,23.942659499999998
2022-12-09 06:00:00,23.8,24.42571,23.737816,24.356920599999995
2022-12-09 07:00:00,23.8,25.016542,23.687263,24.8836141
2022-12-09 08:00:00,23.9,25.547838,24.283482,25.421402399999998
2022-12-09 09:00:00,24.0,25.239939,25.429146,25.2588597
2022-12-09 10:00:00,24.5,25.51461,25.085178,25.4716668
2022-12-09 11:00:00,25.8,27.166275,25.355324,26.9851799
2022-12-09 12:00:00,26.5,26.933605,26.377605,26.878004999999998
2022-12-09 13:00:00,26.4,26.785875,25.608002,26.6680877
2022-12-09 14:00:00,26.7,27.044662,25.51116,26.8913118
2022-12-09 15:00:00,26.7,27.146383,25.669304,26.9986751
2022-12-09 16:00:00,26.2,27.126389,25.095284,26.923278500000002
2022-12-09 17:00:00,24.9,26.329365,24.986597,26.1950882
2022-12-09 18:00:00,24.1,26.180563,24.881208,26.0506275
2022-12-09 19:00:00,24.1,26.198475,24.681776,26.0468051
2022-12-09 20:00:00,24.4,26.329967,24.804008,26.1773711
2022-12-09 21:00:00,24.7,26.210869,24.535732,26.0433553
2022-12-09 22:00:00,24.8,26.3082,24.846855,26.162065499999997
2022-12-09 23:00:00,25.2,25.448841,24.59453,25.3634099
2022-12-10 00:00:00,25.4,25.103765,24.358059,25.029194399999998
2022-12-10 01:00:00,25.0,25.111422,24.185059,25.018785700000002
2022-12-10 02:00:00,24.6,24.784773,23.685656,24.674861300000003
2022-12-10 03:00:00,23.7,24.61147,23.88689,24.539012
2022-12-10 04:00:00,23.7,24.168097,23.938633,24.1451506
2022-12-10 05:00:00,23.4,24.106768,24.388405,24.134931699999996
2022-12-10 06:00:00,23.3,24.35599,24.63941,24.384331999999997
2022-12-10 07:00:00,23.8,24.676558,25.20799,24.7297012
2022-12-10 08:00:00,24.7,25.28881,25.497898,25.309718800000002
2022-12-10 09:00:00,25.3,25.73106,26.07838,25.765791999999998
2022-12-10 10:00:00,25.3,26.092634,26.499119,26.1332825
2022-12-10 11:00:00,25.8,26.823566,27.215258,26.8627352
2022-12-10 12:00:00,26.0,27.057775,28.161375,27.168135
2022-12-10 13:00:00,26.2,27.027456,27.96761,27.1214714
2022-12-10 14:00:00,26.4,27.392296,27.784847,27.431551100000004
2022-12-10 15:00:00,26.5,27.444614,27.852596,27.485412200000003
2022-12-10 16:00:00,26.3,26.545872,27.417969,26.6330817
2022-12-10 17:00:00,25.1,25.94172,26.887579,26.0363059
2022-12-10 18:00:00,24.8,25.185013,26.163654,25.2828771
2022-12-10 19:00:00,24.5,24.797926,25.66557,24.8846904
2022-12-10 20:00:00,24.2,24.503172,25.424809,24.5953357
2022-12-10 21:00:00,24.5,24.735561,25.334896,24.7954945
2022-12-10 22:00:00,24.7,24.821653,25.328823,24.872370000000004
2022-12-10 23:00:00,24.3,25.020773,25.251366,25.0438323
2022-12-11 00:00:00,23.9,24.879402,25.368223,24.9282841
2022-12-11 01:00:00,24.1,24.658367,25.01529,24.6940593
2022-12-11 02:00:00,24.1,24.376102,24.842876,24.4227794
2022-12-11 03:00:00,24.0,24.173672,24.697744,24.226079199999997
2022-12-11 04:00:00,24.0,24.462542,24.524555,24.4687433
2022-12-11 05:00:00,24.4,24.279762,24.78839,24.330624800000002
2022-12-11 06:00:00,24.6,23.963993,24.901766,24.057770299999998
2022-12-11 07:00:00,25.2,24.479254,25.287773,24.560105900000003
2022-12-11 08:00:00,25.9,25.62512,25.831903,25.6457983
2022-12-11 09:00:00,25.1,26.224344,26.43801,26.2457106
2022-12-11 10:00:00,25.5,26.364485,27.068325,26.434869
2022-12-11 11:00:00,25.6,26.647762,27.1432,26.697305800000002
2022-12-11 12:00:00,25.4,26.748146,27.738852,26.8472166
2022-12-11 13:00:00,25.8,26.583834,27.638361,26.6892867
2022-12-11 14:00:00,26.0,26.930975,27.695435,27.007421
2022-12-11 15:00:00,25.5,26.794268,27.52553,26.8673942
2022-12-11 16:00:00,25.4,26.575247,27.08031,26.6257533
2022-12-11 17:00:00,25.7,25.517323,26.680115,25.6336022
2022-12-11 18:00:00,25.2,25.32013,25.775764,25.365693399999998
2022-12-11 19:00:00,24.7,25.26607,25.484558,25.2879188
2022-12-11 20:00:00,24.9,24.936531,24.930042,24.9358821
2022-12-11 21:00:00,24.8,25.002695,24.936716,24.9960971
2022-12-11 22:00:00,24.5,25.064198,25.054884,25.063266600000002
2022-12-11 23:00:00,24.4,24.616055,25.02195,24.6566445
2022-12-12 00:00:00,24.7,24.57122,24.82648,24.596746000000003
2022-12-12 01:00:00,24.4,24.544226,24.441,24.533903399999996
2022-12-12 02:00:00,24.2,24.377224,24.397903,24.3792919
2022-12-12 03:00:00,23.7,24.2769,24.521751,24.3013851
2022-12-12 04:00:00,23.4,24.19795,24.525188,24.230673799999998
2022-12-12 05:00:00,24.9,24.260586,24.635662,24.298093599999998
2022-12-12 06:00:00,25.1,24.45526,25.210999,24.530833899999998
2022-12-12 07:00:00,25.7,25.314363,25.483967,25.331323400000002
2022-12-12 08:00:00,26.8,25.86997,26.051998,25.8881728
2022-12-12 09:00:00,27.7,26.116291,26.833897,26.1880516
2022-12-12 10:00:00,28.1,26.671394,26.752506,26.679505199999998
2022-12-12 11:00:00,28.5,26.897156,27.525787,26.9600191
2022-12-12 12:00:00,28.5,27.234978,27.573154,27.2687956
2022-12-12 13:00:00,28.4,27.135975,27.700361,27.1924136
2022-12-12 14:00:00,28.2,26.616953,27.772438,26.7325015
2022-12-12 15:00:00,27.7,26.636713,27.474792,26.7205209
2022-12-12 16:00:00,27.3,26.325647,27.15515,26.4085973
2022-12-12 17:00:00,26.5,25.744738,26.624657,25.8327299
2022-12-12 18:00:00,25.8,25.512714,26.580177,25.619460299999997
2022-12-12 19:00:00,25.4,25.12161,25.911871,25.2006361
2022-12-12 20:00:00,25.0,25.189047,25.586252,25.228767499999996
2022-12-12 21:00:00,24.5,25.026312,25.425922,25.066273000000002
2022-12-12 22:00:00,24.1,24.934444,25.21278,24.9622776
2022-12-12 23:00:00,23.8,24.810104,24.851994,24.814293
2022-12-13 00:00:00,24.2,24.89909,24.92028,24.901209
2022-12-13 01:00:00,25.2,24.66965,24.472996,24.649984600000003
2022-12-13 02:00:00,23.4,24.463827,24.532166,24.4706609
2022-12-13 03:00:00,22.9,24.35455,24.521015,24.371196499999996
2022-12-13 04:00:00,22.8,23.972971,24.550903,24.0307642
2022-12-13 05:00:00,23.5,24.064936,24.670052,24.125447599999998
2022-12-13 06:00:00,23.2,24.737848,25.292768,24.793339999999997
2022-12-13 07:00:00,24.6,25.405334,25.500338,25.414834399999997
2022-12-13 08:00:00,26.1,26.374853,26.211327,26.358500400000004
2022-12-13 09:00:00,27.4,27.201454,27.228783,27.204186899999996
2022-12-13 10:00:00,28.0,27.752924,27.708492,27.748480800000003
2022-12-13 11:00:00,28.3,28.04634,28.16274,28.05798
2022-12-13 12:00:00,28.4,28.032,28.474163,28.0762163
2022-12-13 13:00:00,28.4,27.976162,28.350996,28.013645399999998
2022-12-13 14:00:00,28.3,27.985928,28.24252,28.0115872
2022-12-13 15:00:00,27.9,27.42471,27.980885,27.4803275
2022-12-13 16:00:00,27.4,27.122997,27.383753,27.1490726
2022-12-13 17:00:00,26.4,26.46272,27.028187,26.5192667
2022-12-13 18:00:00,26.1,25.893467,26.500862,25.9542065
2022-12-13 19:00:00,25.9,25.622028,25.964525,25.6562777
2022-12-13 20:00:00,25.5,25.310059,25.551722,25.3342253
2022-12-13 21:00:00,24.9,25.114162,25.298588,25.1326046
2022-12-13 22:00:00,24.0,24.797401,24.881653,24.8058262
2022-12-13 23:00:00,23.3,24.610086,24.607067,24.6097841
2022-12-14 00:00:00,22.8,24.708675,24.591549,24.696962399999997
2022-12-14 01:00:00,22.8,24.778316,24.34534,24.7350184
2022-12-14 02:00:00,22.3,24.16931,24.410866,24.1934656
2022-12-14 03:00:00,22.3,23.385258,23.422503,23.3889825
2022-12-14 04:00:00,22.7,23.383673,23.427315,23.388037200000003
2022-12-14 05:00:00,22.7,23.605392,23.872765,23.6321293
2022-12-14 06:00:00,23.1,23.698944,24.497406,23.7787902
2022-12-14 07:00:00,24.1,24.527386,24.588247,24.533472099999997
2022-12-14 08:00:00,25.5,26.125853,25.347218,26.0479895
2022-12-14 09:00:00,26.5,27.51893,26.458977,27.4129347
2022-12-14 10:00:00,27.0,27.767056,27.64295,27.7546454
2022-12-14 11:00:00,27.4,27.982225,27.986446,27.9826471
2022-12-14 12:00:00,27.6,28.05422,28.219442,28.0707422
2022-12-14 13:00:00,27.6,28.042414,28.22385,28.060557600000003
2022-12-14 14:00:00,27.4,27.89009,28.106134,27.911694400000002
2022-12-14 15:00:00,27.0,27.619356,27.82022,27.639442399999997
2022-12-14 16:00:00,26.3,27.139088,27.276693,27.1528485
2022-12-14 17:00:00,25.7,26.483196,26.797197,26.5145961
2022-12-14 18:00:00,24.6,25.986403,26.132807,26.0010434
2022-12-14 19:00:00,23.9,25.969631,25.63691,25.9363589
2022-12-14 20:00:00,23.5,25.639383,25.329567,25.608401399999998
2022-12-14 21:00:00,23.0,25.044035,25.107372,25.0503687
2022-12-14 22:00:00,22.3,24.569023,24.578163,24.569937000000003
2022-12-14 23:00:00,22.3,23.753143,24.048641,23.7826928
2022-12-15 00:00:00,22.2,23.412212,23.97116,23.4681068
2022-12-15 01:00:00,21.8,23.471462,23.406433,23.464959099999998
2022-12-15 02:00:00,21.4,23.086033,23.601244,23.137554100000003
2022-12-15 03:00:00,21.3,22.676266,23.288116,22.737450999999997
2022-12-15 04:00:00,21.3,23.05492,23.546543,23.104082299999998
2022-12-15 05:00:00,21.4,22.701998,23.954313,22.827229499999998
2022-12-15 06:00:00,21.3,23.155054,24.029446,23.2424932
2022-12-15 07:00:00,22.2,24.465794,24.575909,24.476805499999998
2022-12-15 08:00:00,24.3,25.429794,25.500832,25.4368978
2022-12-15 09:00:00,26.1,26.51254,26.271791,26.488465100000003
2022-12-15 10:00:00,27.1,27.240047,27.28802,27.2448443
2022-12-15 11:00:00,27.6,27.427734,27.657238,27.4506844
2022-12-15 12:00:00,27.9,27.799223,27.934593,27.81276
2022-12-15 13:00:00,28.0,27.786303,28.188118,27.8264845
2022-12-15 14:00:00,27.8,27.495245,27.991219,27.5448424
2022-12-15 15:00:00,27.3,27.199152,27.544168,27.2336536
2022-12-15 16:00:00,26.6,26.672983,27.042309,26.7099156
2022-12-15 17:00:00,26.2,25.71197,26.460625,25.786835500000002
2022-12-15 18:00:00,25.6,25.059061,25.790453,25.1322002
2022-12-15 19:00:00,25.1,24.603037,25.07534,24.6502673
2022-12-15 20:00:00,24.8,23.771357,24.700022,23.864223499999998
2022-12-15 21:00:00,24.3,23.46263,24.385353,23.5549023
2022-12-15 22:00:00,23.8,23.219318,23.992231,23.296609300000004
2022-12-15 23:00:00,23.2,23.117813,23.617218,23.167753500000003
2022-12-16 00:00:00,23.0,23.077658,23.703949,23.140287100000002
2022-12-16 01:00:00,22.8,22.489859,23.119156,22.552788699999997
2022-12-16 02:00:00,22.7,22.500175,23.06785,22.556942499999998
2022-12-16 03:00:00,22.6,22.172668,23.034218,22.258823
2022-12-16 04:00:00,22.6,22.412918,23.243431,22.495969300000002
2022-12-16 05:00:00,23.0,22.357576,23.429878,22.4648062
2022-12-16 06:00:00,23.2,22.474022,23.748348,22.6014546
2022-12-16 07:00:00,24.4,22.789413,24.118698,22.922341499999998
2022-12-16 08:00:00,26.1,24.63224,25.042507,24.6732667
2022-12-16 09:00:00,27.4,26.375414,26.312355,26.3691081
2022-12-16 10:00:00,28.0,27.27822,26.76792,27.22719
2022-12-16 11:00:00,28.1,27.679941,27.379826,27.6499295
2022-12-16 12:00:00,28.3,27.832216,27.805065,27.829500899999996
2022-12-16 13:00:00,28.3,27.806425,27.953867,27.8211692
2022-12-16 14:00:00,28.1,27.540499,27.853714,27.5718205
2022-12-16 15:00:00,27.7,27.19713,27.473488,27.2247658
2022-12-16 16:00:00,27.0,26.675465,26.897741,26.697692599999996
2022-12-16 17:00:00,26.5,26.248194,26.200617,26.243436300000003
2022-12-16 18:00:00,25.8,25.676868,25.779442,25.6871254
2022-12-16 19:00:00,25.6,25.351824,25.075182,25.3241598
2022-12-16 20:00:00,25.6,25.13182,24.735857,25.092223699999998
2022-12-16 21:00:00,25.5,25.113848,24.431808,25.045644000000003
2022-12-16 22:00:00,25.3,24.705328,24.07518,24.6423132
2022-12-16 23:00:00,25.0,24.423782,23.969398,24.378343599999997
2022-12-17 00:00:00,24.8,24.142128,23.764475,24.104362700000003
2022-12-17 01:00:00,24.7,23.938156,23.21526,23.865866399999998
2022-12-17 02:00:00,24.3,23.473347,23.213772,23.4473895
2022-12-17 03:00:00,24.1,22.915945,23.253044,22.949654900000002
2022-12-17 04:00:00,23.9,22.783327,23.30938,22.8359323
2022-12-17 05:00:00,24.3,23.114204,23.514988,23.1542824
2022-12-17 06:00:00,24.2,23.550148,23.856853,23.5808185
2022-12-17 07:00:00,25.2,24.541239,24.342579,24.521373
2022-12-17 08:00:00,25.0,25.844957,25.295673,25.790028600000003
2022-12-17 09:00:00,27.0,26.92088,26.220634,26.8508554
2022-12-17 10:00:00,27.4,27.562777,27.442238,27.550723100000003
2022-12-17 11:00:00,27.8,27.758692,27.932487,27.7760715
2022-12-17 12:00:00,27.8,27.858273,28.095808,27.8820265
2022-12-17 13:00:00,27.7,27.766787,28.164452,27.806553500000003
2022-12-17 14:00:00,27.5,27.69259,27.932705,27.7166015
2022-12-17 15:00:00,27.1,27.368279,27.595066,27.3909577
2022-12-17 16:00:00,26.6,26.935085,27.089394,26.9505159
2022-12-17 17:00:00,26.1,26.373196,26.477951,26.383671500000002
2022-12-17 18:00:00,25.8,25.699701,25.975315,25.7272624
2022-12-17 19:00:00,25.5,25.522354,25.471556,25.5172742
2022-12-17 20:00:00,25.2,25.379183,25.192013,25.360466
2022-12-17 21:00:00,25.1,25.306932,25.02679,25.278917800000002
2022-12-17 22:00:00,25.1,25.159988,24.842915,25.128280699999998
2022-12-17 23:00:00,24.9,25.091436,24.600252,25.042317600000004
2022-12-18 00:00:00,24.9,24.84428,24.341333,24.7939853
2022-12-18 01:00:00,24.6,24.731695,23.827675,24.641292999999997
2022-12-18 02:00:00,24.2,24.355362,23.829573,24.3027831
2022-12-18 03:00:00,23.8,24.403517,23.73751,24.3369163
2022-12-18 04:00:00,23.5,24.263117,23.742516,24.211056900000003
2022-12-18 05:00:00,23.6,24.351368,23.876038,24.303835000000003
2022-12-18 06:00:00,23.9,24.526289,24.303501,24.504010199999996
2022-12-18 07:00:00,24.8,25.113993,24.679491,25.0705428
2022-12-18 08:00:00,26.4,25.415478,25.7384,25.4477702
2022-12-18 09:00:00,27.4,26.60636,26.031897,26.548913699999996
2022-12-18 10:00:00,28.1,27.132952,27.716228,27.191279599999998
2022-12-18 11:00:00,28.4,27.420307,27.811213,27.4593976
2022-12-18 12:00:00,28.0,27.328085,28.200659,27.4153424
2022-12-18 13:00:00,28.0,27.268007,28.156458,27.3568521
2022-12-18 14:00:00,27.5,27.143532,27.956877,27.2248665
2022-12-18 15:00:00,27.4,27.034792,27.693165,27.100629299999998
2022-12-18 16:00:00,26.7,26.4319,27.178385,26.506548499999997
2022-12-18 17:00:00,26.2,25.816025,26.70712,25.9051345
2022-12-18 18:00:00,26.0,25.288654,26.25333,25.385121599999998
2022-12-18 19:00:00,26.0,25.200552,25.836222,25.264119
2022-12-18 20:00:00,25.9,24.933584,25.497564,24.989982
2022-12-18 21:00:00,26.0,24.892271,25.33168,24.9362119
2022-12-18 22:00:00,25.6,24.849733,25.193977,24.8841574
2022-12-18 23:00:00,25.4,24.735523,25.07782,24.7697527
2022-12-19 00:00:00,25.0,24.601984,24.871937,24.6289793
2022-12-19 01:00:00,24.5,24.26351,24.367064,24.2738654
2022-12-19 02:00:00,23.9,23.809341,24.240253,23.8524322
2022-12-19 03:00:00,23.5,23.666931,24.16855,23.7170929
2022-12-19 04:00:00,23.2,23.42125,24.068573,23.4859823
2022-12-19 05:00:00,22.9,23.374567,24.154264,23.452536699999996
2022-12-19 06:00:00,22.5,23.609362,24.573586,23.7057844
2022-12-19 07:00:00,23.1,24.367228,24.927042,24.4232094
2022-12-19 08:00:00,24.9,25.476614,25.696213,25.498573900000004
2022-12-19 09:00:00,26.5,27.045351,26.789455,27.0197614
2022-12-19 10:00:00,27.2,27.679834,27.784256,27.6902762
2022-12-19 11:00:00,27.5,27.759903,28.19641,27.803553700000002
2022-12-19 12:00:00,27.6,27.09933,28.365852,27.225982199999997
2022-12-19 13:00:00,27.7,27.30454,28.159729,27.3900589
2022-12-19 14:00:00,27.3,26.388737,28.003403,26.5502036
2022-12-19 15:00:00,26.8,26.29981,27.532543,26.4230833
2022-12-19 16:00:00,26.2,25.749144,27.255981,25.8998277
2022-12-19 17:00:00,26.1,25.452587,26.57432,25.564760300000003
2022-12-19 18:00:00,25.8,25.22989,26.045137,25.3114147
2022-12-19 19:00:00,25.6,25.285156,25.803913,25.3370317
2022-12-19 20:00:00,25.3,25.21868,25.484423,25.2452543
2022-12-19 21:00:00,25.2,25.188261,25.262518,25.195686700000003
2022-12-19 22:00:00,25.3,25.125488,25.208542,25.1337934
2022-12-19 23:00:00,25.4,24.853827,24.92923,24.861367299999998
2022-12-20 00:00:00,25.2,24.764809,24.738651,24.7621932
2022-12-20 01:00:00,24.6,24.31117,24.048483,24.2849013
2022-12-20 02:00:00,24.4,24.180195,24.092638,24.171439300000003
2022-12-20 03:00:00,24.2,23.717567,24.004951,23.7463054
2022-12-20 04:00:00,23.7,23.446836,23.983135,23.500465900000002
2022-12-20 05:00:00,23.5,23.268003,24.061512,23.3473539
2022-12-20 06:00:00,23.4,23.328815,24.201996,23.4161331
2022-12-20 07:00:00,23.8,23.48168,24.530037,23.5865157
2022-12-20 08:00:00,24.8,25.628359,25.347694,25.6002925
2022-12-20 09:00:00,26.2,26.132828,26.580605,26.177605699999997
2022-12-20 10:00:00,27.4,26.728582,27.224697,26.778193499999997
2022-12-20 11:00:00,28.1,26.750868,27.595478,26.835329
2022-12-20 12:00:00,28.2,26.685099,27.882881,26.8048772
2022-12-20 13:00:00,28.1,27.391098,27.874107,27.4393989
2022-12-20 14:00:00,27.8,26.931377,27.812576,27.0194969
2022-12-20 15:00:00,27.4,26.216805,27.275957,26.3227202
2022-12-20 16:00:00,26.5,25.931732,26.926826,26.0312414
2022-12-20 17:00:00,25.8,25.806078,26.34164,25.8596342
2022-12-20 18:00:00,25.1,25.43868,26.04826,25.499638
2022-12-20 19:00:00,24.9,25.32297,25.645351,25.355208100000002
2022-12-20 20:00:00,24.6,25.093767,25.362358,25.1206261
2022-12-20 21:00:00,24.4,25.152403,25.124485,25.149611200000002
2022-12-20 22:00:00,24.2,25.022804,24.957165,25.0162401
2022-12-20 23:00:00,24.1,24.93536,24.79139,24.920963
2022-12-21 00:00:00,23.9,24.820988,24.683142,24.8072034
2022-12-21 01:00:00,23.6,24.42349,24.003574,24.3814984
2022-12-21 02:00:00,23.5,24.112543,23.840942,24.0853829
2022-12-21 03:00:00,23.4,23.954166,23.834183,23.9421677
2022-12-21 04:00:00,23.4,23.82629,23.784685,23.822129500000003
2022-12-21 05:00:00,24.4,23.553303,24.034176,23.6013903
2022-12-21 06:00:00,24.4,23.45163,24.283926,23.5348596
2022-12-21 07:00:00,24.7,24.083122,24.556763,24.1304861
2022-12-21 08:00:00,26.0,24.447632,25.236504,24.526519199999996
2022-12-21 09:00:00,27.0,25.934414,25.872137,25.9281863
2022-12-21 10:00:00,27.3,26.16035,26.964188,26.2407338
2022-12-21 11:00:00,27.9,27.124912,27.643341,27.1767549
2022-12-21 12:00:00,27.9,27.176226,28.055777,27.264181100000002
2022-12-21 13:00:00,27.9,27.280622,28.09479,27.3620388
2022-12-21 14:00:00,27.8,27.23685,27.88558,27.301723
2022-12-21 15:00:00,27.3,26.221298,27.55801,26.3549692
2022-12-21 16:00:00,26.8,25.350922,27.128147,25.5286445
2022-12-21 17:00:00,26.5,25.112026,26.356226,25.236445999999997
2022-12-21 18:00:00,26.1,24.662487,25.848156,24.7810539
2022-12-21 19:00:00,25.7,24.96481,25.361982,25.0045272
2022-12-21 20:00:00,25.5,24.744745,25.079113,24.778181800000002
2022-12-21 21:00:00,25.2,24.441515,24.75927,24.473290499999997
2022-12-21 22:00:00,24.9,24.254816,24.623112,24.2916456
2022-12-21 23:00:00,24.6,24.26273,24.416193,24.278076300000002
2022-12-22 00:00:00,24.4,23.748644,24.362812,23.8100608
2022-12-22 01:00:00,23.8,23.475937,23.71502,23.499845299999997
2022-12-22 02:00:00,23.4,23.288012,23.620663,23.321277099999996
2022-12-22 03:00:00,23.0,23.19993,23.854256,23.265362599999996
2022-12-22 04:00:00,22.7,23.263973,23.673523,23.304928
2022-12-22 05:00:00,22.8,23.917019,24.051138,23.930430899999998
2022-12-22 06:00:00,22.9,24.123453,24.668924,24.178000100000002
2022-12-22 07:00:00,23.7,24.35987,24.854923,24.4093753
2022-12-22 08:00:00,24.9,25.455145,25.305584,25.440188900000003
2022-12-22 09:00:00,25.8,26.319817,26.601725,26.348007799999998
2022-12-22 10:00:00,26.8,26.540966,27.42471,26.6293404
2022-12-22 11:00:00,26.7,26.927715,27.795353,27.0144788
2022-12-22 12:00:00,27.5,26.836924,28.229254,26.976157
2022-12-22 13:00:00,27.9,26.776968,28.112823,26.9105535
2022-12-22 14:00:00,27.7,26.601511,27.90123,26.731482899999996
2022-12-22 15:00:00,27.2,26.330353,27.689116,26.4662293
2022-12-22 16:00:00,26.5,25.825693,27.140625,25.957186200000002
2022-12-22 17:00:00,25.9,25.545458,26.593662,25.650278399999998
2022-12-22 18:00:00,25.6,25.373484,26.183254,25.454461000000002
2022-12-22 19:00:00,25.4,25.076374,25.717262,25.1404628
2022-12-22 20:00:00,25.2,24.906479,25.330105,24.9488416
2022-12-22 21:00:00,25.1,24.707142,25.13464,24.7498918
2022-12-22 22:00:00,25.0,24.595926,24.865849,24.6229183
2022-12-22 23:00:00,24.8,24.37362,24.643171,24.400575099999998
2022-12-23 00:00:00,24.7,23.96647,24.485205,24.018343500000004
2022-12-23 01:00:00,24.3,24.41555,24.098938,24.383888799999998
2022-12-23 02:00:00,23.9,23.811338,23.99841,23.830045199999997
2022-12-23 03:00:00,23.7,23.442717,23.897848,23.488230099999996
2022-12-23 04:00:00,23.3,23.195654,23.945847,23.270673300000002
2022-12-23 05:00:00,23.2,23.145723,24.098011,23.2409518
2022-12-23 06:00:00,23.2,23.47184,24.523987,23.5770547
2022-12-23 07:00:00,23.9,24.320232,24.835077,24.3717165
2022-12-23 08:00:00,25.1,25.687191,25.7109,25.689561899999998
2022-12-23 09:00:00,27.1,26.0062,26.59293,26.064873
2022-12-23 10:00:00,27.6,26.28788,27.338747,26.392966700000002
2022-12-23 11:00:00,28.2,26.725359,27.502636,26.8030867
2022-12-23 12:00:00,28.2,27.00075,27.389187,27.0395937
2022-12-23 13:00:00,28.1,27.275488,27.951147,27.343053899999997
2022-12-23 14:00:00,27.6,27.089241,27.846716,27.1649885
2022-12-23 15:00:00,27.3,26.725388,27.512089,26.8040581
2022-12-23 16:00:00,26.9,25.408266,26.985497,25.565989100000003
2022-12-23 17:00:00,26.1,25.311617,26.505093,25.4309646
2022-12-23 18:00:00,25.7,24.979774,26.010965,25.0828931
2022-12-23 19:00:00,24.6,24.964931,25.626217,25.0310596
2022-12-23 20:00:00,24.2,24.866047,25.293495,24.908791799999996
2022-12-23 21:00:00,24.0,24.721151,25.088108,24.757846699999998
2022-12-23 22:00:00,24.3,24.53017,24.864216,24.5635746
2022-12-23 23:00:00,24.4,24.430374,24.67673,24.455009600000004
2022-12-24 00:00:00,24.3,24.179182,24.472805,24.2085443
2022-12-24 01:00:00,24.5,23.986725,24.181774,24.0062299
2022-12-24 02:00:00,24.5,23.8628,24.003893,23.8769093
2022-12-24 03:00:00,24.4,23.92583,23.912132,23.924460200000002
2022-12-24 04:00:00,24.3,23.44217,23.965155,23.4944685
2022-12-24 05:00:00,24.5,23.349045,23.939743,23.4081148
2022-12-24 06:00:00,24.1,23.512537,24.281918,23.589475099999998
2022-12-24 07:00:00,24.3,24.20924,24.659813,24.2542973
2022-12-24 08:00:00,25.1,25.401152,25.485233,25.4095601
2022-12-24 09:00:00,25.9,25.976812,26.4161,26.0207408
2022-12-24 10:00:00,26.6,26.810867,27.394356,26.8692159
2022-12-24 11:00:00,26.5,27.602482,27.537214,27.5959552
2022-12-24 12:00:00,26.8,27.29445,28.026144,27.367619400000002
2022-12-24 13:00:00,27.0,27.60754,28.038794,27.6506654
2022-12-24 14:00:00,26.6,27.22608,27.864468,27.2899188
2022-12-24 15:00:00,25.2,26.9263,27.375252,26.9711952
2022-12-24 16:00:00,24.5,25.791952,26.966267,25.909383499999997
2022-12-24 17:00:00,25.6,25.460554,26.43557,25.558055599999996
2022-12-24 18:00:00,25.3,25.40609,25.847855,25.450266499999998
2022-12-24 19:00:00,25.0,24.982338,25.513624,25.0354666
2022-12-24 20:00:00,24.6,24.709826,24.90087,24.7289304
2022-12-24 21:00:00,25.2,24.788252,24.610844,24.7705112
2022-12-24 22:00:00,24.4,24.789335,24.334545,24.743856
2022-12-24 23:00:00,24.2,24.720345,24.390343,24.687344799999998
2022-12-25 00:00:00,24.3,24.654951,24.182684,24.6077243
2022-12-25 01:00:00,24.0,24.469088,23.756672,24.3978464
2022-12-25 02:00:00,23.8,24.457645,23.784946,24.3903751
2022-12-25 03:00:00,23.7,24.41353,23.889,24.361077
2022-12-25 04:00:00,23.6,24.436956,23.940054,24.3872658
2022-12-25 05:00:00,24.1,24.512066,24.094238,24.4702832
2022-12-25 06:00:00,24.6,24.577635,24.410484,24.560919900000002
2022-12-25 07:00:00,25.4,24.7402,24.468689,24.7130489
2022-12-25 08:00:00,26.6,25.496943,25.049545,25.452203200000003
2022-12-25 09:00:00,27.5,26.560379,25.870903,26.4914314
2022-12-25 10:00:00,27.6,27.485935,26.847736,27.422115100000003
2022-12-25 11:00:00,28.2,27.658506,27.282099,27.6208653
2022-12-25 12:00:00,28.0,27.576643,27.413284,27.560307100000003
2022-12-25 13:00:00,27.8,27.240587,27.634916,27.2800199
2022-12-25 14:00:00,27.5,27.056744,27.476665,27.098736099999996
2022-12-25 15:00:00,27.3,26.595095,26.921162,26.627701700000003
2022-12-25 16:00:00,26.8,25.62575,26.17233,25.680408
2022-12-25 17:00:00,26.1,25.597502,25.725948,25.6103466
2022-12-25 18:00:00,25.8,25.353016,26.108856,25.4286
2022-12-25 19:00:00,25.3,25.229073,25.33461,25.2396267
2022-12-25 20:00:00,25.1,25.097275,24.915459,25.079093399999998
2022-12-25 21:00:00,25.5,25.326124,24.951817,25.288693300000002
2022-12-25 22:00:00,25.7,24.910576,24.89262,24.9087804
2022-12-25 23:00:00,25.5,24.724762,24.453947,24.697680499999997
2022-12-26 00:00:00,25.3,24.630283,24.608183,24.628073
2022-12-26 01:00:00,25.1,24.51046,24.035717,24.4629857
2022-12-26 02:00:00,24.7,24.488075,24.23702,24.462969499999996
2022-12-26 03:00:00,24.4,24.328661,23.490643,24.2448592
2022-12-26 04:00:00,24.6,24.024834,23.815174,24.003868
2022-12-26 05:00:00,24.7,24.257502,24.02892,24.2346438
2022-12-26 06:00:00,25.1,24.574358,24.795776,24.5964998
2022-12-26 07:00:00,25.6,25.622553,25.01017,25.561314699999997
2022-12-26 08:00:00,26.6,26.43456,25.887693,26.3798733
2022-12-26 09:00:00,27.0,27.213701,26.724995,27.164830400000003
2022-12-26 10:00:00,26.9,27.505924,27.392256,27.494557200000003
2022-12-26 11:00:00,27.0,27.75995,27.835169,27.7674719
2022-12-26 12:00:00,27.3,27.65352,28.116245,27.6997925
2022-12-26 13:00:00,27.5,27.550703,28.078129,27.603445599999997
2022-12-26 14:00:00,27.4,27.349716,27.908512,27.4055956
2022-12-26 15:00:00,26.9,26.986225,27.507057,27.038308200000003
2022-12-26 16:00:00,26.7,26.728403,27.07288,26.762850699999998
2022-12-26 17:00:00,26.0,26.313898,26.668915,26.349399699999996
2022-12-26 18:00:00,25.7,25.81076,25.921474,25.821831399999997
2022-12-26 19:00:00,25.7,25.45516,25.661749,25.4758189
2022-12-26 20:00:00,25.3,25.425669,25.235003,25.406602399999997
2022-12-26 21:00:00,24.8,25.580223,25.25061,25.5472617
2022-12-26 22:00:00,24.5,25.409275,25.158413,25.3841888
2022-12-26 23:00:00,24.1,25.454828,25.064634,25.4158086
2022-12-27 00:00:00,23.7,24.995071,25.038162,24.9993801
2022-12-27 01:00:00,23.6,24.847845,24.439373,24.806997799999998
2022-12-27 02:00:00,23.2,24.746264,24.507648,24.7224024
2022-12-27 03:00:00,23.5,24.661009,24.281975,24.6231056
2022-12-27 04:00:00,22.7,24.656544,24.3022,24.6211096
2022-12-27 05:00:00,22.9,24.516996,24.659773,24.5312737
2022-12-27 06:00:00,23.2,24.683123,24.639904,24.678801099999998
2022-12-27 07:00:00,23.9,25.300224,25.27737,25.2979386
2022-12-27 08:00:00,25.2,26.43253,26.00336,26.389613
2022-12-27 09:00:00,26.9,27.424578,26.799843,27.3621045
2022-12-27 10:00:00,27.9,27.585545,27.30615,27.5576055
2022-12-27 11:00:00,28.4,27.591166,27.502377,27.582287100000002
2022-12-27 12:00:00,28.5,27.942383,28.078266,27.955971299999998
2022-12-27 13:00:00,28.5,27.839947,28.133465,27.869298799999996
2022-12-27 14:00:00,28.2,27.601583,27.94661,27.6360857
2022-12-27 15:00:00,27.8,27.172895,27.665428,27.2221483
2022-12-27 16:00:00,27.3,26.820543,27.096401,26.848128799999998
2022-12-27 17:00:00,26.6,26.224617,27.038998,26.3060551
2022-12-27 18:00:00,24.9,25.942295,26.053108,25.9533763
2022-12-27 19:00:00,24.8,25.807686,25.912271,25.818144500000002
2022-12-27 20:00:00,24.7,25.425978,25.265507,25.4099309
2022-12-27 21:00:00,24.2,25.112692,24.951567,25.096579499999997
2022-12-27 22:00:00,23.7,25.110044,24.651909,25.064230499999997
2022-12-27 23:00:00,23.5,24.977957,24.580639,24.938225199999998
2022-12-28 00:00:00,23.5,24.403202,24.208805,24.3837623
2022-12-28 01:00:00,23.3,23.734348,23.62568,23.723481200000002
2022-12-28 02:00:00,23.0,23.225069,23.471973,23.249759400000002
2022-12-28 03:00:00,22.4,23.818462,23.682625,23.804878300000002
2022-12-28 04:00:00,22.7,23.370491,24.029268,23.436368700000003
2022-12-28 05:00:00,23.0,23.343277,23.959282,23.4048775
2022-12-28 06:00:00,23.0,23.85316,24.532207,23.9210647
2022-12-28 07:00:00,23.8,24.566969,24.881247,24.5983968
2022-12-28 08:00:00,25.4,26.043058,25.647518,26.003504
2022-12-28 09:00:00,26.9,26.820457,26.451332,26.7835445
2022-12-28 10:00:00,27.8,27.463655,27.638718,27.4811613
2022-12-28 11:00:00,28.4,27.89802,28.22947,27.931165
2022-12-28 12:00:00,28.6,28.050638,28.563097,28.1018839
2022-12-28 13:00:00,28.5,28.066656,28.615726,28.121563
2022-12-28 14:00:00,28.2,27.953047,28.563374,28.014079700000003
2022-12-28 15:00:00,27.7,27.561235,28.245064,27.6296179
2022-12-28 16:00:00,27.0,27.06591,27.68197,27.127516
2022-12-28 17:00:00,26.4,26.552193,27.069519,26.6039256
2022-12-28 18:00:00,25.2,25.634039,26.480263,25.7186614
2022-12-28 19:00:00,24.5,25.051693,25.416042,25.0881279
2022-12-28 20:00:00,24.0,25.081406,25.2598,25.0992454
2022-12-28 21:00:00,23.7,24.783752,25.178635,24.823240300000002
2022-12-28 22:00:00,23.5,24.505972,24.875505,24.5429253
2022-12-28 23:00:00,23.2,24.262642,24.74143,24.3105208
2022-12-29 00:00:00,23.1,23.894451,24.686808,23.973686700000002
2022-12-29 01:00:00,23.9,23.643593,24.33762,23.7129957
2022-12-29 02:00:00,24.6,23.466982,24.369837,23.557267500000002
2022-12-29 03:00:00,22.6,22.70162,24.361238,22.8675818
2022-12-29 04:00:00,22.2,22.713211,23.970827,22.8389726
2022-12-29 05:00:00,23.1,23.003103,24.019043,23.104696999999998
2022-12-29 06:00:00,23.3,23.192358,24.52045,23.3251672
2022-12-29 07:00:00,23.7,24.26457,24.741138,24.312226799999998
2022-12-29 08:00:00,25.4,25.895267,25.715567,25.877297
2022-12-29 09:00:00,26.8,27.105764,26.840748,27.079262399999998
2022-12-29 10:00:00,27.8,27.557257,28.375883,27.6391196
2022-12-29 11:00:00,28.7,28.256144,28.847233,28.315252899999997
2022-12-29 12:00:00,29.1,28.147413,28.892141,28.221885800000003
2022-12-29 13:00:00,28.9,28.281303,28.888142,28.341986900000002
2022-12-29 14:00:00,28.1,27.958239,28.454275,28.0078426
2022-12-29 15:00:00,27.6,27.571493,28.100178,27.624361500000003
2022-12-29 16:00:00,27.0,27.003511,27.6311,27.0662699
2022-12-29 17:00:00,26.4,26.344936,26.9628,26.4067224
2022-12-29 18:00:00,25.2,25.436811,26.42852,25.535981899999996
2022-12-29 19:00:00,24.5,25.117645,25.560482,25.1619287
2022-12-29 20:00:00,24.5,24.878843,25.135746,24.904533299999997
2022-12-29 21:00:00,24.0,24.386274,24.930698,24.440716400000003
2022-12-29 22:00:00,23.3,24.123814,24.66801,24.1782336
2022-12-29 23:00:00,25.0,23.733644,24.598938,23.8201734
2022-12-30 00:00:00,24.2,23.55991,24.567875,23.6607065
2022-12-30 01:00:00,23.3,24.022224,24.152588,24.035260400000002
2022-12-30 02:00:00,22.3,24.531376,24.506758,24.528914200000003
2022-12-30 03:00:00,22.9,23.797009,24.770966,23.8944047
2022-12-30 04:00:00,22.9,22.905012,23.444664,22.9589772
2022-12-30 05:00:00,22.8,23.049412,23.94639,23.1391098
2022-12-30 06:00:00,23.0,23.436201,24.796986,23.5722795
2022-12-30 07:00:00,23.7,24.205603,24.943108,24.2793535
2022-12-30 08:00:00,24.7,25.962433,25.583435,25.9245332
2022-12-30 09:00:00,26.0,27.46938,27.172722,27.4397142
2022-12-30 10:00:00,27.2,28.242165,28.308125,28.248761000000002
2022-12-30 11:00:00,28.1,28.23485,28.897118,28.301076800000004
2022-12-30 12:00:00,28.6,28.403603,28.495422,28.4127849
2022-12-30 13:00:00,28.7,28.40744,28.899464,28.4566424
2022-12-30 14:00:00,28.1,27.7805,28.606035,27.8630535
2022-12-30 15:00:00,27.5,27.373762,27.906466,27.427032399999998
2022-12-30 16:00:00,26.8,26.669073,27.446098,26.746775500000002
2022-12-30 17:00:00,26.2,26.087372,26.874653,26.166100099999998
2022-12-30 18:00:00,24.9,25.23352,26.226688,25.3328368
2022-12-30 19:00:00,23.8,24.67886,25.441204,24.7550944
2022-12-30 20:00:00,23.0,24.66871,25.014467,24.7032857
2022-12-30 21:00:00,22.8,24.60792,24.73541,24.620669000000003
2022-12-30 22:00:00,23.0,24.113998,24.430618,24.14566
2022-12-30 23:00:00,23.2,24.654552,24.161358,24.605232599999997
2022-12-31 00:00:00,24.5,24.558332,24.807697,24.5832685
2022-12-31 01:00:00,23.9,23.75423,24.013689,23.780175900000003
2022-12-31 02:00:00,22.8,22.92421,23.37651,22.96944
2022-12-31 03:00:00,21.9,23.061579,23.724977,23.1279188
2022-12-31 04:00:00,21.4,23.675941,24.119972,23.720344100000002
2022-12-31 05:00:00,21.3,23.344095,24.21526,23.4312115
2022-12-31 06:00:00,21.6,23.228586,24.519497,23.3576771
2022-12-31 07:00:00,22.1,24.139011,25.026154,24.2277253
2022-12-31 08:00:00,23.0,25.455761,25.862488,25.4964337
2022-12-31 09:00:00,25.0,27.0542,27.017221,27.0505021
2022-12-31 10:00:00,26.5,27.816944,28.17707,27.8529566
2022-12-31 11:00:00,27.7,28.362219,29.186316,28.444628700000003
2022-12-31 12:00:00,28.2,28.450455,29.37582,28.5429915
2022-12-31 13:00:00,28.6,28.484596,28.896614,28.5257978
2022-12-31 14:00:00,28.5,27.93155,28.854832,28.023878200000002
2022-12-31 15:00:00,27.8,27.456903,28.178444,27.5290571
2022-12-31 16:00:00,26.5,26.76991,27.699936,26.862912599999998
2022-12-31 17:00:00,25.8,26.15576,27.023636,26.242547599999998
2022-12-31 18:00:00,24.9,25.325745,26.46786,25.4399565
2022-12-31 19:00:00,24.5,24.721315,25.69169,24.8183525
2022-12-31 20:00:00,24.1,23.965971,25.136547,24.0830286
2022-12-31 21:00:00,23.7,23.64209,24.801424,23.7580234
2022-12-31 22:00:00,23.1,23.834223,24.53947,23.9047477
2022-12-31 23:00:00,22.6,23.646729,24.517635,23.7338196
