timestamp,actual_temperature_24h,xgb_prediction,lower_80,upper_80,lower_90,upper_90,lower_95,upper_95
2023-01-01 00:00:00,22.5,23.279343,22.1209218,24.4377642,21.668004,24.890682,21.19692875,25.36175725
2023-01-01 01:00:00,22.2,23.780006,22.6215848,24.9384272,22.168667,25.391345,21.69759175,25.86242025
2023-01-01 02:00:00,22.1,22.974438,21.8160168,24.1328592,21.363099,24.585777,20.89202375,25.05685225
2023-01-01 03:00:00,22.1,22.466167,21.3077458,23.624588199999998,20.854827999999998,24.077506,20.38375275,24.548581249999998
2023-01-01 04:00:00,21.8,22.597837,21.4394158,23.756258199999998,20.986497999999997,24.209176,20.51542275,24.680251249999998
2023-01-01 05:00:00,23.5,22.444696,21.2862748,23.6031172,20.833357,24.056035,20.36228175,24.52711025
2023-01-01 06:00:00,23.2,22.533306,21.3748848,23.6917272,20.921967,24.144645,20.45089175,24.61572025
2023-01-01 07:00:00,24.6,23.045008,21.8865868,24.2034292,21.433669,24.656347,20.96259375,25.12742225
2023-01-01 08:00:00,25.7,23.32777,22.1693488,24.4861912,21.716431,24.939109000000002,21.24535575,25.41018425
2023-01-01 09:00:00,27.1,25.872492,24.714070800000002,27.0309132,24.261153,27.483831000000002,23.790077750000002,27.95490625
2023-01-01 10:00:00,27.6,27.391848,26.2334268,28.5502692,25.780509,29.003187,25.30943375,29.47426225
2023-01-01 11:00:00,28.0,27.620018,26.461596800000002,28.7784392,26.008679,29.231357000000003,25.537603750000002,29.70243225
2023-01-01 12:00:00,28.2,28.205946,27.0475248,29.3643672,26.594607,29.817285000000002,26.12353175,30.28836025
2023-01-01 13:00:00,28.2,28.80359,27.6451688,29.9620112,27.192251,30.414929,26.72117575,30.88600425
2023-01-01 14:00:00,27.9,28.591093,27.4326718,29.7495142,26.979754,30.202432,26.50867875,30.67350725
2023-01-01 15:00:00,27.6,27.87948,26.7210588,29.0379012,26.268141,29.490819000000002,25.79706575,29.96189425
2023-01-01 16:00:00,27.0,26.740692,25.5822708,27.8991132,25.129353,28.352031,24.65827775,28.82310625
2023-01-01 17:00:00,26.3,26.053646,24.8952248,27.2120672,24.442307,27.664985,23.97123175,28.13606025
2023-01-01 18:00:00,25.5,25.281635,24.123213800000002,26.4400562,23.670296,26.892974000000002,23.199220750000002,27.36404925
2023-01-01 19:00:00,25.2,24.833498,23.6750768,25.991919199999998,23.222158999999998,26.444837,22.75108375,26.915912249999998
2023-01-01 20:00:00,24.9,24.589373,23.4309518,25.747794199999998,22.978033999999997,26.200712,22.50695875,26.671787249999998
2023-01-01 21:00:00,24.4,24.271881,23.1134598,25.4303022,22.660542,25.88322,22.18946675,26.35429525
2023-01-01 22:00:00,23.5,23.90523,22.7468088,25.0636512,22.293891,25.516569,21.82281575,25.98764425
2023-01-01 23:00:00,23.1,23.172411,22.0139898,24.3308322,21.561072,24.78375,21.08999675,25.25482525
2023-01-02 00:00:00,22.8,22.402395,21.2439738,23.560816199999998,20.791055999999998,24.013734,20.31998075,24.484809249999998
2023-01-02 01:00:00,23.0,22.524164,21.3657428,23.6825852,20.912824999999998,24.135503,20.44174975,24.60657825
2023-01-02 02:00:00,22.9,22.398031,21.2396098,23.5564522,20.786692,24.00937,20.31561675,24.48044525
2023-01-02 03:00:00,22.5,22.527246,21.368824800000002,23.6856672,20.915907,24.138585000000003,20.444831750000002,24.60966025
2023-01-02 04:00:00,22.0,22.35119,21.1927688,23.5096112,20.739850999999998,23.962529,20.26877575,24.43360425
2023-01-02 05:00:00,22.6,23.012114,21.8536928,24.1705352,21.400775,24.623453,20.92969975,25.09452825
2023-01-02 06:00:00,22.5,23.206066,22.0476448,24.3644872,21.594727,24.817405,21.12365175,25.28848025
2023-01-02 07:00:00,23.4,24.090914,22.932492800000002,25.2493352,22.479575,25.702253000000002,22.008499750000002,26.17332825
2023-01-02 08:00:00,25.0,25.922852,24.7644308,27.0812732,24.311512999999998,27.534191,23.84043775,28.00526625
2023-01-02 09:00:00,26.6,26.994083,25.8356618,28.1525042,25.382744,28.605422,24.91166875,29.07649725
2023-01-02 10:00:00,27.6,27.457184,26.298762800000002,28.6156052,25.845845,29.068523000000003,25.374769750000002,29.53959825
2023-01-02 11:00:00,27.8,27.91946,26.7610388,29.0778812,26.308121,29.530799000000002,25.83704575,30.00187425
2023-01-02 12:00:00,27.8,28.174564,27.0161428,29.3329852,26.563225,29.785903,26.09214975,30.25697825
2023-01-02 13:00:00,27.6,28.311155,27.1527338,29.4695762,26.699816,29.922494,26.22874075,30.39356925
2023-01-02 14:00:00,27.4,27.99432,26.8358988,29.152741199999998,26.382980999999997,29.605659,25.91190575,30.076734249999998
2023-01-02 15:00:00,27.0,27.471037,26.3126158,28.6294582,25.859697999999998,29.082376,25.38862275,29.55345125
2023-01-02 16:00:00,26.5,26.925095,25.7666738,28.0835162,25.313755999999998,28.536434,24.84268075,29.00750925
2023-01-02 17:00:00,26.0,26.099773,24.9413518,27.2581942,24.488433999999998,27.711112,24.01735875,28.18218725
2023-01-02 18:00:00,25.4,25.231007,24.072585800000002,26.3894282,23.619668,26.842346000000003,23.148592750000002,27.31342125
2023-01-02 19:00:00,25.2,24.930481,23.7720598,26.0889022,23.319142,26.54182,22.84806675,27.01289525
2023-01-02 20:00:00,25.1,24.793911,23.635489800000002,25.9523322,23.182572,26.405250000000002,22.711496750000002,26.87632525
2023-01-02 21:00:00,24.9,24.517086,23.3586648,25.6755072,22.905746999999998,26.128425,22.43467175,26.59950025
2023-01-02 22:00:00,24.8,23.817286,22.6588648,24.9757072,22.205947,25.428625,21.73487175,25.89970025
2023-01-02 23:00:00,24.7,23.511751,22.3533298,24.6701722,21.900412,25.12309,21.42933675,25.59416525
2023-01-03 00:00:00,24.4,23.338268,22.1798468,24.4966892,21.726929,24.949607,21.25585375,25.42068225
2023-01-03 01:00:00,24.0,22.801428,21.643006800000002,23.9598492,21.190089,24.412767000000002,20.719013750000002,24.88384225
2023-01-03 02:00:00,23.7,22.76768,21.6092588,23.926101199999998,21.156340999999998,24.379019,20.68526575,24.850094249999998
2023-01-03 03:00:00,22.3,21.941147,20.7827258,23.0995682,20.329808,23.552486000000002,19.85873275,24.02356125
2023-01-03 04:00:00,22.0,21.89364,20.735218800000002,23.0520612,20.282301,23.504979000000002,19.811225750000002,23.97605425
2023-01-03 05:00:00,22.5,22.149817,20.9913958,23.308238199999998,20.538477999999998,23.761156,20.06740275,24.232231249999998
2023-01-03 06:00:00,23.0,22.286352,21.1279308,23.4447732,20.675013,23.897691000000002,20.20393775,24.36876625
2023-01-03 07:00:00,23.9,23.000296,21.8418748,24.158717199999998,21.388956999999998,24.611635,20.91788175,25.082710249999998
2023-01-03 08:00:00,25.6,24.822445,23.6640238,25.980866199999998,23.211105999999997,26.433784,22.74003075,26.904859249999998
2023-01-03 09:00:00,26.7,26.573448,25.4150268,27.7318692,24.962108999999998,28.184787,24.49103375,28.65586225
2023-01-03 10:00:00,27.1,27.462204,26.3037828,28.6206252,25.850865,29.073543,25.37978975,29.54461825
2023-01-03 11:00:00,27.2,27.736422,26.5780008,28.8948432,26.125083,29.347761000000002,25.65400775,29.81883625
2023-01-03 12:00:00,27.4,27.824282,26.6658608,28.9827032,26.212943,29.435621,25.74186775,29.90669625
2023-01-03 13:00:00,27.6,27.730415,26.5719938,28.8888362,26.119076,29.341754,25.64800075,29.81282925
2023-01-03 14:00:00,27.5,27.458874,26.300452800000002,28.6172952,25.847535,29.070213000000003,25.376459750000002,29.54128825
2023-01-03 15:00:00,27.3,27.123081,25.9646598,28.2815022,25.511741999999998,28.73442,25.04066675,29.20549525
2023-01-03 16:00:00,26.9,26.506626,25.3482048,27.6650472,24.895287,28.117965,24.42421175,28.58904025
2023-01-03 17:00:00,26.2,25.850939,24.6925178,27.0093602,24.2396,27.462278,23.76852475,27.93335325
2023-01-03 18:00:00,26.0,25.128988,23.9705668,26.2874092,23.517649,26.740327,23.04657375,27.21140225
2023-01-03 19:00:00,25.9,24.755644,23.5972228,25.9140652,23.144305,26.366983,22.67322975,26.83805825
2023-01-03 20:00:00,25.8,24.684105,23.5256838,25.8425262,23.072765999999998,26.295444,22.60169075,26.766519249999998
2023-01-03 21:00:00,25.5,24.634558,23.4761368,25.792979199999998,23.023218999999997,26.245897,22.55214375,26.716972249999998
2023-01-03 22:00:00,25.5,24.435093,23.2766718,25.593514199999998,22.823753999999997,26.046432,22.35267875,26.517507249999998
2023-01-03 23:00:00,25.4,24.346903,23.1884818,25.5053242,22.735564,25.958242000000002,22.26448875,26.42931725
2023-01-04 00:00:00,25.3,23.858622,22.7002008,25.0170432,22.247283,25.469961,21.77620775,25.94103625
2023-01-04 01:00:00,25.4,23.567436,22.4090148,24.7258572,21.956097,25.178775,21.48502175,25.64985025
2023-01-04 02:00:00,25.3,23.202032,22.0436108,24.3604532,21.590692999999998,24.813371,21.11961775,25.28444625
2023-01-04 03:00:00,25.4,22.227322,21.0689008,23.3857432,20.615983,23.838661000000002,20.14490775,24.30973625
2023-01-04 04:00:00,25.3,21.8324,20.6739788,22.9908212,20.221061,23.443739,19.74998575,23.91481425
2023-01-04 05:00:00,25.3,22.079199,20.9207778,23.2376202,20.467859999999998,23.690538,19.99678475,24.16161325
2023-01-04 06:00:00,25.6,22.956972,21.7985508,24.1153932,21.345633,24.568311,20.87455775,25.03938625
2023-01-04 07:00:00,26.0,24.179884,23.021462800000002,25.3383052,22.568545,25.791223000000002,22.097469750000002,26.26229825
2023-01-04 08:00:00,27.0,25.328682,24.1702608,26.4871032,23.717343,26.940021,23.24626775,27.41109625
2023-01-04 09:00:00,27.7,26.514866,25.356444800000002,27.6732872,24.903527,28.126205000000002,24.432451750000002,28.59728025
2023-01-04 10:00:00,28.1,27.376234,26.2178128,28.5346552,25.764895,28.987573,25.29381975,29.45864825
2023-01-04 11:00:00,28.4,27.575825,26.4174038,28.734246199999998,25.964485999999997,29.187164,25.49341075,29.658239249999998
2023-01-04 12:00:00,28.5,27.713596,26.5551748,28.8720172,26.102256999999998,29.324935,25.63118175,29.79601025
2023-01-04 13:00:00,28.5,27.694036,26.5356148,28.8524572,26.082697,29.305375,25.61162175,29.77645025
2023-01-04 14:00:00,28.2,27.46482,26.3063988,28.6232412,25.853481,29.076159,25.38240575,29.54723425
2023-01-04 15:00:00,27.7,27.128922,25.9705008,28.2873432,25.517583,28.740261,25.04650775,29.21133625
2023-01-04 16:00:00,27.1,26.575146,25.4167248,27.7335672,24.963807,28.186485,24.49273175,28.65756025
2023-01-04 17:00:00,26.7,26.016056,24.8576348,27.1744772,24.404716999999998,27.627395,23.93364175,28.09847025
2023-01-04 18:00:00,26.1,25.705053,24.5466318,26.8634742,24.093714,27.316392,23.62263875,27.78746725
2023-01-04 19:00:00,25.9,25.700584,24.5421628,26.8590052,24.089245,27.311923,23.61816975,27.78299825
2023-01-04 20:00:00,25.6,25.454288,24.2958668,26.612709199999998,23.842948999999997,27.065627,23.37187375,27.536702249999998
2023-01-04 21:00:00,25.3,25.11847,23.9600488,26.276891199999998,23.507130999999998,26.729809,23.03605575,27.200884249999998
2023-01-04 22:00:00,25.2,24.97529,23.8168688,26.1337112,23.363951,26.586629000000002,22.89287575,27.05770425
2023-01-04 23:00:00,25.0,24.832218,23.6737968,25.9906392,23.220879,26.443557000000002,22.74980375,26.91463225
2023-01-05 00:00:00,24.8,24.668604,23.5101828,25.827025199999998,23.057264999999997,26.279943,22.58618975,26.751018249999998
2023-01-05 01:00:00,24.7,24.668175,23.509753800000002,25.8265962,23.056836,26.279514000000002,22.585760750000002,26.75058925
2023-01-05 02:00:00,24.4,24.504782,23.3463608,25.663203199999998,22.893442999999998,26.116121,22.42236775,26.587196249999998
2023-01-05 03:00:00,24.4,24.439032,23.2806108,25.5974532,22.827693,26.050371000000002,22.35661775,26.52144625
2023-01-05 04:00:00,24.5,24.131887,22.9734658,25.2903082,22.520547999999998,25.743226,22.04947275,26.21430125
2023-01-05 05:00:00,24.4,23.85863,22.700208800000002,25.0170512,22.247291,25.469969000000003,21.776215750000002,25.94104425
2023-01-05 06:00:00,25.0,24.087404,22.9289828,25.2458252,22.476065,25.698743,22.00498975,26.16981825
2023-01-05 07:00:00,25.8,25.015787,23.8573658,26.1742082,23.404448,26.627126,22.93337275,27.09820125
2023-01-05 08:00:00,26.7,26.027481,24.869059800000002,27.1859022,24.416142,27.638820000000003,23.945066750000002,28.10989525
2023-01-05 09:00:00,27.3,26.789797,25.6313758,27.9482182,25.178458,28.401136,24.70738275,28.87221125
2023-01-05 10:00:00,27.8,27.258476,26.100054800000002,28.4168972,25.647137,28.869815000000003,25.176061750000002,29.34089025
2023-01-05 11:00:00,28.1,27.825989,26.6675678,28.9844102,26.21465,29.437328,25.74357475,29.90840325
2023-01-05 12:00:00,28.1,27.956583,26.7981618,29.115004199999998,26.345243999999997,29.567922,25.87416875,30.038997249999998
2023-01-05 13:00:00,28.1,27.942339,26.7839178,29.1007602,26.331,29.553678,25.85992475,30.02475325
2023-01-05 14:00:00,27.8,27.857336,26.6989148,29.0157572,26.245997,29.468675,25.77492175,29.93975025
2023-01-05 15:00:00,27.4,27.389711,26.2312898,28.548132199999998,25.778371999999997,29.00105,25.30729675,29.472125249999998
2023-01-05 16:00:00,26.7,26.711174,25.5527528,27.8695952,25.099835,28.322513,24.62875975,28.79358825
2023-01-05 17:00:00,26.0,26.027111,24.868689800000002,27.1855322,24.415772,27.638450000000002,23.944696750000002,28.10952525
2023-01-05 18:00:00,25.5,25.595331,24.436909800000002,26.7537522,23.983992,27.206670000000003,23.512916750000002,27.67774525
2023-01-05 19:00:00,25.4,25.387245,24.2288238,26.5456662,23.775906,26.998584,23.30483075,27.46965925
2023-01-05 20:00:00,25.4,25.026955,23.8685338,26.1853762,23.415616,26.638294000000002,22.94454075,27.10936925
2023-01-05 21:00:00,25.2,24.694088,23.5356668,25.8525092,23.082749,26.305427,22.61167375,26.77650225
2023-01-05 22:00:00,25.0,24.576912,23.4184908,25.7353332,22.965573,26.188251,22.49449775,26.65932625
2023-01-05 23:00:00,24.9,24.409374,23.2509528,25.5677952,22.798035,26.020713,22.32695975,26.49178825
2023-01-06 00:00:00,24.7,24.056713,22.8982918,25.215134199999998,22.445373999999997,25.668052,21.97429875,26.139127249999998
2023-01-06 01:00:00,24.7,23.904636,22.7462148,25.0630572,22.293297,25.515975,21.82222175,25.98705025
2023-01-06 02:00:00,24.8,23.317997,22.1595758,24.476418199999998,21.706657999999997,24.929336,21.23558275,25.400411249999998
2023-01-06 03:00:00,24.8,23.019897,21.8614758,24.1783182,21.408558,24.631236,20.93748275,25.10231125
2023-01-06 04:00:00,24.6,23.068481,21.9100598,24.226902199999998,21.457141999999997,24.67982,20.98606675,25.150895249999998
2023-01-06 05:00:00,24.2,22.9769,21.8184788,24.1353212,21.365561,24.588239,20.89448575,25.05931425
2023-01-06 06:00:00,24.6,23.480053,22.321631800000002,24.6384742,21.868714,25.091392000000003,21.397638750000002,25.56246725
2023-01-06 07:00:00,25.2,24.661465,23.5030438,25.8198862,23.050126,26.272804,22.57905075,26.74387925
2023-01-06 08:00:00,26.6,25.960041,24.8016198,27.1184622,24.348702,27.57138,23.87762675,28.04245525
2023-01-06 09:00:00,27.4,26.849127,25.6907058,28.0075482,25.237788,28.460466,24.76671275,28.93154125
2023-01-06 10:00:00,27.8,27.434238,26.2758168,28.5926592,25.822899,29.045577,25.35182375,29.51665225
2023-01-06 11:00:00,28.0,27.725914,26.5674928,28.8843352,26.114575,29.337253,25.64349975,29.80832825
2023-01-06 12:00:00,28.0,27.68281,26.5243888,28.8412312,26.071471,29.294149,25.60039575,29.76522425
2023-01-06 13:00:00,27.9,27.683475,26.525053800000002,28.8418962,26.072136,29.294814000000002,25.601060750000002,29.76588925
2023-01-06 14:00:00,27.4,27.38915,26.2307288,28.5475712,25.777811,29.000489,25.30673575,29.47156425
2023-01-06 15:00:00,26.4,27.024963,25.8665418,28.1833842,25.413624,28.636302,24.94254875,29.10737725
2023-01-06 16:00:00,25.8,26.559649,25.4012278,27.7180702,24.94831,28.170988,24.47723475,28.64206325
2023-01-06 17:00:00,25.2,25.88595,24.7275288,27.0443712,24.274611,27.497289000000002,23.80353575,27.96836425
2023-01-06 18:00:00,24.8,25.284298,24.1258768,26.4427192,23.672959,26.895637,23.20188375,27.36671225
2023-01-06 19:00:00,24.7,25.02911,23.8706888,26.1875312,23.417771,26.640449,22.94669575,27.11152425
2023-01-06 20:00:00,24.5,24.85154,23.6931188,26.0099612,23.240201,26.462879,22.76912575,26.93395425
2023-01-06 21:00:00,24.4,24.765163,23.6067418,25.9235842,23.153824,26.376502000000002,22.682748750000002,26.84757725
2023-01-06 22:00:00,24.0,24.697468,23.5390468,25.8558892,23.086129,26.308807,22.61505375,26.77988225
2023-01-06 23:00:00,23.7,24.57272,23.4142988,25.7311412,22.961381,26.184059,22.49030575,26.65513425
2023-01-07 00:00:00,23.3,24.125158,22.9667368,25.2835792,22.513818999999998,25.736497,22.04274375,26.20757225
2023-01-07 01:00:00,22.5,23.872025,22.7136038,25.0304462,22.260686,25.483364,21.78961075,25.95443925
2023-01-07 02:00:00,22.3,23.75811,22.5996888,24.916531199999998,22.146770999999998,25.369449,21.67569575,25.840524249999998
2023-01-07 03:00:00,22.3,23.643991,22.4855698,24.8024122,22.032652,25.25533,21.56157675,25.72640525
2023-01-07 04:00:00,22.2,23.50917,22.3507488,24.6675912,21.897831,25.120509000000002,21.42675575,25.59158425
2023-01-07 05:00:00,22.9,23.32058,22.1621588,24.4790012,21.709241,24.931919,21.23816575,25.40299425
2023-01-07 06:00:00,23.1,23.332361,22.1739398,24.490782199999998,21.721021999999998,24.9437,21.24994675,25.414775249999998
2023-01-07 07:00:00,23.6,24.494425,23.3360038,25.6528462,22.883086,26.105764,22.41201075,26.57683925
2023-01-07 08:00:00,24.7,25.832716,24.674294800000002,26.9911372,24.221377,27.444055000000002,23.750301750000002,27.91513025
2023-01-07 09:00:00,25.6,27.100288,25.9418668,28.2587092,25.488948999999998,28.711627,25.01787375,29.18270225
2023-01-07 10:00:00,26.5,27.415995,26.2575738,28.574416199999998,25.804655999999998,29.027334,25.33358075,29.498409249999998
2023-01-07 11:00:00,27.2,27.714655,26.5562338,28.8730762,26.103316,29.325994,25.63224075,29.79706925
2023-01-07 12:00:00,27.2,27.768833,26.6104118,28.9272542,26.157494,29.380172,25.68641875,29.85124725
2023-01-07 13:00:00,27.2,27.67777,26.5193488,28.8361912,26.066430999999998,29.289109,25.59535575,29.76018425
2023-01-07 14:00:00,27.1,27.289003,26.1305818,28.4474242,25.677664,28.900342000000002,25.20658875,29.37141725
2023-01-07 15:00:00,26.7,26.717653,25.5592318,27.876074199999998,25.106313999999998,28.328992,24.63523875,28.800067249999998
2023-01-07 16:00:00,26.1,25.885748,24.7273268,27.0441692,24.274409,27.497087,23.80333375,27.96816225
2023-01-07 17:00:00,25.6,25.129213,23.9707918,26.2876342,23.517874,26.740552,23.04679875,27.21162725
2023-01-07 18:00:00,24.8,24.751307,23.5928858,25.9097282,23.139968,26.362646,22.66889275,26.83372125
2023-01-07 19:00:00,24.7,24.584116,23.425694800000002,25.7425372,22.972777,26.195455000000003,22.501701750000002,26.66653025
2023-01-07 20:00:00,24.4,24.154095,22.995673800000002,25.3125162,22.542756,25.765434000000003,22.071680750000002,26.23650925
2023-01-07 21:00:00,24.1,24.108099,22.9496778,25.2665202,22.49676,25.719438,22.02568475,26.19051325
2023-01-07 22:00:00,23.9,24.142912,22.9844908,25.3013332,22.531572999999998,25.754251,22.06049775,26.22532625
2023-01-07 23:00:00,23.5,23.903824,22.7454028,25.0622452,22.292485,25.515163,21.82140975,25.98623825
2023-01-08 00:00:00,23.1,23.062004,21.903582800000002,24.2204252,21.450665,24.673343000000003,20.979589750000002,25.14441825
2023-01-08 01:00:00,22.8,22.372126,21.213704800000002,23.5305472,20.760787,23.983465000000002,20.289711750000002,24.45454025
2023-01-08 02:00:00,22.6,21.973948,20.8155268,23.1323692,20.362609,23.585287,19.89153375,24.05636225
2023-01-08 03:00:00,22.3,21.4076,20.2491788,22.566021199999998,19.796260999999998,23.018939,19.32518575,23.490014249999998
2023-01-08 04:00:00,22.1,21.229013,20.0705918,22.387434199999998,19.617673999999997,22.840352,19.14659875,23.311427249999998
2023-01-08 05:00:00,22.0,22.03647,20.878048800000002,23.1948912,20.425131,23.647809000000002,19.954055750000002,24.11888425
2023-01-08 06:00:00,22.0,22.757002,21.5985808,23.9154232,21.145663,24.368341,20.67458775,24.83941625
2023-01-08 07:00:00,23.1,23.54766,22.3892388,24.7060812,21.936321,25.158999,21.46524575,25.63007425
2023-01-08 08:00:00,25.0,25.074442,23.916020800000002,26.2328632,23.463103,26.685781000000002,22.992027750000002,27.15685625
2023-01-08 09:00:00,25.8,26.136663,24.9782418,27.295084199999998,24.525323999999998,27.748002,24.05424875,28.219077249999998
2023-01-08 10:00:00,26.4,26.923794,25.7653728,28.0822152,25.312455,28.535133000000002,24.84137975,29.00620825
2023-01-08 11:00:00,26.7,27.5968,26.438378800000002,28.7552212,25.985461,29.208139000000003,25.514385750000002,29.67921425
2023-01-08 12:00:00,27.0,27.550695,26.3922738,28.7091162,25.939356,29.162034000000002,25.46828075,29.63310925
2023-01-08 13:00:00,27.0,27.493572,26.3351508,28.6519932,25.882233,29.104911,25.41115775,29.57598625
2023-01-08 14:00:00,26.9,27.240856,26.0824348,28.3992772,25.629517,28.852195000000002,25.15844175,29.32327025
2023-01-08 15:00:00,26.5,26.749336,25.5909148,27.9077572,25.137997,28.360675,24.66692175,28.83175025
2023-01-08 16:00:00,25.8,26.127193,24.9687718,27.285614199999998,24.515853999999997,27.738532,24.04477875,28.209607249999998
2023-01-08 17:00:00,25.4,25.50465,24.346228800000002,26.6630712,23.893311,27.115989000000003,23.422235750000002,27.58706425
2023-01-08 18:00:00,24.3,24.863726,23.7053048,26.0221472,23.252387,26.475065,22.78131175,26.94614025
2023-01-08 19:00:00,23.7,24.579126,23.4207048,25.737547199999998,22.967786999999998,26.190465,22.49671175,26.661540249999998
2023-01-08 20:00:00,23.4,24.415222,23.2568008,25.5736432,22.803883,26.026561,22.33280775,26.49763625
2023-01-08 21:00:00,23.1,24.1449,22.9864788,25.3033212,22.533561,25.756239,22.06248575,26.22731425
2023-01-08 22:00:00,22.6,23.88209,22.723668800000002,25.0405112,22.270751,25.493429000000003,21.799675750000002,25.96450425
2023-01-08 23:00:00,21.8,23.383556,22.2251348,24.541977199999998,21.772216999999998,24.994895,21.30114175,25.465970249999998
2023-01-09 00:00:00,21.6,22.882113,21.7236918,24.0405342,21.270774,24.493452,20.79969875,24.96452725
2023-01-09 01:00:00,21.5,22.602419,21.4439978,23.7608402,20.99108,24.213758000000002,20.520004750000002,24.68483325
2023-01-09 02:00:00,20.9,22.200993,21.0425718,23.3594142,20.589654,23.812332,20.11857875,24.28340725
2023-01-09 03:00:00,20.3,21.99057,20.832148800000002,23.1489912,20.379231,23.601909000000003,19.908155750000002,24.07298425
2023-01-09 04:00:00,20.0,21.714025,20.5556038,22.8724462,20.102686,23.325364,19.63161075,23.79643925
2023-01-09 05:00:00,20.7,21.661032,20.5026108,22.819453199999998,20.049692999999998,23.272371,19.57861775,23.743446249999998
2023-01-09 06:00:00,21.1,21.540558,20.3821368,22.6989792,19.929219,23.151897,19.45814375,23.62297225
2023-01-09 07:00:00,21.7,22.580727,21.4223058,23.7391482,20.969388,24.192066,20.49831275,24.66314125
2023-01-09 08:00:00,23.3,24.420069,23.261647800000002,25.5784902,22.80873,26.031408000000003,22.337654750000002,26.50248325
2023-01-09 09:00:00,25.4,25.693975,24.5355538,26.852396199999998,24.082635999999997,27.305314,23.61156075,27.776389249999998
2023-01-09 10:00:00,26.8,26.467648,25.3092268,27.6260692,24.856309,28.078987,24.38523375,28.55006225
2023-01-09 11:00:00,27.0,26.92253,25.7641088,28.080951199999998,25.311190999999997,28.533869,24.84011575,29.004944249999998
2023-01-09 12:00:00,27.2,27.159124,26.0007028,28.317545199999998,25.547784999999998,28.770463,25.07670975,29.241538249999998
2023-01-09 13:00:00,27.3,27.249237,26.0908158,28.4076582,25.637898,28.860576000000002,25.16682275,29.33165125
2023-01-09 14:00:00,26.9,26.998686,25.8402648,28.1571072,25.387347,28.610025,24.91627175,29.08110025
2023-01-09 15:00:00,26.5,26.502127,25.343705800000002,27.6605482,24.890788,28.113466000000003,24.419712750000002,28.58454125
2023-01-09 16:00:00,25.9,25.822157,24.6637358,26.9805782,24.210818,27.433496,23.73974275,27.90457125
2023-01-09 17:00:00,25.5,25.247667,24.0892458,26.4060882,23.636328,26.859006,23.16525275,27.33008125
2023-01-09 18:00:00,24.5,24.350891,23.1924698,25.5093122,22.739552,25.96223,22.26847675,26.43330525
2023-01-09 19:00:00,24.0,23.862206,22.7037848,25.0206272,22.250867,25.473545,21.77979175,25.94462025
2023-01-09 20:00:00,23.7,23.219688,22.061266800000002,24.3781092,21.608349,24.831027000000002,21.137273750000002,25.30210225
2023-01-09 21:00:00,23.3,22.911013,21.7525918,24.0694342,21.299674,24.522352,20.82859875,24.99342725
2023-01-09 22:00:00,23.0,22.570833,21.4124118,23.7292542,20.959494,24.182172,20.48841875,24.65324725
2023-01-09 23:00:00,21.8,21.90533,20.7469088,23.0637512,20.293991,23.516669,19.82291575,23.98774425
2023-01-10 00:00:00,20.8,21.885738,20.7273168,23.0441592,20.274399,23.497077,19.80332375,23.96815225
2023-01-10 01:00:00,20.1,21.557173,20.3987518,22.715594199999998,19.945833999999998,23.168512,19.47475875,23.639587249999998
2023-01-10 02:00:00,19.8,21.603758,20.4453368,22.7621792,19.992418999999998,23.215097,19.52134375,23.68617225
2023-01-10 03:00:00,19.5,21.146748,19.9883268,22.305169199999998,19.535408999999998,22.758087,19.06433375,23.229162249999998
2023-01-10 04:00:00,19.3,20.593164,19.434742800000002,21.7515852,18.981825,22.204503000000003,18.510749750000002,22.67557825
2023-01-10 05:00:00,19.5,20.684893,19.5264718,21.8433142,19.073553999999998,22.296232,18.60247875,22.767307249999998
2023-01-10 06:00:00,19.8,21.12632,19.9678988,22.2847412,19.514981,22.737659,19.04390575,23.20873425
2023-01-10 07:00:00,20.7,21.689886,20.531464800000002,22.8483072,20.078547,23.301225000000002,19.607471750000002,23.77230025
2023-01-10 08:00:00,23.0,23.177599,22.0191778,24.3360202,21.56626,24.788938,21.09518475,25.26001325
2023-01-10 09:00:00,25.0,25.374676,24.2162548,26.5330972,23.763337,26.986015000000002,23.29226175,27.45709025
2023-01-10 10:00:00,26.5,26.812391,25.653969800000002,27.9708122,25.201052,28.423730000000003,24.729976750000002,28.89480525
2023-01-10 11:00:00,27.2,27.319609,26.1611878,28.4780302,25.70827,28.930948,25.23719475,29.40202325
2023-01-10 12:00:00,27.6,27.517069,26.3586478,28.6754902,25.90573,29.128408,25.43465475,29.59948325
2023-01-10 13:00:00,27.6,27.678297,26.5198758,28.8367182,26.066958,29.289636,25.59588275,29.76071125
2023-01-10 14:00:00,27.4,27.269728,26.1113068,28.4281492,25.658389,28.881067,25.18731375,29.35214225
2023-01-10 15:00:00,26.9,26.846127,25.6877058,28.0045482,25.234787999999998,28.457466,24.76371275,28.92854125
2023-01-10 16:00:00,26.1,26.152542,24.9941208,27.3109632,24.541203,27.763881,24.07012775,28.23495625
2023-01-10 17:00:00,25.4,25.577848,24.4194268,26.7362692,23.966509,27.189187,23.49543375,27.66026225
2023-01-10 18:00:00,24.3,24.671572,23.513150800000002,25.8299932,23.060233,26.282911000000002,22.589157750000002,26.75398625
2023-01-10 19:00:00,23.8,24.074585,22.9161638,25.2330062,22.463245999999998,25.685924,21.99217075,26.15699925
2023-01-10 20:00:00,23.4,23.741013,22.5825918,24.899434199999998,22.129673999999998,25.352352,21.65859875,25.823427249999998
2023-01-10 21:00:00,22.8,23.106798,21.948376800000002,24.2652192,21.495459,24.718137000000002,21.024383750000002,25.18921225
2023-01-10 22:00:00,21.9,22.642834,21.4844128,23.8012552,21.031495,24.254173,20.56041975,24.72524825
2023-01-10 23:00:00,21.1,22.171705,21.0132838,23.3301262,20.560366,23.783044,20.08929075,24.25411925
2023-01-11 00:00:00,21.0,22.09833,20.9399088,23.2567512,20.486991,23.709669,20.01591575,24.18074425
2023-01-11 01:00:00,20.8,21.826479,20.6680578,22.9849002,20.215139999999998,23.437818,19.74406475,23.90889325
2023-01-11 02:00:00,20.5,20.86118,19.7027588,22.0196012,19.249841,22.472519000000002,18.77876575,22.94359425
2023-01-11 03:00:00,20.3,20.805653,19.6472318,21.9640742,19.194314,22.416992,18.72323875,22.88806725
2023-01-11 04:00:00,19.9,20.579111,19.4206898,21.7375322,18.967772,22.190450000000002,18.49669675,22.66152525
2023-01-11 05:00:00,20.4,20.134012,18.9755908,21.292433199999998,18.522672999999998,21.745351,18.05159775,22.216426249999998
2023-01-11 06:00:00,20.2,19.984846,18.8264248,21.1432672,18.373507,21.596185000000002,17.90243175,22.06726025
2023-01-11 07:00:00,20.8,21.246872,20.0884508,22.4052932,19.635533,22.858211,19.16445775,23.32928625
2023-01-11 08:00:00,23.2,23.039051,21.8806298,24.1974722,21.427712,24.65039,20.95663675,25.12146525
2023-01-11 09:00:00,25.2,24.601648,23.4432268,25.7600692,22.990309,26.212987000000002,22.51923375,26.68406225
2023-01-11 10:00:00,26.4,26.358849,25.2004278,27.5172702,24.74751,27.970188,24.27643475,28.44126325
2023-01-11 11:00:00,27.2,27.46074,26.302318800000002,28.6191612,25.849401,29.072079000000002,25.378325750000002,29.54315425
2023-01-11 12:00:00,27.6,27.52667,26.3682488,28.6850912,25.915331,29.138009,25.44425575,29.60908425
2023-01-11 13:00:00,27.5,27.611013,26.4525918,28.7694342,25.999674,29.222352,25.52859875,29.69342725
2023-01-11 14:00:00,27.3,27.512932,26.3545108,28.6713532,25.901593,29.124271,25.43051775,29.59534625
2023-01-11 15:00:00,26.8,26.97585,25.817428800000002,28.1342712,25.364511,28.587189000000002,24.893435750000002,29.05826425
2023-01-11 16:00:00,26.0,26.280952,25.1225308,27.4393732,24.669613,27.892291,24.19853775,28.36336625
2023-01-11 17:00:00,25.1,25.48722,24.3287988,26.6456412,23.875881,27.098559,23.40480575,27.56963425
2023-01-11 18:00:00,23.2,24.521467,23.363045800000002,25.6798882,22.910128,26.132806000000002,22.439052750000002,26.60388125
2023-01-11 19:00:00,21.9,24.242825,23.0844038,25.4012462,22.631486,25.854164,22.16041075,26.32523925
2023-01-11 20:00:00,21.5,23.697292,22.5388708,24.8557132,22.085953,25.308631000000002,21.61487775,25.77970625
2023-01-11 21:00:00,21.3,23.160847,22.0024258,24.3192682,21.549508,24.772186,21.07843275,25.24326125
2023-01-11 22:00:00,21.1,22.751377,21.592955800000002,23.9097982,21.140038,24.362716000000002,20.668962750000002,24.83379125
2023-01-11 23:00:00,21.0,22.230597,21.0721758,23.3890182,20.619258,23.841936,20.14818275,24.31301125
2023-01-12 00:00:00,20.9,22.229801,21.0713798,23.388222199999998,20.618461999999997,23.84114,20.14738675,24.312215249999998
2023-01-12 01:00:00,21.1,22.205276,21.046854800000002,23.3636972,20.593937,23.816615000000002,20.122861750000002,24.28769025
2023-01-12 02:00:00,22.4,21.730932,20.5725108,22.8893532,20.119593,23.342271,19.64851775,23.81334625
2023-01-12 03:00:00,20.6,21.406702,20.2482808,22.5651232,19.795363,23.018041,19.32428775,23.48911625
2023-01-12 04:00:00,18.8,20.772722,19.614300800000002,21.9311432,19.161383,22.384061000000003,18.690307750000002,22.85513625
2023-01-12 05:00:00,20.6,20.394192,19.2357708,21.5526132,18.782853,22.005531,18.31177775,22.47660625
2023-01-12 06:00:00,21.1,20.434967,19.2765458,21.5933882,18.823628,22.046306,18.35255275,22.51738125
2023-01-12 07:00:00,22.0,21.556875,20.398453800000002,22.7152962,19.945536,23.168214000000003,19.474460750000002,23.63928925
2023-01-12 08:00:00,23.9,23.843143,22.684721800000002,25.0015642,22.231804,25.454482000000002,21.760728750000002,25.92555725
2023-01-12 09:00:00,25.7,25.235891,24.0774698,26.394312199999998,23.624551999999998,26.84723,23.15347675,27.318305249999998
2023-01-12 10:00:00,26.9,26.621775,25.4633538,27.7801962,25.010436,28.233114,24.53936075,28.70418925
2023-01-12 11:00:00,27.6,27.584425,26.4260038,28.7428462,25.973086,29.195764,25.50201075,29.66683925
2023-01-12 12:00:00,27.9,27.729128,26.5707068,28.8875492,26.117789,29.340467,25.64671375,29.81154225
2023-01-12 13:00:00,28.0,27.746191,26.5877698,28.9046122,26.134852,29.35753,25.66377675,29.82860525
2023-01-12 14:00:00,27.7,27.538147,26.3797258,28.696568199999998,25.926807999999998,29.149486,25.45573275,29.620561249999998
2023-01-12 15:00:00,27.2,27.047937,25.8895158,28.2063582,25.436598,28.659276000000002,24.96552275,29.13035125
2023-01-12 16:00:00,26.5,26.239155,25.0807338,27.3975762,24.627816,27.850494,24.15674075,28.32156925
2023-01-12 17:00:00,25.4,25.431404,24.2729828,26.5898252,23.820065,27.042743,23.34898975,27.51381825
2023-01-12 18:00:00,24.0,24.193058,23.0346368,25.3514792,22.581719,25.804397,22.11064375,26.27547225
2023-01-12 19:00:00,23.4,23.24257,22.0841488,24.4009912,21.631231,24.853909,21.16015575,25.32498425
2023-01-12 20:00:00,22.7,22.891735,21.7333138,24.0501562,21.280396,24.503074,20.80932075,24.97414925
2023-01-12 21:00:00,22.2,23.003439,21.8450178,24.1618602,21.3921,24.614778,20.92102475,25.08585325
2023-01-12 22:00:00,21.7,22.773308,21.6148868,23.9317292,21.161969,24.384647,20.69089375,24.85572225
2023-01-12 23:00:00,21.4,22.635437,21.4770158,23.7938582,21.024098,24.246776,20.55302275,24.71785125
2023-01-13 00:00:00,20.9,22.35355,21.1951288,23.511971199999998,20.742210999999998,23.964889,20.27113575,24.435964249999998
2023-01-13 01:00:00,21.0,22.21344,21.0550188,23.371861199999998,20.602100999999998,23.824779,20.13102575,24.295854249999998
2023-01-13 02:00:00,22.3,21.854502,20.6960808,23.0129232,20.243163,23.465841,19.77208775,23.93691625
2023-01-13 03:00:00,21.2,21.918365,20.759943800000002,23.0767862,20.307026,23.529704000000002,19.835950750000002,24.00077925
2023-01-13 04:00:00,19.1,20.984385,19.8259638,22.1428062,19.373046,22.595724,18.90197075,23.06679925
2023-01-13 05:00:00,20.0,21.361467,20.2030458,22.5198882,19.750128,22.972806000000002,19.27905275,23.44388125
2023-01-13 06:00:00,20.5,21.97384,20.8154188,23.1322612,20.362500999999998,23.585179,19.89142575,24.05625425
2023-01-13 07:00:00,21.4,22.439257,21.280835800000002,23.5976782,20.827918,24.050596000000002,20.356842750000002,24.52167125
2023-01-13 08:00:00,23.6,24.204435,23.0460138,25.3628562,22.593096,25.815774,22.12202075,26.28684925
2023-01-13 09:00:00,25.5,25.720648,24.5622268,26.8790692,24.109309,27.331987,23.63823375,27.80306225
2023-01-13 10:00:00,26.5,26.880404,25.7219828,28.038825199999998,25.269064999999998,28.491743,24.79798975,28.962818249999998
2023-01-13 11:00:00,27.2,27.736395,26.577973800000002,28.8948162,26.125056,29.347734000000003,25.653980750000002,29.81880925
2023-01-13 12:00:00,27.6,27.945309,26.786887800000002,29.1037302,26.33397,29.556648000000003,25.862894750000002,30.02772325
2023-01-13 13:00:00,27.6,27.920935,26.7625138,29.0793562,26.309596,29.532274,25.83852075,30.00334925
2023-01-13 14:00:00,27.4,27.6365,26.478078800000002,28.7949212,26.025161,29.247839000000003,25.554085750000002,29.71891425
2023-01-13 15:00:00,27.0,27.006338,25.8479168,28.1647592,25.394999,28.617677,24.92392375,29.08875225
2023-01-13 16:00:00,26.2,26.4457,25.2872788,27.604121199999998,24.834360999999998,28.057039,24.36328575,28.528114249999998
2023-01-13 17:00:00,25.3,25.514511,24.3560898,26.672932199999998,23.903171999999998,27.12585,23.43209675,27.596925249999998
2023-01-13 18:00:00,23.5,24.349285,23.1908638,25.507706199999998,22.737945999999997,25.960624,22.26687075,26.431699249999998
2023-01-13 19:00:00,22.6,23.777737,22.6193158,24.936158199999998,22.166397999999997,25.389076,21.69532275,25.860151249999998
2023-01-13 20:00:00,22.0,23.404562,22.2461408,24.562983199999998,21.793222999999998,25.015901,21.32214775,25.486976249999998
2023-01-13 21:00:00,21.9,23.079355,21.9209338,24.2377762,21.468016,24.690694,20.99694075,25.16176925
2023-01-13 22:00:00,21.9,22.732704,21.5742828,23.891125199999998,21.121364999999997,24.344043,20.65028975,24.815118249999998
2023-01-13 23:00:00,21.1,22.635832,21.4774108,23.7942532,21.024493,24.247171,20.55341775,24.71824625
2023-01-14 00:00:00,20.8,22.321604,21.1631828,23.4800252,20.710265,23.932943,20.23918975,24.40401825
2023-01-14 01:00:00,23.3,22.171213,21.012791800000002,23.3296342,20.559874,23.782552000000003,20.088798750000002,24.25362725
2023-01-14 02:00:00,22.4,22.086039,20.9276178,23.2444602,20.4747,23.697378,20.00362475,24.16845325
2023-01-14 03:00:00,18.6,21.570482,20.4120608,22.728903199999998,19.959142999999997,23.181821,19.48806775,23.652896249999998
2023-01-14 04:00:00,19.0,20.828926,19.6705048,21.9873472,19.217586999999998,22.440265,18.74651175,22.91134025
2023-01-14 05:00:00,19.2,20.501802,19.343380800000002,21.6602232,18.890463,22.113141000000002,18.419387750000002,22.58421625
2023-01-14 06:00:00,19.3,20.822468,19.6640468,21.9808892,19.211129,22.433807,18.74005375,22.90488225
2023-01-14 07:00:00,19.7,22.203827,21.0454058,23.3622482,20.592488,23.815166,20.12141275,24.28624125
2023-01-14 08:00:00,22.2,24.290451,23.1320298,25.4488722,22.679112,25.901790000000002,22.20803675,26.37286525
2023-01-14 09:00:00,25.0,25.221413,24.0629918,26.379834199999998,23.610073999999997,26.832752,23.13899875,27.303827249999998
2023-01-14 10:00:00,26.2,26.745058,25.5866368,27.9034792,25.133719,28.356397,24.66264375,28.82747225
2023-01-14 11:00:00,26.9,27.702812,26.544390800000002,28.8612332,26.091473,29.314151000000003,25.620397750000002,29.78522625
2023-01-14 12:00:00,27.3,27.81417,26.6557488,28.9725912,26.202831,29.425509,25.73175575,29.89658425
2023-01-14 13:00:00,27.3,27.829815,26.6713938,28.9882362,26.218476,29.441154,25.74740075,29.91222925
2023-01-14 14:00:00,27.0,27.61951,26.4610888,28.777931199999998,26.008170999999997,29.230849,25.53709575,29.701924249999998
2023-01-14 15:00:00,26.5,27.183023,26.0246018,28.341444199999998,25.571683999999998,28.794362,25.10060875,29.265437249999998
2023-01-14 16:00:00,25.9,26.297882,25.139460800000002,27.4563032,24.686543,27.909221000000002,24.215467750000002,28.38029625
2023-01-14 17:00:00,24.8,25.398571,24.2401498,26.5569922,23.787232,27.00991,23.31615675,27.48098525
2023-01-14 18:00:00,23.4,24.209501,23.0510798,25.3679222,22.598162,25.82084,22.12708675,26.29191525
2023-01-14 19:00:00,22.7,23.475115,22.3166938,24.633536199999998,21.863775999999998,25.086454,21.39270075,25.557529249999998
2023-01-14 20:00:00,22.7,23.124653,21.9662318,24.283074199999998,21.513313999999998,24.735992,21.04223875,25.207067249999998
2023-01-14 21:00:00,22.5,22.90052,21.7420988,24.0589412,21.289181,24.511859,20.81810575,24.98293425
2023-01-14 22:00:00,21.9,23.073658,21.9152368,24.232079199999998,21.462318999999997,24.684997,20.99124375,25.156072249999998
2023-01-14 23:00:00,20.4,22.987026,21.8286048,24.1454472,21.375687,24.598365,20.90461175,25.06944025
2023-01-15 00:00:00,20.4,22.732803,21.5743818,23.8912242,21.121464,24.344142,20.65038875,24.81521725
2023-01-15 01:00:00,20.8,22.757435,21.5990138,23.9158562,21.146096,24.368774000000002,20.67502075,24.83984925
2023-01-15 02:00:00,20.9,22.094305,20.9358838,23.252726199999998,20.482965999999998,23.705644,20.01189075,24.176719249999998
2023-01-15 03:00:00,19.2,20.971577,19.8131558,22.1299982,19.360238,22.582916,18.88916275,23.05399125
2023-01-15 04:00:00,18.2,20.856218,19.6977968,22.014639199999998,19.244878999999997,22.467557,18.77380375,22.938632249999998
2023-01-15 05:00:00,19.9,20.620323,19.4619018,21.7787442,19.008983999999998,22.231662,18.53790875,22.70273725
2023-01-15 06:00:00,19.9,20.724028,19.5656068,21.8824492,19.112689,22.335367,18.64161375,22.80644225
2023-01-15 07:00:00,20.9,21.71202,20.5535988,22.8704412,20.100680999999998,23.323359,19.62960575,23.79443425
2023-01-15 08:00:00,23.4,23.416588,22.2581668,24.5750092,21.805249,25.027927000000002,21.33417375,25.49900225
2023-01-15 09:00:00,25.4,25.610502,24.4520808,26.7689232,23.999163,27.221841,23.52808775,27.69291625
2023-01-15 10:00:00,26.6,26.322023,25.163601800000002,27.4804442,24.710684,27.933362000000002,24.239608750000002,28.40443725
2023-01-15 11:00:00,27.3,27.182505,26.0240838,28.3409262,25.571165999999998,28.793844,25.10009075,29.26491925
2023-01-15 12:00:00,27.4,27.473982,26.3155608,28.6324032,25.862643,29.085321,25.39156775,29.55639625
2023-01-15 13:00:00,27.4,27.598873,26.4404518,28.7572942,25.987534,29.210212000000002,25.51645875,29.68128725
2023-01-15 14:00:00,27.1,27.299103,26.1406818,28.457524199999998,25.687763999999998,28.910442,25.21668875,29.381517249999998
2023-01-15 15:00:00,26.6,26.82783,25.6694088,27.986251199999998,25.216490999999998,28.439169,24.74541575,28.910244249999998
2023-01-15 16:00:00,25.9,26.078331,24.9199098,27.236752199999998,24.466991999999998,27.68967,23.99591675,28.160745249999998
2023-01-15 17:00:00,25.4,25.248222,24.0898008,26.406643199999998,23.636882999999997,26.859561,23.16580775,27.330636249999998
2023-01-15 18:00:00,24.6,24.061453,22.9030318,25.2198742,22.450114,25.672792,21.97903875,26.14386725
2023-01-15 19:00:00,24.0,23.37791,22.2194888,24.5363312,21.766571,24.989249,21.29549575,25.46032425
2023-01-15 20:00:00,23.5,23.227448,22.0690268,24.3858692,21.616108999999998,24.838787,21.14503375,25.30986225
2023-01-15 21:00:00,23.2,23.010181,21.8517598,24.1686022,21.398842,24.62152,20.92776675,25.09259525
2023-01-15 22:00:00,23.3,22.918211,21.7597898,24.0766322,21.306872,24.52955,20.83579675,25.00062525
2023-01-15 23:00:00,23.3,22.900166,21.7417448,24.058587199999998,21.288826999999998,24.511505,20.81775175,24.982580249999998
2023-01-16 00:00:00,23.1,22.521923,21.3635018,23.6803442,20.910584,24.133262000000002,20.43950875,24.60433725
2023-01-16 01:00:00,21.9,22.833158,21.6747368,23.9915792,21.221819,24.444497000000002,20.75074375,24.91557225
2023-01-16 02:00:00,20.8,22.945194,21.7867728,24.1036152,21.333855,24.556533,20.86277975,25.02760825
2023-01-16 03:00:00,22.8,21.65273,20.4943088,22.811151199999998,20.041390999999997,23.264069,19.57031575,23.735144249999998
2023-01-16 04:00:00,22.0,20.574312,19.4158908,21.7327332,18.962972999999998,22.185651,18.49189775,22.65672625
2023-01-16 05:00:00,20.7,20.500673,19.3422518,21.6590942,18.889333999999998,22.112012,18.41825875,22.58308725
2023-01-16 06:00:00,20.2,20.189116,19.0306948,21.347537199999998,18.577776999999998,21.800455,18.10670175,22.271530249999998
2023-01-16 07:00:00,21.7,21.761816,20.6033948,22.9202372,20.150477,23.373155,19.67940175,23.84423025
2023-01-16 08:00:00,23.9,23.420544,22.2621228,24.5789652,21.809205,25.031883,21.33812975,25.50295825
2023-01-16 09:00:00,25.7,24.825068,23.666646800000002,25.9834892,23.213729,26.436407000000003,22.742653750000002,26.90748225
2023-01-16 10:00:00,27.1,26.664907,25.5064858,27.8233282,25.053568,28.276246,24.58249275,28.74732125
2023-01-16 11:00:00,27.8,27.406992,26.2485708,28.5654132,25.795652999999998,29.018331,25.32457775,29.48940625
2023-01-16 12:00:00,27.9,27.543264,26.3848428,28.7016852,25.931925,29.154603,25.46084975,29.62567825
2023-01-16 13:00:00,28.1,27.533655,26.3752338,28.6920762,25.922316,29.144994,25.45124075,29.61606925
2023-01-16 14:00:00,27.9,27.314232,26.1558108,28.4726532,25.702893,28.925571,25.23181775,29.39664625
2023-01-16 15:00:00,27.3,26.835287,25.6768658,27.9937082,25.223948,28.446626000000002,24.75287275,28.91770125
2023-01-16 16:00:00,26.8,26.129082,24.9706608,27.2875032,24.517743,27.740421,24.04666775,28.21149625
2023-01-16 17:00:00,25.9,25.421185,24.262763800000002,26.5796062,23.809846,27.032524000000002,23.338770750000002,27.50359925
2023-01-16 18:00:00,25.0,24.68058,23.5221588,25.8390012,23.069240999999998,26.291919,22.59816575,26.76299425
2023-01-16 19:00:00,24.3,24.145687,22.9872658,25.304108199999998,22.534347999999998,25.757026,22.06327275,26.228101249999998
2023-01-16 20:00:00,23.9,23.649982,22.491560800000002,24.8084032,22.038643,25.261321000000002,21.567567750000002,25.73239625
2023-01-16 21:00:00,23.7,23.47966,22.3212388,24.6380812,21.868320999999998,25.090999,21.39724575,25.56207425
2023-01-16 22:00:00,23.7,23.555243,22.3968218,24.7136642,21.943904,25.166582000000002,21.47282875,25.63765725
2023-01-16 23:00:00,23.7,23.61646,22.4580388,24.7748812,22.005121,25.227799,21.53404575,25.69887425
2023-01-17 00:00:00,22.3,23.424435,22.2660138,24.5828562,21.813095999999998,25.035774,21.34202075,25.50684925
2023-01-17 01:00:00,21.7,23.088827,21.9304058,24.247248199999998,21.477487999999997,24.700166,21.00641275,25.171241249999998
2023-01-17 02:00:00,21.3,22.850847,21.692425800000002,24.0092682,21.239508,24.462186000000003,20.768432750000002,24.93326125
2023-01-17 03:00:00,21.6,22.411552,21.2531308,23.5699732,20.800213,24.022891,20.32913775,24.49396625
2023-01-17 04:00:00,23.9,22.374138,21.2157168,23.532559199999998,20.762798999999998,23.985477,20.29172375,24.456552249999998
2023-01-17 05:00:00,20.0,21.938646,20.7802248,23.097067199999998,20.327306999999998,23.549985,19.85623175,24.021060249999998
2023-01-17 06:00:00,20.2,21.58458,20.4261588,22.7430012,19.973240999999998,23.195919,19.50216575,23.66699425
2023-01-17 07:00:00,21.1,22.73657,21.5781488,23.8949912,21.125231,24.347909,20.65415575,24.81898425
2023-01-17 08:00:00,23.9,25.03827,23.8798488,26.1966912,23.426931,26.649609,22.95585575,27.12068425
2023-01-17 09:00:00,26.6,26.092875,24.9344538,27.2512962,24.481536,27.704214,24.01046075,28.17528925
2023-01-17 10:00:00,28.0,27.110456,25.9520348,28.2688772,25.499117,28.721795,25.02804175,29.19287025
2023-01-17 11:00:00,27.9,27.925386,26.7669648,29.0838072,26.314047,29.536725,25.84297175,30.00780025
2023-01-17 12:00:00,27.4,27.879906,26.7214848,29.038327199999998,26.268566999999997,29.491245,25.79749175,29.962320249999998
2023-01-17 13:00:00,28.3,27.96938,26.8109588,29.1278012,26.358041,29.580719000000002,25.88696575,30.05179425
2023-01-17 14:00:00,28.4,27.797771,26.6393498,28.9561922,26.186432,29.409110000000002,25.71535675,29.88018525
2023-01-17 15:00:00,27.6,27.350666,26.1922448,28.5090872,25.739327,28.962005,25.26825175,29.43308025
2023-01-17 16:00:00,27.0,26.816471,25.6580498,27.9748922,25.205132,28.42781,24.73405675,28.89888525
2023-01-17 17:00:00,25.8,26.068375,24.9099538,27.2267962,24.457036,27.679714,23.98596075,28.15078925
2023-01-17 18:00:00,24.8,25.290192,24.1317708,26.4486132,23.678853,26.901531000000002,23.20777775,27.37260625
2023-01-17 19:00:00,23.9,24.705069,23.546647800000002,25.8634902,23.09373,26.316408000000003,22.622654750000002,26.78748325
2023-01-17 20:00:00,23.3,24.197037,23.038615800000002,25.3554582,22.585698,25.808376000000003,22.114622750000002,26.27945125
2023-01-17 21:00:00,23.8,23.911299,22.7528778,25.0697202,22.29996,25.522638,21.82888475,25.99371325
2023-01-17 22:00:00,23.6,23.75558,22.5971588,24.914001199999998,22.144240999999997,25.366919,21.67316575,25.837994249999998
2023-01-17 23:00:00,22.4,23.804808,22.646386800000002,24.9632292,22.193469,25.416147000000002,21.722393750000002,25.88722225
2023-01-18 00:00:00,22.3,23.145815,21.9873938,24.3042362,21.534475999999998,24.757154,21.06340075,25.22822925
2023-01-18 01:00:00,22.0,22.45562,21.2971988,23.6140412,20.844281,24.066959,20.37320575,24.53803425
2023-01-18 02:00:00,20.9,22.33763,21.1792088,23.4960512,20.726291,23.948969,20.25521575,24.42004425
2023-01-18 03:00:00,20.5,21.658245,20.4998238,22.8166662,20.046906,23.269584000000002,19.57583075,23.74065925
2023-01-18 04:00:00,19.5,21.833817,20.6753958,22.9922382,20.222478,23.445156,19.75140275,23.91623125
2023-01-18 05:00:00,20.5,21.444687,20.2862658,22.603108199999998,19.833347999999997,23.056026,19.36227275,23.527101249999998
2023-01-18 06:00:00,20.6,20.492027,19.3336058,21.6504482,18.880688,22.103366,18.40961275,22.57444125
2023-01-18 07:00:00,21.7,22.280771,21.122349800000002,23.4391922,20.669432,23.892110000000002,20.198356750000002,24.36318525
2023-01-18 08:00:00,24.4,24.096739,22.9383178,25.2551602,22.4854,25.708078,22.01432475,26.17915325
2023-01-18 09:00:00,26.7,26.45893,25.3005088,27.617351199999998,24.847590999999998,28.070269,24.37651575,28.541344249999998
2023-01-18 10:00:00,27.7,27.720007,26.5615858,28.8784282,26.108667999999998,29.331346,25.63759275,29.80242125
2023-01-18 11:00:00,28.0,27.933006,26.7745848,29.0914272,26.321666999999998,29.544345,25.85059175,30.01542025
2023-01-18 12:00:00,28.3,27.871717,26.7132958,29.0301382,26.260378,29.483056,25.78930275,29.95413125
2023-01-18 13:00:00,28.4,28.293898,27.1354768,29.452319199999998,26.682558999999998,29.905237,26.21148375,30.376312249999998
2023-01-18 14:00:00,28.1,28.235542,27.0771208,29.393963199999998,26.624202999999998,29.846881,26.15312775,30.317956249999998
2023-01-18 15:00:00,27.6,27.777777,26.6193558,28.9361982,26.166438,29.389116,25.69536275,29.86019125
2023-01-18 16:00:00,27.1,27.048903,25.8904818,28.2073242,25.437564,28.660242,24.96648875,29.13131725
2023-01-18 17:00:00,26.2,26.149075,24.9906538,27.3074962,24.537736,27.760414,24.06666075,28.23148925
2023-01-18 18:00:00,24.8,25.1022,23.9437788,26.2606212,23.490861,26.713539,23.01978575,27.18461425
2023-01-18 19:00:00,24.1,24.57197,23.4135488,25.7303912,22.960631,26.183309,22.48955575,26.65438425
2023-01-18 20:00:00,24.5,23.945436,22.7870148,25.1038572,22.334097,25.556775000000002,21.86302175,26.02785025
2023-01-18 21:00:00,24.5,23.826208,22.667786800000002,24.9846292,22.214869,25.437547000000002,21.743793750000002,25.90862225
2023-01-18 22:00:00,24.8,23.676947,22.5185258,24.835368199999998,22.065607999999997,25.288286,21.59453275,25.759361249999998
2023-01-18 23:00:00,25.1,22.974495,21.8160738,24.1329162,21.363156,24.585834000000002,20.89208075,25.05690925
2023-01-19 00:00:00,25.2,22.438038,21.2796168,23.596459199999998,20.826698999999998,24.049377,20.35562375,24.520452249999998
2023-01-19 01:00:00,25.0,22.031013,20.872591800000002,23.1894342,20.419674,23.642352000000002,19.948598750000002,24.11342725
2023-01-19 02:00:00,24.8,21.675371,20.5169498,22.833792199999998,20.064031999999997,23.28671,19.59295675,23.757785249999998
2023-01-19 03:00:00,24.5,21.130642,19.972220800000002,22.2890632,19.519303,22.741981000000003,19.048227750000002,23.21305625
2023-01-19 04:00:00,24.4,20.877811,19.719389800000002,22.0362322,19.266472,22.489150000000002,18.795396750000002,22.96022525
2023-01-19 05:00:00,22.0,20.694384,19.5359628,21.8528052,19.083045,22.305723,18.61196975,22.77679825
2023-01-19 06:00:00,22.7,21.439089,20.2806678,22.5975102,19.827749999999998,23.050428,19.35667475,23.52150325
2023-01-19 07:00:00,23.4,21.800093,20.6416718,22.9585142,20.188754,23.411432,19.71767875,23.88250725
2023-01-19 08:00:00,24.4,24.712946,23.5545248,25.871367199999998,23.101606999999998,26.324285,22.63053175,26.795360249999998
2023-01-19 09:00:00,25.9,26.695704,25.5372828,27.8541252,25.084365,28.307043,24.61328975,28.77811825
2023-01-19 10:00:00,26.5,27.644741,26.4863198,28.8031622,26.033402,29.25608,25.56232675,29.72715525
2023-01-19 11:00:00,26.5,27.941534,26.7831128,29.0999552,26.330195,29.552873,25.85911975,30.02394825
2023-01-19 12:00:00,26.9,27.84503,26.686608800000002,29.0034512,26.233691,29.456369000000002,25.762615750000002,29.92744425
2023-01-19 13:00:00,27.4,28.075214,26.9167928,29.2336352,26.463874999999998,29.686553,25.99279975,30.15762825
2023-01-19 14:00:00,27.0,27.939726,26.7813048,29.0981472,26.328387,29.551065,25.85731175,30.02214025
2023-01-19 15:00:00,26.6,27.395687,26.2372658,28.554108199999998,25.784347999999998,29.007026,25.31327275,29.478101249999998
2023-01-19 16:00:00,27.1,26.947916,25.7894948,28.1063372,25.336577,28.559255,24.86550175,29.03033025
2023-01-19 17:00:00,26.4,25.949574,24.7911528,27.107995199999998,24.338234999999997,27.560913,23.86715975,28.031988249999998
2023-01-19 18:00:00,25.4,24.980934,23.822512800000002,26.1393552,23.369595,26.592273000000002,22.898519750000002,27.06334825
2023-01-19 19:00:00,24.7,24.134867,22.9764458,25.2932882,22.523528,25.746206,22.05245275,26.21728125
2023-01-19 20:00:00,24.3,24.254461,23.0960398,25.4128822,22.643121999999998,25.8658,22.17204675,26.33687525
2023-01-19 21:00:00,23.9,24.251158,23.0927368,25.4095792,22.639819,25.862497,22.16874375,26.33357225
2023-01-19 22:00:00,23.9,24.314371,23.155949800000002,25.4727922,22.703032,25.925710000000002,22.231956750000002,26.39678525
2023-01-19 23:00:00,24.0,24.469841,23.3114198,25.628262199999998,22.858501999999998,26.08118,22.38742675,26.552255249999998
2023-01-20 00:00:00,23.8,24.302986,23.1445648,25.4614072,22.691647,25.914325,22.22057175,26.38540025
2023-01-20 01:00:00,23.0,24.078012,22.9195908,25.2364332,22.466673,25.689351000000002,21.99559775,26.16042625
2023-01-20 02:00:00,23.0,23.834707,22.676285800000002,24.9931282,22.223368,25.446046000000003,21.752292750000002,25.91712125
2023-01-20 03:00:00,22.8,23.487446,22.3290248,24.645867199999998,21.876106999999998,25.098785,21.40503175,25.569860249999998
2023-01-20 04:00:00,22.8,22.79887,21.6404488,23.9572912,21.187531,24.410209000000002,20.71645575,24.88128425
2023-01-20 05:00:00,23.2,22.611198,21.452776800000002,23.7696192,20.999859,24.222537000000003,20.528783750000002,24.69361225
2023-01-20 06:00:00,22.9,22.802946,21.6445248,23.961367199999998,21.191606999999998,24.414285,20.72053175,24.885360249999998
2023-01-20 07:00:00,24.3,23.946054,22.7876328,25.1044752,22.334715,25.557393,21.86363975,26.02846825
2023-01-20 08:00:00,26.2,25.235634,24.0772128,26.3940552,23.624295,26.846973000000002,23.15321975,27.31804825
2023-01-20 09:00:00,27.7,26.442371,25.283949800000002,27.6007922,24.831032,28.053710000000002,24.359956750000002,28.52478525
2023-01-20 10:00:00,28.2,27.040567,25.8821458,28.1989882,25.429228,28.651906,24.95815275,29.12298125
2023-01-20 11:00:00,28.9,27.203999,26.0455778,28.3624202,25.59266,28.815338,25.12158475,29.28641325
2023-01-20 12:00:00,29.1,27.44111,26.2826888,28.599531199999998,25.829770999999997,29.052449,25.35869575,29.523524249999998
2023-01-20 13:00:00,29.0,27.945276,26.7868548,29.1036972,26.333937,29.556615,25.86286175,30.02769025
2023-01-20 14:00:00,28.6,27.458109,26.2996878,28.6165302,25.84677,29.069448,25.37569475,29.54052325
2023-01-20 15:00:00,26.8,27.198399,26.0399778,28.356820199999998,25.587059999999997,28.809738,25.11598475,29.280813249999998
2023-01-20 16:00:00,25.9,26.961271,25.8028498,28.1196922,25.349932,28.57261,24.87885675,29.04368525
2023-01-20 17:00:00,24.8,26.133877,24.9754558,27.292298199999998,24.522537999999997,27.745216,24.05146275,28.216291249999998
2023-01-20 18:00:00,24.7,25.176378,24.0179568,26.3347992,23.565039,26.787717,23.09396375,27.25879225
2023-01-20 19:00:00,24.3,24.847672,23.6892508,26.0060932,23.236333,26.459011,22.76525775,26.93008625
2023-01-20 20:00:00,23.8,24.389353,23.2309318,25.5477742,22.778014,26.000692,22.30693875,26.47176725
2023-01-20 21:00:00,24.1,24.052225,22.8938038,25.2106462,22.440886,25.663564,21.96981075,26.13463925
2023-01-20 22:00:00,24.2,24.119925,22.9615038,25.278346199999998,22.508585999999998,25.731264,22.03751075,26.202339249999998
2023-01-20 23:00:00,24.2,24.127226,22.9688048,25.2856472,22.515887,25.738565,22.04481175,26.20964025
2023-01-21 00:00:00,24.0,23.620558,22.4621368,24.7789792,22.009218999999998,25.231897,21.53814375,25.70297225
2023-01-21 01:00:00,23.7,23.603811,22.4453898,24.7622322,21.992472,25.21515,21.52139675,25.68622525
2023-01-21 02:00:00,23.1,23.474998,22.3165768,24.6334192,21.863659,25.086337,21.39258375,25.55741225
2023-01-21 03:00:00,23.0,23.01366,21.855238800000002,24.1720812,21.402321,24.624999000000003,20.931245750000002,25.09607425
2023-01-21 04:00:00,22.4,22.737349,21.5789278,23.895770199999998,21.126009999999997,24.348688,20.65493475,24.819763249999998
2023-01-21 05:00:00,23.5,22.834724,21.676302800000002,23.9931452,21.223385,24.446063000000002,20.752309750000002,24.91713825
2023-01-21 06:00:00,23.2,23.102732,21.9443108,24.2611532,21.491393,24.714071,21.02031775,25.18514625
2023-01-21 07:00:00,24.1,24.130455,22.972033800000002,25.2888762,22.519116,25.741794000000002,22.048040750000002,26.21286925
2023-01-21 08:00:00,25.9,25.570873,24.4124518,26.7292942,23.959533999999998,27.182212,23.48845875,27.653287249999998
2023-01-21 09:00:00,27.2,27.227594,26.0691728,28.3860152,25.616255,28.838933,25.14517975,29.31000825
2023-01-21 10:00:00,27.7,27.72853,26.5701088,28.8869512,26.117191,29.339869,25.64611575,29.81094425
2023-01-21 11:00:00,28.2,28.487232,27.3288108,29.645653199999998,26.875892999999998,30.098571,26.40481775,30.569646249999998
2023-01-21 12:00:00,28.3,28.733604,27.5751828,29.8920252,27.122265,30.344943,26.65118975,30.81601825
2023-01-21 13:00:00,27.8,28.65987,27.501448800000002,29.8182912,27.048531,30.271209000000002,26.577455750000002,30.74228425
2023-01-21 14:00:00,27.6,28.50711,27.3486888,29.6655312,26.895771,30.118449000000002,26.42469575,30.58952425
2023-01-21 15:00:00,27.2,27.425692,26.267270800000002,28.5841132,25.814353,29.037031000000002,25.343277750000002,29.50810625
2023-01-21 16:00:00,26.6,26.441408,25.2829868,27.5998292,24.830068999999998,28.052747,24.35899375,28.52382225
2023-01-21 17:00:00,26.3,25.367867,24.2094458,26.5262882,23.756528,26.979206,23.28545275,27.45028125
2023-01-21 18:00:00,25.5,25.007267,23.8488458,26.165688199999998,23.395927999999998,26.618606,22.92485275,27.089681249999998
2023-01-21 19:00:00,25.1,24.914974,23.7565528,26.0733952,23.303635,26.526313000000002,22.83255975,26.99738825
2023-01-21 20:00:00,24.9,24.530704,23.3722828,25.6891252,22.919365,26.142043,22.44828975,26.61311825
2023-01-21 21:00:00,25.1,24.520893,23.3624718,25.6793142,22.909554,26.132232000000002,22.43847875,26.60330725
2023-01-21 22:00:00,25.2,24.390184,23.231762800000002,25.5486052,22.778845,26.001523000000002,22.307769750000002,26.47259825
2023-01-21 23:00:00,25.1,24.114979,22.956557800000002,25.2734002,22.50364,25.726318000000003,22.032564750000002,26.19739325
2023-01-22 00:00:00,25.0,23.67956,22.5211388,24.837981199999998,22.068220999999998,25.290899,21.59714575,25.761974249999998
2023-01-22 01:00:00,24.8,23.60719,22.4487688,24.7656112,21.995851,25.218529,21.52477575,25.68960425
2023-01-22 02:00:00,24.5,23.236551,22.0781298,24.394972199999998,21.625211999999998,24.84789,21.15413675,25.318965249999998
2023-01-22 03:00:00,24.7,23.007292,21.8488708,24.1657132,21.395953,24.618631,20.92487775,25.08970625
2023-01-22 04:00:00,24.9,22.780357,21.6219358,23.938778199999998,21.169017999999998,24.391696,20.69794275,24.862771249999998
2023-01-22 05:00:00,25.1,22.91309,21.7546688,24.0715112,21.301751,24.524429,20.83067575,24.99550425
2023-01-22 06:00:00,25.3,22.884115,21.725693800000002,24.0425362,21.272776,24.495454000000002,20.801700750000002,24.96652925
2023-01-22 07:00:00,25.9,23.898874,22.7404528,25.0572952,22.287535,25.510213,21.81645975,25.98128825
2023-01-22 08:00:00,26.7,25.777071,24.6186498,26.9354922,24.165732,27.38841,23.69465675,27.85948525
2023-01-22 09:00:00,27.6,27.04519,25.886768800000002,28.2036112,25.433851,28.656529000000003,24.962775750000002,29.12760425
2023-01-22 10:00:00,28.1,27.727774,26.5693528,28.8861952,26.116435,29.339113,25.64535975,29.81018825
2023-01-22 11:00:00,28.7,27.993187,26.8347658,29.1516082,26.381847999999998,29.604526,25.91077275,30.07560125
2023-01-22 12:00:00,28.7,28.212673,27.0542518,29.371094199999998,26.601333999999998,29.824012,26.13025875,30.295087249999998
2023-01-22 13:00:00,28.6,28.055393,26.8969718,29.213814199999998,26.444053999999998,29.666732,25.97297875,30.137807249999998
2023-01-22 14:00:00,27.9,27.50754,26.3491188,28.665961199999998,25.896200999999998,29.118879,25.42512575,29.589954249999998
2023-01-22 15:00:00,27.7,26.947163,25.7887418,28.1055842,25.335824,28.558502,24.86474875,29.02957725
2023-01-22 16:00:00,27.6,26.430485,25.2720638,27.5889062,24.819146,28.041824000000002,24.34807075,28.51289925
2023-01-22 17:00:00,26.5,25.911541,24.7531198,27.0699622,24.300202,27.52288,23.82912675,27.99395525
2023-01-22 18:00:00,25.9,25.325787,24.1673658,26.484208199999998,23.714447999999997,26.937126,23.24337275,27.408201249999998
2023-01-22 19:00:00,25.6,25.12307,23.9646488,26.281491199999998,23.511730999999997,26.734409,23.04065575,27.205484249999998
2023-01-22 20:00:00,25.3,24.905733,23.747311800000002,26.0641542,23.294394,26.517072000000002,22.823318750000002,26.98814725
2023-01-22 21:00:00,25.4,24.849976,23.691554800000002,26.0083972,23.238637,26.461315000000003,22.767561750000002,26.93239025
2023-01-22 22:00:00,25.5,24.818266,23.659844800000002,25.9766872,23.206927,26.429605000000002,22.735851750000002,26.90068025
2023-01-22 23:00:00,25.3,24.721455,23.5630338,25.879876199999998,23.110115999999998,26.332794,22.63904075,26.803869249999998
2023-01-23 00:00:00,25.1,24.458195,23.2997738,25.6166162,22.846856,26.069534,22.37578075,26.54060925
2023-01-23 01:00:00,24.7,24.211031,23.0526098,25.369452199999998,22.599691999999997,25.82237,22.12861675,26.293445249999998
2023-01-23 02:00:00,24.3,23.935724,22.7773028,25.0941452,22.324385,25.547063,21.85330975,26.01813825
2023-01-23 03:00:00,24.3,23.851112,22.6926908,25.0095332,22.239773,25.462451,21.76869775,25.93352625
2023-01-23 04:00:00,24.3,23.844292,22.6858708,25.0027132,22.232953,25.455631,21.76187775,25.92670625
2023-01-23 05:00:00,23.9,24.047516,22.889094800000002,25.2059372,22.436177,25.658855000000003,21.965101750000002,26.12993025
2023-01-23 06:00:00,23.3,24.268639,23.1102178,25.4270602,22.6573,25.879978,22.18622475,26.35105325
2023-01-23 07:00:00,24.8,25.060495,23.9020738,26.2189162,23.449156,26.671834,22.97808075,27.14290925
2023-01-23 08:00:00,26.3,26.20665,25.0482288,27.3650712,24.595311,27.817989,24.12423575,28.28906425
2023-01-23 09:00:00,27.0,27.174265,26.0158438,28.332686199999998,25.562925999999997,28.785604,25.09185075,29.256679249999998
2023-01-23 10:00:00,27.7,27.707163,26.548741800000002,28.8655842,26.095824,29.318502000000002,25.624748750000002,29.78957725
2023-01-23 11:00:00,28.0,28.231232,27.0728108,29.389653199999998,26.619892999999998,29.842571,26.14881775,30.313646249999998
2023-01-23 12:00:00,28.0,28.22945,27.0710288,29.3878712,26.618111,29.840789,26.14703575,30.31186425
2023-01-23 13:00:00,28.0,28.252523,27.0941018,29.4109442,26.641184,29.863862,26.17010875,30.33493725
2023-01-23 14:00:00,27.7,27.663313,26.5048918,28.821734199999998,26.051973999999998,29.274652,25.58089875,29.745727249999998
2023-01-23 15:00:00,27.2,27.36994,26.2115188,28.5283612,25.758601,28.981279,25.28752575,29.45235425
2023-01-23 16:00:00,26.5,27.063652,25.905230800000002,28.2220732,25.452313,28.674991000000002,24.981237750000002,29.14606625
2023-01-23 17:00:00,25.8,26.221193,25.0627718,27.3796142,24.609854,27.832532,24.13877875,28.30360725
2023-01-23 18:00:00,25.0,25.60733,24.4489088,26.7657512,23.995991,27.218669000000002,23.52491575,27.68974425
2023-01-23 19:00:00,24.7,25.338463,24.1800418,26.4968842,23.727124,26.949802000000002,23.25604875,27.42087725
2023-01-23 20:00:00,24.6,24.983229,23.824807800000002,26.1416502,23.37189,26.594568000000002,22.900814750000002,27.06564325
2023-01-23 21:00:00,24.4,24.84751,23.6890888,26.0059312,23.236171,26.458849,22.76509575,26.92992425
2023-01-23 22:00:00,24.2,24.865685,23.7072638,26.0241062,23.254345999999998,26.477024,22.78327075,26.94809925
2023-01-23 23:00:00,24.0,24.695223,23.5368018,25.853644199999998,23.083883999999998,26.306562,22.61280875,26.777637249999998
2023-01-24 00:00:00,23.8,24.482128,23.3237068,25.6405492,22.870789,26.093467,22.39971375,26.56454225
2023-01-24 01:00:00,23.5,24.070663,22.9122418,25.2290842,22.459324,25.682002,21.98824875,26.15307725
2023-01-24 02:00:00,23.1,23.764364,22.6059428,24.9227852,22.153025,25.375703,21.68194975,25.84677825
2023-01-24 03:00:00,22.9,23.523973,22.365551800000002,24.6823942,21.912634,25.135312000000003,21.441558750000002,25.60638725
2023-01-24 04:00:00,22.3,23.535465,22.3770438,24.693886199999998,21.924125999999998,25.146804,21.45305075,25.617879249999998
2023-01-24 05:00:00,22.9,23.434954,22.276532800000002,24.5933752,21.823615,25.046293000000002,21.352539750000002,25.51736825
2023-01-24 06:00:00,23.2,23.300608,22.1421868,24.4590292,21.689269,24.911947,21.21819375,25.38302225
2023-01-24 07:00:00,24.3,24.56101,23.4025888,25.7194312,22.949671,26.172349,22.47859575,26.64342425
2023-01-24 08:00:00,25.8,25.853098,24.6946768,27.0115192,24.241759,27.464437,23.77068375,27.93551225
2023-01-24 09:00:00,26.9,27.091282,25.9328608,28.2497032,25.479943,28.702621,25.00886775,29.17369625
2023-01-24 10:00:00,27.6,27.688843,26.5304218,28.847264199999998,26.077503999999998,29.300182,25.60642875,29.771257249999998
2023-01-24 11:00:00,27.9,28.001911,26.8434898,29.1603322,26.390572,29.61325,25.91949675,30.08432525
2023-01-24 12:00:00,28.0,27.992172,26.8337508,29.1505932,26.380833,29.603511,25.90975775,30.07458625
2023-01-24 13:00:00,28.0,27.991335,26.8329138,29.1497562,26.379996,29.602674,25.90892075,30.07374925
2023-01-24 14:00:00,27.8,27.755552,26.597130800000002,28.9139732,26.144213,29.366891000000003,25.673137750000002,29.83796625
2023-01-24 15:00:00,27.3,27.344337,26.1859158,28.5027582,25.732998,28.955676,25.26192275,29.42675125
2023-01-24 16:00:00,26.8,26.781786,25.6233648,27.9402072,25.170447,28.393125,24.69937175,28.86420025
2023-01-24 17:00:00,26.7,25.814959,24.656537800000002,26.9733802,24.20362,27.426298000000003,23.732544750000002,27.89737325
2023-01-24 18:00:00,26.1,25.10137,23.9429488,26.2597912,23.490031,26.712709,23.01895575,27.18378425
2023-01-24 19:00:00,25.7,24.692,23.5335788,25.8504212,23.080661,26.303339,22.60958575,26.77441425
2023-01-24 20:00:00,25.4,24.530447,23.3720258,25.688868199999998,22.919107999999998,26.141786,22.44803275,26.612861249999998
2023-01-24 21:00:00,25.1,24.36569,23.2072688,25.5241112,22.754351,25.977029,22.28327575,26.44810425
2023-01-24 22:00:00,24.8,24.19374,23.0353188,25.352161199999998,22.582400999999997,25.805079,22.11132575,26.276154249999998
2023-01-24 23:00:00,24.5,24.056948,22.8985268,25.215369199999998,22.445608999999997,25.668287,21.97453375,26.139362249999998
2023-01-25 00:00:00,24.1,23.70151,22.5430888,24.8599312,22.090170999999998,25.312849,21.61909575,25.78392425
2023-01-25 01:00:00,23.9,23.395336,22.2369148,24.5537572,21.783997,25.006675,21.31292175,25.47775025
2023-01-25 02:00:00,23.5,22.925133,21.7667118,24.0835542,21.313793999999998,24.536472,20.84271875,25.00754725
2023-01-25 03:00:00,23.3,22.883944,21.7255228,24.0423652,21.272605,24.495283,20.80152975,24.96635825
2023-01-25 04:00:00,21.9,22.403854,21.2454328,23.5622752,20.792514999999998,24.015193,20.32143975,24.48626825
2023-01-25 05:00:00,21.5,22.662424,21.504002800000002,23.8208452,21.051085,24.273763000000002,20.580009750000002,24.74483825
2023-01-25 06:00:00,21.8,23.297153,22.138731800000002,24.4555742,21.685814,24.908492000000003,21.214738750000002,25.37956725
2023-01-25 07:00:00,22.8,24.349775,23.1913538,25.5081962,22.738436,25.961114000000002,22.26736075,26.43218925
2023-01-25 08:00:00,25.1,25.961895,24.8034738,27.120316199999998,24.350555999999997,27.573234,23.87948075,28.044309249999998
2023-01-25 09:00:00,26.9,26.819315,25.6608938,27.9777362,25.207976,28.430654,24.73690075,28.90172925
2023-01-25 10:00:00,28.1,27.509804,26.3513828,28.6682252,25.898464999999998,29.121143,25.42738975,29.59221825
2023-01-25 11:00:00,28.4,27.770653,26.6122318,28.9290742,26.159314,29.381992,25.68823875,29.85306725
2023-01-25 12:00:00,29.0,27.867044,26.7086228,29.0254652,26.255705,29.478383,25.78462975,29.94945825
2023-01-25 13:00:00,29.3,27.845455,26.687033800000002,29.0038762,26.234116,29.456794000000002,25.763040750000002,29.92786925
2023-01-25 14:00:00,29.1,27.663086,26.5046648,28.8215072,26.051747,29.274425,25.58067175,29.74550025
2023-01-25 15:00:00,27.9,27.05771,25.8992888,28.2161312,25.446371,28.669049,24.97529575,29.14012425
2023-01-25 16:00:00,27.3,26.532978,25.3745568,27.6913992,24.921639,28.144317,24.45056375,28.61539225
2023-01-25 17:00:00,26.6,26.154833,24.9964118,27.3132542,24.543494,27.766172,24.07241875,28.23724725
2023-01-25 18:00:00,25.6,25.801079,24.642657800000002,26.9595002,24.18974,27.412418000000002,23.718664750000002,27.88349325
2023-01-25 19:00:00,25.3,25.391985,24.2335638,26.550406199999998,23.780645999999997,27.003324,23.30957075,27.474399249999998
2023-01-25 20:00:00,25.2,25.093136,23.934714800000002,26.2515572,23.481797,26.704475000000002,23.010721750000002,27.17555025
2023-01-25 21:00:00,25.0,24.851616,23.6931948,26.0100372,23.240277,26.462955,22.76920175,26.93403025
2023-01-25 22:00:00,24.7,24.673605,23.5151838,25.832026199999998,23.062265999999997,26.284944,22.59119075,26.756019249999998
2023-01-25 23:00:00,24.5,24.438086,23.2796648,25.596507199999998,22.826746999999997,26.049425,22.35567175,26.520500249999998
2023-01-26 00:00:00,23.8,23.964533,22.8061118,25.1229542,22.353194,25.575872,21.88211875,26.04694725
2023-01-26 01:00:00,23.4,23.65372,22.4952988,24.8121412,22.042381,25.265059,21.57130575,25.73613425
2023-01-26 02:00:00,22.9,23.162025,22.0036038,24.3204462,21.550686,24.773364,21.07961075,25.24443925
2023-01-26 03:00:00,21.8,22.817106,21.6586848,23.9755272,21.205766999999998,24.428445,20.73469175,24.89952025
2023-01-26 04:00:00,21.2,22.5646,21.4061788,23.723021199999998,20.953260999999998,24.175939,20.48218575,24.647014249999998
2023-01-26 05:00:00,22.9,22.248096,21.0896748,23.4065172,20.636757,23.859435,20.16568175,24.33051025
2023-01-26 06:00:00,23.3,22.29475,21.1363288,23.4531712,20.683411,23.906089,20.21233575,24.37716425
2023-01-26 07:00:00,24.3,22.839174,21.6807528,23.9975952,21.227835,24.450513,20.75675975,24.92158825
2023-01-26 08:00:00,26.2,25.006508,23.8480868,26.1649292,23.395169,26.617847,22.92409375,27.08892225
2023-01-26 09:00:00,27.5,26.620634,25.4622128,27.7790552,25.009294999999998,28.231973,24.53821975,28.70304825
2023-01-26 10:00:00,28.0,27.769272,26.6108508,28.9276932,26.157933,29.380611000000002,25.68685775,29.85168625
2023-01-26 11:00:00,28.7,28.209188,27.0507668,29.3676092,26.597849,29.820527000000002,26.12677375,30.29160225
2023-01-26 12:00:00,28.7,28.710844,27.552422800000002,29.8692652,27.099505,30.322183000000003,26.628429750000002,30.79325825
2023-01-26 13:00:00,28.6,28.860533,27.7021118,30.0189542,27.249194,30.471872,26.77811875,30.94294725
2023-01-26 14:00:00,28.2,28.691608,27.5331868,29.850029199999998,27.080268999999998,30.302947,26.60919375,30.774022249999998
2023-01-26 15:00:00,27.7,28.02546,26.8670388,29.1838812,26.414120999999998,29.636799,25.94304575,30.10787425
2023-01-26 16:00:00,26.9,27.204239,26.045817800000002,28.3626602,25.5929,28.815578000000002,25.121824750000002,29.28665325
2023-01-26 17:00:00,26.4,26.67126,25.5128388,27.8296812,25.059921,28.282599,24.58884575,28.75367425
2023-01-26 18:00:00,25.2,25.709478,24.5510568,26.8678992,24.098139,27.320817,23.62706375,27.79189225
2023-01-26 19:00:00,24.6,25.184175,24.0257538,26.3425962,23.572836,26.795514,23.10176075,27.26658925
2023-01-26 20:00:00,24.0,24.986767,23.8283458,26.1451882,23.375428,26.598106,22.90435275,27.06918125
2023-01-26 21:00:00,23.3,24.82774,23.6693188,25.986161199999998,23.216400999999998,26.439079,22.74532575,26.910154249999998
2023-01-26 22:00:00,22.5,24.710403,23.5519818,25.8688242,23.099064,26.321742,22.62798875,26.79281725
2023-01-26 23:00:00,22.4,24.484728,23.3263068,25.6431492,22.873389,26.096067,22.40231375,26.56714225
2023-01-27 00:00:00,22.1,24.039654,22.8812328,25.198075199999998,22.428314999999998,25.650993,21.95723975,26.122068249999998
2023-01-27 01:00:00,21.8,23.609688,22.4512668,24.768109199999998,21.998348999999997,25.221027,21.52727375,25.692102249999998
2023-01-27 02:00:00,21.7,23.239498,22.0810768,24.3979192,21.628159,24.850837000000002,21.15708375,25.32191225
2023-01-27 03:00:00,21.5,22.699903,21.5414818,23.8583242,21.088563999999998,24.311242,20.61748875,24.78231725
2023-01-27 04:00:00,21.1,22.256662,21.0982408,23.415083199999998,20.645322999999998,23.868001,20.17424775,24.339076249999998
2023-01-27 05:00:00,21.1,22.523748,21.365326800000002,23.6821692,20.912409,24.135087000000002,20.441333750000002,24.60616225
2023-01-27 06:00:00,21.1,22.968683,21.8102618,24.127104199999998,21.357343999999998,24.580022,20.88626875,25.051097249999998
2023-01-27 07:00:00,21.7,23.664669,22.5062478,24.8230902,22.05333,25.276008,21.58225475,25.74708325
2023-01-27 08:00:00,24.0,25.563938,24.4055168,26.7223592,23.952599,27.175277,23.48152375,27.64635225
2023-01-27 09:00:00,26.2,27.05521,25.8967888,28.2136312,25.443870999999998,28.666549,24.97279575,29.13762425
2023-01-27 10:00:00,27.7,27.816229,26.6578078,28.9746502,26.20489,29.427568,25.73381475,29.89864325
2023-01-27 11:00:00,28.5,28.482937,27.3245158,29.6413582,26.871598,30.094276,26.40052275,30.56535125
2023-01-27 12:00:00,28.9,28.568968,27.410546800000002,29.7273892,26.957629,30.180307000000003,26.486553750000002,30.65138225
2023-01-27 13:00:00,28.9,28.797115,27.638693800000002,29.9555362,27.185776,30.408454000000003,26.714700750000002,30.87952925
2023-01-27 14:00:00,28.7,28.409468,27.2510468,29.5678892,26.798129,30.020807,26.32705375,30.49188225
2023-01-27 15:00:00,28.2,27.728409,26.5699878,28.8868302,26.11707,29.339748,25.64599475,29.81082325
2023-01-27 16:00:00,27.5,26.943382,25.7849608,28.1018032,25.332043,28.554721,24.86096775,29.02579625
2023-01-27 17:00:00,26.8,26.287767,25.1293458,27.446188199999998,24.676427999999998,27.899106,24.20535275,28.370181249999998
2023-01-27 18:00:00,25.8,25.259314,24.1008928,26.4177352,23.647975,26.870653,23.17689975,27.34172825
2023-01-27 19:00:00,25.3,24.714876,23.5564548,25.8732972,23.103537,26.326215,22.63246175,26.79729025
2023-01-27 20:00:00,25.0,24.284845,23.1264238,25.4432662,22.673506,25.896184,22.20243075,26.36725925
2023-01-27 21:00:00,24.6,23.751549,22.5931278,24.9099702,22.14021,25.362888,21.66913475,25.83396325
2023-01-27 22:00:00,24.6,23.137676,21.9792548,24.2960972,21.526336999999998,24.749015,21.05526175,25.22009025
2023-01-27 23:00:00,24.7,22.65522,21.4967988,23.8136412,21.043881,24.266559,20.57280575,24.73763425
2023-01-28 00:00:00,24.7,22.652306,21.4938848,23.8107272,21.040967,24.263645,20.56989175,24.73472025
2023-01-28 01:00:00,24.4,22.36052,21.2020988,23.5189412,20.749181,23.971859000000002,20.27810575,24.44293425
2023-01-28 02:00:00,24.1,22.293762,21.1353408,23.4521832,20.682423,23.905101000000002,20.21134775,24.37617625
2023-01-28 03:00:00,23.8,22.149721,20.9912998,23.3081422,20.538382,23.76106,20.06730675,24.23213525
2023-01-28 04:00:00,23.5,22.11905,20.960628800000002,23.2774712,20.507711,23.730389000000002,20.036635750000002,24.20146425
2023-01-28 05:00:00,22.7,22.090034,20.9316128,23.2484552,20.478695,23.701373,20.00761975,24.17244825
2023-01-28 06:00:00,23.0,21.873438,20.7150168,23.0318592,20.262099,23.484777,19.79102375,23.95585225
2023-01-28 07:00:00,23.8,22.241686,21.083264800000002,23.4001072,20.630347,23.853025000000002,20.159271750000002,24.32410025
2023-01-28 08:00:00,26.0,24.3828,23.2243788,25.5412212,22.771461,25.994139,22.30038575,26.46521425
2023-01-28 09:00:00,27.6,26.369862,25.211440800000002,27.5282832,24.758523,27.981201000000002,24.287447750000002,28.45227625
2023-01-28 10:00:00,28.0,27.680613,26.5221918,28.8390342,26.069274,29.291952000000002,25.59819875,29.76302725
2023-01-28 11:00:00,28.3,28.521013,27.3625918,29.6794342,26.909674,30.132352,26.43859875,30.60342725
2023-01-28 12:00:00,28.5,28.845013,27.686591800000002,30.0034342,27.233674,30.456352000000003,26.762598750000002,30.92742725
2023-01-28 13:00:00,28.2,28.910715,27.7522938,30.0691362,27.299376,30.522054,26.82830075,30.99312925
2023-01-28 14:00:00,27.9,28.514936,27.3565148,29.673357199999998,26.903596999999998,30.126275,26.43252175,30.597350249999998
2023-01-28 15:00:00,27.9,28.068356,26.909934800000002,29.2267772,26.457017,29.679695000000002,25.985941750000002,30.15077025
2023-01-28 16:00:00,27.5,27.274471,26.1160498,28.432892199999998,25.663131999999997,28.88581,25.19205675,29.356885249999998
2023-01-28 17:00:00,27.0,26.72646,25.5680388,27.8848812,25.115121,28.337799,24.64404575,28.80887425
2023-01-28 18:00:00,26.0,25.770643,24.6122218,26.9290642,24.159304,27.381982,23.68822875,27.85305725
2023-01-28 19:00:00,25.8,25.219551,24.0611298,26.3779722,23.608211999999998,26.83089,23.13713675,27.30196525
2023-01-28 20:00:00,25.6,24.955212,23.7967908,26.1136332,23.343873,26.566551,22.87279775,27.03762625
2023-01-28 21:00:00,25.6,24.616707,23.458285800000002,25.7751282,23.005368,26.228046000000003,22.534292750000002,26.69912125
2023-01-28 22:00:00,25.5,24.524876,23.3664548,25.6832972,22.913536999999998,26.136215,22.44246175,26.60729025
2023-01-28 23:00:00,25.3,24.622623,23.4642018,25.7810442,23.011284,26.233962000000002,22.54020875,26.70503725
2023-01-29 00:00:00,24.8,24.289663,23.1312418,25.4480842,22.678324,25.901002000000002,22.20724875,26.37207725
2023-01-29 01:00:00,24.7,24.08054,22.9221188,25.2389612,22.469200999999998,25.691879,21.99812575,26.16295425
2023-01-29 02:00:00,24.1,23.738752,22.580330800000002,24.8971732,22.127413,25.350091000000003,21.656337750000002,25.82116625
2023-01-29 03:00:00,24.2,23.51489,22.356468800000002,24.6733112,21.903551,25.126229000000002,21.432475750000002,25.59730425
2023-01-29 04:00:00,25.1,23.309887,22.1514658,24.4683082,21.698548,24.921226,21.22747275,25.39230125
2023-01-29 05:00:00,24.5,23.13369,21.975268800000002,24.2921112,21.522351,24.745029000000002,21.051275750000002,25.21610425
2023-01-29 06:00:00,25.0,23.357294,22.1988728,24.5157152,21.745955,24.968633,21.27487975,25.43970825
2023-01-29 07:00:00,25.9,24.334173,23.1757518,25.4925942,22.722834,25.945512,22.25175875,26.41658725
2023-01-29 08:00:00,26.9,25.920456,24.762034800000002,27.0788772,24.309117,27.531795000000002,23.838041750000002,28.00287025
2023-01-29 09:00:00,27.7,27.072441,25.914019800000002,28.2308622,25.461102,28.683780000000002,24.990026750000002,29.15485525
2023-01-29 10:00:00,28.4,27.564974,26.4065528,28.7233952,25.953635,29.176313,25.48255975,29.64738825
2023-01-29 11:00:00,29.0,27.943178,26.7847568,29.1015992,26.331839,29.554517,25.86076375,30.02559225
2023-01-29 12:00:00,28.7,28.21335,27.0549288,29.371771199999998,26.602010999999997,29.824689,26.13093575,30.295764249999998
2023-01-29 13:00:00,28.8,27.90846,26.750038800000002,29.0668812,26.297121,29.519799000000003,25.826045750000002,29.99087425
2023-01-29 14:00:00,28.4,27.27392,26.1154988,28.4323412,25.662581,28.885259,25.19150575,29.35633425
2023-01-29 15:00:00,27.9,27.418516,26.2600948,28.5769372,25.807177,29.029855,25.33610175,29.50093025
2023-01-29 16:00:00,27.6,27.042456,25.884034800000002,28.2008772,25.431117,28.653795000000002,24.960041750000002,29.12487025
2023-01-29 17:00:00,26.7,26.50126,25.3428388,27.659681199999998,24.889920999999998,28.112599,24.41884575,28.583674249999998
2023-01-29 18:00:00,25.9,25.974699,24.8162778,27.1331202,24.36336,27.586038000000002,23.89228475,28.05711325
2023-01-29 19:00:00,25.8,25.638885,24.4804638,26.797306199999998,24.027545999999997,27.250224,23.55647075,27.721299249999998
2023-01-29 20:00:00,25.5,25.278416,24.1199948,26.4368372,23.667077,26.889755,23.19600175,27.36083025
2023-01-29 21:00:00,25.2,25.080837,23.9224158,26.2392582,23.469497999999998,26.692176,22.99842275,27.16325125
2023-01-29 22:00:00,25.0,24.943062,23.784640800000002,26.1014832,23.331723,26.554401000000002,22.860647750000002,27.02547625
2023-01-29 23:00:00,25.0,24.898926,23.7405048,26.0573472,23.287587,26.510265,22.81651175,26.98134025
2023-01-30 00:00:00,24.6,24.369728,23.2113068,25.528149199999998,22.758388999999998,25.981067,22.28731375,26.452142249999998
2023-01-30 01:00:00,24.7,24.226416,23.0679948,25.3848372,22.615077,25.837755,22.14400175,26.30883025
2023-01-30 02:00:00,24.6,23.898165,22.7397438,25.056586199999998,22.286825999999998,25.509504,21.81575075,25.980579249999998
2023-01-30 03:00:00,24.5,23.566076,22.4076548,24.7244972,21.954736999999998,25.177415,21.48366175,25.64849025
2023-01-30 04:00:00,24.5,23.95995,22.8015288,25.1183712,22.348611,25.571289,21.87753575,26.04236425
2023-01-30 05:00:00,24.8,24.057995,22.8995738,25.216416199999998,22.446655999999997,25.669334,21.97558075,26.140409249999998
2023-01-30 06:00:00,24.4,24.018618,22.8601968,25.1770392,22.407279,25.629957,21.93620375,26.10103225
2023-01-30 07:00:00,25.1,25.01824,23.8598188,26.176661199999998,23.406900999999998,26.629579,22.93582575,27.100654249999998
2023-01-30 08:00:00,25.7,26.231531,25.0731098,27.3899522,24.620192,27.84287,24.14911675,28.31394525
2023-01-30 09:00:00,26.1,27.429436,26.2710148,28.5878572,25.818096999999998,29.040775,25.34702175,29.51185025
2023-01-30 10:00:00,26.6,28.201803,27.043381800000002,29.3602242,26.590464,29.813142000000003,26.119388750000002,30.28421725
2023-01-30 11:00:00,27.6,28.613451,27.455029800000002,29.7718722,27.002112,30.224790000000002,26.531036750000002,30.69586525
2023-01-30 12:00:00,27.9,28.507061,27.3486398,29.6654822,26.895722,30.1184,26.42464675,30.58947525
2023-01-30 13:00:00,27.9,28.448515,27.2900938,29.6069362,26.837176,30.059854,26.36610075,30.53092925
2023-01-30 14:00:00,27.8,28.141457,26.9830358,29.2998782,26.530117999999998,29.752796,26.05904275,30.22387125
2023-01-30 15:00:00,27.1,27.547657,26.3892358,28.7060782,25.936318,29.158996000000002,25.46524275,29.63007125
2023-01-30 16:00:00,26.9,27.102615,25.9441938,28.2610362,25.491276,28.713954,25.02020075,29.18502925
2023-01-30 17:00:00,26.2,26.276972,25.1185508,27.4353932,24.665633,27.888311,24.19455775,28.35938625
2023-01-30 18:00:00,25.4,25.701761,24.543339800000002,26.8601822,24.090422,27.313100000000002,23.619346750000002,27.78417525
2023-01-30 19:00:00,25.5,25.49445,24.3360288,26.6528712,23.883111,27.105789,23.41203575,27.57686425
2023-01-30 20:00:00,25.6,25.33407,24.1756488,26.4924912,23.722731,26.945409,23.25165575,27.41648425
2023-01-30 21:00:00,25.5,25.101406,23.9429848,26.2598272,23.490067,26.712745,23.01899175,27.18382025
2023-01-30 22:00:00,25.6,24.908253,23.7498318,26.066674199999998,23.296913999999997,26.519592,22.82583875,26.990667249999998
2023-01-30 23:00:00,25.6,24.763193,23.6047718,25.9216142,23.151854,26.374532000000002,22.68077875,26.84560725
2023-01-31 00:00:00,25.4,24.307415,23.1489938,25.4658362,22.696075999999998,25.918754,22.22500075,26.38982925
2023-01-31 01:00:00,25.1,24.065783,22.9073618,25.2242042,22.454444,25.677122,21.98336875,26.14819725
2023-01-31 02:00:00,25.1,23.989414,22.8309928,25.1478352,22.378075,25.600753,21.90699975,26.07182825
2023-01-31 03:00:00,25.3,23.70761,22.5491888,24.8660312,22.096270999999998,25.318949,21.62519575,25.79002425
2023-01-31 04:00:00,25.4,23.7975,22.6390788,24.9559212,22.186161,25.408839,21.71508575,25.87991425
2023-01-31 05:00:00,25.1,23.714142,22.5557208,24.8725632,22.102802999999998,25.325481,21.63172775,25.79655625
2023-01-31 06:00:00,25.3,23.958565,22.8001438,25.1169862,22.347226,25.569904,21.87615075,26.04097925
2023-01-31 07:00:00,26.0,24.913956,23.7555348,26.0723772,23.302616999999998,26.525295,22.83154175,26.99637025
2023-01-31 08:00:00,27.1,25.66164,24.5032188,26.820061199999998,24.050300999999997,27.272979,23.57922575,27.744054249999998
2023-01-31 09:00:00,27.5,26.288527,25.1301058,27.446948199999998,24.677187999999997,27.899866,24.20611275,28.370941249999998
2023-01-31 10:00:00,28.3,26.756536,25.5981148,27.9149572,25.145197,28.367875,24.67412175,28.83895025
2023-01-31 11:00:00,28.7,27.138964,25.980542800000002,28.2973852,25.527625,28.750303000000002,25.056549750000002,29.22137825
2023-01-31 12:00:00,28.4,26.956171,25.797749800000002,28.1145922,25.344832,28.567510000000002,24.873756750000002,29.03858525
2023-01-31 13:00:00,28.4,27.06703,25.9086088,28.2254512,25.455690999999998,28.678369,24.98461575,29.14944425
2023-01-31 14:00:00,28.1,27.161068,26.0026468,28.3194892,25.549729,28.772407,25.07865375,29.24348225
2023-01-31 15:00:00,27.5,27.04557,25.887148800000002,28.2039912,25.434231,28.656909000000002,24.963155750000002,29.12798425
2023-01-31 16:00:00,27.0,26.753864,25.5954428,27.9122852,25.142525,28.365203,24.67144975,28.83627825
2023-01-31 17:00:00,25.5,25.919209,24.7607878,27.077630199999998,24.307869999999998,27.530548,23.83679475,28.001623249999998
2023-01-31 18:00:00,25.5,25.076412,23.917990800000002,26.2348332,23.465073,26.687751000000002,22.993997750000002,27.15882625
2023-01-31 19:00:00,24.9,24.985125,23.8267038,26.1435462,23.373786,26.596464,22.90271075,27.06753925
2023-01-31 20:00:00,25.1,24.941776,23.7833548,26.1001972,23.330437,26.553115000000002,22.85936175,27.02419025
2023-01-31 21:00:00,25.3,25.039732,23.8813108,26.1981532,23.428393,26.651071,22.95731775,27.12214625
2023-01-31 22:00:00,25.4,25.026503,23.868081800000002,26.1849242,23.415164,26.637842000000003,22.944088750000002,27.10891725
2023-01-31 23:00:00,25.6,25.018154,23.8597328,26.1765752,23.406814999999998,26.629493,22.93573975,27.10056825
2023-02-01 00:00:00,25.6,24.782616,23.6241948,25.9410372,23.171277,26.393955000000002,22.70020175,26.86503025
2023-02-01 01:00:00,25.6,24.596716,23.4382948,25.7551372,22.985377,26.208055,22.51430175,26.67913025
2023-02-01 02:00:00,25.6,24.48705,23.3286288,25.6454712,22.875711,26.098389,22.40463575,26.56946425
2023-02-01 03:00:00,25.6,24.347788,23.189366800000002,25.5062092,22.736449,25.959127000000002,22.265373750000002,26.43020225
2023-02-01 04:00:00,25.6,24.285553,23.1271318,25.4439742,22.674214,25.896892,22.20313875,26.36796725
2023-02-01 05:00:00,25.6,24.250145,23.0917238,25.4085662,22.638806,25.861484,22.16773075,26.33255925
2023-02-01 06:00:00,25.6,24.430613,23.2721918,25.5890342,22.819274,26.041952000000002,22.34819875,26.51302725
2023-02-01 07:00:00,26.2,25.39455,24.2361288,26.552971199999998,23.783210999999998,27.005889,23.31213575,27.476964249999998
2023-02-01 08:00:00,26.9,26.420311,25.261889800000002,27.5787322,24.808972,28.031650000000003,24.337896750000002,28.50272525
2023-02-01 09:00:00,28.0,26.976925,25.818503800000002,28.1353462,25.365586,28.588264000000002,24.894510750000002,29.05933925
2023-02-01 10:00:00,28.6,27.558725,26.4003038,28.7171462,25.947385999999998,29.170064,25.47631075,29.64113925
2023-02-01 11:00:00,28.6,28.056608,26.8981868,29.2150292,26.445269,29.667947,25.97419375,30.13902225
2023-02-01 12:00:00,29.0,28.080286,26.9218648,29.2387072,26.468947,29.691625000000002,25.99787175,30.16270025
2023-02-01 13:00:00,29.0,27.877733,26.7193118,29.0361542,26.266394,29.489072,25.79531875,29.96014725
2023-02-01 14:00:00,28.4,27.534456,26.3760348,28.692877199999998,25.923116999999998,29.145795,25.45204175,29.616870249999998
2023-02-01 15:00:00,28.2,27.054502,25.8960808,28.2129232,25.443163,28.665841,24.97208775,29.13691625
2023-02-01 16:00:00,27.5,26.582243,25.4238218,27.740664199999998,24.970903999999997,28.193582,24.49982875,28.664657249999998
2023-02-01 17:00:00,26.9,25.715698,24.5572768,26.8741192,24.104359,27.327037,23.63328375,27.79811225
2023-02-01 18:00:00,26.2,25.148434,23.990012800000002,26.3068552,23.537095,26.759773000000003,23.066019750000002,27.23084825
2023-02-01 19:00:00,26.0,25.195219,24.036797800000002,26.3536402,23.58388,26.806558000000003,23.112804750000002,27.27763325
2023-02-01 20:00:00,25.8,25.000092,23.8416708,26.158513199999998,23.388752999999998,26.611431,22.91767775,27.082506249999998
2023-02-01 21:00:00,25.7,25.137297,23.9788758,26.2957182,23.525958,26.748636,23.05488275,27.21971125
2023-02-01 22:00:00,25.7,25.209019,24.050597800000002,26.3674402,23.59768,26.820358000000002,23.126604750000002,27.29143325
2023-02-01 23:00:00,26.0,25.088003,23.9295818,26.2464242,23.476664,26.699342,23.00558875,27.17041725
2023-02-02 00:00:00,26.0,24.811563,23.6531418,25.9699842,23.200224,26.422902,22.72914875,26.89397725
2023-02-02 01:00:00,26.1,24.875925,23.7175038,26.034346199999998,23.264585999999998,26.487264,22.79351075,26.958339249999998
2023-02-02 02:00:00,26.1,24.803198,23.6447768,25.961619199999998,23.191858999999997,26.414537,22.72078375,26.885612249999998
2023-02-02 03:00:00,26.1,24.64951,23.4910888,25.8079312,23.038171,26.260849,22.56709575,26.73192425
2023-02-02 04:00:00,26.0,24.59271,23.4342888,25.7511312,22.981371,26.204049,22.51029575,26.67512425
2023-02-02 05:00:00,26.0,24.606396,23.4479748,25.7648172,22.995057,26.217735,22.52398175,26.68881025
2023-02-02 06:00:00,26.1,24.770073,23.6116518,25.9284942,23.158734,26.381412,22.68765875,26.85248725
2023-02-02 07:00:00,26.7,25.634811,24.4763898,26.7932322,24.023471999999998,27.24615,23.55239675,27.71722525
2023-02-02 08:00:00,27.5,26.508564,25.3501428,27.6669852,24.897225,28.119903,24.42614975,28.59097825
2023-02-02 09:00:00,28.0,27.533674,26.375252800000002,28.6920952,25.922335,29.145013000000002,25.451259750000002,29.61608825
2023-02-02 10:00:00,28.5,28.22325,27.0648288,29.3816712,26.611911,29.834589,26.14083575,30.30566425
2023-02-02 11:00:00,28.9,28.344234,27.1858128,29.5026552,26.732895,29.955573,26.26181975,30.42664825
2023-02-02 12:00:00,29.1,27.756863,26.5984418,28.9152842,26.145523999999998,29.368202,25.67444875,29.83927725
2023-02-02 13:00:00,29.1,27.79562,26.6371988,28.9540412,26.184281,29.406959,25.71320575,29.87803425
2023-02-02 14:00:00,28.8,27.99914,26.8407188,29.1575612,26.387801,29.610479,25.91672575,30.08155425
2023-02-02 15:00:00,28.3,27.498367,26.3399458,28.656788199999998,25.887027999999997,29.109706,25.41595275,29.580781249999998
2023-02-02 16:00:00,27.7,26.78381,25.6253888,27.9422312,25.172470999999998,28.395149,24.70139575,28.86622425
2023-02-02 17:00:00,27.2,26.06789,24.9094688,27.226311199999998,24.456550999999997,27.679229,23.98547575,28.150304249999998
2023-02-02 18:00:00,26.8,25.672512,24.5140908,26.8309332,24.061173,27.283851000000002,23.59009775,27.75492625
2023-02-02 19:00:00,26.4,25.431162,24.2727408,26.5895832,23.819823,27.042501,23.34874775,27.51357625
2023-02-02 20:00:00,26.2,25.444609,24.2861878,26.6030302,23.83327,27.055948,23.36219475,27.52702325
2023-02-02 21:00:00,26.1,25.25541,24.096988800000002,26.4138312,23.644071,26.866749000000002,23.172995750000002,27.33782425
2023-02-02 22:00:00,26.0,25.200924,24.0425028,26.3593452,23.589585,26.812263,23.11850975,27.28333825
2023-02-02 23:00:00,25.8,25.485544,24.3271228,26.6439652,23.874205,27.096883000000002,23.40312975,27.56795825
2023-02-03 00:00:00,25.5,25.301664,24.1432428,26.460085199999998,23.690324999999998,26.913003,23.21924975,27.384078249999998
2023-02-03 01:00:00,25.2,25.22253,24.0641088,26.3809512,23.611190999999998,26.833869,23.14011575,27.30494425
2023-02-03 02:00:00,24.8,25.213867,24.0554458,26.3722882,23.602528,26.825206,23.13145275,27.29628125
2023-02-03 03:00:00,24.4,25.24818,24.089758800000002,26.4066012,23.636841,26.859519000000002,23.165765750000002,27.33059425
2023-02-03 04:00:00,24.0,25.1538,23.9953788,26.3122212,23.542461,26.765139,23.07138575,27.23621425
2023-02-03 05:00:00,24.0,25.055294,23.8968728,26.2137152,23.443955,26.666633,22.97287975,27.13770825
2023-02-03 06:00:00,24.4,25.192198,24.033776800000002,26.3506192,23.580859,26.803537000000002,23.109783750000002,27.27461225
2023-02-03 07:00:00,25.5,25.979746,24.8213248,27.138167199999998,24.368406999999998,27.591085,23.89733175,28.062160249999998
2023-02-03 08:00:00,26.9,26.965374,25.8069528,28.1237952,25.354035,28.576713,24.88295975,29.04778825
2023-02-03 09:00:00,27.8,27.781887,26.6234658,28.9403082,26.170548,29.393226000000002,25.69947275,29.86430125
2023-02-03 10:00:00,28.4,28.41327,27.2548488,29.5716912,26.801931,30.024609,26.33085575,30.49568425
2023-02-03 11:00:00,28.9,28.87446,27.7160388,30.0328812,27.263120999999998,30.485799,26.79204575,30.95687425
2023-02-03 12:00:00,29.0,29.066383,27.9079618,30.224804199999998,27.455043999999997,30.677722,26.98396875,31.148797249999998
2023-02-03 13:00:00,29.0,28.710667,27.5522458,29.8690882,27.099328,30.322006000000002,26.62825275,30.79308125
2023-02-03 14:00:00,28.8,28.510216,27.3517948,29.6686372,26.898877,30.121555,26.42780175,30.59263025
2023-02-03 15:00:00,28.3,28.070648,26.9122268,29.229069199999998,26.459308999999998,29.681987,25.98823375,30.153062249999998
2023-02-03 16:00:00,27.7,27.393045,26.2346238,28.5514662,25.781706,29.004384,25.31063075,29.47545925
2023-02-03 17:00:00,26.9,26.841526,25.683104800000002,27.9999472,25.230187,28.452865000000003,24.759111750000002,28.92394025
2023-02-03 18:00:00,25.6,26.318842,25.1604208,27.4772632,24.707503,27.930181,24.23642775,28.40125625
2023-02-03 19:00:00,25.0,25.909481,24.7510598,27.0679022,24.298142,27.52082,23.82706675,27.99189525
2023-02-03 20:00:00,24.5,25.61245,24.4540288,26.7708712,24.001110999999998,27.223789,23.53003575,27.69486425
2023-02-03 21:00:00,24.3,25.603489,24.4450678,26.7619102,23.99215,27.214828,23.52107475,27.68590325
2023-02-03 22:00:00,23.9,25.579775,24.421353800000002,26.7381962,23.968436,27.191114000000002,23.497360750000002,27.66218925
2023-02-03 23:00:00,23.5,25.473127,24.314705800000002,26.6315482,23.861788,27.084466000000003,23.390712750000002,27.55554125
2023-02-04 00:00:00,23.0,25.08457,23.9261488,26.2429912,23.473231,26.695909,23.00215575,27.16698425
2023-02-04 01:00:00,22.3,24.667728,23.5093068,25.8261492,23.056389,26.279067,22.58531375,26.75014225
2023-02-04 02:00:00,21.6,24.509174,23.350752800000002,25.6675952,22.897835,26.120513000000003,22.426759750000002,26.59158825
2023-02-04 03:00:00,21.1,24.23298,23.074558800000002,25.3914012,22.621641,25.844319000000002,22.150565750000002,26.31539425
2023-02-04 04:00:00,21.0,23.945858,22.787436800000002,25.1042792,22.334519,25.557197000000002,21.863443750000002,26.02827225
2023-02-04 05:00:00,21.5,23.721346,22.5629248,24.8797672,22.110007,25.332685,21.63893175,25.80376025
2023-02-04 06:00:00,21.7,23.744602,22.5861808,24.9030232,22.133263,25.355941,21.66218775,25.82701625
2023-02-04 07:00:00,22.3,25.081114,23.9226928,26.2395352,23.469775,26.692453,22.99869975,27.16352825
2023-02-04 08:00:00,24.5,26.433155,25.2747338,27.5915762,24.821816,28.044494,24.35074075,28.51556925
2023-02-04 09:00:00,26.9,27.638386,26.4799648,28.7968072,26.027047,29.249725,25.55597175,29.72080025
2023-02-04 10:00:00,27.9,28.253504,27.0950828,29.4119252,26.642165,29.864843,26.17108975,30.33591825
2023-02-04 11:00:00,28.5,28.869019,27.710597800000002,30.0274402,27.25768,30.480358000000003,26.786604750000002,30.95143325
2023-02-04 12:00:00,28.7,28.996443,27.8380218,30.1548642,27.385104,30.607782,26.91402875,31.07885725
2023-02-04 13:00:00,28.7,28.995808,27.8373868,30.1542292,27.384469,30.607147,26.91339375,31.07822225
2023-02-04 14:00:00,28.5,28.855707,27.6972858,30.0141282,27.244367999999998,30.467046,26.77329275,30.93812125
2023-02-04 15:00:00,28.0,28.217924,27.0595028,29.3763452,26.606585,29.829263,26.13550975,30.30033825
2023-02-04 16:00:00,27.3,27.587305,26.4288838,28.7457262,25.975966,29.198644,25.50489075,29.66971925
2023-02-04 17:00:00,26.3,26.618309,25.4598878,27.7767302,25.00697,28.229648,24.53589475,28.70072325
2023-02-04 18:00:00,25.2,25.778162,24.6197408,26.936583199999998,24.166822999999997,27.389501,23.69574775,27.860576249999998
2023-02-04 19:00:00,24.7,25.00855,23.8501288,26.1669712,23.397211,26.619889,22.92613575,27.09096425
2023-02-04 20:00:00,24.2,24.76771,23.6092888,25.9261312,23.156371,26.379049000000002,22.68529575,26.85012425
2023-02-04 21:00:00,23.8,24.602074,23.443652800000002,25.7604952,22.990735,26.213413000000003,22.519659750000002,26.68448825
2023-02-04 22:00:00,23.2,24.29259,23.1341688,25.4510112,22.681251,25.903929,22.21017575,26.37500425
2023-02-04 23:00:00,22.6,23.662949,22.5045278,24.8213702,22.05161,25.274288000000002,21.58053475,25.74536325
2023-02-05 00:00:00,22.1,23.154604,21.9961828,24.3130252,21.543264999999998,24.765943,21.07218975,25.23701825
2023-02-05 01:00:00,22.0,22.60037,21.441948800000002,23.7587912,20.989031,24.211709000000003,20.517955750000002,24.68278425
2023-02-05 02:00:00,21.2,21.718779,20.560357800000002,22.8772002,20.10744,23.330118000000002,19.636364750000002,23.80119325
2023-02-05 03:00:00,20.9,22.094269,20.9358478,23.2526902,20.48293,23.705608,20.01185475,24.17668325
2023-02-05 04:00:00,20.8,21.37862,20.220198800000002,22.5370412,19.767281,22.989959000000002,19.296205750000002,23.46103425
2023-02-05 05:00:00,21.2,21.571503,20.4130818,22.7299242,19.960164,23.182842,19.48908875,23.65391725
2023-02-05 06:00:00,21.1,21.839308,20.6808868,22.9977292,20.227968999999998,23.450647,19.75689375,23.92172225
2023-02-05 07:00:00,21.7,22.635498,21.4770768,23.793919199999998,21.024158999999997,24.246837,20.55308375,24.717912249999998
2023-02-05 08:00:00,23.2,24.947052,23.7886308,26.1054732,23.335713,26.558391,22.86463775,27.02946625
2023-02-05 09:00:00,25.8,26.972818,25.8143968,28.1312392,25.361479,28.584157,24.89040375,29.05523225
2023-02-05 10:00:00,27.6,28.180193,27.0217718,29.3386142,26.568853999999998,29.791532,26.09777875,30.26260725
2023-02-05 11:00:00,28.5,28.788578,27.6301568,29.9469992,27.177239,30.399917000000002,26.70616375,30.87099225
2023-02-05 12:00:00,28.6,29.02235,27.8639288,30.1807712,27.411011,30.633689,26.93993575,31.10476425
2023-02-05 13:00:00,28.5,28.911907,27.7534858,30.0703282,27.300568,30.523246,26.82949275,30.99432125
2023-02-05 14:00:00,28.3,28.75365,27.5952288,29.9120712,27.142311,30.364989,26.67123575,30.83606425
2023-02-05 15:00:00,27.9,28.203747,27.0453258,29.3621682,26.592408,29.815086,26.12133275,30.28616125
2023-02-05 16:00:00,27.2,27.559988,26.4015668,28.7184092,25.948649,29.171327,25.47757375,29.64240225
2023-02-05 17:00:00,26.6,26.553896,25.395474800000002,27.7123172,24.942557,28.165235000000003,24.471481750000002,28.63631025
2023-02-05 18:00:00,25.2,25.476606,24.3181848,26.6350272,23.865267,27.087945,23.39419175,27.55902025
2023-02-05 19:00:00,24.6,24.917118,23.7586968,26.075539199999998,23.305778999999998,26.528457,22.83470375,26.999532249999998
2023-02-05 20:00:00,24.2,24.568573,23.4101518,25.7269942,22.957234,26.179912,22.48615875,26.65098725
2023-02-05 21:00:00,24.0,24.149391,22.990969800000002,25.3078122,22.538052,25.760730000000002,22.066976750000002,26.23180525
2023-02-05 22:00:00,23.8,23.954094,22.795672800000002,25.1125152,22.342755,25.565433000000002,21.871679750000002,26.03650825
2023-02-05 23:00:00,23.7,23.401146,22.2427248,24.5595672,21.789807,25.012485,21.31873175,25.48356025
2023-02-06 00:00:00,23.5,22.684582,21.5261608,23.8430032,21.073242999999998,24.295921,20.60216775,24.76699625
2023-02-06 01:00:00,23.4,22.535122,21.376700800000002,23.6935432,20.923783,24.146461000000002,20.452707750000002,24.61753625
2023-02-06 02:00:00,22.7,22.14132,20.9828988,23.2997412,20.529981,23.752659,20.05890575,24.22373425
2023-02-06 03:00:00,21.7,21.939308,20.7808868,23.0977292,20.327969,23.550647,19.85689375,24.02172225
2023-02-06 04:00:00,21.5,21.694221,20.5357998,22.8526422,20.082881999999998,23.30556,19.61180675,23.776635249999998
2023-02-06 05:00:00,20.8,22.173067,21.0146458,23.3314882,20.561728,23.784406,20.09065275,24.25548125
2023-02-06 06:00:00,21.2,22.139135,20.9807138,23.2975562,20.527796,23.750474,20.05672075,24.22154925
2023-02-06 07:00:00,21.8,22.736437,21.5780158,23.894858199999998,21.125097999999998,24.347776,20.65402275,24.818851249999998
2023-02-06 08:00:00,23.1,23.79637,22.6379488,24.9547912,22.185031,25.407709,21.71395575,25.87878425
2023-02-06 09:00:00,25.7,26.237669,25.0792478,27.3960902,24.62633,27.849008,24.15525475,28.32008325
2023-02-06 10:00:00,27.6,27.716982,26.558560800000002,28.8754032,26.105643,29.328321000000003,25.634567750000002,29.79939625
2023-02-06 11:00:00,29.0,28.710484,27.5520628,29.8689052,27.099145,30.321823000000002,26.62806975,30.79289825
2023-02-06 12:00:00,29.4,28.869507,27.7110858,30.027928199999998,27.258167999999998,30.480846,26.78709275,30.951921249999998
2023-02-06 13:00:00,29.3,28.85031,27.6918888,30.0087312,27.238971,30.461649,26.76789575,30.93272425
2023-02-06 14:00:00,28.9,28.47875,27.320328800000002,29.6371712,26.867411,30.090089000000003,26.396335750000002,30.56116425
2023-02-06 15:00:00,28.2,28.014555,26.856133800000002,29.1729762,26.403216,29.625894000000002,25.932140750000002,30.09696925
2023-02-06 16:00:00,27.3,27.361393,26.2029718,28.5198142,25.750054,28.972732,25.27897875,29.44380725
2023-02-06 17:00:00,26.7,26.659966,25.5015448,27.8183872,25.048627,28.271305,24.57755175,28.74238025
2023-02-06 18:00:00,25.3,25.451723,24.293301800000002,26.6101442,23.840384,27.063062000000002,23.369308750000002,27.53413725
2023-02-06 19:00:00,24.7,25.013788,23.855366800000002,26.1722092,23.402449,26.625127000000003,22.931373750000002,27.09620225
2023-02-06 20:00:00,24.2,24.63985,23.4814288,25.7982712,23.028510999999998,26.251189,22.55743575,26.72226425
2023-02-06 21:00:00,24.1,24.257786,23.0993648,25.4162072,22.646447,25.869125,22.17537175,26.34020025
2023-02-06 22:00:00,24.0,24.26083,23.1024088,25.419251199999998,22.649490999999998,25.872169,22.17841575,26.343244249999998
2023-02-06 23:00:00,23.7,24.44207,23.2836488,25.6004912,22.830731,26.053409000000002,22.35965575,26.52448425
2023-02-07 00:00:00,23.5,24.005661,22.8472398,25.1640822,22.394322,25.617,21.92324675,26.08807525
2023-02-07 01:00:00,23.2,23.86783,22.709408800000002,25.0262512,22.256491,25.479169000000002,21.785415750000002,25.95024425
2023-02-07 02:00:00,22.8,23.45323,22.294808800000002,24.6116512,21.841891,25.064569000000002,21.370815750000002,25.53564425
2023-02-07 03:00:00,22.1,22.99446,21.8360388,24.1528812,21.383121,24.605799,20.91204575,25.07687425
2023-02-07 04:00:00,22.9,22.82635,21.667928800000002,23.9847712,21.215011,24.437689000000002,20.743935750000002,24.90876425
2023-02-07 05:00:00,22.1,22.060976,20.9025548,23.2193972,20.449637,23.672315,19.97856175,24.14339025
2023-02-07 06:00:00,22.3,22.302576,21.1441548,23.460997199999998,20.691236999999997,23.913915,20.22016175,24.384990249999998
2023-02-07 07:00:00,23.5,23.409334,22.250912800000002,24.5677552,21.797995,25.020673000000002,21.326919750000002,25.49174825
2023-02-07 08:00:00,25.4,24.568226,23.4098048,25.7266472,22.956887,26.179565,22.48581175,26.65064025
2023-02-07 09:00:00,26.9,26.653563,25.4951418,27.811984199999998,25.042223999999997,28.264902,24.57114875,28.735977249999998
2023-02-07 10:00:00,27.9,28.018085,26.8596638,29.1765062,26.406746,29.629424,25.93567075,30.10049925
2023-02-07 11:00:00,28.7,29.100727,27.9423058,30.2591482,27.489387999999998,30.712066,27.01831275,31.18314125
2023-02-07 12:00:00,29.0,29.344713,28.1862918,30.503134199999998,27.733373999999998,30.956052,27.26229875,31.427127249999998
2023-02-07 13:00:00,29.1,29.311018,28.1525968,30.4694392,27.699679,30.922357,27.22860375,31.39343225
2023-02-07 14:00:00,28.9,29.0081,27.8496788,30.1665212,27.396760999999998,30.619439,26.92568575,31.09051425
2023-02-07 15:00:00,28.3,28.358557,27.2001358,29.5169782,26.747218,29.969896000000002,26.27614275,30.44097125
2023-02-07 16:00:00,27.5,27.501276,26.3428548,28.6596972,25.889937,29.112615,25.41886175,29.58369025
2023-02-07 17:00:00,26.4,26.847393,25.6889718,28.0058142,25.236054,28.458732,24.76497875,28.92980725
2023-02-07 18:00:00,25.1,25.616535,24.4581138,26.7749562,24.005195999999998,27.227874,23.53412075,27.69894925
2023-02-07 19:00:00,24.5,25.170437,24.0120158,26.3288582,23.559098,26.781776,23.08802275,27.25285125
2023-02-07 20:00:00,24.0,24.903322,23.7449008,26.0617432,23.291983,26.514661,22.82090775,26.98573625
2023-02-07 21:00:00,23.8,24.609217,23.4507958,25.7676382,22.997878,26.220556000000002,22.52680275,26.69163125
2023-02-07 22:00:00,23.5,24.518915,23.3604938,25.6773362,22.907576,26.130254,22.43650075,26.60132925
2023-02-07 23:00:00,23.0,24.480766,23.3223448,25.6391872,22.869426999999998,26.092105,22.39835175,26.56318025
2023-02-08 00:00:00,21.9,23.912954,22.7545328,25.0713752,22.301614999999998,25.524293,21.83053975,25.99536825
2023-02-08 01:00:00,21.8,23.85654,22.6981188,25.0149612,22.245200999999998,25.467879,21.77412575,25.93895425
2023-02-08 02:00:00,22.8,23.657282,22.4988608,24.815703199999998,22.045942999999998,25.268621,21.57486775,25.739696249999998
2023-02-08 03:00:00,22.5,23.130117,21.9716958,24.288538199999998,21.518777999999998,24.741456,21.04770275,25.212531249999998
2023-02-08 04:00:00,21.5,22.98383,21.8254088,24.1422512,21.372491,24.595169000000002,20.90141575,25.06624425
2023-02-08 05:00:00,23.0,22.984226,21.8258048,24.1426472,21.372887,24.595565,20.90181175,25.06664025
2023-02-08 06:00:00,22.9,22.669506,21.5110848,23.827927199999998,21.058166999999997,24.280845,20.58709175,24.751920249999998
2023-02-08 07:00:00,23.6,24.086935,22.9285138,25.2453562,22.475596,25.698274,22.00452075,26.16934925
2023-02-08 08:00:00,25.1,25.86011,24.7016888,27.018531199999998,24.248770999999998,27.471449,23.77769575,27.942524249999998
2023-02-08 09:00:00,26.8,27.053547,25.8951258,28.211968199999998,25.442207999999997,28.664886,24.97113275,29.135961249999998
2023-02-08 10:00:00,28.1,28.27751,27.1190888,29.4359312,26.666171,29.888849,26.19509575,30.35992425
2023-02-08 11:00:00,28.7,29.127443,27.9690218,30.2858642,27.516104,30.738782,27.04502875,31.20985725
2023-02-08 12:00:00,28.7,29.499886,28.3414648,30.6583072,27.888547,31.111225,27.41747175,31.58230025
2023-02-08 13:00:00,28.8,29.5022,28.3437788,30.660621199999998,27.890860999999997,31.113539,27.41978575,31.584614249999998
2023-02-08 14:00:00,28.7,29.225092,28.0666708,30.3835132,27.613753,30.836431,27.14267775,31.30750625
2023-02-08 15:00:00,28.3,28.435823,27.2774018,29.5942442,26.824483999999998,30.047162,26.35340875,30.51823725
2023-02-08 16:00:00,27.5,27.58345,26.4250288,28.7418712,25.972110999999998,29.194789,25.50103575,29.66586425
2023-02-08 17:00:00,26.3,26.642075,25.4836538,27.800496199999998,25.030735999999997,28.253414,24.55966075,28.724489249999998
2023-02-08 18:00:00,25.0,25.49539,24.3369688,26.6538112,23.884051,27.106729,23.41297575,27.57780425
2023-02-08 19:00:00,23.9,25.037918,23.879496800000002,26.1963392,23.426579,26.649257000000002,22.955503750000002,27.12033225
2023-02-08 20:00:00,23.3,24.648594,23.4901728,25.8070152,23.037255,26.259933,22.56617975,26.73100825
2023-02-08 21:00:00,22.8,24.41939,23.2609688,25.5778112,22.808051,26.030729,22.33697575,26.50180425
2023-02-08 22:00:00,22.4,24.01639,22.857968800000002,25.1748112,22.405051,25.627729000000002,21.933975750000002,26.09880425
2023-02-08 23:00:00,22.3,23.615276,22.456854800000002,24.7736972,22.003937,25.226615000000002,21.532861750000002,25.69769025
2023-02-09 00:00:00,22.1,23.419338,22.2609168,24.5777592,21.807999,25.030677,21.33692375,25.50175225
2023-02-09 01:00:00,24.0,22.974033,21.8156118,24.132454199999998,21.362693999999998,24.585372,20.89161875,25.056447249999998
2023-02-09 02:00:00,23.4,23.089327,21.9309058,24.2477482,21.477988,24.700666000000002,21.00691275,25.17174125
2023-02-09 03:00:00,20.6,22.997824,21.839402800000002,24.1562452,21.386485,24.609163000000002,20.915409750000002,25.08023825
2023-02-09 04:00:00,20.4,22.34495,21.1865288,23.5033712,20.733611,23.956289,20.26253575,24.42736425
2023-02-09 05:00:00,20.8,23.015406,21.8569848,24.173827199999998,21.404066999999998,24.626745,20.93299175,25.097820249999998
2023-02-09 06:00:00,20.9,23.54074,22.3823188,24.6991612,21.929401,25.152079,21.45832575,25.62315425
2023-02-09 07:00:00,21.2,24.037092,22.878670800000002,25.1955132,22.425753,25.648431000000002,21.954677750000002,26.11950625
2023-02-09 08:00:00,23.1,25.972712,24.814290800000002,27.1311332,24.361373,27.584051000000002,23.890297750000002,28.05512625
2023-02-09 09:00:00,26.1,27.099321,25.9408998,28.2577422,25.487982,28.71066,25.01690675,29.18173525
2023-02-09 10:00:00,28.7,28.136253,26.9778318,29.2946742,26.524914,29.747592,26.05383875,30.21866725
2023-02-09 11:00:00,30.6,28.839758,27.6813368,29.9981792,27.228419,30.451097,26.75734375,30.92217225
2023-02-09 12:00:00,31.3,29.087095,27.928673800000002,30.2455162,27.475756,30.698434000000002,27.004680750000002,31.16950925
2023-02-09 13:00:00,31.2,29.044874,27.8864528,30.2032952,27.433535,30.656213,26.96245975,31.12728825
2023-02-09 14:00:00,30.3,28.925592,27.767170800000002,30.0840132,27.314253,30.536931000000003,26.843177750000002,31.00800625
2023-02-09 15:00:00,29.3,28.395273,27.2368518,29.5536942,26.783934,30.006612,26.31285875,30.47768725
2023-02-09 16:00:00,27.9,27.609957,26.451535800000002,28.7683782,25.998618,29.221296000000002,25.527542750000002,29.69237125
2023-02-09 17:00:00,26.8,26.446241,25.2878198,27.6046622,24.834902,28.05758,24.36382675,28.52865525
2023-02-09 18:00:00,25.3,25.43117,24.272748800000002,26.5895912,23.819831,27.042509000000003,23.348755750000002,27.51358425
2023-02-09 19:00:00,24.8,24.808823,23.6504018,25.9672442,23.197484,26.420162,22.72640875,26.89123725
2023-02-09 20:00:00,24.4,24.319708,23.1612868,25.478129199999998,22.708368999999998,25.931047,22.23729375,26.402122249999998
2023-02-09 21:00:00,23.9,23.7904,22.631978800000002,24.9488212,22.179061,25.401739000000003,21.707985750000002,25.87281425
2023-02-09 22:00:00,23.9,23.489313,22.3308918,24.6477342,21.877974,25.100652,21.40689875,25.57172725
2023-02-09 23:00:00,23.7,23.29672,22.1382988,24.4551412,21.685381,24.908059,21.21430575,25.37913425
2023-02-10 00:00:00,22.7,22.884222,21.725800800000002,24.0426432,21.272883,24.495561000000002,20.801807750000002,24.96663625
2023-02-10 01:00:00,21.8,22.944012,21.7855908,24.1024332,21.332673,24.555351,20.86159775,25.02642625
2023-02-10 02:00:00,22.2,23.15135,21.9929288,24.3097712,21.540011,24.762689,21.06893575,25.23376425
2023-02-10 03:00:00,22.7,22.035067,20.876645800000002,23.1934882,20.423728,23.646406000000002,19.952652750000002,24.11748125
2023-02-10 04:00:00,21.2,21.55009,20.3916688,22.7085112,19.938751,23.161429000000002,19.46767575,23.63250425
2023-02-10 05:00:00,21.6,22.119253,20.9608318,23.2776742,20.507914,23.730592,20.03683875,24.20166725
2023-02-10 06:00:00,21.3,22.003994,20.8455728,23.162415199999998,20.392654999999998,23.615333,19.92157975,24.086408249999998
2023-02-10 07:00:00,21.7,22.627268,21.4688468,23.7856892,21.015929,24.238607000000002,20.54485375,24.70968225
2023-02-10 08:00:00,23.3,24.326992,23.1685708,25.4854132,22.715653,25.938331,22.24457775,26.40940625
2023-02-10 09:00:00,25.7,26.347704,25.1892828,27.5061252,24.736365,27.959043,24.26528975,28.43011825
2023-02-10 10:00:00,27.8,28.85154,27.6931188,30.0099612,27.240201,30.462879,26.76912575,30.93395425
2023-02-10 11:00:00,29.3,30.130194,28.9717728,31.2886152,28.518855,31.741533,28.04777975,32.212608249999995
2023-02-10 12:00:00,30.0,31.030048,29.8716268,32.1884692,29.418709,32.641387,28.94763375,33.11246225
2023-02-10 13:00:00,29.7,31.014063,29.8556418,32.1724842,29.402724,32.625402,28.93164875,33.09647725
2023-02-10 14:00:00,29.1,30.388914,29.2304928,31.5473352,28.777575,32.000253,28.30649975,32.47132825
2023-02-10 15:00:00,28.5,29.180344,28.021922800000002,30.3387652,27.569005,30.791683000000003,27.097929750000002,31.26275825
2023-02-10 16:00:00,27.8,28.057564,26.8991428,29.2159852,26.446225,29.668903,25.97514975,30.13997825
2023-02-10 17:00:00,26.7,26.845135,25.6867138,28.0035562,25.233795999999998,28.456474,24.76272075,28.92754925
2023-02-10 18:00:00,24.6,25.588285,24.4298638,26.7467062,23.976945999999998,27.199624,23.50587075,27.67069925
2023-02-10 19:00:00,23.3,25.050575,23.8921538,26.208996199999998,23.439235999999998,26.661914,22.96816075,27.132989249999998
2023-02-10 20:00:00,22.8,24.953516,23.7950948,26.1119372,23.342177,26.564855,22.87110175,27.03593025
2023-02-10 21:00:00,22.7,24.604622,23.4462008,25.7630432,22.993282999999998,26.215961,22.52220775,26.68703625
2023-02-10 22:00:00,23.0,24.431118,23.272696800000002,25.5895392,22.819779,26.042457000000002,22.348703750000002,26.51353225
2023-02-10 23:00:00,23.1,24.275871,23.1174498,25.434292199999998,22.664531999999998,25.88721,22.19345675,26.358285249999998
2023-02-11 00:00:00,24.1,23.603355,22.4449338,24.7617762,21.992016,25.214694,21.52094075,25.68576925
2023-02-11 01:00:00,23.4,22.854046,21.6956248,24.0124672,21.242707,24.465385,20.77163175,24.93646025
2023-02-11 02:00:00,19.7,22.867012,21.7085908,24.0254332,21.255672999999998,24.478351,20.78459775,24.94942625
2023-02-11 03:00:00,20.4,23.108007,21.9495858,24.2664282,21.496668,24.719346,21.02559275,25.19042125
2023-02-11 04:00:00,20.1,22.603392,21.4449708,23.7618132,20.992053,24.214731,20.52097775,24.68580625
2023-02-11 05:00:00,20.7,22.547562,21.3891408,23.7059832,20.936223,24.158901,20.46514775,24.62997625
2023-02-11 06:00:00,20.6,22.643717,21.4852958,23.802138199999998,21.032377999999998,24.255056,20.56130275,24.726131249999998
2023-02-11 07:00:00,21.0,22.797855,21.6394338,23.956276199999998,21.186515999999997,24.409194,20.71544075,24.880269249999998
2023-02-11 08:00:00,23.0,24.331501,23.1730798,25.4899222,22.720162,25.94284,22.24908675,26.41391525
2023-02-11 09:00:00,26.0,26.498629,25.3402078,27.6570502,24.88729,28.109968000000002,24.41621475,28.58104325
2023-02-11 10:00:00,28.1,28.21396,27.0555388,29.3723812,26.602621,29.825299,26.13154575,30.29637425
2023-02-11 11:00:00,29.6,29.600903,28.4424818,30.7593242,27.989563999999998,31.212242,27.51848875,31.683317249999998
2023-02-11 12:00:00,30.2,30.363329,29.2049078,31.5217502,28.75199,31.974668,28.28091475,32.44574325
2023-02-11 13:00:00,29.9,29.94991,28.7914888,31.1083312,28.338570999999998,31.561249,27.86749575,32.032324249999995
2023-02-11 14:00:00,29.7,29.477057,28.3186358,30.635478199999998,27.865717999999998,31.088396,27.39464275,31.559471249999998
2023-02-11 15:00:00,29.0,28.774971,27.6165498,29.9333922,27.163632,30.38631,26.69255675,30.85738525
2023-02-11 16:00:00,27.9,27.76321,26.6047888,28.9216312,26.151871,29.374549000000002,25.68079575,29.84562425
2023-02-11 17:00:00,26.8,26.757345,25.5989238,27.9157662,25.146006,28.368684000000002,24.67493075,28.83975925
2023-02-11 18:00:00,24.7,25.349419,24.1909978,26.5078402,23.73808,26.960758000000002,23.26700475,27.43183325
2023-02-11 19:00:00,23.4,24.359058,23.2006368,25.5174792,22.747719,25.970397000000002,22.27664375,26.44147225
2023-02-11 20:00:00,22.6,24.004099,22.8456778,25.1625202,22.39276,25.615438,21.92168475,26.08651325
2023-02-11 21:00:00,22.2,23.573185,22.4147638,24.731606199999998,21.961845999999998,25.184524,21.49077075,25.655599249999998
2023-02-11 22:00:00,21.8,23.517618,22.3591968,24.676039199999998,21.906278999999998,25.128957,21.43520375,25.600032249999998
2023-02-11 23:00:00,23.0,23.88066,22.7222388,25.0390812,22.269320999999998,25.491999,21.79824575,25.96307425
2023-02-12 00:00:00,23.8,23.226267,22.0678458,24.3846882,21.614928,24.837606,21.14385275,25.30868125
2023-02-12 01:00:00,21.5,23.289179,22.1307578,24.4476002,21.67784,24.900518,21.20676475,25.37159325
2023-02-12 02:00:00,20.0,22.352537,21.194115800000002,23.5109582,20.741198,23.963876000000003,20.270122750000002,24.43495125
2023-02-12 03:00:00,20.6,21.735033,20.576611800000002,22.8934542,20.123694,23.346372000000002,19.652618750000002,23.81744725
2023-02-12 04:00:00,20.4,21.856941,20.6985198,23.0153622,20.245601999999998,23.46828,19.77452675,23.93935525
2023-02-12 05:00:00,20.0,21.552755,20.394333800000002,22.7111762,19.941416,23.164094000000002,19.470340750000002,23.63516925
2023-02-12 06:00:00,20.1,21.984535,20.8261138,23.1429562,20.373196,23.595874000000002,19.90212075,24.06694925
2023-02-12 07:00:00,20.4,22.941269,21.7828478,24.099690199999998,21.329929999999997,24.552608,20.85885475,25.023683249999998
2023-02-12 08:00:00,22.1,23.875795,22.7173738,25.0342162,22.264456,25.487134,21.79338075,25.95820925
2023-02-12 09:00:00,25.5,26.36052,25.2020988,27.5189412,24.749181,27.971859000000002,24.27810575,28.44293425
2023-02-12 10:00:00,27.6,28.280378,27.1219568,29.4387992,26.669038999999998,29.891717,26.19796375,30.36279225
2023-02-12 11:00:00,28.9,29.638601,28.480179800000002,30.7970222,28.027262,31.249940000000002,27.556186750000002,31.72101525
2023-02-12 12:00:00,29.4,29.766014,28.6075928,30.924435199999998,28.154674999999997,31.377353,27.68359975,31.848428249999998
2023-02-12 13:00:00,29.4,29.805851,28.6474298,30.9642722,28.194512,31.41719,27.72343675,31.88826525
2023-02-12 14:00:00,29.1,29.467455,28.3090338,30.6258762,27.856116,31.078794000000002,27.38504075,31.54986925
2023-02-12 15:00:00,28.6,28.824387,27.665965800000002,29.9828082,27.213048,30.435726000000003,26.741972750000002,30.90680125
2023-02-12 16:00:00,27.7,27.857256,26.6988348,29.0156772,26.245917,29.468595,25.77484175,29.93967025
2023-02-12 17:00:00,26.6,26.883125,25.7247038,28.0415462,25.271786,28.494464,24.80071075,28.96553925
2023-02-12 18:00:00,24.9,25.2072,24.0487788,26.3656212,23.595861,26.818539,23.12478575,27.28961425
2023-02-12 19:00:00,24.2,24.302046,23.1436248,25.4604672,22.690707,25.913385,22.21963175,26.38446025
2023-02-12 20:00:00,24.0,24.05739,22.898968800000002,25.2158112,22.446051,25.668729000000003,21.974975750000002,26.13980425
2023-02-12 21:00:00,23.5,23.443947,22.285525800000002,24.6023682,21.832608,25.055286000000002,21.361532750000002,25.52636125
2023-02-12 22:00:00,22.6,23.151178,21.992756800000002,24.3095992,21.539839,24.762517000000003,21.068763750000002,25.23359225
2023-02-12 23:00:00,21.9,23.318935,22.1605138,24.4773562,21.707596,24.930274,21.23652075,25.40134925
2023-02-13 00:00:00,21.4,23.045954,21.8875328,24.204375199999998,21.434614999999997,24.657293,20.96353975,25.128368249999998
2023-02-13 01:00:00,21.8,22.173094,21.0146728,23.3315152,20.561754999999998,23.784433,20.09067975,24.25550825
2023-02-13 02:00:00,23.6,21.757132,20.5987108,22.915553199999998,20.145792999999998,23.368471,19.67471775,23.839546249999998
2023-02-13 03:00:00,19.6,22.15381,20.9953888,23.3122312,20.542471,23.765149,20.07139575,24.23622425
2023-02-13 04:00:00,20.1,21.909943,20.7515218,23.068364199999998,20.298603999999997,23.521282,19.82752875,23.992357249999998
2023-02-13 05:00:00,20.3,21.461483,20.303061800000002,22.6199042,19.850144,23.072822000000002,19.379068750000002,23.54389725
2023-02-13 06:00:00,20.1,21.531729,20.3733078,22.690150199999998,19.920389999999998,23.143068,19.44931475,23.614143249999998
2023-02-13 07:00:00,20.6,21.790771,20.6323498,22.9491922,20.179432,23.40211,19.70835675,23.87318525
2023-02-13 08:00:00,22.7,23.844564,22.6861428,25.002985199999998,22.233224999999997,25.455903,21.76214975,25.926978249999998
2023-02-13 09:00:00,25.8,25.905842,24.7474208,27.0642632,24.294503,27.517181,23.82342775,27.98825625
2023-02-13 10:00:00,27.8,27.499748,26.3413268,28.6581692,25.888409,29.111087,25.41733375,29.58216225
2023-02-13 11:00:00,29.0,29.170984,28.0125628,30.3294052,27.559645,30.782323,27.08856975,31.25339825
2023-02-13 12:00:00,29.2,29.460743,28.3023218,30.6191642,27.849404,31.072082,27.37832875,31.54315725
2023-02-13 13:00:00,29.0,29.434715,28.2762938,30.5931362,27.823376,31.046054,27.35230075,31.51712925
2023-02-13 14:00:00,28.8,29.3438,28.185378800000002,30.5022212,27.732461,30.955139000000003,27.261385750000002,31.42621425
2023-02-13 15:00:00,28.3,28.729889,27.5714678,29.8883102,27.11855,30.341228,26.64747475,30.81230325
2023-02-13 16:00:00,27.6,27.810505,26.6520838,28.9689262,26.199165999999998,29.421844,25.72809075,29.89291925
2023-02-13 17:00:00,26.7,26.721016,25.5625948,27.879437199999998,25.109676999999998,28.332355,24.63860175,28.803430249999998
2023-02-13 18:00:00,25.2,25.213634,24.0552128,26.3720552,23.602294999999998,26.824973,23.13121975,27.29604825
2023-02-13 19:00:00,24.6,24.564903,23.4064818,25.7233242,22.953564,26.176242000000002,22.48248875,26.64731725
2023-02-13 20:00:00,24.3,24.253918,23.0954968,25.412339199999998,22.642578999999998,25.865257,22.17150375,26.336332249999998
2023-02-13 21:00:00,23.9,23.84054,22.6821188,24.9989612,22.229201,25.451879,21.75812575,25.92295425
2023-02-13 22:00:00,22.7,23.437284,22.2788628,24.595705199999998,21.825944999999997,25.048623,21.35486975,25.519698249999998
2023-02-13 23:00:00,22.7,22.941833,21.7834118,24.1002542,21.330493999999998,24.553172,20.85941875,25.02424725
2023-02-14 00:00:00,22.7,22.394796,21.2363748,23.5532172,20.783457,24.006135,20.31238175,24.47721025
2023-02-14 01:00:00,21.8,22.65821,21.4997888,23.8166312,21.046871,24.269549,20.57579575,24.74062425
2023-02-14 02:00:00,21.8,22.916758,21.758336800000002,24.0751792,21.305419,24.528097000000002,20.834343750000002,24.99917225
2023-02-14 03:00:00,21.1,22.413622,21.2552008,23.5720432,20.802283,24.024961,20.33120775,24.49603625
2023-02-14 04:00:00,20.8,21.012419,19.853997800000002,22.1708402,19.40108,22.623758000000002,18.930004750000002,23.09483325
2023-02-14 05:00:00,20.7,20.944515,19.7860938,22.1029362,19.333175999999998,22.555854,18.86210075,23.02692925
2023-02-14 06:00:00,20.8,20.647394,19.4889728,21.805815199999998,19.036054999999998,22.258733,18.56497975,22.729808249999998
2023-02-14 07:00:00,21.3,21.853184,20.6947628,23.011605199999998,20.241844999999998,23.464523,19.77076975,23.935598249999998
2023-02-14 08:00:00,23.4,24.126028,22.967606800000002,25.2844492,22.514689,25.737367000000003,22.043613750000002,26.20844225
2023-02-14 09:00:00,26.1,25.953451,24.795029800000002,27.1118722,24.342112,27.564790000000002,23.871036750000002,28.03586525
2023-02-14 10:00:00,28.2,27.871147,26.7127258,29.0295682,26.259808,29.482486,25.78873275,29.95356125
2023-02-14 11:00:00,29.6,29.020819,27.8623978,30.1792402,27.40948,30.632158,26.93840475,31.10323325
2023-02-14 12:00:00,30.1,29.287659,28.129237800000002,30.4460802,27.67632,30.898998000000002,27.205244750000002,31.37007325
2023-02-14 13:00:00,29.6,29.195635,28.0372138,30.3540562,27.584296,30.806974,27.11322075,31.27804925
2023-02-14 14:00:00,29.1,28.926682,27.7682608,30.0851032,27.315343,30.538021,26.84426775,31.00909625
2023-02-14 15:00:00,28.6,28.408772,27.2503508,29.5671932,26.797432999999998,30.020111,26.32635775,30.49118625
2023-02-14 16:00:00,27.5,27.663513,26.5050918,28.821934199999998,26.052173999999997,29.274852,25.58109875,29.745927249999998
2023-02-14 17:00:00,26.5,26.713848,25.5554268,27.872269199999998,25.102508999999998,28.325187,24.63143375,28.796262249999998
2023-02-14 18:00:00,25.2,25.36047,24.2020488,26.5188912,23.749131,26.971809,23.27805575,27.44288425
2023-02-14 19:00:00,24.7,24.866003,23.7075818,26.0244242,23.254664,26.477342,22.78358875,26.94841725
2023-02-14 20:00:00,24.4,24.600801,23.4423798,25.7592222,22.989462,26.21214,22.51838675,26.68321525
2023-02-14 21:00:00,23.9,24.074533,22.9161118,25.2329542,22.463193999999998,25.685872,21.99211875,26.156947249999998
2023-02-14 22:00:00,23.1,23.571835,22.4134138,24.7302562,21.960496,25.183174,21.48942075,25.65424925
2023-02-14 23:00:00,21.9,23.30072,22.1422988,24.459141199999998,21.689380999999997,24.912059,21.21830575,25.383134249999998
2023-02-15 00:00:00,22.3,23.349161,22.1907398,24.507582199999998,21.737821999999998,24.9605,21.26674675,25.431575249999998
2023-02-15 01:00:00,23.4,23.04109,21.8826688,24.1995112,21.429751,24.652429,20.95867575,25.12350425
2023-02-15 02:00:00,21.6,22.667717,21.5092958,23.8261382,21.056378,24.279056,20.58530275,24.75013125
2023-02-15 03:00:00,20.1,22.581558,21.4231368,23.7399792,20.970219,24.192897000000002,20.49914375,24.66397225
2023-02-15 04:00:00,20.6,22.170294,21.0118728,23.328715199999998,20.558954999999997,23.781633,20.08787975,24.252708249999998
2023-02-15 05:00:00,21.2,21.94728,20.7888588,23.1057012,20.335941,23.558619,19.86486575,24.02969425
2023-02-15 06:00:00,21.1,22.088036,20.9296148,23.2464572,20.476696999999998,23.699375,20.00562175,24.17045025
2023-02-15 07:00:00,21.8,22.711245,21.552823800000002,23.8696662,21.099906,24.322584000000003,20.628830750000002,24.79365925
2023-02-15 08:00:00,22.8,24.382051,23.2236298,25.5404722,22.770712,25.99339,22.29963675,26.46446525
2023-02-15 09:00:00,25.4,26.429903,25.2714818,27.5883242,24.818564,28.041242,24.34748875,28.51231725
2023-02-15 10:00:00,27.6,27.846502,26.6880808,29.0049232,26.235163,29.457841000000002,25.76408775,29.92891625
2023-02-15 11:00:00,28.9,29.30665,28.148228800000002,30.4650712,27.695311,30.917989000000002,27.224235750000002,31.38906425
2023-02-15 12:00:00,29.2,29.753649,28.5952278,30.9120702,28.14231,31.364988,27.67123475,31.83606325
2023-02-15 13:00:00,29.0,29.651417,28.4929958,30.809838199999998,28.040077999999998,31.262756,27.56900275,31.733831249999998
2023-02-15 14:00:00,28.5,29.241398,28.0829768,30.3998192,27.630059,30.852737,27.15898375,31.32381225
2023-02-15 15:00:00,28.0,28.522041,27.363619800000002,29.6804622,26.910702,30.133380000000002,26.439626750000002,30.60445525
2023-02-15 16:00:00,27.3,27.614174,26.4557528,28.772595199999998,26.002834999999997,29.225513,25.53175975,29.696588249999998
2023-02-15 17:00:00,26.7,26.547764,25.3893428,27.7061852,24.936425,28.159103,24.46534975,28.63017825
2023-02-15 18:00:00,25.5,25.452837,24.2944158,26.611258199999998,23.841497999999998,27.064176,23.37042275,27.535251249999998
2023-02-15 19:00:00,24.8,24.887947,23.7295258,26.0463682,23.276608,26.499286,22.80553275,26.97036125
2023-02-15 20:00:00,24.2,24.648525,23.4901038,25.8069462,23.037186,26.259864,22.56611075,26.73093925
2023-02-15 21:00:00,23.1,24.243956,23.0855348,25.4023772,22.632617,25.855295,22.16154175,26.32637025
2023-02-15 22:00:00,23.1,23.947073,22.7886518,25.1054942,22.335734,25.558412,21.86465875,26.02948725
2023-02-15 23:00:00,24.6,23.242203,22.0837818,24.4006242,21.630864,24.853542,21.15978875,25.32461725
2023-02-16 00:00:00,24.1,22.817904,21.6594828,23.976325199999998,21.206564999999998,24.429243,20.73548975,24.900318249999998
2023-02-16 01:00:00,23.0,23.089304,21.9308828,24.247725199999998,21.477964999999998,24.700643,21.00688975,25.171718249999998
2023-02-16 02:00:00,20.8,22.501532,21.3431108,23.6599532,20.890193,24.112871000000002,20.41911775,24.58394625
2023-02-16 03:00:00,20.1,21.31374,20.1553188,22.4721612,19.702401,22.925079,19.23132575,23.39615425
2023-02-16 04:00:00,19.4,21.405682,20.2472608,22.564103199999998,19.794342999999998,23.017021,19.32326775,23.488096249999998
2023-02-16 05:00:00,20.7,22.023125,20.8647038,23.1815462,20.411786,23.634464,19.94071075,24.10553925
2023-02-16 06:00:00,21.2,22.40583,21.247408800000002,23.5642512,20.794491,24.017169000000003,20.323415750000002,24.48824425
2023-02-16 07:00:00,21.9,23.305687,22.1472658,24.4641082,21.694347999999998,24.917026,21.22327275,25.38810125
2023-02-16 08:00:00,23.8,23.934465,22.7760438,25.0928862,22.323126,25.545804,21.85205075,26.01687925
2023-02-16 09:00:00,26.8,26.10521,24.9467888,27.2636312,24.493871,27.716549,24.02279575,28.18762425
2023-02-16 10:00:00,28.2,27.775553,26.6171318,28.933974199999998,26.164213999999998,29.386892,25.69313875,29.857967249999998
2023-02-16 11:00:00,28.8,29.151306,27.992884800000002,30.3097272,27.539967,30.762645000000003,27.068891750000002,31.23372025
2023-02-16 12:00:00,29.1,29.444056,28.2856348,30.6024772,27.832717,31.055395,27.36164175,31.52647025
2023-02-16 13:00:00,29.1,29.297052,28.1386308,30.4554732,27.685713,30.908391,27.21463775,31.37946625
2023-02-16 14:00:00,28.9,28.772694,27.614272800000002,29.9311152,27.161355,30.384033000000002,26.690279750000002,30.85510825
2023-02-16 15:00:00,28.4,28.263226,27.1048048,29.4216472,26.651887,29.874565,26.18081175,30.34564025
2023-02-16 16:00:00,27.6,27.46756,26.3091388,28.6259812,25.856220999999998,29.078899,25.38514575,29.549974249999998
2023-02-16 17:00:00,26.8,26.740982,25.5825608,27.8994032,25.129642999999998,28.352321,24.65856775,28.82339625
2023-02-16 18:00:00,25.5,25.545717,24.3872958,26.7041382,23.934378,27.157056,23.46330275,27.62813125
2023-02-16 19:00:00,24.6,24.819239,23.6608178,25.9776602,23.2079,26.430578,22.73682475,26.90165325
2023-02-16 20:00:00,23.5,24.5337,23.3752788,25.6921212,22.922361,26.145039,22.45128575,26.61611425
2023-02-16 21:00:00,22.8,23.796343,22.6379218,24.9547642,22.185004,25.407682,21.71392875,25.87875725
2023-02-16 22:00:00,22.2,23.767897,22.609475800000002,24.9263182,22.156558,25.379236000000002,21.685482750000002,25.85031125
2023-02-16 23:00:00,21.7,24.11502,22.956598800000002,25.2734412,22.503681,25.726359000000002,22.032605750000002,26.19743425
2023-02-17 00:00:00,21.6,23.472837,22.3144158,24.631258199999998,21.861497999999997,25.084176,21.39042275,25.555251249999998
2023-02-17 01:00:00,21.3,22.787476,21.629054800000002,23.9458972,21.176137,24.398815000000003,20.705061750000002,24.86989025
2023-02-17 02:00:00,20.8,22.530874,21.3724528,23.6892952,20.919535,24.142213,20.44845975,24.61328825
2023-02-17 03:00:00,20.8,21.888876,20.7304548,23.0472972,20.277537,23.500215,19.80646175,23.97129025
2023-02-17 04:00:00,22.1,21.247705,20.0892838,22.4061262,19.636366,22.859044,19.16529075,23.33011925
2023-02-17 05:00:00,23.5,21.637434,20.4790128,22.7958552,20.026094999999998,23.248773,19.55501975,23.71984825
2023-02-17 06:00:00,22.6,22.412983,21.2545618,23.5714042,20.801644,24.024322,20.33056875,24.49539725
2023-02-17 07:00:00,22.7,23.147223,21.9888018,24.3056442,21.535884,24.758562,21.06480875,25.22963725
2023-02-17 08:00:00,25.2,24.70289,23.5444688,25.8613112,23.091551,26.314229,22.62047575,26.78530425
2023-02-17 09:00:00,27.3,26.689022,25.530600800000002,27.8474432,25.077683,28.300361000000002,24.606607750000002,28.77143625
2023-02-17 10:00:00,28.4,28.044418,26.8859968,29.2028392,26.433079,29.655757,25.96200375,30.12683225
2023-02-17 11:00:00,29.1,28.751022,27.5926008,29.9094432,27.139682999999998,30.362361,26.66860775,30.83343625
2023-02-17 12:00:00,29.4,29.087654,27.9292328,30.2460752,27.476315,30.698993,27.00523975,31.17006825
2023-02-17 13:00:00,29.5,29.104551,27.9461298,30.2629722,27.493212,30.71589,27.02213675,31.18696525
2023-02-17 14:00:00,29.4,28.846457,27.6880358,30.0048782,27.235118,30.457796000000002,26.76404275,30.92887125
2023-02-17 15:00:00,28.9,28.46885,27.3104288,29.6272712,26.857511,30.080189,26.38643575,30.55126425
2023-02-17 16:00:00,28.3,27.74711,26.5886888,28.9055312,26.135771,29.358449,25.66469575,29.82952425
2023-02-17 17:00:00,27.6,26.800308,25.6418868,27.9587292,25.188969,28.411647000000002,24.71789375,28.88272225
2023-02-17 18:00:00,26.4,25.634684,24.4762628,26.7931052,24.023345,27.246023,23.55226975,27.71709825
2023-02-17 19:00:00,26.2,24.88023,23.7218088,26.0386512,23.268891,26.491569000000002,22.79781575,26.96264425
2023-02-17 20:00:00,25.9,24.086172,22.927750800000002,25.2445932,22.474833,25.697511000000002,22.003757750000002,26.16858625
2023-02-17 21:00:00,25.6,23.566439,22.4080178,24.7248602,21.955099999999998,25.177778,21.48402475,25.64885325
2023-02-17 22:00:00,25.3,23.217289,22.0588678,24.3757102,21.60595,24.828628000000002,21.13487475,25.29970325
2023-02-17 23:00:00,24.8,22.602343,21.443921800000002,23.7607642,20.991004,24.213682000000002,20.519928750000002,24.68475725
2023-02-18 00:00:00,24.1,22.340534,21.182112800000002,23.4989552,20.729195,23.951873000000003,20.258119750000002,24.42294825
2023-02-18 01:00:00,23.4,22.592045,21.4336238,23.750466199999998,20.980705999999998,24.203384,20.50963075,24.674459249999998
2023-02-18 02:00:00,22.2,22.608974,21.4505528,23.7673952,20.997635,24.220313,20.52655975,24.69138825
2023-02-18 03:00:00,22.6,22.470345,21.3119238,23.628766199999998,20.859005999999997,24.081684,20.38793075,24.552759249999998
2023-02-18 04:00:00,22.8,22.25747,21.099048800000002,23.4158912,20.646131,23.868809000000002,20.175055750000002,24.33988425
2023-02-18 05:00:00,22.9,22.850164,21.6917428,24.0085852,21.238825,24.461503,20.76774975,24.93257825
2023-02-18 06:00:00,22.8,23.283588,22.125166800000002,24.4420092,21.672249,24.894927000000003,21.201173750000002,25.36600225
2023-02-18 07:00:00,25.0,23.423475,22.2650538,24.5818962,21.812136,25.034814,21.34106075,25.50588925
2023-02-18 08:00:00,26.6,25.687181,24.5287598,26.8456022,24.075841999999998,27.29852,23.60476675,27.76959525
2023-02-18 09:00:00,28.0,27.32959,26.1711688,28.4880112,25.718251,28.940929,25.24717575,29.41200425
2023-02-18 10:00:00,28.9,28.383688,27.2252668,29.5421092,26.772349,29.995027,26.30127375,30.46610225
2023-02-18 11:00:00,29.3,29.110273,27.9518518,30.2686942,27.498934,30.721612,27.02785875,31.19268725
2023-02-18 12:00:00,29.5,29.275444,28.1170228,30.4338652,27.664105,30.886783,27.19302975,31.35785825
2023-02-18 13:00:00,29.6,29.407957,28.2495358,30.5663782,27.796618,31.019296,27.32554275,31.49037125
2023-02-18 14:00:00,29.4,29.246252,28.0878308,30.404673199999998,27.634912999999997,30.857591,27.16383775,31.328666249999998
2023-02-18 15:00:00,28.9,28.876444,27.7180228,30.0348652,27.265105,30.487783,26.79402975,30.95885825
2023-02-18 16:00:00,28.1,28.251932,27.0935108,29.4103532,26.640593,29.863271,26.16951775,30.33434625
2023-02-18 17:00:00,27.3,27.445242,26.2868208,28.6036632,25.833903,29.056581,25.36282775,29.52765625
2023-02-18 18:00:00,25.8,26.313414,25.154992800000002,27.4718352,24.702075,27.924753000000003,24.230999750000002,28.39582825
2023-02-18 19:00:00,25.2,25.819567,24.6611458,26.9779882,24.208228,27.430906,23.73715275,27.90198125
2023-02-18 20:00:00,24.8,25.751965,24.5935438,26.910386199999998,24.140625999999997,27.363304,23.66955075,27.834379249999998
2023-02-18 21:00:00,24.7,25.282146,24.1237248,26.4405672,23.670807,26.893485000000002,23.19973175,27.36456025
2023-02-18 22:00:00,24.5,25.05352,23.8950988,26.2119412,23.442180999999998,26.664859,22.97110575,27.13593425
2023-02-18 23:00:00,24.2,24.807808,23.649386800000002,25.9662292,23.196469,26.419147000000002,22.725393750000002,26.89022225
2023-02-19 00:00:00,23.7,24.481323,23.3229018,25.6397442,22.869984,26.092662,22.39890875,26.56373725
2023-02-19 01:00:00,22.1,24.011305,22.8528838,25.1697262,22.399966,25.622644,21.92889075,26.09371925
2023-02-19 02:00:00,24.3,23.52013,22.361708800000002,24.6785512,21.908791,25.131469000000003,21.437715750000002,25.60254425
2023-02-19 03:00:00,23.1,23.177399,22.018977800000002,24.3358202,21.56606,24.788738000000002,21.094984750000002,25.25981325
2023-02-19 04:00:00,20.4,23.367344,22.2089228,24.5257652,21.756005,24.978683,21.28492975,25.44975825
2023-02-19 05:00:00,21.1,23.111614,21.9531928,24.2700352,21.500275,24.722953,21.02919975,25.19402825
2023-02-19 06:00:00,21.2,23.697626,22.5392048,24.8560472,22.086287,25.308965,21.61521175,25.78004025
2023-02-19 07:00:00,22.0,25.106224,23.9478028,26.2646452,23.494885,26.717563000000002,23.02380975,27.18863825
2023-02-19 08:00:00,24.2,26.704405,25.545983800000002,27.8628262,25.093066,28.315744000000002,24.621990750000002,28.78681925
2023-02-19 09:00:00,26.9,27.961252,26.802830800000002,29.1196732,26.349913,29.572591000000003,25.878837750000002,30.04366625
2023-02-19 10:00:00,28.8,28.970959,27.8125378,30.1293802,27.35962,30.582298,26.88854475,31.05337325
2023-02-19 11:00:00,30.3,29.359053,28.2006318,30.5174742,27.747714,30.970392,27.27663875,31.44146725
2023-02-19 12:00:00,30.8,29.761784,28.6033628,30.920205199999998,28.150444999999998,31.373123,27.67936975,31.844198249999998
2023-02-19 13:00:00,30.8,29.821201,28.6627798,30.979622199999998,28.209861999999998,31.43254,27.73878675,31.903615249999998
2023-02-19 14:00:00,30.6,29.637144,28.4787228,30.7955652,28.025805,31.248483,27.55472975,31.71955825
2023-02-19 15:00:00,29.7,29.174118,28.0156968,30.3325392,27.562779,30.785457,27.09170375,31.25653225
2023-02-19 16:00:00,28.3,28.281881,27.1234598,29.440302199999998,26.670541999999998,29.89322,26.19946675,30.364295249999998
2023-02-19 17:00:00,27.3,27.4554,26.2969788,28.6138212,25.844061,29.066739000000002,25.37298575,29.53781425
2023-02-19 18:00:00,25.8,26.268692,25.110270800000002,27.4271132,24.657353,27.880031000000002,24.186277750000002,28.35110625
2023-02-19 19:00:00,25.0,25.58717,24.4287488,26.7455912,23.975831,27.198509,23.50475575,27.66958425
2023-02-19 20:00:00,24.3,25.22567,24.0672488,26.3840912,23.614331,26.837009000000002,23.14325575,27.30808425
2023-02-19 21:00:00,23.1,25.00446,23.846038800000002,26.1628812,23.393121,26.615799000000003,22.922045750000002,27.08687425
2023-02-19 22:00:00,22.6,24.588383,23.4299618,25.7468042,22.977044,26.199722,22.50596875,26.67079725
2023-02-19 23:00:00,22.1,24.279451,23.121029800000002,25.4378722,22.668112,25.890790000000003,22.197036750000002,26.36186525
2023-02-20 00:00:00,22.6,23.972956,22.8145348,25.1313772,22.361617,25.584295,21.89054175,26.05537025
2023-02-20 01:00:00,22.1,23.345318,22.1868968,24.5037392,21.733978999999998,24.956657,21.26290375,25.42773225
2023-02-20 02:00:00,21.6,23.749535,22.591113800000002,24.9079562,22.138196,25.360874000000003,21.667120750000002,25.83194925
2023-02-20 03:00:00,20.8,23.424885,22.2664638,24.5833062,21.813546,25.036224,21.34247075,25.50729925
2023-02-20 04:00:00,21.1,21.671175,20.512753800000002,22.8295962,20.059836,23.282514000000003,19.588760750000002,23.75358925
2023-02-20 05:00:00,20.9,22.077822,20.919400800000002,23.2362432,20.466483,23.689161000000002,19.995407750000002,24.16023625
2023-02-20 06:00:00,20.8,22.614023,21.4556018,23.7724442,21.002684,24.225362,20.53160875,24.69643725
2023-02-20 07:00:00,21.8,22.1998,21.0413788,23.3582212,20.588461,23.811139,20.11738575,24.28221425
2023-02-20 08:00:00,25.0,24.763073,23.6046518,25.921494199999998,23.151733999999998,26.374412,22.68065875,26.845487249999998
2023-02-20 09:00:00,27.9,27.295275,26.1368538,28.4536962,25.683936,28.906614,25.21286075,29.37768925
2023-02-20 10:00:00,30.1,28.69861,27.5401888,29.857031199999998,27.087270999999998,30.309949,26.61619575,30.781024249999998
2023-02-20 11:00:00,31.4,29.958817,28.8003958,31.1172382,28.347478,31.570156,27.87640275,32.041231249999996
2023-02-20 12:00:00,31.5,30.359377,29.2009558,31.517798199999998,28.748037999999998,31.970716,28.27696275,32.441791249999994
2023-02-20 13:00:00,31.2,30.227318,29.0688968,31.3857392,28.615979,31.838657,28.14490375,32.309732249999996
2023-02-20 14:00:00,30.8,30.1849,29.0264788,31.3433212,28.573560999999998,31.796239,28.10248575,32.26731425
2023-02-20 15:00:00,30.0,29.607075,28.4486538,30.765496199999998,27.995735999999997,31.218414,27.52466075,31.689489249999998
2023-02-20 16:00:00,29.0,28.307623,27.1492018,29.4660442,26.696284,29.918962,26.22520875,30.39003725
2023-02-20 17:00:00,27.9,27.28529,26.1268688,28.4437112,25.673951,28.896629,25.20287575,29.36770425
2023-02-20 18:00:00,26.3,25.956646,24.7982248,27.1150672,24.345307,27.567985,23.87423175,28.03906025
2023-02-20 19:00:00,25.4,25.18049,24.0220688,26.3389112,23.569150999999998,26.791829,23.09807575,27.26290425
2023-02-20 20:00:00,25.0,24.550617,23.3921958,25.7090382,22.939277999999998,26.161956,22.46820275,26.63303125
2023-02-20 21:00:00,24.2,23.983757,22.8253358,25.1421782,22.372418,25.595096,21.90134275,26.06617125
2023-02-20 22:00:00,23.3,23.27736,22.118938800000002,24.4357812,21.666021,24.888699000000003,21.194945750000002,25.35977425
2023-02-20 23:00:00,22.6,23.09184,21.933418800000002,24.2502612,21.480501,24.703179000000002,21.009425750000002,25.17425425
2023-02-21 00:00:00,22.6,22.91304,21.7546188,24.071461199999998,21.301700999999998,24.524379,20.83062575,24.995454249999998
2023-02-21 01:00:00,23.1,22.814734,21.656312800000002,23.9731552,21.203395,24.426073000000002,20.732319750000002,24.89714825
2023-02-21 02:00:00,23.0,22.573614,21.4151928,23.7320352,20.962274999999998,24.184953,20.49119975,24.65602825
2023-02-21 03:00:00,22.5,22.80994,21.6515188,23.9683612,21.198601,24.421279000000002,20.72752575,24.89235425
2023-02-21 04:00:00,22.8,22.527525,21.3691038,23.6859462,20.916186,24.138864,20.44511075,24.60993925
2023-02-21 05:00:00,21.0,22.696606,21.5381848,23.8550272,21.085266999999998,24.307945,20.61419175,24.77902025
2023-02-21 06:00:00,21.7,21.964289,20.8058678,23.1227102,20.35295,23.575628000000002,19.88187475,24.04670325
2023-02-21 07:00:00,22.1,22.643536,21.4851148,23.8019572,21.032197,24.254875000000002,20.56112175,24.72595025
2023-02-21 08:00:00,25.1,25.312294,24.153872800000002,26.4707152,23.700955,26.923633000000002,23.229879750000002,27.39470825
2023-02-21 09:00:00,28.4,27.845232,26.6868108,29.0036532,26.233893,29.456571,25.76281775,29.92764625
2023-02-21 10:00:00,30.6,29.489927,28.331505800000002,30.6483482,27.878588,31.101266000000003,27.407512750000002,31.57234125
2023-02-21 11:00:00,31.0,30.51996,29.3615388,31.6783812,28.908621,32.131299,28.43754575,32.60237425
2023-02-21 12:00:00,30.9,30.674683,29.516261800000002,31.8331042,29.063344,32.286022,28.592268750000002,32.75709725
2023-02-21 13:00:00,30.5,30.426256,29.2678348,31.584677199999998,28.814916999999998,32.037594999999996,28.34384175,32.508670249999994
2023-02-21 14:00:00,30.0,30.134335,28.9759138,31.2927562,28.522996,31.745674,28.05192075,32.21674925
2023-02-21 15:00:00,29.4,29.560873,28.4024518,30.7192942,27.949534,31.172212000000002,27.47845875,31.64328725
2023-02-21 16:00:00,28.5,28.76391,27.6054888,29.9223312,27.152571,30.375249,26.68149575,30.84632425
2023-02-21 17:00:00,27.7,27.660688,26.5022668,28.8191092,26.049349,29.272027,25.57827375,29.74310225
2023-02-21 18:00:00,26.0,26.103657,24.9452358,27.262078199999998,24.492317999999997,27.714996,24.02124275,28.186071249999998
2023-02-21 19:00:00,25.4,25.272522,24.1141008,26.430943199999998,23.661182999999998,26.883861,23.19010775,27.354936249999998
2023-02-21 20:00:00,25.2,25.088007,23.9295858,26.2464282,23.476668,26.699346000000002,23.00559275,27.17042125
2023-02-21 21:00:00,24.9,24.570602,23.4121808,25.7290232,22.959263,26.181941000000002,22.48818775,26.65301625
2023-02-21 22:00:00,24.6,24.164415,23.005993800000002,25.3228362,22.553076,25.775754000000003,22.082000750000002,26.24682925
2023-02-21 23:00:00,24.4,23.646782,22.488360800000002,24.8052032,22.035443,25.258121000000003,21.564367750000002,25.72919625
2023-02-22 00:00:00,24.0,23.271816,22.113394800000002,24.4302372,21.660477,24.883155000000002,21.189401750000002,25.35423025
2023-02-22 01:00:00,23.3,23.368265,22.2098438,24.5266862,21.756926,24.979604000000002,21.28585075,25.45067925
2023-02-22 02:00:00,21.7,23.620764,22.462342800000002,24.7791852,22.009425,25.232103000000002,21.538349750000002,25.70317825
2023-02-22 03:00:00,23.1,23.407,22.2485788,24.5654212,21.795661,25.018339,21.32458575,25.48941425
2023-02-22 04:00:00,20.7,23.444248,22.285826800000002,24.6026692,21.832909,25.055587000000003,21.361833750000002,25.52666225
2023-02-22 05:00:00,21.3,23.16374,22.0053188,24.3221612,21.552401,24.775079,21.08132575,25.24615425
2023-02-22 06:00:00,20.9,22.49052,21.3320988,23.6489412,20.879181,24.101859,20.40810575,24.57293425
2023-02-22 07:00:00,22.0,23.33317,22.1747488,24.4915912,21.721830999999998,24.944509,21.25075575,25.41558425
2023-02-22 08:00:00,24.9,25.65334,24.4949188,26.8117612,24.042001,27.264679,23.57092575,27.73575425
2023-02-22 09:00:00,27.4,28.105509,26.947087800000002,29.2639302,26.49417,29.716848000000002,26.023094750000002,30.18792325
2023-02-22 10:00:00,29.0,30.04238,28.883958800000002,31.2008012,28.431041,31.653719000000002,27.959965750000002,32.12479425
2023-02-22 11:00:00,30.0,30.698065,29.5396438,31.8564862,29.086726,32.309404,28.61565075,32.78047925
2023-02-22 12:00:00,30.4,30.616716,29.4582948,31.7751372,29.005377,32.228055,28.53430175,32.699130249999996
2023-02-22 13:00:00,30.2,30.205994,29.0475728,31.3644152,28.594655,31.817333,28.12357975,32.288408249999996
2023-02-22 14:00:00,29.8,29.76497,28.606548800000002,30.9233912,28.153631,31.376309000000003,27.682555750000002,31.84738425
2023-02-22 15:00:00,29.1,29.265263,28.1068418,30.4236842,27.653924,30.876602000000002,27.18284875,31.34767725
2023-02-22 16:00:00,28.1,28.518093,27.3596718,29.6765142,26.906754,30.129432,26.43567875,30.60050725
2023-02-22 17:00:00,27.1,27.687958,26.5295368,28.846379199999998,26.076618999999997,29.299297,25.60554375,29.770372249999998
2023-02-22 18:00:00,25.8,26.23409,25.0756688,27.392511199999998,24.622750999999997,27.845429,24.15167575,28.316504249999998
2023-02-22 19:00:00,25.3,25.450035,24.2916138,26.6084562,23.838696,27.061374,23.36762075,27.53244925
2023-02-22 20:00:00,25.0,25.0854,23.9269788,26.2438212,23.474061,26.696739,23.00298575,27.16781425
2023-02-22 21:00:00,24.8,24.75055,23.5921288,25.9089712,23.139211,26.361889,22.66813575,26.83296425
2023-02-22 22:00:00,24.4,24.518967,23.3605458,25.6773882,22.907628,26.130306,22.43655275,26.60138125
2023-02-22 23:00:00,23.6,24.435907,23.2774858,25.5943282,22.824568,26.047246,22.35349275,26.51832125
2023-02-23 00:00:00,23.4,24.264719,23.1062978,25.4231402,22.65338,25.876058,22.18230475,26.34713325
2023-02-23 01:00:00,22.5,23.690361,22.5319398,24.8487822,22.079022,25.3017,21.60794675,25.77277525
2023-02-23 02:00:00,22.5,22.906202,21.7477808,24.0646232,21.294863,24.517541,20.82378775,24.98861625
2023-02-23 03:00:00,23.2,23.08369,21.9252688,24.2421112,21.472351,24.695029,21.00127575,25.16610425
2023-02-23 04:00:00,21.1,22.513363,21.3549418,23.671784199999998,20.902023999999997,24.124702,20.43094875,24.595777249999998
2023-02-23 05:00:00,20.7,22.524908,21.3664868,23.6833292,20.913569,24.136247,20.44249375,24.60732225
2023-02-23 06:00:00,21.6,22.612234,21.4538128,23.7706552,21.000895,24.223573000000002,20.52981975,24.69464825
2023-02-23 07:00:00,22.5,22.868608,21.7101868,24.027029199999998,21.257268999999997,24.479947,20.78619375,24.951022249999998
2023-02-23 08:00:00,25.2,25.313719,24.1552978,26.4721402,23.702379999999998,26.925058,23.23130475,27.39613325
2023-02-23 09:00:00,27.3,27.888588,26.7301668,29.047009199999998,26.277248999999998,29.499927,25.80617375,29.971002249999998
2023-02-23 10:00:00,28.6,29.286886,28.1284648,30.4453072,27.675546999999998,30.898225,27.20447175,31.36930025
2023-02-23 11:00:00,29.6,29.986399,28.8279778,31.144820199999998,28.375059999999998,31.597738,27.90398475,32.06881325
2023-02-23 12:00:00,30.0,29.809988,28.6515668,30.9684092,28.198649,31.421327,27.72757375,31.89240225
2023-02-23 13:00:00,30.1,29.763222,28.6048008,30.9216432,28.151882999999998,31.374561,27.68080775,31.84563625
2023-02-23 14:00:00,29.9,29.463245,28.3048238,30.6216662,27.851906,31.074584,27.38083075,31.54565925
2023-02-23 15:00:00,29.3,29.183937,28.0255158,30.3423582,27.572598,30.795276,27.10152275,31.26635125
2023-02-23 16:00:00,28.2,28.196453,27.038031800000002,29.3548742,26.585114,29.807792000000003,26.114038750000002,30.27886725
2023-02-23 17:00:00,27.2,27.319174,26.1607528,28.4775952,25.707835,28.930513,25.23675975,29.40158825
2023-02-23 18:00:00,25.5,25.943256,24.784834800000002,27.1016772,24.331917,27.554595000000003,23.860841750000002,28.02567025
2023-02-23 19:00:00,24.6,25.25372,24.095298800000002,26.4121412,23.642381,26.865059000000002,23.171305750000002,27.33613425
2023-02-23 20:00:00,24.1,24.950897,23.792475800000002,26.1093182,23.339558,26.562236000000002,22.868482750000002,27.03331125
2023-02-23 21:00:00,23.6,24.81648,23.6580588,25.974901199999998,23.205140999999998,26.427819,22.73406575,26.898894249999998
2023-02-23 22:00:00,23.2,24.570887,23.4124658,25.7293082,22.959547999999998,26.182226,22.48847275,26.65330125
2023-02-23 23:00:00,21.9,23.98668,22.8282588,25.1451012,22.375341,25.598019,21.90426575,26.06909425
2023-02-24 00:00:00,22.1,23.573826,22.4154048,24.7322472,21.962487,25.185165,21.49141175,25.65624025
2023-02-24 01:00:00,24.0,23.209,22.0505788,24.3674212,21.597661,24.820339,21.12658575,25.29141425
2023-02-24 02:00:00,21.6,23.091368,21.9329468,24.2497892,21.480029,24.702707,21.00895375,25.17378225
2023-02-24 03:00:00,19.6,23.148357,21.9899358,24.3067782,21.537018,24.759696,21.06594275,25.23077125
2023-02-24 04:00:00,19.9,22.458601,21.300179800000002,23.6170222,20.847262,24.069940000000003,20.376186750000002,24.54101525
2023-02-24 05:00:00,20.2,22.28768,21.129258800000002,23.4461012,20.676341,23.899019000000003,20.205265750000002,24.37009425
2023-02-24 06:00:00,20.2,22.382452,21.2240308,23.5408732,20.771113,23.993791,20.30003775,24.46486625
2023-02-24 07:00:00,20.9,23.014458,21.856036800000002,24.1728792,21.403119,24.625797000000002,20.932043750000002,25.09687225
2023-02-24 08:00:00,24.2,25.1891,24.0306788,26.3475212,23.577761,26.800439,23.10668575,27.27151425
2023-02-24 09:00:00,26.8,27.360144,26.2017228,28.518565199999998,25.748804999999997,28.971483,25.27772975,29.442558249999998
2023-02-24 10:00:00,29.0,28.645935,27.487513800000002,29.8043562,27.034596,30.257274000000002,26.563520750000002,30.72834925
2023-02-24 11:00:00,30.4,29.420483,28.2620618,30.5789042,27.809144,31.031822000000002,27.33806875,31.50289725
2023-02-24 12:00:00,30.8,29.560144,28.4017228,30.7185652,27.948805,31.171483000000002,27.47772975,31.64255825
2023-02-24 13:00:00,30.5,29.63241,28.4739888,30.7908312,28.021071,31.243749,27.54999575,31.71482425
2023-02-24 14:00:00,30.1,29.582148,28.4237268,30.7405692,27.970809,31.193487,27.49973375,31.66456225
2023-02-24 15:00:00,29.3,29.112604,27.9541828,30.2710252,27.501265,30.723943000000002,27.03018975,31.19501825
2023-02-24 16:00:00,28.3,28.09019,26.9317688,29.2486112,26.478851,29.701529,26.00777575,30.17260425
2023-02-24 17:00:00,27.2,27.191559,26.033137800000002,28.3499802,25.58022,28.802898000000003,25.109144750000002,29.27397325
2023-02-24 18:00:00,25.6,25.71316,24.5547388,26.871581199999998,24.101820999999997,27.324499,23.63074575,27.795574249999998
2023-02-24 19:00:00,24.9,24.885103,23.7266818,26.0435242,23.273764,26.496442000000002,22.80268875,26.96751725
2023-02-24 20:00:00,24.0,24.150322,22.9919008,25.3087432,22.538982999999998,25.761661,22.06790775,26.23273625
2023-02-24 21:00:00,22.7,23.747555,22.5891338,24.905976199999998,22.136215999999997,25.358894,21.66514075,25.829969249999998
2023-02-24 22:00:00,23.0,23.456781,22.2983598,24.6152022,21.845442,25.06812,21.37436675,25.53919525
2023-02-24 23:00:00,24.0,22.789873,21.6314518,23.9482942,21.178534,24.401212,20.70745875,24.87228725
2023-02-25 00:00:00,22.5,22.47227,21.313848800000002,23.6306912,20.860931,24.083609000000003,20.389855750000002,24.55468425
2023-02-25 01:00:00,20.4,22.747877,21.5894558,23.9062982,21.136537999999998,24.359216,20.66546275,24.83029125
2023-02-25 02:00:00,20.4,22.182262,21.023840800000002,23.3406832,20.570923,23.793601000000002,20.099847750000002,24.26467625
2023-02-25 03:00:00,19.9,21.295057,20.1366358,22.4534782,19.683718,22.906396,19.21264275,23.37747125
2023-02-25 04:00:00,20.1,21.26602,20.1075988,22.4244412,19.654681,22.877359000000002,19.18360575,23.34843425
2023-02-25 05:00:00,19.9,20.862968,19.7045468,22.021389199999998,19.251628999999998,22.474307,18.78055375,22.945382249999998
2023-02-25 06:00:00,20.2,20.955002,19.7965808,22.1134232,19.343663,22.566341,18.87258775,23.03741625
2023-02-25 07:00:00,20.9,22.268028,21.1096068,23.4264492,20.656689,23.879367000000002,20.18561375,24.35044225
2023-02-25 08:00:00,22.6,24.452234,23.2938128,25.6106552,22.840895,26.063573,22.36981975,26.53464825
2023-02-25 09:00:00,26.1,27.055567,25.8971458,28.2139882,25.444228,28.666906,24.97315275,29.13798125
2023-02-25 10:00:00,28.0,28.700949,27.542527800000002,29.8593702,27.08961,30.312288000000002,26.618534750000002,30.78336325
2023-02-25 11:00:00,28.9,29.917055,28.758633800000002,31.0754762,28.305716,31.528394000000002,27.834640750000002,31.99946925
2023-02-25 12:00:00,29.5,30.232906,29.0744848,31.3913272,28.621567,31.844245,28.15049175,32.31532025
2023-02-25 13:00:00,29.5,30.014334,28.855912800000002,31.1727552,28.402995,31.625673000000003,27.931919750000002,32.09674825
2023-02-25 14:00:00,29.1,29.772638,28.6142168,30.9310592,28.161299,31.383977,27.69022375,31.85505225
2023-02-25 15:00:00,28.7,29.264736,28.1063148,30.4231572,27.653397,30.876075,27.18232175,31.34715025
2023-02-25 16:00:00,28.0,28.274279,27.1158578,29.4327002,26.66294,29.885618,26.19186475,30.35669325
2023-02-25 17:00:00,27.3,27.213926,26.0555048,28.3723472,25.602587,28.825265,25.13151175,29.29634025
2023-02-25 18:00:00,26.0,25.748138,24.5897168,26.9065592,24.136799,27.359477000000002,23.66572375,27.83055225
2023-02-25 19:00:00,25.3,24.913692,23.7552708,26.0721132,23.302353,26.525031000000002,22.83127775,26.99610625
2023-02-25 20:00:00,24.9,24.378971,23.2205498,25.5373922,22.767632,25.99031,22.29655675,26.46138525
2023-02-25 21:00:00,24.5,23.565117,22.4066958,24.7235382,21.953778,25.176456,21.48270275,25.64753125
2023-02-25 22:00:00,23.9,23.291975,22.1335538,24.4503962,21.680636,24.903314,21.20956075,25.37438925
2023-02-25 23:00:00,23.0,23.806562,22.6481408,24.9649832,22.195223,25.417901,21.72414775,25.88897625
2023-02-26 00:00:00,22.0,22.773186,21.6147648,23.9316072,21.161846999999998,24.384525,20.69077175,24.85560025
2023-02-26 01:00:00,21.8,21.968668,20.8102468,23.1270892,20.357329,23.580007000000002,19.88625375,24.05108225
2023-02-26 02:00:00,20.7,21.55937,20.400948800000002,22.7177912,19.948031,23.170709000000002,19.476955750000002,23.64178425
2023-02-26 03:00:00,20.9,21.40242,20.2439988,22.5608412,19.791081,23.013759,19.32000575,23.48483425
2023-02-26 04:00:00,20.8,20.865522,19.7071008,22.023943199999998,19.254182999999998,22.476861,18.78310775,22.947936249999998
2023-02-26 05:00:00,21.1,21.19809,20.0396688,22.3565112,19.586751,22.809429,19.11567575,23.28050425
2023-02-26 06:00:00,21.2,20.765696,19.6072748,21.924117199999998,19.154356999999997,22.377035,18.68328175,22.848110249999998
2023-02-26 07:00:00,21.9,22.38111,21.2226888,23.5395312,20.769771,23.992449,20.29869575,24.46352425
2023-02-26 08:00:00,24.8,23.305761,22.1473398,24.4641822,21.694422,24.9171,21.22334675,25.38817525
2023-02-26 09:00:00,27.6,26.115124,24.956702800000002,27.2735452,24.503785,27.726463000000003,24.032709750000002,28.19753825
2023-02-26 10:00:00,29.7,28.470072,27.3116508,29.628493199999998,26.858732999999997,30.081411,26.38765775,30.552486249999998
2023-02-26 11:00:00,30.8,29.253763,28.0953418,30.4121842,27.642424,30.865102,27.17134875,31.33617725
2023-02-26 12:00:00,31.5,29.648684,28.4902628,30.8071052,28.037345,31.260023,27.56626975,31.73109825
2023-02-26 13:00:00,31.7,29.473337,28.3149158,30.6317582,27.861998,31.084676,27.39092275,31.55575125
2023-02-26 14:00:00,31.5,29.35131,28.192888800000002,30.5097312,27.739971,30.962649000000003,27.268895750000002,31.43372425
2023-02-26 15:00:00,30.8,29.032816,27.8743948,30.1912372,27.421477,30.644155,26.95040175,31.11523025
2023-02-26 16:00:00,29.5,27.934937,26.776515800000002,29.0933582,26.323598,29.546276000000002,25.852522750000002,30.01735125
2023-02-26 17:00:00,27.8,27.13852,25.9800988,28.2969412,25.527181,28.749859,25.05610575,29.22093425
2023-02-26 18:00:00,26.2,25.91573,24.7573088,27.0741512,24.304391,27.527069,23.83331575,27.99814425
2023-02-26 19:00:00,25.8,25.073328,23.9149068,26.2317492,23.461989,26.684667,22.99091375,27.15574225
2023-02-26 20:00:00,25.4,24.761745,23.603323800000002,25.9201662,23.150406,26.373084000000002,22.679330750000002,26.84415925
2023-02-26 21:00:00,25.2,24.461777,23.303355800000002,25.6201982,22.850438,26.073116000000002,22.379362750000002,26.54419125
2023-02-26 22:00:00,24.9,24.085653,22.9272318,25.2440742,22.474314,25.696992,22.00323875,26.16806725
2023-02-26 23:00:00,24.7,23.449064,22.2906428,24.6074852,21.837725,25.060403,21.36664975,25.53147825
2023-02-27 00:00:00,24.3,22.841133,21.6827118,23.9995542,21.229794,24.452472,20.75871875,24.92354725
2023-02-27 01:00:00,24.1,22.273933,21.1155118,23.4323542,20.662594,23.885272,20.19151875,24.35634725
2023-02-27 02:00:00,23.8,22.257843,21.099421800000002,23.4162642,20.646504,23.869182000000002,20.175428750000002,24.34025725
2023-02-27 03:00:00,23.6,21.920542,20.7621208,23.0789632,20.309203,23.531881000000002,19.83812775,24.00295625
2023-02-27 04:00:00,23.1,21.662992,20.5045708,22.8214132,20.051652999999998,23.274331,19.58057775,23.74540625
2023-02-27 05:00:00,23.6,21.499292,20.3408708,22.6577132,19.887953,23.110631,19.41687775,23.58170625
2023-02-27 06:00:00,23.6,21.651434,20.4930128,22.809855199999998,20.040094999999997,23.262773,19.56901975,23.733848249999998
2023-02-27 07:00:00,25.5,22.138475,20.9800538,23.2968962,20.527136,23.749814,20.05606075,24.22088925
2023-02-27 08:00:00,27.7,24.599522,23.4411008,25.7579432,22.988183,26.210861,22.51710775,26.68193625
2023-02-27 09:00:00,28.8,27.302883,26.144461800000002,28.4613042,25.691544,28.914222000000002,25.220468750000002,29.38529725
2023-02-27 10:00:00,29.4,28.852367,27.6939458,30.0107882,27.241028,30.463706000000002,26.76995275,30.93478125
2023-02-27 11:00:00,29.9,30.09603,28.9376088,31.2544512,28.484690999999998,31.707369,28.01361575,32.17844425
2023-02-27 12:00:00,30.2,31.033281,29.8748598,32.191702199999995,29.421941999999998,32.644619999999996,28.95086675,33.115695249999995
2023-02-27 13:00:00,30.1,31.178717,30.0202958,32.3371382,29.567377999999998,32.790056,29.09630275,33.26113125
2023-02-27 14:00:00,29.9,30.925661,29.767239800000002,32.0840822,29.314322,32.537,28.843246750000002,33.00807525
2023-02-27 15:00:00,29.5,29.986742,28.8283208,31.1451632,28.375403,31.598081,27.90432775,32.06915625
2023-02-27 16:00:00,28.8,28.755922,27.597500800000002,29.9143432,27.144583,30.367261000000003,26.673507750000002,30.83833625
2023-02-27 17:00:00,27.7,27.758797,26.600375800000002,28.9172182,26.147458,29.370136000000002,25.676382750000002,29.84121125
2023-02-27 18:00:00,26.8,26.215061,25.0566398,27.373482199999998,24.603721999999998,27.8264,24.13264675,28.297475249999998
2023-02-27 19:00:00,26.5,25.563108,24.4046868,26.7215292,23.951769,27.174447,23.48069375,27.64552225
2023-02-27 20:00:00,26.3,25.277147,24.1187258,26.4355682,23.665808,26.888486,23.19473275,27.35956125
2023-02-27 21:00:00,26.1,25.038055,23.8796338,26.1964762,23.426716,26.649394,22.95564075,27.12046925
2023-02-27 22:00:00,25.8,24.926243,23.7678218,26.0846642,23.314904,26.537582,22.84382875,27.00865725
2023-02-27 23:00:00,25.6,24.675404,23.5169828,25.8338252,23.064065,26.286743,22.59298975,26.75781825
2023-02-28 00:00:00,25.5,24.116104,22.9576828,25.2745252,22.504765,25.727443,22.03368975,26.19851825
2023-02-28 01:00:00,25.4,23.945604,22.7871828,25.1040252,22.334265,25.556943,21.86318975,26.02801825
2023-02-28 02:00:00,25.1,23.44228,22.2838588,24.6007012,21.830941,25.053619,21.35986575,25.52469425
2023-02-28 03:00:00,25.0,23.104624,21.946202800000002,24.2630452,21.493285,24.715963000000002,21.022209750000002,25.18703825
2023-02-28 04:00:00,25.0,22.81331,21.654888800000002,23.9717312,21.201971,24.424649000000002,20.730895750000002,24.89572425
2023-02-28 05:00:00,25.2,23.191214,22.0327928,24.349635199999998,21.579874999999998,24.802553,21.10879975,25.273628249999998
2023-02-28 06:00:00,25.2,23.096611,21.9381898,24.2550322,21.485272,24.70795,21.01419675,25.17902525
2023-02-28 07:00:00,26.6,25.03149,23.873068800000002,26.1899112,23.420151,26.642829000000003,22.949075750000002,27.11390425
2023-02-28 08:00:00,28.0,26.939201,25.7807798,28.0976222,25.327862,28.55054,24.85678675,29.02161525
2023-02-28 09:00:00,29.1,28.455753,27.297331800000002,29.6141742,26.844414,30.067092000000002,26.373338750000002,30.53816725
2023-02-28 10:00:00,29.9,29.584356,28.4259348,30.7427772,27.973017,31.195695,27.50194175,31.66677025
2023-02-28 11:00:00,30.4,29.990557,28.8321358,31.1489782,28.379217999999998,31.601896,27.90814275,32.072971249999995
2023-02-28 12:00:00,30.7,30.839966,29.6815448,31.9983872,29.228627,32.451305,28.75755175,32.922380249999996
2023-02-28 13:00:00,30.7,30.994425,29.8360038,32.1528462,29.383086,32.605764,28.91201075,33.07683925
2023-02-28 14:00:00,30.3,30.754997,29.5965758,31.9134182,29.143658,32.366336,28.67258275,32.837411249999995
2023-02-28 15:00:00,29.7,29.937613,28.7791918,31.0960342,28.326273999999998,31.548952,27.85519875,32.02002725
2023-02-28 16:00:00,29.0,29.235695,28.0772738,30.3941162,27.624356,30.847034,27.15328075,31.31810925
2023-02-28 17:00:00,28.3,27.751873,26.5934518,28.9102942,26.140534,29.363212,25.66945875,29.83428725
2023-02-28 18:00:00,26.9,26.763245,25.604823800000002,27.9216662,25.151906,28.374584000000002,24.680830750000002,28.84565925
2023-02-28 19:00:00,26.6,26.230385,25.0719638,27.388806199999998,24.619045999999997,27.841724,24.14797075,28.312799249999998
2023-02-28 20:00:00,26.4,25.864079,24.7056578,27.0225002,24.25274,27.475418,23.78166475,27.94649325
2023-02-28 21:00:00,26.1,25.805595,24.6471738,26.9640162,24.194256,27.416934,23.72318075,27.88800925
2023-02-28 22:00:00,25.8,25.572802,24.4143808,26.7312232,23.961463,27.184141,23.49038775,27.65521625
2023-02-28 23:00:00,25.6,25.126625,23.9682038,26.2850462,23.515286,26.737964,23.04421075,27.20903925
2023-03-01 00:00:00,25.2,24.91415,23.7557288,26.0725712,23.302811,26.525489,22.83173575,26.99656425
2023-03-01 01:00:00,24.7,24.793667,23.6352458,25.9520882,23.182328,26.405006,22.71125275,26.87608125
2023-03-01 02:00:00,23.9,24.41329,23.2548688,25.5717112,22.801951,26.024629,22.33087575,26.49570425
2023-03-01 03:00:00,22.4,24.079035,22.9206138,25.2374562,22.467696,25.690374000000002,21.99662075,26.16144925
2023-03-01 04:00:00,22.3,23.866442,22.7080208,25.0248632,22.255103,25.477781,21.78402775,25.94885625
2023-03-01 05:00:00,21.9,24.191122,23.0327008,25.3495432,22.579783,25.802461,22.10870775,26.27353625
2023-03-01 06:00:00,21.7,24.375946,23.2175248,25.5343672,22.764606999999998,25.987285,22.29353175,26.45836025
2023-03-01 07:00:00,24.1,25.57875,24.4203288,26.7371712,23.967411,27.190089,23.49633575,27.66116425
2023-03-01 08:00:00,26.9,27.500237,26.3418158,28.658658199999998,25.888897999999998,29.111576,25.41782275,29.582651249999998
2023-03-01 09:00:00,28.9,28.842268,27.6838468,30.0006892,27.230929,30.453607,26.75985375,30.92468225
2023-03-01 10:00:00,30.0,29.65444,28.4960188,30.8128612,28.043101,31.265779000000002,27.57202575,31.73685425
2023-03-01 11:00:00,30.4,30.316845,29.1584238,31.4752662,28.705506,31.928184,28.23443075,32.39925925
2023-03-01 12:00:00,30.6,30.689882,29.5314608,31.8483032,29.078543,32.301221,28.60746775,32.77229625
2023-03-01 13:00:00,30.5,30.514973,29.356551800000002,31.6733942,28.903634,32.126312,28.432558750000002,32.59738725
2023-03-01 14:00:00,30.3,30.122034,28.9636128,31.2804552,28.510695,31.733373,28.03961975,32.20444825
2023-03-01 15:00:00,29.8,29.588327,28.4299058,30.7467482,27.976988,31.199666,27.50591275,31.67074125
2023-03-01 16:00:00,29.1,29.088179,27.9297578,30.2466002,27.47684,30.699518,27.00576475,31.17059325
2023-03-01 17:00:00,29.5,28.085144,26.9267228,29.2435652,26.473805,29.696483,26.00272975,30.16755825
2023-03-01 18:00:00,27.3,26.911636,25.753214800000002,28.0700572,25.300297,28.522975000000002,24.829221750000002,28.99405025
2023-03-01 19:00:00,26.5,26.40254,25.2441188,27.560961199999998,24.791200999999997,28.013879,24.32012575,28.484954249999998
2023-03-01 20:00:00,25.9,26.208733,25.0503118,27.367154199999998,24.597393999999998,27.820072,24.12631875,28.291147249999998
2023-03-01 21:00:00,25.1,25.927778,24.7693568,27.0861992,24.316439,27.539117,23.84536375,28.01019225
2023-03-01 22:00:00,24.2,25.592995,24.4345738,26.751416199999998,23.981655999999997,27.204334,23.51058075,27.675409249999998
2023-03-01 23:00:00,23.4,25.255884,24.0974628,26.414305199999998,23.644544999999997,26.867223,23.17346975,27.338298249999998
2023-03-02 00:00:00,22.9,24.749645,23.5912238,25.9080662,23.138306,26.360984000000002,22.66723075,26.83205925
2023-03-02 01:00:00,22.0,24.119547,22.9611258,25.2779682,22.508208,25.730886,22.03713275,26.20196125
2023-03-02 02:00:00,21.8,23.562654,22.4042328,24.721075199999998,21.951314999999997,25.173993,21.48023975,25.645068249999998
2023-03-02 03:00:00,21.5,22.372059,21.2136378,23.5304802,20.76072,23.983398,20.28964475,24.45447325
2023-03-02 04:00:00,21.5,21.800898,20.6424768,22.9593192,20.189559,23.412237,19.71848375,23.88331225
2023-03-02 05:00:00,21.5,21.188053,20.0296318,22.3464742,19.576714,22.799392,19.10563875,23.27046725
2023-03-02 06:00:00,21.5,21.107115,19.9486938,22.2655362,19.495776,22.718454,19.02470075,23.18952925
2023-03-02 07:00:00,22.3,23.690718,22.5322968,24.8491392,22.079379,25.302057,21.60830375,25.77313225
2023-03-02 08:00:00,25.4,26.453123,25.294701800000002,27.6115442,24.841784,28.064462000000002,24.370708750000002,28.53553725
2023-03-02 09:00:00,28.0,28.986942,27.8285208,30.1453632,27.375602999999998,30.598281,26.90452775,31.06935625
2023-03-02 10:00:00,29.8,29.784445,28.626023800000002,30.9428662,28.173106,31.395784000000003,27.702030750000002,31.86685925
2023-03-02 11:00:00,30.7,30.370277,29.211855800000002,31.5286982,28.758938,31.981616000000002,28.287862750000002,32.45269125
2023-03-02 12:00:00,30.7,30.723911,29.5654898,31.8823322,29.112572,32.33525,28.64149675,32.80632525
2023-03-02 13:00:00,30.6,30.683016,29.5245948,31.841437199999998,29.071676999999998,32.294354999999996,28.60060175,32.765430249999994
2023-03-02 14:00:00,30.3,30.298262,29.1398408,31.4566832,28.686923,31.909601000000002,28.215847750000002,32.38067625
2023-03-02 15:00:00,29.8,29.807304,28.6488828,30.965725199999998,28.195964999999998,31.418643,27.72488975,31.889718249999998
2023-03-02 16:00:00,29.0,28.918873,27.760451800000002,30.0772942,27.307534,30.530212000000002,26.836458750000002,31.00128725
2023-03-02 17:00:00,28.7,28.446053,27.2876318,29.6044742,26.834713999999998,30.057392,26.36363875,30.52846725
2023-03-02 18:00:00,27.0,27.46818,26.3097588,28.6266012,25.856841,29.079519,25.38576575,29.55059425
2023-03-02 19:00:00,26.1,26.265553,25.1071318,27.4239742,24.654214,27.876892,24.18313875,28.34796725
2023-03-02 20:00:00,25.7,25.688244,24.5298228,26.8466652,24.076905,27.299583000000002,23.60582975,27.77065825
2023-03-02 21:00:00,25.3,24.85436,23.6959388,26.0127812,23.243021,26.465699,22.77194575,26.93677425
2023-03-02 22:00:00,24.9,24.017752,22.859330800000002,25.1761732,22.406413,25.629091000000003,21.935337750000002,26.10016625
2023-03-02 23:00:00,24.6,23.053478,21.8950568,24.211899199999998,21.442138999999997,24.664817,20.97106375,25.135892249999998
2023-03-03 00:00:00,24.1,22.994617,21.836195800000002,24.1530382,21.383278,24.605956000000003,20.912202750000002,25.07703125
2023-03-03 01:00:00,23.2,22.010796,20.8523748,23.1692172,20.399456999999998,23.622135,19.92838175,24.09321025
2023-03-03 02:00:00,22.8,21.805155,20.6467338,22.9635762,20.193815999999998,23.416494,19.72274075,23.88756925
2023-03-03 03:00:00,21.8,21.83234,20.6739188,22.990761199999998,20.221000999999998,23.443679,19.74992575,23.914754249999998
2023-03-03 04:00:00,21.3,21.733274,20.574852800000002,22.8916952,20.121935,23.344613000000003,19.650859750000002,23.81568825
2023-03-03 05:00:00,22.4,22.216063,21.0576418,23.374484199999998,20.604723999999997,23.827402,20.13364875,24.298477249999998
2023-03-03 06:00:00,22.5,22.173847,21.0154258,23.332268199999998,20.562507999999998,23.785186,20.09143275,24.256261249999998
2023-03-03 07:00:00,24.6,22.556599,21.3981778,23.715020199999998,20.945259999999998,24.167938,20.47418475,24.639013249999998
2023-03-03 08:00:00,26.8,25.446726,24.288304800000002,26.6051472,23.835387,27.058065000000003,23.364311750000002,27.52914025
2023-03-03 09:00:00,28.5,28.030115,26.8716938,29.188536199999998,26.418775999999998,29.641454,25.94770075,30.112529249999998
2023-03-03 10:00:00,29.9,29.608274,28.449852800000002,30.7666952,27.996935,31.219613000000003,27.525859750000002,31.69068825
2023-03-03 11:00:00,30.9,30.345554,29.1871328,31.5039752,28.734215,31.956893,28.26313975,32.42796825
2023-03-03 12:00:00,31.2,30.408108,29.2496868,31.566529199999998,28.796768999999998,32.019447,28.32569375,32.49052225
2023-03-03 13:00:00,30.9,30.233576,29.0751548,31.3919972,28.622237,31.844915,28.15116175,32.31599025
2023-03-03 14:00:00,30.5,29.839214,28.6807928,30.997635199999998,28.227874999999997,31.450553,27.75679975,31.921628249999998
2023-03-03 15:00:00,29.8,29.433073,28.2746518,30.5914942,27.821734,31.044412,27.35065875,31.51548725
2023-03-03 16:00:00,29.1,28.884426,27.726004800000002,30.0428472,27.273087,30.495765000000002,26.802011750000002,30.96684025
2023-03-03 17:00:00,28.2,28.573523,27.415101800000002,29.7319442,26.962184,30.184862000000003,26.491108750000002,30.65593725
2023-03-03 18:00:00,26.7,27.022722,25.864300800000002,28.1811432,25.411383,28.634061000000003,24.940307750000002,29.10513625
2023-03-03 19:00:00,26.0,25.93593,24.7775088,27.0943512,24.324590999999998,27.547269,23.85351575,28.01834425
2023-03-03 20:00:00,25.5,25.327618,24.1691968,26.4860392,23.716279,26.938957000000002,23.24520375,27.41003225
2023-03-03 21:00:00,25.0,25.01038,23.851958800000002,26.1688012,23.399041,26.621719000000002,22.927965750000002,27.09279425
2023-03-03 22:00:00,24.4,24.719578,23.5611568,25.877999199999998,23.108238999999998,26.330917,22.63716375,26.801992249999998
2023-03-03 23:00:00,24.0,24.62107,23.4626488,25.7794912,23.009731,26.232409,22.53865575,26.70348425
2023-03-04 00:00:00,23.3,24.124876,22.9664548,25.2832972,22.513537,25.736215,22.04246175,26.20729025
2023-03-04 01:00:00,23.1,23.455496,22.2970748,24.6139172,21.844157,25.066835,21.37308175,25.53791025
2023-03-04 02:00:00,22.8,22.836323,21.6779018,23.9947442,21.224984,24.447662,20.75390875,24.91873725
2023-03-04 03:00:00,22.3,21.851559,20.693137800000002,23.0099802,20.24022,23.462898000000003,19.769144750000002,23.93397325
2023-03-04 04:00:00,22.4,21.749239,20.5908178,22.9076602,20.1379,23.360578,19.66682475,23.83165325
2023-03-04 05:00:00,23.2,22.087706,20.9292848,23.2461272,20.476367,23.699045,20.00529175,24.17012025
2023-03-04 06:00:00,23.5,22.029093,20.8706718,23.1875142,20.417754,23.640432,19.94667875,24.11150725
2023-03-04 07:00:00,24.5,24.082844,22.924422800000002,25.2412652,22.471505,25.694183000000002,22.000429750000002,26.16525825
2023-03-04 08:00:00,26.6,26.155209,24.9967878,27.3136302,24.54387,27.766548,24.07279475,28.23762325
2023-03-04 09:00:00,28.8,28.105927,26.947505800000002,29.2643482,26.494588,29.717266000000002,26.023512750000002,30.18834125
2023-03-04 10:00:00,30.1,29.52511,28.366688800000002,30.6835312,27.913771,31.136449000000002,27.442695750000002,31.60752425
2023-03-04 11:00:00,30.8,30.6839,29.525478800000002,31.8423212,29.072561,32.295239,28.601485750000002,32.76631425
2023-03-04 12:00:00,31.0,31.126205,29.9677838,32.2846262,29.514865999999998,32.737544,29.04379075,33.20861925
2023-03-04 13:00:00,31.1,30.87883,29.7204088,32.0372512,29.267491,32.490169,28.79641575,32.96124425
2023-03-04 14:00:00,30.8,30.314285,29.155863800000002,31.4727062,28.702946,31.925624000000003,28.231870750000002,32.39669925
2023-03-04 15:00:00,30.0,29.566324,28.407902800000002,30.7247452,27.954985,31.177663000000003,27.483909750000002,31.64873825
2023-03-04 16:00:00,29.1,29.225227,28.0668058,30.3836482,27.613888,30.836566,27.14281275,31.30764125
2023-03-04 17:00:00,28.1,28.194546,27.0361248,29.3529672,26.583206999999998,29.805885,26.11213175,30.27696025
2023-03-04 18:00:00,26.6,26.92058,25.7621588,28.0790012,25.309241,28.531919000000002,24.83816575,29.00299425
2023-03-04 19:00:00,25.8,25.796898,24.6384768,26.955319199999998,24.185558999999998,27.408237,23.71448375,27.879312249999998
2023-03-04 20:00:00,25.3,25.284777,24.1263558,26.443198199999998,23.673437999999997,26.896116,23.20236275,27.367191249999998
2023-03-04 21:00:00,24.9,24.847897,23.6894758,26.0063182,23.236558,26.459236,22.76548275,26.93031125
2023-03-04 22:00:00,24.3,24.500679,23.342257800000002,25.6591002,22.88934,26.112018000000003,22.418264750000002,26.58309325
2023-03-04 23:00:00,23.7,24.16018,23.0017588,25.3186012,22.548841,25.771519,22.07776575,26.24259425
2023-03-05 00:00:00,23.6,23.666124,22.5077028,24.8245452,22.054785,25.277463,21.58370975,25.74853825
2023-03-05 01:00:00,23.2,23.283272,22.1248508,24.4416932,21.671933,24.894611,21.20085775,25.36568625
2023-03-05 02:00:00,22.7,22.690899,21.532477800000002,23.8493202,21.07956,24.302238000000003,20.608484750000002,24.77331325
2023-03-05 03:00:00,22.3,22.181152,21.0227308,23.3395732,20.569813,23.792491000000002,20.09873775,24.26356625
2023-03-05 04:00:00,22.4,22.142225,20.9838038,23.3006462,20.530886,23.753564,20.05981075,24.22463925
2023-03-05 05:00:00,22.5,22.51097,21.3525488,23.6693912,20.899631,24.122309,20.42855575,24.59338425
2023-03-05 06:00:00,23.3,22.736235,21.5778138,23.8946562,21.124896,24.347574,20.65382075,24.81864925
2023-03-05 07:00:00,24.3,24.07986,22.9214388,25.2382812,22.468521,25.691199,21.99744575,26.16227425
2023-03-05 08:00:00,25.8,26.529675,25.3712538,27.6880962,24.918336,28.141014000000002,24.44726075,28.61208925
2023-03-05 09:00:00,28.2,28.54758,27.3891588,29.7060012,26.936241,30.158919,26.46516575,30.62999425
2023-03-05 10:00:00,29.8,29.789026,28.6306048,30.9474472,28.177687,31.400365,27.70661175,31.87144025
2023-03-05 11:00:00,30.7,30.82391,29.665488800000002,31.9823312,29.212571,32.435249,28.741495750000002,32.90632425
2023-03-05 12:00:00,31.0,31.177628,30.0192068,32.3360492,29.566288999999998,32.788967,29.09521375,33.26004225
2023-03-05 13:00:00,31.0,30.966284,29.807862800000002,32.1247052,29.354945,32.577623,28.883869750000002,33.04869825
2023-03-05 14:00:00,30.6,30.473873,29.3154518,31.6322942,28.862534,32.085212,28.39145875,32.55628725
2023-03-05 15:00:00,29.9,29.64261,28.484188800000002,30.8010312,28.031271,31.253949000000002,27.560195750000002,31.72502425
2023-03-05 16:00:00,29.1,29.281054,28.1226328,30.4394752,27.669715,30.892393000000002,27.19863975,31.36346825
2023-03-05 17:00:00,28.4,28.015099,26.8566778,29.1735202,26.40376,29.626438,25.93268475,30.09751325
2023-03-05 18:00:00,26.7,26.82234,25.6639188,27.9807612,25.211001,28.433679,24.73992575,28.90475425
2023-03-05 19:00:00,25.9,25.708683,24.5502618,26.8671042,24.097344,27.320022,23.62626875,27.79109725
2023-03-05 20:00:00,25.3,25.214455,24.0560338,26.3728762,23.603116,26.825794000000002,23.13204075,27.29686925
2023-03-05 21:00:00,24.3,24.854143,23.6957218,26.0125642,23.242804,26.465482,22.77172875,26.93655725
2023-03-05 22:00:00,23.5,24.320927,23.1625058,25.4793482,22.709588,25.932266000000002,22.23851275,26.40334125
2023-03-05 23:00:00,23.0,24.008013,22.8495918,25.166434199999998,22.396673999999997,25.619352,21.92559875,26.090427249999998
2023-03-06 00:00:00,22.8,23.85184,22.6934188,25.0102612,22.240501,25.463179,21.76942575,25.93425425
2023-03-06 01:00:00,24.2,23.27961,22.121188800000002,24.4380312,21.668271,24.890949000000003,21.197195750000002,25.36202425
2023-03-06 02:00:00,24.6,22.465828,21.3074068,23.624249199999998,20.854488999999997,24.077167,20.38341375,24.548242249999998
2023-03-06 03:00:00,23.9,21.97801,20.819588800000002,23.1364312,20.366671,23.589349000000002,19.895595750000002,24.06042425
2023-03-06 04:00:00,22.0,22.023848,20.8654268,23.1822692,20.412509,23.635187000000002,19.94143375,24.10626225
2023-03-06 05:00:00,23.5,21.950914,20.7924928,23.1093352,20.339575,23.562253000000002,19.86849975,24.03332825
2023-03-06 06:00:00,23.3,22.596478,21.438056800000002,23.7548992,20.985139,24.207817000000002,20.514063750000002,24.67889225
2023-03-06 07:00:00,24.5,24.578623,23.4202018,25.7370442,22.967284,26.189962,22.49620875,26.66103725
2023-03-06 08:00:00,26.5,26.108828,24.9504068,27.2672492,24.497488999999998,27.720167,24.02641375,28.19124225
2023-03-06 09:00:00,28.4,28.665209,27.5067878,29.8236302,27.05387,30.276548000000002,26.58279475,30.74762325
2023-03-06 10:00:00,29.6,29.832596,28.6741748,30.991017199999998,28.221256999999998,31.443935,27.75018175,31.915010249999998
2023-03-06 11:00:00,30.1,30.535925,29.3775038,31.6943462,28.924585999999998,32.147264,28.45351075,32.61833925
2023-03-06 12:00:00,30.4,31.208101,30.0496798,32.3665222,29.596762,32.81944,29.12568675,33.29051525
2023-03-06 13:00:00,30.3,31.183012,30.024590800000002,32.3414332,29.571673,32.794351,29.100597750000002,33.26542625
2023-03-06 14:00:00,29.8,30.44835,29.289928800000002,31.6067712,28.837011,32.059689,28.365935750000002,32.53076425
2023-03-06 15:00:00,29.2,29.809591,28.6511698,30.9680122,28.198252,31.420930000000002,27.72717675,31.89200525
2023-03-06 16:00:00,28.4,29.141571,27.9831498,30.2999922,27.530231999999998,30.75291,27.05915675,31.22398525
2023-03-06 17:00:00,27.4,28.22285,27.0644288,29.3812712,26.611511,29.834189000000002,26.14043575,30.30526425
2023-03-06 18:00:00,26.4,27.05205,25.893628800000002,28.2104712,25.440711,28.663389000000002,24.969635750000002,29.13446425
2023-03-06 19:00:00,26.1,26.203821,25.045399800000002,27.3622422,24.592482,27.815160000000002,24.121406750000002,28.28623525
2023-03-06 20:00:00,25.9,25.485165,24.3267438,26.643586199999998,23.873825999999998,27.096504,23.40275075,27.567579249999998
2023-03-06 21:00:00,25.6,24.72187,23.5634488,25.8802912,23.110530999999998,26.333209,22.63945575,26.80428425
2023-03-06 22:00:00,25.4,23.968071,22.8096498,25.126492199999998,22.356731999999997,25.57941,21.88565675,26.050485249999998
2023-03-06 23:00:00,25.1,23.656286,22.497864800000002,24.8147072,22.044947,25.267625000000002,21.573871750000002,25.73870025
2023-03-07 00:00:00,24.6,23.417646,22.259224800000002,24.5760672,21.806307,25.028985000000002,21.335231750000002,25.50006025
2023-03-07 01:00:00,24.3,23.254128,22.095706800000002,24.4125492,21.642789,24.865467000000002,21.171713750000002,25.33654225
2023-03-07 02:00:00,24.1,23.721117,22.5626958,24.8795382,22.109778,25.332456,21.63870275,25.80353125
2023-03-07 03:00:00,23.7,23.196384,22.0379628,24.354805199999998,21.585044999999997,24.807723,21.11396975,25.278798249999998
2023-03-07 04:00:00,23.4,22.22471,21.066288800000002,23.3831312,20.613371,23.836049000000003,20.142295750000002,24.30712425
2023-03-07 05:00:00,24.0,23.096298,21.9378768,24.2547192,21.484959,24.707637000000002,21.01388375,25.17871225
2023-03-07 06:00:00,24.2,23.745077,22.5866558,24.903498199999998,22.133737999999997,25.356416,21.66266275,25.827491249999998
2023-03-07 07:00:00,25.9,24.976479,23.818057800000002,26.1349002,23.36514,26.587818000000002,22.894064750000002,27.05889325
2023-03-07 08:00:00,27.3,26.711395,25.5529738,27.8698162,25.100056,28.322734,24.62898075,28.79380925
2023-03-07 09:00:00,28.3,28.287432,27.1290108,29.4458532,26.676092999999998,29.898771,26.20501775,30.36984625
2023-03-07 10:00:00,29.5,29.731575,28.5731538,30.8899962,28.120236,31.342914,27.64916075,31.81398925
2023-03-07 11:00:00,30.0,30.342495,29.1840738,31.5009162,28.731156,31.953834,28.26008075,32.42490925
2023-03-07 12:00:00,30.5,30.732155,29.5737338,31.890576199999998,29.120815999999998,32.343494,28.64974075,32.81456925
2023-03-07 13:00:00,30.6,30.706482,29.548060800000002,31.8649032,29.095143,32.317821,28.624067750000002,32.78889625
2023-03-07 14:00:00,30.3,30.1267,28.9682788,31.2851212,28.515361,31.738039,28.04428575,32.20911425
2023-03-07 15:00:00,29.7,29.668766,28.510344800000002,30.8271872,28.057427,31.280105000000002,27.586351750000002,31.75118025
2023-03-07 16:00:00,28.7,28.80454,27.6461188,29.9629612,27.193201,30.415879,26.72212575,30.88695425
2023-03-07 17:00:00,27.6,27.93063,26.7722088,29.0890512,26.319291,29.541969,25.84821575,30.01304425
2023-03-07 18:00:00,26.4,26.506256,25.3478348,27.6646772,24.894917,28.117595,24.42384175,28.58867025
2023-03-07 19:00:00,25.9,26.064447,24.906025800000002,27.2228682,24.453108,27.675786000000002,23.982032750000002,28.14686125
2023-03-07 20:00:00,25.6,25.821297,24.662875800000002,26.9797182,24.209958,27.432636000000002,23.738882750000002,27.90371125
2023-03-07 21:00:00,25.3,25.626286,24.4678648,26.7847072,24.014947,27.237625,23.54387175,27.70870025
2023-03-07 22:00:00,25.0,25.164593,24.0061718,26.3230142,23.553254,26.775932,23.08217875,27.24700725
2023-03-07 23:00:00,24.4,25.032232,23.8738108,26.1906532,23.420893,26.643571,22.94981775,27.11464625
2023-03-08 00:00:00,23.9,24.518795,23.3603738,25.6772162,22.907456,26.130134,22.43638075,26.60120925
2023-03-08 01:00:00,23.4,24.115553,22.9571318,25.273974199999998,22.504213999999997,25.726892,22.03313875,26.197967249999998
2023-03-08 02:00:00,23.3,23.75251,22.5940888,24.9109312,22.141171,25.363849000000002,21.67009575,25.83492425
2023-03-08 03:00:00,23.2,23.58549,22.4270688,24.7439112,21.974151,25.196829,21.50307575,25.66790425
2023-03-08 04:00:00,23.0,23.536787,22.3783658,24.6952082,21.925448,25.148126,21.45437275,25.61920125
2023-03-08 05:00:00,23.8,23.340961,22.1825398,24.4993822,21.729622,24.9523,21.25854675,25.42337525
2023-03-08 06:00:00,23.9,23.463892,22.305470800000002,24.6223132,21.852553,25.075231000000002,21.381477750000002,25.54630625
2023-03-08 07:00:00,25.6,25.513054,24.3546328,26.6714752,23.901715,27.124393,23.43063975,27.59546825
2023-03-08 08:00:00,27.7,27.005138,25.8467168,28.163559199999998,25.393798999999998,28.616477,24.92272375,29.087552249999998
2023-03-08 09:00:00,29.0,28.306921,27.1484998,29.4653422,26.695581999999998,29.91826,26.22450675,30.38933525
2023-03-08 10:00:00,29.9,29.689575,28.531153800000002,30.8479962,28.078236,31.300914000000002,27.607160750000002,31.77198925
2023-03-08 11:00:00,30.4,30.099508,28.9410868,31.2579292,28.488169,31.710847,28.01709375,32.18192225
2023-03-08 12:00:00,30.6,30.6415,29.4830788,31.7999212,29.030161,32.252839,28.55908575,32.72391425
2023-03-08 13:00:00,30.3,30.630743,29.4723218,31.7891642,29.019403999999998,32.242081999999996,28.54832875,32.713157249999995
2023-03-08 14:00:00,30.3,30.251724,29.0933028,31.4101452,28.640385,31.863063,28.16930975,32.334138249999995
2023-03-08 15:00:00,29.7,29.62248,28.4640588,30.7809012,28.011141,31.233819,27.54006575,31.70489425
2023-03-08 16:00:00,28.9,28.764015,27.6055938,29.9224362,27.152676,30.375354,26.68160075,30.84642925
2023-03-08 17:00:00,28.1,27.686388,26.5279668,28.8448092,26.075049,29.297727000000002,25.60397375,29.76880225
2023-03-08 18:00:00,26.9,26.57425,25.4158288,27.7326712,24.962911,28.185589,24.49183575,28.65666425
2023-03-08 19:00:00,26.6,26.065828,24.9074068,27.2242492,24.454489,27.677167,23.98341375,28.14824225
2023-03-08 20:00:00,26.4,25.717752,24.5593308,26.8761732,24.106413,27.329091000000002,23.63533775,27.80016625
2023-03-08 21:00:00,26.3,25.277063,24.1186418,26.435484199999998,23.665723999999997,26.888402,23.19464875,27.359477249999998
2023-03-08 22:00:00,26.0,24.992945,23.8345238,26.1513662,23.381605999999998,26.604284,22.91053075,27.075359249999998
2023-03-08 23:00:00,25.6,24.646025,23.487603800000002,25.8044462,23.034686,26.257364000000003,22.563610750000002,26.72843925
2023-03-09 00:00:00,25.2,24.180367,23.0219458,25.3387882,22.569028,25.791706,22.09795275,26.26278125
2023-03-09 01:00:00,24.5,23.80777,22.649348800000002,24.9661912,22.196431,25.419109000000002,21.725355750000002,25.89018425
2023-03-09 02:00:00,24.1,23.613966,22.455544800000002,24.7723872,22.002627,25.225305000000002,21.531551750000002,25.69638025
2023-03-09 03:00:00,23.6,23.570719,22.4122978,24.7291402,21.95938,25.182058,21.48830475,25.65313325
2023-03-09 04:00:00,23.4,23.390331,22.2319098,24.5487522,21.778992,25.00167,21.30791675,25.47274525
2023-03-09 05:00:00,23.7,23.804527,22.6461058,24.9629482,22.193188,25.415866,21.72211275,25.88694125
2023-03-09 06:00:00,24.0,24.02252,22.8640988,25.1809412,22.411181,25.633859,21.94010575,26.10493425
2023-03-09 07:00:00,25.3,25.569344,24.4109228,26.7277652,23.958005,27.180683000000002,23.48692975,27.65175825
2023-03-09 08:00:00,27.4,27.374748,26.2163268,28.5331692,25.763409,28.986087,25.29233375,29.45716225
2023-03-09 09:00:00,28.9,28.80727,27.6488488,29.9656912,27.195930999999998,30.418609,26.72485575,30.88968425
2023-03-09 10:00:00,29.6,29.913761,28.7553398,31.0721822,28.302422,31.525100000000002,27.83134675,31.99617525
2023-03-09 11:00:00,29.8,30.411854,29.253432800000002,31.5702752,28.800515,32.023193,28.329439750000002,32.49426825
2023-03-09 12:00:00,30.2,30.87078,29.7123588,32.029201199999996,29.259441,32.482119,28.78836575,32.953194249999996
2023-03-09 13:00:00,30.4,30.592793,29.4343718,31.7512142,28.981454,32.204132,28.51037875,32.67520725
2023-03-09 14:00:00,30.1,30.415695,29.2572738,31.5741162,28.804356,32.027034,28.33328075,32.49810925
2023-03-09 15:00:00,29.7,29.85245,28.6940288,31.0108712,28.241111,31.463789000000002,27.77003575,31.93486425
2023-03-09 16:00:00,28.7,29.067316,27.908894800000002,30.2257372,27.455977,30.678655000000003,26.984901750000002,31.14973025
2023-03-09 17:00:00,28.0,28.103931,26.9455098,29.2623522,26.492592,29.71527,26.02151675,30.18634525
2023-03-09 18:00:00,26.9,27.041641,25.8832198,28.200062199999998,25.430301999999998,28.65298,24.95922675,29.124055249999998
2023-03-09 19:00:00,26.3,26.65568,25.4972588,27.8141012,25.044341,28.267019,24.57326575,28.73809425
2023-03-09 20:00:00,25.8,26.272455,25.1140338,27.4308762,24.661116,27.883794,24.19004075,28.35486925
2023-03-09 21:00:00,25.6,26.097921,24.9394998,27.2563422,24.486582,27.70926,24.01550675,28.18033525
2023-03-09 22:00:00,25.4,25.831427,24.673005800000002,26.9898482,24.220088,27.442766000000002,23.749012750000002,27.91384125
2023-03-09 23:00:00,24.9,25.438463,24.2800418,26.596884199999998,23.827123999999998,27.049802,23.35604875,27.520877249999998
2023-03-10 00:00:00,24.4,25.375134,24.2167128,26.5335552,23.763795,26.986473,23.29271975,27.45754825
2023-03-10 01:00:00,24.1,24.838318,23.6798968,25.9967392,23.226979,26.449657000000002,22.75590375,26.92073225
2023-03-10 02:00:00,23.7,24.705883,23.5474618,25.8643042,23.094544,26.317222,22.62346875,26.78829725
2023-03-10 03:00:00,23.5,24.138742,22.9803208,25.2971632,22.527403,25.750081,22.05632775,26.22115625
2023-03-10 04:00:00,22.8,23.805197,22.6467758,24.9636182,22.193858,25.416536,21.72278275,25.88761125
2023-03-10 05:00:00,23.6,23.960165,22.8017438,25.1185862,22.348826,25.571504,21.87775075,26.04257925
2023-03-10 06:00:00,24.0,24.07194,22.913518800000002,25.2303612,22.460601,25.683279000000002,21.989525750000002,26.15435425
2023-03-10 07:00:00,26.0,25.414455,24.2560338,26.5728762,23.803116,27.025794,23.33204075,27.49686925
2023-03-10 08:00:00,28.0,27.421036,26.2626148,28.5794572,25.809697,29.032375000000002,25.33862175,29.50345025
2023-03-10 09:00:00,29.3,29.1853,28.026878800000002,30.3437212,27.573961,30.796639000000003,27.102885750000002,31.26771425
2023-03-10 10:00:00,30.1,29.989328,28.8309068,31.1477492,28.377989,31.600667,27.90691375,32.07174225
2023-03-10 11:00:00,30.3,30.197823,29.0394018,31.3562442,28.586484,31.809162,28.11540875,32.28023725
2023-03-10 12:00:00,30.5,30.48584,29.3274188,31.6442612,28.874501,32.097179,28.40342575,32.568254249999995
2023-03-10 13:00:00,30.4,30.62409,29.4656688,31.7825112,29.012750999999998,32.235428999999996,28.54167575,32.706504249999995
2023-03-10 14:00:00,30.1,30.204397,29.0459758,31.3628182,28.593058,31.815736,28.12198275,32.28681125
2023-03-10 15:00:00,29.4,29.7594,28.6009788,30.9178212,28.148061,31.370739,27.67698575,31.84181425
2023-03-10 16:00:00,28.6,28.93234,27.7739188,30.0907612,27.321001,30.543679,26.84992575,31.01475425
2023-03-10 17:00:00,27.1,27.963037,26.8046158,29.1214582,26.351698,29.574376,25.88062275,30.04545125
2023-03-10 18:00:00,26.7,27.030628,25.8722068,28.1890492,25.419289,28.641967,24.94821375,29.11304225
2023-03-10 19:00:00,27.1,26.355003,25.1965818,27.5134242,24.743664,27.966342,24.27258875,28.43741725
2023-03-10 20:00:00,27.0,26.098528,24.940106800000002,27.2569492,24.487189,27.709867000000003,24.016113750000002,28.18094225
2023-03-10 21:00:00,26.9,25.879568,24.7211468,27.0379892,24.268228999999998,27.490907,23.79715375,27.96198225
2023-03-10 22:00:00,26.6,25.381617,24.2231958,26.540038199999998,23.770277999999998,26.992956,23.29920275,27.464031249999998
2023-03-10 23:00:00,26.2,25.062809,23.904387800000002,26.2212302,23.45147,26.674148000000002,22.980394750000002,27.14522325
2023-03-11 00:00:00,25.6,24.663542,23.5051208,25.8219632,23.052203,26.274881,22.58112775,26.74595625
2023-03-11 01:00:00,24.6,24.233404,23.0749828,25.3918252,22.622065,25.844743,22.15098975,26.31581825
2023-03-11 02:00:00,23.8,24.022205,22.8637838,25.1806262,22.410866,25.633544,21.93979075,26.10461925
2023-03-11 03:00:00,23.6,23.58949,22.431068800000002,24.7479112,21.978151,25.200829000000002,21.507075750000002,25.67190425
2023-03-11 04:00:00,23.1,23.0983,21.9398788,24.256721199999998,21.486960999999997,24.709639,21.01588575,25.180714249999998
2023-03-11 05:00:00,23.9,23.225552,22.0671308,24.3839732,21.614213,24.836891,21.14313775,25.30796625
2023-03-11 06:00:00,23.9,23.84225,22.6838288,25.0006712,22.230911,25.453589,21.75983575,25.92466425
2023-03-11 07:00:00,25.6,25.556982,24.398560800000002,26.7154032,23.945643,27.168321000000002,23.474567750000002,27.63939625
2023-03-11 08:00:00,27.8,27.682093,26.5236718,28.840514199999998,26.070753999999997,29.293432,25.59967875,29.764507249999998
2023-03-11 09:00:00,29.3,28.99306,27.8346388,30.1514812,27.381721,30.604399,26.91064575,31.07547425
2023-03-11 10:00:00,30.2,29.791704,28.6332828,30.9501252,28.180365,31.403043,27.70928975,31.87411825
2023-03-11 11:00:00,30.6,30.438442,29.2800208,31.596863199999998,28.827102999999997,32.049780999999996,28.35602775,32.520856249999994
2023-03-11 12:00:00,30.8,30.732605,29.5741838,31.8910262,29.121266,32.343944,28.65019075,32.81501925
2023-03-11 13:00:00,30.7,30.498055,29.3396338,31.6564762,28.886716,32.109394,28.41564075,32.58046925
2023-03-11 14:00:00,30.4,30.088377,28.929955800000002,31.2467982,28.477038,31.699716000000002,28.005962750000002,32.17079125
2023-03-11 15:00:00,29.7,29.709997,28.551575800000002,30.8684182,28.098658,31.321336000000002,27.627582750000002,31.79241125
2023-03-11 16:00:00,28.9,28.777098,27.6186768,29.935519199999998,27.165758999999998,30.388437,26.69468375,30.859512249999998
2023-03-11 17:00:00,28.3,27.608242,26.4498208,28.7666632,25.996903,29.219581,25.52582775,29.69065625
2023-03-11 18:00:00,27.1,26.83628,25.6778588,27.994701199999998,25.224940999999998,28.447619,24.75386575,28.918694249999998
2023-03-11 19:00:00,26.7,26.910221,25.7517998,28.0686422,25.298882,28.52156,24.82780675,28.99263525
2023-03-11 20:00:00,26.4,26.709755,25.551333800000002,27.8681762,25.098416,28.321094000000002,24.627340750000002,28.79216925
2023-03-11 21:00:00,26.2,26.594877,25.4364558,27.7532982,24.983538,28.206216,24.51246275,28.67729125
2023-03-11 22:00:00,25.9,26.375893,25.217471800000002,27.5343142,24.764554,27.987232000000002,24.293478750000002,28.45830725
2023-03-11 23:00:00,25.3,25.9525,24.7940788,27.1109212,24.341161,27.563839,23.87008575,28.03491425
2023-03-12 00:00:00,24.7,25.46549,24.3070688,26.6239112,23.854150999999998,27.076829,23.38307575,27.54790425
2023-03-12 01:00:00,23.8,24.782635,23.6242138,25.9410562,23.171295999999998,26.393974,22.70022075,26.86504925
2023-03-12 02:00:00,24.2,24.29586,23.1374388,25.4542812,22.684521,25.907199000000002,22.21344575,26.37827425
2023-03-12 03:00:00,23.9,24.340807,23.182385800000002,25.4992282,22.729468,25.952146000000003,22.258392750000002,26.42322125
2023-03-12 04:00:00,23.9,23.84132,22.6828988,24.9997412,22.229981,25.452659,21.75890575,25.92373425
2023-03-12 05:00:00,24.3,24.197157,23.0387358,25.3555782,22.585818,25.808496,22.11474275,26.27957125
2023-03-12 06:00:00,24.3,24.078981,22.9205598,25.2374022,22.467641999999998,25.69032,21.99656675,26.161395249999998
2023-03-12 07:00:00,25.0,25.572844,24.4144228,26.7312652,23.961505,27.184183,23.49042975,27.65525825
2023-03-12 08:00:00,27.3,27.663742,26.5053208,28.8221632,26.052402999999998,29.275081,25.58132775,29.74615625
2023-03-12 09:00:00,29.2,29.213007,28.0545858,30.3714282,27.601668,30.824346000000002,27.13059275,31.29542125
2023-03-12 10:00:00,30.5,30.277412,29.118990800000002,31.4358332,28.666073,31.888751000000003,28.194997750000002,32.35982625
2023-03-12 11:00:00,31.4,30.868847,29.7104258,32.027268199999995,29.257507999999998,32.480185999999996,28.78643275,32.951261249999995
2023-03-12 12:00:00,31.8,30.911959,29.7535378,32.070380199999995,29.30062,32.523298,28.82954475,32.994373249999995
2023-03-12 13:00:00,31.6,30.645609,29.4871878,31.8040302,29.03427,32.256948,28.56319475,32.72802325
2023-03-12 14:00:00,31.0,30.320354,29.1619328,31.478775199999998,28.709014999999997,31.931693,28.23793975,32.402768249999994
2023-03-12 15:00:00,30.4,29.66845,28.5100288,30.8268712,28.057111,31.279789,27.58603575,31.75086425
2023-03-12 16:00:00,29.6,28.988869,27.8304478,30.1472902,27.37753,30.600208000000002,26.90645475,31.07128325
2023-03-12 17:00:00,28.7,28.21036,27.051938800000002,29.3687812,26.599021,29.821699000000002,26.127945750000002,30.29277425
2023-03-12 18:00:00,27.2,27.37433,26.2159088,28.5327512,25.762991,28.985669,25.29191575,29.45674425
2023-03-12 19:00:00,26.6,27.017258,25.858836800000002,28.1756792,25.405919,28.628597000000003,24.934843750000002,29.09967225
2023-03-12 20:00:00,26.2,26.615482,25.4570608,27.7739032,25.004143,28.226821,24.53306775,28.69789625
2023-03-12 21:00:00,25.9,26.394142,25.2357208,27.552563199999998,24.782802999999998,28.005481,24.31172775,28.476556249999998
2023-03-12 22:00:00,25.6,26.040241,24.881819800000002,27.1986622,24.428902,27.651580000000003,23.957826750000002,28.12265525
2023-03-12 23:00:00,25.4,25.570225,24.4118038,26.7286462,23.958886,27.181564,23.48781075,27.65263925
2023-03-13 00:00:00,25.1,24.99332,23.8348988,26.1517412,23.381981,26.604659,22.91090575,27.07573425
2023-03-13 01:00:00,24.9,24.6829,23.5244788,25.8413212,23.071561,26.294239,22.60048575,26.76531425
2023-03-13 02:00:00,24.3,24.336437,23.1780158,25.4948582,22.725098,25.947776,22.25402275,26.41885125
2023-03-13 03:00:00,23.5,24.273249,23.1148278,25.4316702,22.66191,25.884588,22.19083475,26.35566325
2023-03-13 04:00:00,23.6,24.397703,23.2392818,25.5561242,22.786364,26.009042,22.31528875,26.48011725
2023-03-13 05:00:00,23.4,24.376225,23.217803800000002,25.5346462,22.764886,25.987564000000003,22.293810750000002,26.45863925
2023-03-13 06:00:00,23.8,24.558287,23.3998658,25.7167082,22.946948,26.169626,22.47587275,26.64070125
2023-03-13 07:00:00,24.9,25.41111,24.2526888,26.5695312,23.799771,27.022449,23.32869575,27.49352425
2023-03-13 08:00:00,26.6,27.212198,26.0537768,28.3706192,25.600859,28.823537,25.12978375,29.29461225
2023-03-13 09:00:00,28.9,29.384382,28.2259608,30.542803199999998,27.773042999999998,30.995721,27.30196775,31.466796249999998
2023-03-13 10:00:00,30.4,30.525015,29.3665938,31.6834362,28.913676,32.136354,28.44260075,32.607429249999996
2023-03-13 11:00:00,31.1,31.409689,30.2512678,32.5681102,29.79835,33.021028,29.32727475,33.49210325
2023-03-13 12:00:00,31.2,31.585112,30.4266908,32.743533199999995,29.973772999999998,33.196450999999996,29.50269775,33.667526249999995
2023-03-13 13:00:00,31.0,31.430048,30.2716268,32.5884692,29.818709,33.041387,29.34763375,33.51246225
2023-03-13 14:00:00,30.6,31.048891,29.8904698,32.2073122,29.437552,32.66023,28.96647675,33.13130525
2023-03-13 15:00:00,29.8,30.420677,29.262255800000002,31.5790982,28.809338,32.032016,28.338262750000002,32.50309125
2023-03-13 16:00:00,29.1,29.454002,28.2955808,30.6124232,27.842662999999998,31.065341,27.37158775,31.53641625
2023-03-13 17:00:00,28.4,28.654732,27.4963108,29.8131532,27.043393,30.266071,26.57231775,30.73714625
2023-03-13 18:00:00,27.3,27.463158,26.3047368,28.6215792,25.851819,29.074497,25.38074375,29.54557225
2023-03-13 19:00:00,27.1,26.842726,25.6843048,28.0011472,25.231386999999998,28.454065,24.76031175,28.92514025
2023-03-13 20:00:00,26.9,26.26386,25.1054388,27.4222812,24.652521,27.875199000000002,24.18144575,28.34627425
2023-03-13 21:00:00,26.8,26.077175,24.9187538,27.2355962,24.465836,27.688514,23.99476075,28.15958925
2023-03-13 22:00:00,26.6,25.753738,24.5953168,26.912159199999998,24.142398999999997,27.365077,23.67132375,27.836152249999998
2023-03-13 23:00:00,26.5,25.445368,24.2869468,26.603789199999998,23.834028999999997,27.056707,23.36295375,27.527782249999998
2023-03-14 00:00:00,26.3,25.227434,24.0690128,26.385855199999998,23.616094999999998,26.838773,23.14501975,27.309848249999998
2023-03-14 01:00:00,25.8,25.03365,23.875228800000002,26.1920712,23.422311,26.644989000000002,22.951235750000002,27.11606425
2023-03-14 02:00:00,25.4,24.560825,23.402403800000002,25.7192462,22.949486,26.172164000000002,22.478410750000002,26.64323925
2023-03-14 03:00:00,25.2,23.798681,22.6402598,24.957102199999998,22.187341999999997,25.41002,21.71626675,25.881095249999998
2023-03-14 04:00:00,24.8,23.44331,22.2848888,24.6017312,21.831971,25.054649,21.36089575,25.52572425
2023-03-14 05:00:00,25.0,23.344093,22.1856718,24.5025142,21.732754,24.955432000000002,21.26167875,25.42650725
2023-03-14 06:00:00,24.8,24.001966,22.8435448,25.1603872,22.390627,25.613305,21.91955175,26.08438025
2023-03-14 07:00:00,26.2,25.43563,24.2772088,26.5940512,23.824291,27.046969,23.35321575,27.51804425
2023-03-14 08:00:00,28.2,26.687973,25.5295518,27.8463942,25.076634,28.299312,24.60555875,28.77038725
2023-03-14 09:00:00,29.9,29.431282,28.2728608,30.5897032,27.819943,31.042621,27.34886775,31.51369625
2023-03-14 10:00:00,30.9,30.3802,29.2217788,31.538621199999998,28.768860999999998,31.991539,28.29778575,32.462614249999994
2023-03-14 11:00:00,31.0,31.42915,30.2707288,32.5875712,29.817811,33.040489,29.34673575,33.51156425
2023-03-14 12:00:00,30.7,31.52325,30.3648288,32.6816712,29.911911,33.134589,29.44083575,33.60566425
2023-03-14 13:00:00,30.6,31.38657,30.2281488,32.5449912,29.775230999999998,32.997909,29.30415575,33.46898425
2023-03-14 14:00:00,30.8,30.866045,29.7076238,32.0244662,29.254706,32.477384,28.78363075,32.94845925
2023-03-14 15:00:00,29.9,30.087553,28.9291318,31.2459742,28.476214,31.698892,28.00513875,32.16996725
2023-03-14 16:00:00,29.2,29.429016,28.2705948,30.5874372,27.817677,31.040355,27.34660175,31.51143025
2023-03-14 17:00:00,28.7,28.504324,27.3459028,29.6627452,26.892985,30.115663,26.42190975,30.58673825
2023-03-14 18:00:00,27.7,27.502262,26.343840800000002,28.6606832,25.890923,29.113601000000003,25.419847750000002,29.58467625
2023-03-14 19:00:00,27.1,27.124706,25.9662848,28.2831272,25.513367,28.736045,25.04229175,29.20712025
2023-03-14 20:00:00,26.8,26.782827,25.6244058,27.9412482,25.171488,28.394166000000002,24.70041275,28.86524125
2023-03-14 21:00:00,26.5,26.725212,25.5667908,27.8836332,25.113872999999998,28.336551,24.64279775,28.80762625
2023-03-14 22:00:00,26.5,26.509123,25.3507018,27.6675442,24.897783999999998,28.120462,24.42670875,28.59153725
2023-03-14 23:00:00,26.4,26.38186,25.2234388,27.5402812,24.770521,27.993199,24.29944575,28.46427425
2023-03-15 00:00:00,26.6,26.118015,24.9595938,27.2764362,24.506676,27.729354,24.03560075,28.20042925
2023-03-15 01:00:00,26.5,25.878044,24.7196228,27.0364652,24.266704999999998,27.489383,23.79562975,27.96045825
2023-03-15 02:00:00,26.2,25.555813,24.3973918,26.7142342,23.944474,27.167152,23.47339875,27.63822725
2023-03-15 03:00:00,26.0,25.13427,23.9758488,26.2926912,23.522931,26.745609,23.05185575,27.21668425
2023-03-15 04:00:00,25.9,25.016075,23.8576538,26.1744962,23.404736,26.627414,22.93366075,27.09848925
2023-03-15 05:00:00,25.9,25.124758,23.9663368,26.2831792,23.513419,26.736097,23.04234375,27.20717225
2023-03-15 06:00:00,26.1,25.193733,24.035311800000002,26.3521542,23.582394,26.805072000000003,23.111318750000002,27.27614725
2023-03-15 07:00:00,27.4,26.34967,25.1912488,27.5080912,24.738331,27.961009,24.26725575,28.43208425
2023-03-15 08:00:00,28.7,27.960327,26.8019058,29.1187482,26.348988,29.571666,25.87791275,30.04274125
2023-03-15 09:00:00,29.8,29.681494,28.5230728,30.8399152,28.070155,31.292833,27.59907975,31.76390825
2023-03-15 10:00:00,30.7,30.805265,29.6468438,31.963686199999998,29.193925999999998,32.416604,28.72285075,32.88767925
2023-03-15 11:00:00,30.9,31.30495,30.146528800000002,32.4633712,29.693611,32.916289,29.222535750000002,33.38736425
2023-03-15 12:00:00,30.9,30.994438,29.8360168,32.152859199999995,29.383098999999998,32.605776999999996,28.91202375,33.076852249999995
2023-03-15 13:00:00,30.3,30.736618,29.5781968,31.8950392,29.125279,32.347957,28.65420375,32.81903225
2023-03-15 14:00:00,30.3,30.693186,29.5347648,31.8516072,29.081847,32.304525,28.61077175,32.77560025
2023-03-15 15:00:00,29.7,30.032179,28.8737578,31.1906002,28.42084,31.643518,27.94976475,32.11459325
2023-03-15 16:00:00,29.1,29.3194,28.160978800000002,30.4778212,27.708061,30.930739000000003,27.236985750000002,31.40181425
2023-03-15 17:00:00,28.7,28.654291,27.4958698,29.8127122,27.042952,30.26563,26.57187675,30.73670525
2023-03-15 18:00:00,28.0,27.69396,26.5355388,28.8523812,26.082621,29.305299,25.61154575,29.77637425
2023-03-15 19:00:00,27.7,27.219645,26.0612238,28.3780662,25.608306,28.830984,25.13723075,29.30205925
2023-03-15 20:00:00,27.6,26.904722,25.7463008,28.0631432,25.293383,28.516061,24.82230775,28.98713625
2023-03-15 21:00:00,27.4,26.615374,25.4569528,27.7737952,25.004035,28.226713,24.53295975,28.69778825
2023-03-15 22:00:00,27.2,26.473265,25.314843800000002,27.6316862,24.861926,28.084604000000002,24.390850750000002,28.55567925
2023-03-15 23:00:00,27.0,26.358839,25.2004178,27.5172602,24.7475,27.970178,24.27642475,28.44125325
2023-03-16 00:00:00,26.9,26.419193,25.2607718,27.5776142,24.807854,28.030532,24.33677875,28.50160725
2023-03-16 01:00:00,26.7,26.236277,25.077855800000002,27.3946982,24.624938,27.847616000000002,24.153862750000002,28.31869125
2023-03-16 02:00:00,26.3,25.976377,24.8179558,27.1347982,24.365038,27.587716,23.89396275,28.05879125
2023-03-16 03:00:00,26.3,25.88109,24.7226688,27.0395112,24.269751,27.492429,23.79867575,27.96350425
2023-03-16 04:00:00,26.0,25.84723,24.6888088,27.0056512,24.235891,27.458569,23.76481575,27.92964425
2023-03-16 05:00:00,26.1,25.774988,24.6165668,26.9334092,24.163649,27.386327,23.69257375,27.85740225
2023-03-16 06:00:00,25.4,25.896269,24.7378478,27.0546902,24.28493,27.507608,23.81385475,27.97868325
2023-03-16 07:00:00,24.6,26.963379,25.8049578,28.1218002,25.35204,28.574718,24.88096475,29.04579325
2023-03-16 08:00:00,26.0,28.45876,27.300338800000002,29.6171812,26.847421,30.070099000000003,26.376345750000002,30.54117425
2023-03-16 09:00:00,29.0,29.846691,28.6882698,31.0051122,28.235352,31.45803,27.76427675,31.92910525
2023-03-16 10:00:00,29.6,30.715918,29.5574968,31.874339199999998,29.104578999999998,32.327256999999996,28.63350375,32.798332249999994
2023-03-16 11:00:00,30.3,31.161882,30.0034608,32.3203032,29.550542999999998,32.773221,29.07946775,33.24429625
2023-03-16 12:00:00,30.3,30.954191,29.795769800000002,32.1126122,29.342852,32.56553,28.871776750000002,33.03660525
2023-03-16 13:00:00,30.1,30.538195,29.379773800000002,31.6966162,28.926856,32.149534,28.455780750000002,32.62060925
2023-03-16 14:00:00,30.1,30.430006,29.2715848,31.588427199999998,28.818666999999998,32.041345,28.34759175,32.51242025
2023-03-16 15:00:00,27.5,29.845268,28.6868468,31.0036892,28.233929,31.456607,27.76285375,31.92768225
2023-03-16 16:00:00,27.3,29.19711,28.0386888,30.355531199999998,27.585770999999998,30.808449,27.11469575,31.279524249999998
2023-03-16 17:00:00,27.0,28.595217,27.436795800000002,29.7536382,26.983878,30.206556000000003,26.512802750000002,30.67763125
2023-03-16 18:00:00,26.7,27.823637,26.665215800000002,28.9820582,26.212298,29.434976000000002,25.741222750000002,29.90605125
2023-03-16 19:00:00,26.6,27.439993,26.281571800000002,28.5984142,25.828654,29.051332000000002,25.357578750000002,29.52240725
2023-03-16 20:00:00,26.4,27.293985,26.1355638,28.4524062,25.682646,28.905324,25.21157075,29.37639925
2023-03-16 21:00:00,26.1,27.057465,25.8990438,28.2158862,25.446126,28.668804,24.97505075,29.13987925
2023-03-16 22:00:00,26.3,26.884407,25.7259858,28.0428282,25.273068,28.495746,24.80199275,28.96682125
2023-03-16 23:00:00,26.3,26.678047,25.5196258,27.8364682,25.066708,28.289386,24.59563275,28.76046125
2023-03-17 00:00:00,26.3,26.439487,25.2810658,27.5979082,24.828148,28.050826,24.35707275,28.52190125
2023-03-17 01:00:00,26.1,26.315636,25.157214800000002,27.4740572,24.704297,27.926975000000002,24.233221750000002,28.39805025
2023-03-17 02:00:00,26.0,26.046038,24.8876168,27.2044592,24.434699,27.657377,23.96362375,28.12845225
2023-03-17 03:00:00,25.6,25.790796,24.6323748,26.9492172,24.179457,27.402135,23.70838175,27.87321025
2023-03-17 04:00:00,24.8,25.66816,24.5097388,26.8265812,24.056821,27.279499,23.58574575,27.75057425
2023-03-17 05:00:00,26.0,25.70895,24.550528800000002,26.8673712,24.097611,27.320289000000002,23.626535750000002,27.79136425
2023-03-17 06:00:00,26.4,25.518068,24.3596468,26.6764892,23.906729,27.129407,23.43565375,27.60048225
2023-03-17 07:00:00,27.3,25.639036,24.4806148,26.7974572,24.027697,27.250375000000002,23.55662175,27.72145025
2023-03-17 08:00:00,27.7,27.049402,25.8909808,28.2078232,25.438063,28.660741,24.96698775,29.13181625
2023-03-17 09:00:00,29.1,29.409727,28.2513058,30.5681482,27.798388,31.021066,27.32731275,31.49214125
2023-03-17 10:00:00,30.4,30.108479,28.9500578,31.2669002,28.497139999999998,31.719818,28.02606475,32.190893249999995
2023-03-17 11:00:00,29.2,30.542461,29.3840398,31.7008822,28.931122,32.1538,28.46004675,32.624875249999995
2023-03-17 12:00:00,26.1,30.600887,29.4424658,31.7593082,28.989548,32.212226,28.51847275,32.68330125
2023-03-17 13:00:00,27.2,30.173508,29.015086800000002,31.3319292,28.562169,31.784847000000003,28.091093750000002,32.25592225
2023-03-17 14:00:00,27.2,30.10686,28.9484388,31.2652812,28.495521,31.718199000000002,28.02444575,32.18927425
2023-03-17 15:00:00,27.4,29.129574,27.971152800000002,30.2879952,27.518235,30.740913000000003,27.047159750000002,31.21198825
2023-03-17 16:00:00,27.4,28.528461,27.3700398,29.6868822,26.917122,30.1398,26.44604675,30.61087525
2023-03-17 17:00:00,29.3,27.669916,26.5114948,28.8283372,26.058577,29.281255,25.58750175,29.75233025
2023-03-17 18:00:00,28.5,26.83448,25.6760588,27.9929012,25.223141,28.445819,24.75206575,28.91689425
2023-03-17 19:00:00,28.2,26.812735,25.6543138,27.9711562,25.201396,28.424074,24.73032075,28.89514925
2023-03-17 20:00:00,28.1,26.625563,25.4671418,27.7839842,25.014224,28.236902,24.54314875,28.70797725
2023-03-17 21:00:00,28.0,26.350927,25.1925058,27.509348199999998,24.739587999999998,27.962266,24.26851275,28.433341249999998
2023-03-17 22:00:00,27.9,26.174854,25.0164328,27.3332752,24.563515,27.786193,24.09243975,28.25726825
2023-03-17 23:00:00,27.5,26.226686,25.0682648,27.3851072,24.615347,27.838025000000002,24.14427175,28.30910025
2023-03-18 00:00:00,27.1,26.037165,24.878743800000002,27.1955862,24.425826,27.648504000000003,23.954750750000002,28.11957925
2023-03-18 01:00:00,26.6,25.860786,24.7023648,27.0192072,24.249447,27.472125000000002,23.77837175,27.94320025
2023-03-18 02:00:00,25.9,25.751915,24.5934938,26.9103362,24.140576,27.363254,23.66950075,27.83432925
2023-03-18 03:00:00,25.0,25.456345,24.2979238,26.6147662,23.845005999999998,27.067684,23.37393075,27.53875925
2023-03-18 04:00:00,24.6,25.053694,23.8952728,26.2121152,23.442355,26.665033,22.97127975,27.13610825
2023-03-18 05:00:00,24.3,25.38922,24.230798800000002,26.5476412,23.777881,27.000559000000003,23.306805750000002,27.47163425
2023-03-18 06:00:00,23.9,26.005003,24.8465818,27.163424199999998,24.393663999999998,27.616342,23.92258875,28.087417249999998
2023-03-18 07:00:00,23.3,26.84144,25.6830188,27.999861199999998,25.230100999999998,28.452779,24.75902575,28.923854249999998
2023-03-18 08:00:00,25.2,27.535103,26.3766818,28.6935242,25.923764,29.146442,25.45268875,29.61751725
2023-03-18 09:00:00,25.3,29.225767,28.067345800000002,30.3841882,27.614428,30.837106000000002,27.143352750000002,31.30818125
2023-03-18 10:00:00,24.6,30.213871,29.0554498,31.3722922,28.602532,31.825210000000002,28.13145675,32.29628525
2023-03-18 11:00:00,26.2,29.971416,28.812994800000002,31.1298372,28.360077,31.582755000000002,27.889001750000002,32.05383025
2023-03-18 12:00:00,27.4,28.939072,27.7806508,30.0974932,27.327733,30.550411,26.85665775,31.02148625
2023-03-18 13:00:00,28.5,29.182365,28.0239438,30.3407862,27.571026,30.793704,27.09995075,31.26477925
2023-03-18 14:00:00,29.9,28.781923,27.6235018,29.9403442,27.170583999999998,30.393262,26.69950875,30.86433725
2023-03-18 15:00:00,28.8,27.84571,26.6872888,29.0041312,26.234371,29.457049,25.76329575,29.92812425
2023-03-18 16:00:00,27.6,27.621515,26.4630938,28.779936199999998,26.010175999999998,29.232854,25.53910075,29.703929249999998
2023-03-18 17:00:00,28.9,28.812136,27.6537148,29.9705572,27.200796999999998,30.423475,26.72972175,30.894550249999998
2023-03-18 18:00:00,27.6,28.295927,27.1375058,29.4543482,26.684587999999998,29.907266,26.21351275,30.37834125
2023-03-18 19:00:00,27.0,27.96536,26.8069388,29.1237812,26.354021,29.576699,25.88294575,30.04777425
2023-03-18 20:00:00,26.8,27.73446,26.5760388,28.892881199999998,26.123120999999998,29.345799,25.65204575,29.816874249999998
2023-03-18 21:00:00,26.7,27.64518,26.4867588,28.8036012,26.033841,29.256519,25.56276575,29.72759425
2023-03-18 22:00:00,26.5,27.457514,26.2990928,28.6159352,25.846175,29.068853,25.37509975,29.53992825
2023-03-18 23:00:00,25.9,27.129793,25.9713718,28.2882142,25.518454,28.741132,25.04737875,29.21220725
2023-03-19 00:00:00,25.2,26.726793,25.5683718,27.8852142,25.115454,28.338132,24.64437875,28.80920725
2023-03-19 01:00:00,24.3,26.480087,25.3216658,27.6385082,24.868748,28.091426000000002,24.39767275,28.56250125
2023-03-19 02:00:00,23.7,26.115568,24.9571468,27.2739892,24.504229,27.726907,24.03315375,28.19798225
2023-03-19 03:00:00,23.5,25.494713,24.3362918,26.6531342,23.883374,27.106052000000002,23.41229875,27.57712725
2023-03-19 04:00:00,23.6,25.075287,23.9168658,26.2337082,23.463948,26.686626,22.99287275,27.15770125
2023-03-19 05:00:00,24.0,24.847252,23.6888308,26.0056732,23.235913,26.458591000000002,22.76483775,26.92966625
2023-03-19 06:00:00,24.4,25.057028,23.8986068,26.2154492,23.445688999999998,26.668367,22.97461375,27.13944225
2023-03-19 07:00:00,25.1,25.268963,24.1105418,26.4273842,23.657624,26.880302,23.18654875,27.35137725
2023-03-19 08:00:00,26.7,26.717264,25.5588428,27.8756852,25.105925,28.328603,24.63484975,28.79967825
2023-03-19 09:00:00,28.0,27.636337,26.4779158,28.7947582,26.024998,29.247676000000002,25.55392275,29.71875125
2023-03-19 10:00:00,28.5,27.465284,26.3068628,28.6237052,25.853945,29.076623,25.38286975,29.54769825
2023-03-19 11:00:00,28.3,29.170393,28.0119718,30.3288142,27.559054,30.781732,27.08797875,31.25280725
2023-03-19 12:00:00,28.9,28.495096,27.3366748,29.6535172,26.883757,30.106435,26.41268175,30.57751025
2023-03-19 13:00:00,28.3,29.378525,28.2201038,30.5369462,27.767186,30.989864,27.29611075,31.46093925
2023-03-19 14:00:00,28.2,29.743782,28.5853608,30.9022032,28.132443,31.355121,27.66136775,31.82619625
2023-03-19 15:00:00,28.5,29.03258,27.8741588,30.1910012,27.421241,30.643919,26.95016575,31.11499425
2023-03-19 16:00:00,28.2,27.881834,26.723412800000002,29.0402552,26.270495,29.493173000000002,25.799419750000002,29.96424825
2023-03-19 17:00:00,28.2,28.943401,27.784979800000002,30.1018222,27.332062,30.554740000000002,26.860986750000002,31.02581525
2023-03-19 18:00:00,27.4,28.04271,26.8842888,29.2011312,26.431371,29.654049,25.96029575,30.12512425
2023-03-19 19:00:00,27.1,27.363579,26.205157800000002,28.5220002,25.75224,28.974918000000002,25.281164750000002,29.44599325
2023-03-19 20:00:00,26.9,27.10095,25.9425288,28.2593712,25.489611,28.712289000000002,25.01853575,29.18336425
2023-03-19 21:00:00,27.1,26.898146,25.7397248,28.0565672,25.286807,28.509485,24.81573175,28.98056025
2023-03-19 22:00:00,26.9,26.806896,25.6484748,27.965317199999998,25.195556999999997,28.418235,24.72448175,28.889310249999998
2023-03-19 23:00:00,26.8,26.583216,25.4247948,27.7416372,24.971877,28.194555,24.50080175,28.66563025
2023-03-20 00:00:00,26.2,25.912306,24.7538848,27.0707272,24.300967,27.523645000000002,23.82989175,27.99472025
2023-03-20 01:00:00,25.9,25.023333,23.8649118,26.1817542,23.411994,26.634672000000002,22.94091875,27.10574725
2023-03-20 02:00:00,25.4,24.783058,23.6246368,25.9414792,23.171719,26.394397,22.70064375,26.86547225
2023-03-20 03:00:00,25.0,24.0214,22.8629788,25.1798212,22.410061,25.632739,21.93898575,26.10381425
2023-03-20 04:00:00,24.4,23.933493,22.7750718,25.091914199999998,22.322153999999998,25.544832,21.85107875,26.015907249999998
2023-03-20 05:00:00,24.4,24.225105,23.0666838,25.3835262,22.613766,25.836444,22.14269075,26.30751925
2023-03-20 06:00:00,24.8,24.650295,23.4918738,25.8087162,23.038956,26.261634,22.56788075,26.73270925
2023-03-20 07:00:00,25.5,25.621466,24.463044800000002,26.7798872,24.010127,27.232805000000003,23.539051750000002,27.70388025
2023-03-20 08:00:00,26.5,26.847628,25.6892068,28.0060492,25.236289,28.458967,24.76521375,28.93004225
2023-03-20 09:00:00,28.3,28.0045,26.8460788,29.1629212,26.393161,29.615839,25.92208575,30.08691425
2023-03-20 10:00:00,29.3,28.53847,27.3800488,29.6968912,26.927131,30.149809,26.45605575,30.62088425
2023-03-20 11:00:00,30.3,29.000496,27.8420748,30.158917199999998,27.389156999999997,30.611835,26.91808175,31.082910249999998
2023-03-20 12:00:00,30.5,29.355186,28.1967648,30.5136072,27.743847,30.966525,27.27277175,31.43760025
2023-03-20 13:00:00,30.3,28.88519,27.726768800000002,30.0436112,27.273851,30.496529000000002,26.802775750000002,30.96760425
2023-03-20 14:00:00,29.7,29.457209,28.2987878,30.6156302,27.845869999999998,31.068548,27.37479475,31.539623249999998
2023-03-20 15:00:00,29.8,28.938517,27.7800958,30.0969382,27.327178,30.549856000000002,26.85610275,31.02093125
2023-03-20 16:00:00,28.7,28.333677,27.175255800000002,29.4920982,26.722338,29.945016000000003,26.251262750000002,30.41609125
2023-03-20 17:00:00,29.2,28.449333,27.2909118,29.6077542,26.837994,30.060672,26.36691875,30.53174725
2023-03-20 18:00:00,28.1,27.569212,26.4107908,28.7276332,25.957873,29.180551,25.48679775,29.65162625
2023-03-20 19:00:00,28.1,27.111177,25.952755800000002,28.2695982,25.499838,28.722516000000002,25.028762750000002,29.19359125
2023-03-20 20:00:00,27.9,26.813856,25.655434800000002,27.9722772,25.202517,28.425195000000002,24.731441750000002,28.89627025
2023-03-20 21:00:00,27.6,26.96365,25.805228800000002,28.1220712,25.352311,28.574989000000002,24.881235750000002,29.04606425
2023-03-20 22:00:00,27.4,26.680876,25.522454800000002,27.8392972,25.069537,28.292215000000002,24.598461750000002,28.76329025
2023-03-20 23:00:00,27.1,26.603832,25.4454108,27.7622532,24.992493,28.215171,24.52141775,28.68624625
2023-03-21 00:00:00,27.1,26.301426,25.1430048,27.4598472,24.690087,27.912765,24.21901175,28.38384025
2023-03-21 01:00:00,25.6,26.071833,24.913411800000002,27.2302542,24.460494,27.683172000000003,23.989418750000002,28.15424725
2023-03-21 02:00:00,25.0,25.788486,24.6300648,26.9469072,24.177146999999998,27.399825,23.70607175,27.87090025
2023-03-21 03:00:00,25.0,25.180265,24.0218438,26.338686199999998,23.568925999999998,26.791604,23.09785075,27.262679249999998
2023-03-21 04:00:00,24.9,24.961119,23.8026978,26.1195402,23.34978,26.572458,22.87870475,27.04353325
2023-03-21 05:00:00,24.7,24.571386,23.4129648,25.7298072,22.960047,26.182725,22.48897175,26.65380025
2023-03-21 06:00:00,25.2,24.804518,23.646096800000002,25.9629392,23.193179,26.415857000000003,22.722103750000002,26.88693225
2023-03-21 07:00:00,25.9,25.817068,24.6586468,26.9754892,24.205728999999998,27.428407,23.73465375,27.89948225
2023-03-21 08:00:00,27.6,26.899881,25.7414598,28.0583022,25.288542,28.51122,24.81746675,28.98229525
2023-03-21 09:00:00,29.1,28.433067,27.274645800000002,29.5914882,26.821728,30.044406000000002,26.350652750000002,30.51548125
2023-03-21 10:00:00,30.7,29.542141,28.3837198,30.7005622,27.930802,31.153480000000002,27.45972675,31.62455525
2023-03-21 11:00:00,31.7,30.389376,29.2309548,31.547797199999998,28.778036999999998,32.000715,28.30696175,32.47179025
2023-03-21 12:00:00,31.9,30.881401,29.7229798,32.039822199999996,29.270062,32.49274,28.79898675,32.963815249999996
2023-03-21 13:00:00,31.5,30.196947,29.038525800000002,31.3553682,28.585608,31.808286000000003,28.114532750000002,32.27936125
2023-03-21 14:00:00,30.7,29.685942,28.5275208,30.8443632,28.074603,31.297281,27.60352775,31.76835625
2023-03-21 15:00:00,30.3,29.623255,28.4648338,30.7816762,28.011916,31.234594,27.54084075,31.70566925
2023-03-21 16:00:00,29.8,28.961138,27.8027168,30.119559199999998,27.349798999999997,30.572477,26.87872375,31.043552249999998
2023-03-21 17:00:00,28.8,28.91102,27.7525988,30.0694412,27.299681,30.522359,26.82860575,30.99343425
2023-03-21 18:00:00,28.0,28.253216,27.0947948,29.411637199999998,26.641876999999997,29.864555,26.17080175,30.335630249999998
2023-03-21 19:00:00,27.8,27.810038,26.6516168,28.968459199999998,26.198698999999998,29.421377,25.72762375,29.892452249999998
2023-03-21 20:00:00,27.7,27.646269,26.4878478,28.8046902,26.03493,29.257608,25.56385475,29.72868325
2023-03-21 21:00:00,27.5,27.457748,26.2993268,28.616169199999998,25.846408999999998,29.069087,25.37533375,29.540162249999998
2023-03-21 22:00:00,27.5,27.209202,26.050780800000002,28.3676232,25.597863,28.820541000000002,25.126787750000002,29.29161625
2023-03-21 23:00:00,27.5,26.93679,25.7783688,28.095211199999998,25.325450999999997,28.548129,24.85437575,29.019204249999998
2023-03-22 00:00:00,27.4,26.765526,25.607104800000002,27.9239472,25.154187,28.376865000000002,24.683111750000002,28.84794025
2023-03-22 01:00:00,27.2,26.00716,24.8487388,27.1655812,24.395820999999998,27.618499,23.92474575,28.08957425
2023-03-22 02:00:00,27.0,25.442156,24.2837348,26.6005772,23.830817,27.053495,23.35974175,27.52457025
2023-03-22 03:00:00,26.7,25.26766,24.1092388,26.4260812,23.656321,26.878999,23.18524575,27.35007425
2023-03-22 04:00:00,26.4,25.277443,24.119021800000002,26.4358642,23.666104,26.888782000000003,23.195028750000002,27.35985725
2023-03-22 05:00:00,25.6,25.094212,23.9357908,26.2526332,23.482872999999998,26.705551,23.01179775,27.176626249999998
2023-03-22 06:00:00,26.0,25.385328,24.226906800000002,26.5437492,23.773989,26.996667000000002,23.302913750000002,27.46774225
2023-03-22 07:00:00,26.8,26.415644,25.2572228,27.5740652,24.804305,28.026983,24.33322975,28.49805825
2023-03-22 08:00:00,27.8,27.59028,26.4318588,28.7487012,25.978941,29.201619,25.50786575,29.67269425
2023-03-22 09:00:00,29.2,29.18649,28.0280688,30.3449112,27.575150999999998,30.797829,27.10407575,31.26890425
2023-03-22 10:00:00,30.5,30.808104,29.6496828,31.9665252,29.196765,32.419443,28.72568975,32.89051825
2023-03-22 11:00:00,31.1,31.62049,30.4620688,32.778911199999996,30.009151,33.231829,29.53807575,33.702904249999996
2023-03-22 12:00:00,31.3,31.923868,30.7654468,33.0822892,30.312528999999998,33.535207,29.84145375,34.00628225
2023-03-22 13:00:00,29.4,31.574732,30.4163108,32.7331532,29.963393,33.186071,29.49231775,33.65714625
2023-03-22 14:00:00,30.3,30.997648,29.839226800000002,32.1560692,29.386309,32.608987,28.915233750000002,33.08006225
2023-03-22 15:00:00,29.2,30.563684,29.4052628,31.722105199999998,28.952344999999998,32.175022999999996,28.48126975,32.646098249999994
2023-03-22 16:00:00,29.0,29.609344,28.4509228,30.7677652,27.998005,31.220683,27.52692975,31.69175825
2023-03-22 17:00:00,29.3,29.039349,27.880927800000002,30.1977702,27.42801,30.650688000000002,26.956934750000002,31.12176325
2023-03-22 18:00:00,28.1,28.161276,27.0028548,29.3196972,26.549937,29.772615000000002,26.07886175,30.24369025
2023-03-22 19:00:00,27.7,27.910498,26.7520768,29.0689192,26.299159,29.521837,25.82808375,29.99291225
2023-03-22 20:00:00,27.5,27.78352,26.6250988,28.9419412,26.172181,29.394859,25.70110575,29.86593425
2023-03-22 21:00:00,27.5,27.582273,26.4238518,28.7406942,25.970934,29.193612,25.49985875,29.66468725
2023-03-22 22:00:00,27.3,27.460878,26.3024568,28.6192992,25.849539,29.072217000000002,25.37846375,29.54329225
2023-03-22 23:00:00,27.2,27.357157,26.1987358,28.5155782,25.745818,28.968496000000002,25.27474275,29.43957125
2023-03-23 00:00:00,27.1,27.261719,26.1032978,28.4201402,25.65038,28.873058,25.17930475,29.34413325
2023-03-23 01:00:00,26.9,26.967604,25.809182800000002,28.1260252,25.356265,28.578943000000002,24.885189750000002,29.05001825
2023-03-23 02:00:00,26.6,26.736536,25.5781148,27.8949572,25.125197,28.347875000000002,24.65412175,28.81895025
2023-03-23 03:00:00,26.3,26.542309,25.3838878,27.7007302,24.93097,28.153648,24.45989475,28.62472325
2023-03-23 04:00:00,26.2,26.297525,25.1391038,27.4559462,24.686186,27.908864,24.21511075,28.37993925
2023-03-23 05:00:00,26.5,25.757198,24.5987768,26.9156192,24.145858999999998,27.368537,23.67478375,27.83961225
2023-03-23 06:00:00,26.7,26.024502,24.8660808,27.182923199999998,24.413162999999997,27.635841,23.94208775,28.106916249999998
2023-03-23 07:00:00,27.9,26.981194,25.8227728,28.139615199999998,25.369854999999998,28.592533,24.89877975,29.063608249999998
2023-03-23 08:00:00,29.0,28.166008,27.007586800000002,29.3244292,26.554669,29.777347000000002,26.083593750000002,30.24842225
2023-03-23 09:00:00,30.6,29.509161,28.3507398,30.6675822,27.897821999999998,31.1205,27.42674675,31.591575249999998
2023-03-23 10:00:00,31.6,30.891687,29.7332658,32.0501082,29.280348,32.503026,28.80927275,32.97410125
2023-03-23 11:00:00,31.9,31.57166,30.413238800000002,32.7300812,29.960321,33.182999,29.489245750000002,33.65407425
2023-03-23 12:00:00,31.1,31.650034,30.491612800000002,32.8084552,30.038695,33.261373,29.567619750000002,33.73244825
2023-03-23 13:00:00,30.6,31.413752,30.2553308,32.572173199999995,29.802412999999998,33.025090999999996,29.33133775,33.496166249999995
2023-03-23 14:00:00,31.1,30.811342,29.6529208,31.9697632,29.200003,32.422681,28.72892775,32.893756249999996
2023-03-23 15:00:00,30.7,30.096182,28.9377608,31.2546032,28.484842999999998,31.707521,28.01376775,32.17859625
2023-03-23 16:00:00,30.1,29.427332,28.2689108,30.5857532,27.815993,31.038671,27.34491775,31.50974625
2023-03-23 17:00:00,29.0,29.224394,28.0659728,30.3828152,27.613055,30.835733,27.14197975,31.30680825
2023-03-23 18:00:00,28.1,28.267118,27.1086968,29.4255392,26.655779,29.878457,26.18470375,30.34953225
2023-03-23 19:00:00,27.8,27.748384,26.589962800000002,28.9068052,26.137045,29.359723000000002,25.665969750000002,29.83079825
2023-03-23 20:00:00,27.6,27.533028,26.374606800000002,28.6914492,25.921689,29.144367000000003,25.450613750000002,29.61544225
2023-03-23 21:00:00,27.5,27.34036,26.1819388,28.4987812,25.729021,28.951699,25.25794575,29.42277425
2023-03-23 22:00:00,27.4,27.220871,26.0624498,28.3792922,25.609531999999998,28.83221,25.13845675,29.30328525
2023-03-23 23:00:00,27.3,27.21314,26.0547188,28.3715612,25.601801,28.824479,25.13072575,29.29555425
2023-03-24 00:00:00,27.1,26.921701,25.7632798,28.080122199999998,25.310361999999998,28.53304,24.83928675,29.004115249999998
2023-03-24 01:00:00,26.9,26.659773,25.501351800000002,27.8181942,25.048434,28.271112000000002,24.577358750000002,28.74218725
2023-03-24 02:00:00,26.8,26.464453,25.3060318,27.6228742,24.853113999999998,28.075792,24.38203875,28.54686725
2023-03-24 03:00:00,26.5,26.176376,25.017954800000002,27.3347972,24.565037,27.787715000000002,24.093961750000002,28.25879025
2023-03-24 04:00:00,26.4,25.99885,24.8404288,27.1572712,24.387511,27.610189000000002,23.91643575,28.08126425
2023-03-24 05:00:00,26.4,26.263157,25.1047358,27.4215782,24.651818,27.874496,24.18074275,28.34557125
2023-03-24 06:00:00,26.2,26.563824,25.4054028,27.7222452,24.952485,28.175163,24.48140975,28.64623825
2023-03-24 07:00:00,26.6,27.67861,26.5201888,28.8370312,26.067270999999998,29.289949,25.59619575,29.76102425
2023-03-24 08:00:00,28.2,29.07467,27.9162488,30.2330912,27.463331,30.686009000000002,26.99225575,31.15708425
2023-03-24 09:00:00,29.8,30.443373,29.2849518,31.6017942,28.832034,32.054712,28.36095875,32.52578725
2023-03-24 10:00:00,31.1,31.588905,30.4304838,32.747326199999996,29.977566,33.200244,29.50649075,33.671319249999996
2023-03-24 11:00:00,31.5,31.93782,30.7793988,33.096241199999994,30.326480999999998,33.549158999999996,29.85540575,34.020234249999994
2023-03-24 12:00:00,31.1,31.718845,30.560423800000002,32.8772662,30.107506,33.330184,29.636430750000002,33.80125925
2023-03-24 13:00:00,31.0,30.91229,29.7538688,32.0707112,29.300950999999998,32.523629,28.82987575,32.99470425
2023-03-24 14:00:00,30.4,31.046227,29.8878058,32.204648199999994,29.434887999999997,32.657565999999996,28.96381275,33.128641249999994
2023-03-24 15:00:00,29.6,30.402534,29.2441128,31.5609552,28.791195,32.013873,28.32011975,32.484948249999995
2023-03-24 16:00:00,29.2,29.825287,28.6668658,30.9837082,28.213948,31.436626,27.74287275,31.90770125
2023-03-24 17:00:00,29.1,29.158731,28.0003098,30.3171522,27.547392,30.77007,27.07631675,31.24114525
2023-03-24 18:00:00,28.2,28.160639,27.0022178,29.3190602,26.5493,29.771978,26.07822475,30.24305325
2023-03-24 19:00:00,27.8,27.757828,26.5994068,28.9162492,26.146489,29.369167,25.67541375,29.84024225
2023-03-24 20:00:00,27.7,27.503395,26.3449738,28.6618162,25.892056,29.114734000000002,25.420980750000002,29.58580925
2023-03-24 21:00:00,27.4,27.365482,26.2070608,28.5239032,25.754143,28.976821,25.28306775,29.44789625
2023-03-24 22:00:00,27.0,27.169605,26.0111838,28.3280262,25.558266,28.780944,25.08719075,29.25201925
2023-03-24 23:00:00,26.7,27.075838,25.9174168,28.2342592,25.464499,28.687177000000002,24.99342375,29.15825225
2023-03-25 00:00:00,26.6,26.906149,25.7477278,28.0645702,25.29481,28.517488,24.82373475,28.98856325
2023-03-25 01:00:00,26.5,26.63722,25.4787988,27.7956412,25.025881,28.248559,24.55480575,28.71963425
2023-03-25 02:00:00,26.5,26.497803,25.3393818,27.6562242,24.886464,28.109142000000002,24.41538875,28.58021725
2023-03-25 03:00:00,26.5,26.270191,25.1117698,27.4286122,24.658852,27.88153,24.18777675,28.35260525
2023-03-25 04:00:00,26.5,26.180265,25.0218438,27.338686199999998,24.568925999999998,27.791604,24.09785075,28.262679249999998
2023-03-25 05:00:00,26.6,26.168856,25.010434800000002,27.3272772,24.557517,27.780195000000003,24.086441750000002,28.25127025
2023-03-25 06:00:00,27.0,26.17695,25.018528800000002,27.3353712,24.565611,27.788289000000002,24.094535750000002,28.25936425
2023-03-25 07:00:00,28.2,27.190815,26.0323938,28.3492362,25.579476,28.802154,25.10840075,29.27322925
2023-03-25 08:00:00,29.2,28.772131,27.613709800000002,29.9305522,27.160792,30.383470000000003,26.689716750000002,30.85454525
2023-03-25 09:00:00,29.9,30.147085,28.9886638,31.3055062,28.535746,31.758424,28.06467075,32.229499249999996
2023-03-25 10:00:00,30.7,31.43496,30.2765388,32.593381199999996,29.823621,33.046299,29.35254575,33.517374249999996
2023-03-25 11:00:00,30.2,31.656097,30.4976758,32.814518199999995,30.044757999999998,33.267436,29.57368275,33.738511249999995
2023-03-25 12:00:00,30.4,31.353373,30.194951800000002,32.5117942,29.742034,32.964712,29.270958750000002,33.43578725
2023-03-25 13:00:00,30.7,31.12321,29.9647888,32.2816312,29.511871,32.734549,29.04079575,33.20562425
2023-03-25 14:00:00,30.4,30.969479,29.8110578,32.1279002,29.35814,32.580818,28.88706475,33.05189325
2023-03-25 15:00:00,30.0,30.155254,28.9968328,31.3136752,28.543915,31.766593,28.07283975,32.23766825
2023-03-25 16:00:00,29.4,29.580431,28.4220098,30.7388522,27.969092,31.19177,27.49801675,31.66284525
2023-03-25 17:00:00,28.7,29.11476,27.9563388,30.2731812,27.503421,30.726099,27.03234575,31.19717425
2023-03-25 18:00:00,28.2,28.255754,27.0973328,29.4141752,26.644415,29.867093,26.17333975,30.33816825
2023-03-25 19:00:00,27.9,27.829206,26.6707848,28.9876272,26.217867,29.440545,25.74679175,29.91162025
2023-03-25 20:00:00,27.5,27.627426,26.4690048,28.7858472,26.016087,29.238765,25.54501175,29.70984025
2023-03-25 21:00:00,27.3,27.402075,26.2436538,28.5604962,25.790736,29.013414,25.31966075,29.48448925
2023-03-25 22:00:00,27.2,26.950605,25.7921838,28.1090262,25.339266,28.561944,24.86819075,29.03301925
2023-03-25 23:00:00,27.0,26.681452,25.5230308,27.8398732,25.070113,28.292791,24.59903775,28.76386625
2023-03-26 00:00:00,26.5,26.43805,25.2796288,27.5964712,24.826711,28.049389,24.35563575,28.52046425
2023-03-26 01:00:00,26.3,26.342573,25.184151800000002,27.5009942,24.731234,27.953912000000003,24.260158750000002,28.42498725
2023-03-26 02:00:00,26.0,26.242296,25.0838748,27.4007172,24.630957,27.853635,24.15988175,28.32471025
2023-03-26 03:00:00,25.5,26.163982,25.0055608,27.3224032,24.552643,27.775321,24.08156775,28.24639625
2023-03-26 04:00:00,25.4,26.150488,24.9920668,27.3089092,24.539149,27.761827,24.06807375,28.23290225
2023-03-26 05:00:00,26.3,26.328928,25.170506800000002,27.4873492,24.717589,27.940267000000002,24.246513750000002,28.41134225
2023-03-26 06:00:00,26.6,26.67249,25.5140688,27.8309112,25.061151,28.283829,24.59007575,28.75490425
2023-03-26 07:00:00,28.1,27.846556,26.6881348,29.0049772,26.235217,29.457895,25.76414175,29.92897025
2023-03-26 08:00:00,29.6,29.154478,27.9960568,30.3128992,27.543139,30.765817000000002,27.07206375,31.23689225
2023-03-26 09:00:00,31.2,30.088303,28.9298818,31.2467242,28.476964,31.699642,28.00588875,32.170717249999996
2023-03-26 10:00:00,32.5,31.007055,29.8486338,32.1654762,29.395716,32.618394,28.924640750000002,33.08946925
2023-03-26 11:00:00,33.0,31.127531,29.969109800000002,32.2859522,29.516192,32.73887,29.045116750000002,33.20994525
2023-03-26 12:00:00,31.8,31.098486,29.940064800000002,32.2569072,29.487147,32.709825,29.016071750000002,33.18090025
2023-03-26 13:00:00,31.7,30.991085,29.832663800000002,32.1495062,29.379746,32.602424,28.908670750000002,33.07349925
2023-03-26 14:00:00,31.1,30.535057,29.3766358,31.693478199999998,28.923717999999997,32.146395999999996,28.45264275,32.617471249999994
2023-03-26 15:00:00,30.3,30.058506,28.900084800000002,31.2169272,28.447167,31.669845000000002,27.976091750000002,32.14092025
2023-03-26 16:00:00,29.7,29.507465,28.3490438,30.6658862,27.896126,31.118804,27.42505075,31.58987925
2023-03-26 17:00:00,29.3,28.951841,27.793419800000002,30.1102622,27.340502,30.563180000000003,26.869426750000002,31.03425525
2023-03-26 18:00:00,28.5,28.218521,27.0600998,29.3769422,26.607181999999998,29.82986,26.13610675,30.30093525
2023-03-26 19:00:00,28.1,27.860542,26.7021208,29.018963199999998,26.249202999999998,29.471881,25.77812775,29.942956249999998
2023-03-26 20:00:00,27.9,27.53297,26.3745488,28.691391199999998,25.921630999999998,29.144309,25.45055575,29.615384249999998
2023-03-26 21:00:00,27.8,27.297474,26.1390528,28.4558952,25.686135,28.908813000000002,25.21505975,29.37988825
2023-03-26 22:00:00,27.6,27.131287,25.9728658,28.2897082,25.519948,28.742626,25.04887275,29.21370125
2023-03-26 23:00:00,27.4,26.837135,25.6787138,27.9955562,25.225796,28.448474,24.75472075,28.91954925
2023-03-27 00:00:00,27.1,26.493166,25.3347448,27.651587199999998,24.881826999999998,28.104505,24.41075175,28.575580249999998
2023-03-27 01:00:00,26.8,26.151932,24.9935108,27.310353199999998,24.540592999999998,27.763271,24.06951775,28.234346249999998
2023-03-27 02:00:00,26.3,26.032038,24.8736168,27.1904592,24.420699,27.643377,23.94962375,28.11445225
2023-03-27 03:00:00,26.2,25.60087,24.4424488,26.7592912,23.989531,27.212209,23.51845575,27.68328425
2023-03-27 04:00:00,25.9,25.478207,24.319785800000002,26.6366282,23.866868,27.089546000000002,23.395792750000002,27.56062125
2023-03-27 05:00:00,26.7,25.820934,24.662512800000002,26.9793552,24.209595,27.432273000000002,23.738519750000002,27.90334825
2023-03-27 06:00:00,27.2,26.515272,25.3568508,27.6736932,24.903933,28.126611,24.43285775,28.59768625
2023-03-27 07:00:00,28.2,28.071821,26.9133998,29.2302422,26.460482,29.68316,25.98940675,30.15423525
2023-03-27 08:00:00,29.5,29.541792,28.3833708,30.7002132,27.930453,31.153131000000002,27.45937775,31.62420625
2023-03-27 09:00:00,30.9,31.01119,29.8527688,32.1696112,29.399850999999998,32.622529,28.92877575,33.09360425
2023-03-27 10:00:00,32.0,32.1971,31.0386788,33.3555212,30.585760999999998,33.808439,30.11468575,34.27951425
2023-03-27 11:00:00,31.9,32.615204,31.4567828,33.7736252,31.003864999999998,34.226543,30.53278975,34.69761825
2023-03-27 12:00:00,31.4,32.14323,30.984808800000003,33.3016512,30.531891,33.754569000000004,30.060815750000003,34.22564425
2023-03-27 13:00:00,31.4,31.780851,30.6224298,32.9392722,30.169511999999997,33.39219,29.69843675,33.86326525
2023-03-27 14:00:00,30.8,31.264412,30.1059908,32.4228332,29.653073,32.875751,29.18199775,33.34682625
2023-03-27 15:00:00,30.7,30.46411,29.305688800000002,31.6225312,28.852771,32.075449,28.381695750000002,32.54652425
2023-03-27 16:00:00,29.8,29.71915,28.5607288,30.8775712,28.107810999999998,31.330489,27.63673575,31.80156425
2023-03-27 17:00:00,29.1,29.166403,28.0079818,30.3248242,27.555063999999998,30.777742,27.08398875,31.24881725
2023-03-27 18:00:00,28.2,28.543436,27.3850148,29.7018572,26.932097,30.154775,26.46102175,30.62585025
2023-03-27 19:00:00,28.0,28.125029,26.966607800000002,29.2834502,26.51369,29.736368000000002,26.042614750000002,30.20744325
2023-03-27 20:00:00,27.7,27.796228,26.6378068,28.9546492,26.184889,29.407567,25.71381375,29.87864225
2023-03-27 21:00:00,27.5,27.704216,26.5457948,28.862637199999998,26.092876999999998,29.315555,25.62180175,29.786630249999998
2023-03-27 22:00:00,27.3,27.520412,26.3619908,28.6788332,25.909073,29.131751,25.43799775,29.60282625
2023-03-27 23:00:00,27.2,27.358133,26.1997118,28.516554199999998,25.746793999999998,28.969472,25.27571875,29.440547249999998
2023-03-28 00:00:00,27.0,26.986937,25.8285158,28.1453582,25.375598,28.598276000000002,24.90452275,29.06935125
2023-03-28 01:00:00,26.7,26.69706,25.5386388,27.8554812,25.085721,28.308399,24.61464575,28.77947425
2023-03-28 02:00:00,26.4,26.283537,25.1251158,27.4419582,24.672197999999998,27.894876,24.20112275,28.36595125
2023-03-28 03:00:00,26.4,26.040037,24.881615800000002,27.1984582,24.428698,27.651376000000003,23.957622750000002,28.12245125
2023-03-28 04:00:00,26.3,25.970016,24.8115948,27.1284372,24.358677,27.581355000000002,23.88760175,28.05243025
2023-03-28 05:00:00,26.5,26.483349,25.3249278,27.6417702,24.87201,28.094688,24.40093475,28.56576325
2023-03-28 06:00:00,26.7,27.065643,25.907221800000002,28.2240642,25.454304,28.676982000000002,24.983228750000002,29.14805725
2023-03-28 07:00:00,28.1,28.173298,27.0148768,29.3317192,26.561958999999998,29.784637,26.09088375,30.25571225
2023-03-28 08:00:00,29.3,29.561657,28.4032358,30.7200782,27.950318,31.172996,27.47924275,31.64407125
2023-03-28 09:00:00,30.5,31.015163,29.8567418,32.1735842,29.403824,32.626502,28.932748750000002,33.09757725
2023-03-28 10:00:00,31.4,31.991484,30.8330628,33.1499052,30.380145,33.602823,29.90906975,34.07389825
2023-03-28 11:00:00,31.7,31.938292,30.7798708,33.096713199999996,30.326953,33.549631,29.85587775,34.020706249999996
2023-03-28 12:00:00,31.1,31.650297,30.4918758,32.808718199999994,30.038957999999997,33.261635999999996,29.56788275,33.732711249999994
2023-03-28 13:00:00,31.2,31.56216,30.4037388,32.7205812,29.950820999999998,33.173499,29.47974575,33.64457425
2023-03-28 14:00:00,30.9,30.91527,29.7568488,32.0736912,29.303931,32.526609,28.83285575,32.99768425
2023-03-28 15:00:00,30.1,30.491451,29.333029800000002,31.6498722,28.880112,32.10279,28.409036750000002,32.57386525
2023-03-28 16:00:00,29.6,29.913765,28.755343800000002,31.0721862,28.302426,31.525104000000002,27.831350750000002,31.99617925
2023-03-28 17:00:00,29.0,29.246454,28.0880328,30.4048752,27.635115,30.857793,27.16403975,31.32886825
2023-03-28 18:00:00,28.1,28.303967,27.1455458,29.4623882,26.692628,29.915306,26.22155275,30.38638125
2023-03-28 19:00:00,27.8,27.916586,26.7581648,29.075007199999998,26.305246999999998,29.527925,25.83417175,29.999000249999998
2023-03-28 20:00:00,27.4,27.68841,26.5299888,28.8468312,26.077071,29.299749000000002,25.60599575,29.77082425
2023-03-28 21:00:00,27.2,27.425573,26.2671518,28.5839942,25.814234,29.036912,25.34315875,29.50798725
2023-03-28 22:00:00,26.8,27.27336,26.1149388,28.4317812,25.662021,28.884699,25.19094575,29.35577425
2023-03-28 23:00:00,26.4,27.051426,25.8930048,28.2098472,25.440087,28.662765,24.96901175,29.13384025
2023-03-29 00:00:00,26.2,26.840212,25.6817908,27.9986332,25.228873,28.451551000000002,24.75779775,28.92262625
2023-03-29 01:00:00,25.9,26.593855,25.435433800000002,27.7522762,24.982516,28.205194000000002,24.511440750000002,28.67626925
2023-03-29 02:00:00,25.4,26.232735,25.074313800000002,27.3911562,24.621396,27.844074000000003,24.150320750000002,28.31514925
2023-03-29 03:00:00,25.0,26.06984,24.9114188,27.2282612,24.458501,27.681179,23.98742575,28.15225425
2023-03-29 04:00:00,24.8,25.964981,24.806559800000002,27.1234022,24.353642,27.576320000000003,23.882566750000002,28.04739525
2023-03-29 05:00:00,25.0,26.199177,25.0407558,27.357598199999998,24.587837999999998,27.810516,24.11676275,28.281591249999998
2023-03-29 06:00:00,25.4,26.576336,25.417914800000002,27.7347572,24.964997,28.187675000000002,24.493921750000002,28.65875025
2023-03-29 07:00:00,26.8,27.892464,26.7340428,29.0508852,26.281125,29.503803,25.81004975,29.97487825
2023-03-29 08:00:00,28.6,29.357544,28.1991228,30.5159652,27.746205,30.968883,27.27512975,31.43995825
2023-03-29 09:00:00,30.0,30.780397,29.6219758,31.9388182,29.169058,32.391736,28.69798275,32.86281125
2023-03-29 10:00:00,31.0,31.637968,30.4795468,32.7963892,30.026629,33.249307,29.55555375,33.72038225
2023-03-29 11:00:00,31.6,31.921047,30.762625800000002,33.0794682,30.309708,33.532386,29.838632750000002,34.00346125
2023-03-29 12:00:00,31.6,31.418556,30.2601348,32.576977199999995,29.807216999999998,33.029894999999996,29.33614175,33.500970249999995
2023-03-29 13:00:00,31.3,31.270456,30.1120348,32.428877199999995,29.659117,32.881795,29.18804175,33.352870249999995
2023-03-29 14:00:00,31.0,30.915499,29.7570778,32.073920199999996,29.30416,32.526838,28.83308475,32.997913249999996
2023-03-29 15:00:00,30.5,30.362011,29.2035898,31.5204322,28.750671999999998,31.97335,28.27959675,32.444425249999995
2023-03-29 16:00:00,29.5,29.67822,28.5197988,30.8366412,28.066881,31.289559,27.59580575,31.76063425
2023-03-29 17:00:00,28.8,28.97565,27.817228800000002,30.1340712,27.364311,30.586989000000003,26.893235750000002,31.05806425
2023-03-29 18:00:00,28.0,28.069658,26.9112368,29.2280792,26.458319,29.680997,25.98724375,30.15207225
2023-03-29 19:00:00,27.6,27.748352,26.5899308,28.9067732,26.137013,29.359691,25.66593775,29.83076625
2023-03-29 20:00:00,27.3,27.431892,26.273470800000002,28.5903132,25.820553,29.043231000000002,25.349477750000002,29.51430625
2023-03-29 21:00:00,27.0,27.246386,26.0879648,28.4048072,25.635047,28.857725000000002,25.16397175,29.32880025
2023-03-29 22:00:00,26.9,26.83509,25.6766688,27.9935112,25.223751,28.446429000000002,24.75267575,28.91750425
2023-03-29 23:00:00,26.5,26.364634,25.2062128,27.523055199999998,24.753294999999998,27.975973,24.28221975,28.447048249999998
2023-03-30 00:00:00,26.2,26.238247,25.079825800000002,27.3966682,24.626908,27.849586000000002,24.155832750000002,28.32066125
2023-03-30 01:00:00,25.6,25.829432,24.6710108,26.9878532,24.218093,27.440771,23.74701775,27.91184625
2023-03-30 02:00:00,25.3,25.469824,24.3114028,26.6282452,23.858484999999998,27.081163,23.38740975,27.55223825
2023-03-30 03:00:00,25.0,25.21239,24.0539688,26.3708112,23.601051,26.823729,23.12997575,27.29480425
2023-03-30 04:00:00,24.7,25.196245,24.0378238,26.3546662,23.584906,26.807584000000002,23.11383075,27.27865925
2023-03-30 05:00:00,25.9,25.287111,24.1286898,26.4455322,23.675772,26.89845,23.20469675,27.36952525
2023-03-30 06:00:00,26.5,25.710625,24.5522038,26.8690462,24.099286,27.321964,23.62821075,27.79303925
2023-03-30 07:00:00,27.5,27.088665,25.9302438,28.2470862,25.477325999999998,28.700004,25.00625075,29.17107925
2023-03-30 08:00:00,28.8,29.05177,27.893348800000002,30.2101912,27.440431,30.663109000000002,26.969355750000002,31.13418425
2023-03-30 09:00:00,30.4,30.202467,29.0440458,31.360888199999998,28.591127999999998,31.813806,28.12005275,32.28488125
2023-03-30 10:00:00,31.6,31.214493,30.0560718,32.3729142,29.603154,32.825832,29.13207875,33.29690725
2023-03-30 11:00:00,32.4,31.829277,30.670855800000002,32.9876982,30.217938,33.440616,29.746862750000002,33.91169125
2023-03-30 12:00:00,32.1,31.715687,30.5572658,32.874108199999995,30.104347999999998,33.327026,29.63327275,33.798101249999995
2023-03-30 13:00:00,31.5,31.486166,30.3277448,32.6445872,29.874827,33.097505,29.40375175,33.56858025
2023-03-30 14:00:00,31.1,31.121292,29.9628708,32.279713199999996,29.509953,32.732631,29.03887775,33.203706249999996
2023-03-30 15:00:00,30.6,30.522858,29.3644368,31.6812792,28.911519,32.134197,28.44044375,32.60527225
2023-03-30 16:00:00,29.8,29.81125,28.6528288,30.9696712,28.199911,31.422589000000002,27.728835750000002,31.89366425
2023-03-30 17:00:00,29.1,28.918022,27.7596008,30.0764432,27.306683,30.529361,26.83560775,31.00043625
2023-03-30 18:00:00,28.4,28.023336,26.8649148,29.1817572,26.411997,29.634675,25.94092175,30.10575025
2023-03-30 19:00:00,28.2,27.713264,26.5548428,28.871685199999998,26.101924999999998,29.324603,25.63084975,29.795678249999998
2023-03-30 20:00:00,28.0,27.528301,26.3698798,28.6867222,25.916961999999998,29.13964,25.44588675,29.61071525
2023-03-30 21:00:00,27.8,27.288841,26.130419800000002,28.4472622,25.677502,28.900180000000002,25.206426750000002,29.37125525
2023-03-30 22:00:00,27.5,26.988878,25.8304568,28.1472992,25.377539,28.600217,24.90646375,29.07129225
2023-03-30 23:00:00,27.3,26.53491,25.3764888,27.6933312,24.923571,28.146249,24.45249575,28.61732425
2023-03-31 00:00:00,26.9,26.261898,25.1034768,27.420319199999998,24.650558999999998,27.873237,24.17948375,28.344312249999998
2023-03-31 01:00:00,26.6,25.771511,24.6130898,26.9299322,24.160172,27.38285,23.68909675,27.85392525
2023-03-31 02:00:00,26.4,25.536995,24.3785738,26.6954162,23.925656,27.148334000000002,23.45458075,27.61940925
2023-03-31 03:00:00,26.2,25.16679,24.0083688,26.3252112,23.555450999999998,26.778129,23.08437575,27.24920425
2023-03-31 04:00:00,26.1,25.050167,23.8917458,26.208588199999998,23.438827999999997,26.661506,22.96775275,27.132581249999998
2023-03-31 05:00:00,26.1,25.493721,24.3352998,26.6521422,23.882382,27.10506,23.41130675,27.57613525
2023-03-31 06:00:00,26.5,26.36195,25.2035288,27.5203712,24.750611,27.973289,24.27953575,28.44436425
2023-03-31 07:00:00,28.2,27.422398,26.263976800000002,28.5808192,25.811059,29.033737000000002,25.339983750000002,29.50481225
2023-03-31 08:00:00,29.7,28.897455,27.7390338,30.0558762,27.286116,30.508794,26.81504075,30.97986925
2023-03-31 09:00:00,31.1,30.43385,29.2754288,31.5922712,28.822511,32.045189,28.35143575,32.51626425
2023-03-31 10:00:00,31.8,31.664022,30.5056008,32.822443199999995,30.052683,33.275361,29.58160775,33.746436249999995
2023-03-31 11:00:00,32.3,32.376717,31.2182958,33.5351382,30.765378,33.988056,30.29430275,34.45913125
2023-03-31 12:00:00,31.8,32.23406,31.0756388,33.3924812,30.622721,33.845399,30.15164575,34.31647425
2023-03-31 13:00:00,30.2,31.77999,30.621568800000002,32.9384112,30.168651,33.391329,29.697575750000002,33.86240425
2023-03-31 14:00:00,31.2,31.260387,30.101965800000002,32.4188082,29.649048,32.871726,29.177972750000002,33.34280125
2023-03-31 15:00:00,31.1,30.712446,29.5540248,31.8708672,29.101107,32.323785,28.63003175,32.79486025
2023-03-31 16:00:00,30.3,29.88218,28.723758800000002,31.0406012,28.270841,31.493519000000003,27.799765750000002,31.96459425
2023-03-31 17:00:00,29.5,29.192234,28.0338128,30.3506552,27.580894999999998,30.803573,27.10981975,31.27464825
2023-03-31 18:00:00,28.6,28.473972,27.3155508,29.6323932,26.862633,30.085311,26.39155775,30.55638625
2023-03-31 19:00:00,28.5,28.171469,27.0130478,29.329890199999998,26.560129999999997,29.782808,26.08905475,30.253883249999998
2023-03-31 20:00:00,28.4,27.925667,26.7672458,29.0840882,26.314328,29.537006,25.84325275,30.00808125
2023-03-31 21:00:00,28.1,27.767218,26.6087968,28.9256392,26.155879,29.378557,25.68480375,29.84963225
2023-03-31 22:00:00,28.0,27.54006,26.3816388,28.6984812,25.928721,29.151399,25.45764575,29.62247425
2023-03-31 23:00:00,27.8,27.276731,26.118309800000002,28.4351522,25.665392,28.888070000000003,25.194316750000002,29.35914525
2023-04-01 00:00:00,27.5,27.00723,25.8488088,28.1656512,25.395891,28.618569,24.92481575,29.08964425
2023-04-01 01:00:00,27.3,26.745224,25.5868028,27.9036452,25.133885,28.356563,24.66280975,28.82763825
2023-04-01 02:00:00,27.2,26.526178,25.367756800000002,27.6845992,24.914839,28.137517000000003,24.443763750000002,28.60859225
2023-04-01 03:00:00,27.0,26.298084,25.1396628,27.4565052,24.686745,27.909423,24.21566975,28.38049825
2023-04-01 04:00:00,26.9,26.265717,25.1072958,27.424138199999998,24.654377999999998,27.877056,24.18330275,28.348131249999998
2023-04-01 05:00:00,27.2,26.439644,25.281222800000002,27.5980652,24.828305,28.050983000000002,24.357229750000002,28.52205825
2023-04-01 06:00:00,27.2,26.812862,25.6544408,27.9712832,25.201522999999998,28.424201,24.73044775,28.89527625
2023-04-01 07:00:00,28.4,28.156477,26.9980558,29.3148982,26.545137999999998,29.767816,26.07406275,30.238891249999998
2023-04-01 08:00:00,29.6,29.566935,28.4085138,30.7253562,27.955596,31.178274000000002,27.48452075,31.64934925
2023-04-01 09:00:00,30.9,31.03987,29.8814488,32.1982912,29.428531,32.651209,28.95745575,33.12228425
2023-04-01 10:00:00,31.9,32.0312,30.8727788,33.1896212,30.419860999999997,33.642539,29.94878575,34.11361425
2023-04-01 11:00:00,32.9,32.273575,31.1151538,33.4319962,30.662236,33.884914,30.19116075,34.35598925
2023-04-01 12:00:00,29.7,32.114727,30.956305800000003,33.2731482,30.503388,33.726066,30.032312750000003,34.19714125
2023-04-01 13:00:00,30.4,31.980883,30.8224618,33.1393042,30.369543999999998,33.592222,29.89846875,34.06329725
2023-04-01 14:00:00,30.8,31.300072,30.1416508,32.4584932,29.688733,32.911411,29.21765775,33.38248625
2023-04-01 15:00:00,30.6,30.969776,29.8113548,32.128197199999995,29.358437,32.581115,28.88736175,33.052190249999995
2023-04-01 16:00:00,30.1,30.302681,29.1442598,31.4611022,28.691342,31.91402,28.22026675,32.38509525
2023-04-01 17:00:00,29.1,29.497952,28.339530800000002,30.6563732,27.886613,31.109291000000002,27.415537750000002,31.58036625
2023-04-01 18:00:00,28.2,28.69033,27.5319088,29.8487512,27.078991,30.301669,26.60791575,30.77274425
2023-04-01 19:00:00,28.0,28.444485,27.2860638,29.6029062,26.833146,30.055824,26.36207075,30.52689925
2023-04-01 20:00:00,28.0,28.395418,27.2369968,29.5538392,26.784079,30.006757,26.31300375,30.47783225
2023-04-01 21:00:00,28.2,28.063103,26.904681800000002,29.2215242,26.451764,29.674442000000003,25.980688750000002,30.14551725
2023-04-01 22:00:00,28.3,27.83663,26.6782088,28.9950512,26.225291,29.447969,25.75421575,29.91904425
2023-04-01 23:00:00,28.2,27.595108,26.4366868,28.7535292,25.983769,29.206447,25.51269375,29.67752225
2023-04-02 00:00:00,28.1,27.237907,26.0794858,28.3963282,25.626568,28.849246,25.15549275,29.32032125
2023-04-02 01:00:00,27.9,27.012169,25.8537478,28.1705902,25.40083,28.623508,24.92975475,29.09458325
2023-04-02 02:00:00,27.8,26.96263,25.8042088,28.1210512,25.351291,28.573969,24.88021575,29.04504425
2023-04-02 03:00:00,27.5,26.849384,25.6909628,28.0078052,25.238045,28.460723,24.76696975,28.93179825
2023-04-02 04:00:00,27.2,26.644741,25.4863198,27.8031622,25.033402,28.25608,24.56232675,28.72715525
2023-04-02 05:00:00,27.7,27.049984,25.8915628,28.208405199999998,25.438644999999998,28.661323,24.96756975,29.132398249999998
2023-04-02 06:00:00,27.3,27.232264,26.0738428,28.3906852,25.620925,28.843603,25.14984975,29.31467825
2023-04-02 07:00:00,27.9,28.614641,27.4562198,29.7730622,27.003301999999998,30.22598,26.53222675,30.69705525
2023-04-02 08:00:00,28.6,30.008797,28.850375800000002,31.1672182,28.397458,31.620136000000002,27.926382750000002,32.09121125
2023-04-02 09:00:00,30.0,31.340681,30.1822598,32.499102199999996,29.729342,32.95202,29.25826675,33.423095249999996
2023-04-02 10:00:00,31.0,32.224285,31.065863800000002,33.3827062,30.612946,33.835624,30.141870750000002,34.30669925
2023-04-02 11:00:00,31.3,32.662045,31.5036238,33.8204662,31.050705999999998,34.273384,30.57963075,34.74445925
2023-04-02 12:00:00,31.3,32.409595,31.251173800000004,33.5680162,30.798256000000002,34.020934000000004,30.327180750000004,34.49200925
2023-04-02 13:00:00,31.2,30.700356,29.5419348,31.8587772,29.089017,32.311695,28.61794175,32.78277025
2023-04-02 14:00:00,30.6,31.115751,29.9573298,32.274172199999995,29.504412,32.72709,29.03333675,33.198165249999995
2023-04-02 15:00:00,30.3,30.84801,29.6895888,32.006431199999994,29.236670999999998,32.459348999999996,28.76559575,32.930424249999994
2023-04-02 16:00:00,29.4,30.155613,28.9971918,31.3140342,28.544273999999998,31.766952,28.07319875,32.238027249999995
2023-04-02 17:00:00,28.9,29.35262,28.194198800000002,30.5110412,27.741281,30.963959000000003,27.270205750000002,31.43503425
2023-04-02 18:00:00,28.2,28.376875,27.2184538,29.535296199999998,26.765535999999997,29.988214,26.29446075,30.459289249999998
2023-04-02 19:00:00,28.0,28.201391,27.0429698,29.3598122,26.590052,29.812730000000002,26.11897675,30.28380525
2023-04-02 20:00:00,27.9,28.183607,27.0251858,29.342028199999998,26.572267999999998,29.794946,26.10119275,30.266021249999998
2023-04-02 21:00:00,27.7,28.078613,26.9201918,29.2370342,26.467274,29.689952,25.99619875,30.16102725
2023-04-02 22:00:00,27.7,28.18333,27.024908800000002,29.3417512,26.571991,29.794669000000003,26.100915750000002,30.26574425
2023-04-02 23:00:00,27.6,28.026075,26.8676538,29.184496199999998,26.414735999999998,29.637414,25.94366075,30.108489249999998
2023-04-03 00:00:00,27.5,27.816717,26.6582958,28.9751382,26.205378,29.428056,25.73430275,29.89913125
2023-04-03 01:00:00,27.3,27.6186,26.4601788,28.7770212,26.007261,29.229939,25.53618575,29.70101425
2023-04-03 02:00:00,27.2,27.519423,26.3610018,28.6778442,25.908084,29.130762,25.43700875,29.60183725
2023-04-03 03:00:00,27.2,27.198677,26.0402558,28.3570982,25.587338,28.810016,25.11626275,29.28109125
2023-04-03 04:00:00,27.1,26.959696,25.8012748,28.1181172,25.348357,28.571035000000002,24.87728175,29.04211025
2023-04-03 05:00:00,27.1,27.394072,26.235650800000002,28.5524932,25.782733,29.005411000000002,25.311657750000002,29.47648625
2023-04-03 06:00:00,27.4,27.29809,26.1396688,28.456511199999998,25.686750999999997,28.909429,25.21567575,29.380504249999998
2023-04-03 07:00:00,28.5,28.118961,26.9605398,29.277382199999998,26.507621999999998,29.7303,26.03654675,30.201375249999998
2023-04-03 08:00:00,29.5,29.073544,27.9151228,30.231965199999998,27.462204999999997,30.684883,26.99112975,31.155958249999998
2023-04-03 09:00:00,30.4,30.490713,29.3322918,31.6491342,28.879374,32.102052,28.40829875,32.57312725
2023-04-03 10:00:00,31.1,31.339365,30.1809438,32.4977862,29.728026,32.950704,29.25695075,33.42177925
2023-04-03 11:00:00,31.3,31.845833,30.6874118,33.0042542,30.234493999999998,33.457172,29.76341875,33.92824725
2023-04-03 12:00:00,31.6,31.583431,30.4250098,32.7418522,29.972092,33.19477,29.50101675,33.66584525
2023-04-03 13:00:00,31.4,31.60203,30.4436088,32.7604512,29.990690999999998,33.213369,29.51961575,33.68444425
2023-04-03 14:00:00,30.9,31.149008,29.9905868,32.307429199999994,29.537668999999998,32.760346999999996,29.06659375,33.231422249999994
2023-04-03 15:00:00,30.1,30.508049,29.3496278,31.6664702,28.89671,32.119388,28.42563475,32.59046325
2023-04-03 16:00:00,29.8,29.702822,28.544400800000002,30.8612432,28.091483,31.314161000000002,27.620407750000002,31.78523625
2023-04-03 17:00:00,29.1,29.045849,27.8874278,30.2042702,27.43451,30.657188,26.96343475,31.12826325
2023-04-03 18:00:00,28.4,28.243597,27.085175800000002,29.4020182,26.632258,29.854936000000002,26.161182750000002,30.32601125
2023-04-03 19:00:00,28.1,27.969318,26.810896800000002,29.1277392,26.357979,29.580657000000002,25.886903750000002,30.05173225
2023-04-03 20:00:00,27.9,27.828693,26.670271800000002,28.9871142,26.217354,29.440032000000002,25.746278750000002,29.91110725
2023-04-03 21:00:00,27.7,27.677189,26.5187678,28.835610199999998,26.065849999999998,29.288528,25.59477475,29.759603249999998
2023-04-03 22:00:00,27.5,27.665201,26.5067798,28.8236222,26.053862,29.27654,25.58278675,29.74761525
2023-04-03 23:00:00,27.3,27.58658,26.428158800000002,28.7450012,25.975241,29.197919000000002,25.504165750000002,29.66899425
2023-04-04 00:00:00,27.2,27.320112,26.161690800000002,28.4785332,25.708773,28.931451000000003,25.237697750000002,29.40252625
2023-04-04 01:00:00,26.9,27.19564,26.0372188,28.3540612,25.584301,28.806979000000002,25.11322575,29.27805425
2023-04-04 02:00:00,26.6,27.13245,25.9740288,28.290871199999998,25.521110999999998,28.743789,25.05003575,29.214864249999998
2023-04-04 03:00:00,26.5,27.059528,25.9011068,28.2179492,25.448189,28.670867,24.97711375,29.14194225
2023-04-04 04:00:00,26.5,26.948421,25.7899998,28.1068422,25.337082,28.55976,24.86600675,29.03083525
2023-04-04 05:00:00,27.4,27.062008,25.9035868,28.220429199999998,25.450668999999998,28.673347,24.97959375,29.144422249999998
2023-04-04 06:00:00,27.6,27.228704,26.0702828,28.3871252,25.617365,28.840043,25.14628975,29.31111825
2023-04-04 07:00:00,28.6,28.455404,27.296982800000002,29.6138252,26.844065,30.066743000000002,26.372989750000002,30.53781825
2023-04-04 08:00:00,29.9,29.451853,28.2934318,30.6102742,27.840514,31.063192,27.36943875,31.53426725
2023-04-04 09:00:00,31.4,30.464867,29.306445800000002,31.6232882,28.853528,32.076206,28.382452750000002,32.54728125
2023-04-04 10:00:00,32.5,31.331213,30.172791800000002,32.4896342,29.719874,32.942552,29.248798750000002,33.41362725
2023-04-04 11:00:00,32.7,31.607658,30.4492368,32.7660792,29.996319,33.218997,29.52524375,33.69007225
2023-04-04 12:00:00,32.3,31.746298,30.5878768,32.904719199999995,30.134959,33.357637,29.66388375,33.828712249999995
2023-04-04 13:00:00,31.8,31.553438,30.3950168,32.7118592,29.942099,33.164777,29.47102375,33.63585225
2023-04-04 14:00:00,31.5,31.08518,29.9267588,32.2436012,29.473841,32.696519,29.002765750000002,33.16759425
2023-04-04 15:00:00,30.5,30.437702,29.279280800000002,31.5961232,28.826363,32.049041,28.355287750000002,32.52011625
2023-04-04 16:00:00,30.0,29.71569,28.5572688,30.874111199999998,28.104350999999998,31.327029,27.63327575,31.798104249999998
2023-04-04 17:00:00,29.3,29.14252,27.9840988,30.3009412,27.531181,30.753859000000002,27.06010575,31.22493425
2023-04-04 18:00:00,28.5,28.418867,27.2604458,29.577288199999998,26.807527999999998,30.030206,26.33645275,30.501281249999998
2023-04-04 19:00:00,28.2,28.159866,27.0014448,29.3182872,26.548527,29.771205000000002,26.07745175,30.24228025
2023-04-04 20:00:00,28.1,27.865786,26.7073648,29.0242072,26.254447,29.477125,25.78337175,29.94820025
2023-04-04 21:00:00,27.9,27.687088,26.5286668,28.8455092,26.075749,29.298427,25.60467375,29.76950225
2023-04-04 22:00:00,27.6,27.494532,26.3361108,28.6529532,25.883193,29.105871,25.41211775,29.57694625
2023-04-04 23:00:00,27.2,27.307634,26.1492128,28.4660552,25.696295,28.918973,25.22521975,29.39004825
2023-04-05 00:00:00,26.9,27.140926,25.9825048,28.2993472,25.529587,28.752265,25.05851175,29.22334025
2023-04-05 01:00:00,26.8,26.857878,25.6994568,28.0162992,25.246539,28.469217,24.77546375,28.94029225
2023-04-05 02:00:00,26.6,26.733425,25.5750038,27.8918462,25.122086,28.344764,24.65101075,28.81583925
2023-04-05 03:00:00,26.5,26.594772,25.4363508,27.7531932,24.983432999999998,28.206111,24.51235775,28.67718625
2023-04-05 04:00:00,26.5,26.642147,25.483725800000002,27.8005682,25.030808,28.253486000000002,24.559732750000002,28.72456125
2023-04-05 05:00:00,26.9,27.219452,26.0610308,28.3778732,25.608113,28.830791,25.13703775,29.30186625
2023-04-05 06:00:00,27.4,27.449053,26.2906318,28.6074742,25.837714,29.060392,25.36663875,29.53146725
2023-04-05 07:00:00,28.6,28.669764,27.5113428,29.8281852,27.058425,30.281103,26.58734975,30.75217825
2023-04-05 08:00:00,29.9,29.929995,28.771573800000002,31.0884162,28.318656,31.541334000000003,27.847580750000002,32.01240925
2023-04-05 09:00:00,31.5,31.330664,30.1722428,32.4890852,29.719324999999998,32.942003,29.24824975,33.41307825
2023-04-05 10:00:00,32.6,32.298073,31.139651800000003,33.4564942,30.686734,33.909412,30.215658750000003,34.38048725
2023-04-05 11:00:00,32.9,32.477104,31.318682799999998,33.6355252,30.865764999999996,34.088443,30.394689749999998,34.559518249999996
2023-04-05 12:00:00,32.5,32.426395,31.2679738,33.5848162,30.815056,34.037734,30.34398075,34.50880925
2023-04-05 13:00:00,32.2,32.001755,30.843333800000003,33.1601762,30.390416000000002,33.613094000000004,29.919340750000003,34.08416925
2023-04-05 14:00:00,31.7,31.531454,30.3730328,32.689875199999996,29.920115,33.142793,29.44903975,33.613868249999996
2023-04-05 15:00:00,31.0,30.666698,29.5082768,31.8251192,29.055359,32.278037,28.58428375,32.749112249999996
2023-04-05 16:00:00,30.3,30.047297,28.8888758,31.2057182,28.435958,31.658636,27.96488275,32.12971125
2023-04-05 17:00:00,30.3,29.307522,28.1491008,30.465943199999998,27.696182999999998,30.918861,27.22510775,31.389936249999998
2023-04-05 18:00:00,29.1,28.604435,27.4460138,29.762856199999998,26.993095999999998,30.215774,26.52202075,30.686849249999998
2023-04-05 19:00:00,28.7,28.16051,27.0020888,29.318931199999998,26.549170999999998,29.771849,26.07809575,30.242924249999998
2023-04-05 20:00:00,28.6,28.014849,26.856427800000002,29.1732702,26.40351,29.626188000000003,25.932434750000002,30.09726325
2023-04-05 21:00:00,28.3,27.803404,26.6449828,28.9618252,26.192065,29.414743,25.72098975,29.88581825
2023-04-05 22:00:00,28.0,27.56223,26.4038088,28.7206512,25.950891,29.173569,25.47981575,29.64464425
2023-04-05 23:00:00,27.6,27.241032,26.0826108,28.3994532,25.629693,28.852371,25.15861775,29.32344625
2023-04-06 00:00:00,27.3,26.920889,25.7624678,28.0793102,25.309549999999998,28.532228,24.83847475,29.00330325
2023-04-06 01:00:00,27.1,26.779291,25.6208698,27.9377122,25.167952,28.39063,24.69687675,28.86170525
2023-04-06 02:00:00,26.7,26.752754,25.5943328,27.9111752,25.141415,28.364093,24.67033975,28.83516825
2023-04-06 03:00:00,26.2,26.543028,25.3846068,27.7014492,24.931689,28.154367,24.46061375,28.62544225
2023-04-06 04:00:00,25.9,26.517923,25.3595018,27.6763442,24.906584,28.129262,24.43550875,28.60033725
2023-04-06 05:00:00,25.5,26.955437,25.7970158,28.1138582,25.344098,28.566776,24.87302275,29.03785125
2023-04-06 06:00:00,26.8,27.5154,26.3569788,28.6738212,25.904061,29.126739,25.43298575,29.59781425
2023-04-06 07:00:00,28.4,28.664804,27.5063828,29.8232252,27.053465,30.276143,26.58238975,30.74721825
2023-04-06 08:00:00,29.8,30.062529,28.904107800000002,31.2209502,28.45119,31.673868000000002,27.980114750000002,32.14494325
2023-04-06 09:00:00,30.7,31.350664,30.1922428,32.509085199999994,29.739324999999997,32.962002999999996,29.26824975,33.433078249999994
2023-04-06 10:00:00,31.4,32.455803,31.297381800000004,33.6142242,30.844464000000002,34.067142000000004,30.373388750000004,34.53821725
2023-04-06 11:00:00,31.8,32.85115,31.692728799999998,34.009571199999996,31.239810999999996,34.462489,30.768735749999998,34.933564249999996
2023-04-06 12:00:00,32.0,32.60086,31.442438799999998,33.7592812,30.989520999999996,34.212199,30.518445749999998,34.68327425
2023-04-06 13:00:00,31.9,32.243046,31.0846248,33.4014672,30.631707,33.854385,30.16063175,34.32546025
2023-04-06 14:00:00,31.5,31.950266,30.7918448,33.1086872,30.338926999999998,33.561605,29.86785175,34.03268025
2023-04-06 15:00:00,31.0,31.056831,29.8984098,32.215252199999995,29.445491999999998,32.668169999999996,28.97441675,33.139245249999995
2023-04-06 16:00:00,30.2,30.273026,29.114604800000002,31.4314472,28.661687,31.884365000000003,28.190611750000002,32.35544025
2023-04-06 17:00:00,29.2,29.971128,28.8127068,31.1295492,28.359789,31.582467,27.88871375,32.05354225
2023-04-06 18:00:00,28.3,28.989346,27.830924800000002,30.1477672,27.378007,30.600685000000002,26.906931750000002,31.07176025
2023-04-06 19:00:00,27.9,28.518633,27.360211800000002,29.6770542,26.907294,30.129972000000002,26.436218750000002,30.60104725
2023-04-06 20:00:00,27.6,28.40426,27.2458388,29.5626812,26.792921,30.015599,26.32184575,30.48667425
2023-04-06 21:00:00,27.3,28.164034,27.0056128,29.3224552,26.552695,29.775373000000002,26.08161975,30.24644825
2023-04-06 22:00:00,27.0,27.826073,26.6676518,28.9844942,26.214734,29.437412000000002,25.74365875,29.90848725
2023-04-06 23:00:00,26.6,27.452179,26.2937578,28.6106002,25.84084,29.063518000000002,25.36976475,29.53459325
2023-04-07 00:00:00,26.2,27.149187,25.990765800000002,28.3076082,25.537848,28.760526000000002,25.066772750000002,29.23160125
2023-04-07 01:00:00,25.5,26.974258,25.8158368,28.1326792,25.362918999999998,28.585597,24.89184375,29.05667225
2023-04-07 02:00:00,25.1,26.723745,25.5653238,27.8821662,25.112406,28.335084000000002,24.64133075,28.80615925
2023-04-07 03:00:00,25.2,26.390457,25.232035800000002,27.5488782,24.779118,28.001796000000002,24.308042750000002,28.47287125
2023-04-07 04:00:00,25.2,26.239548,25.0811268,27.3979692,24.628209,27.850887,24.15713375,28.32196225
2023-04-07 05:00:00,25.4,26.109882,24.9514608,27.2683032,24.498542999999998,27.721221,24.02746775,28.19229625
2023-04-07 06:00:00,26.3,26.514532,25.3561108,27.6729532,24.903192999999998,28.125871,24.43211775,28.59694625
2023-04-07 07:00:00,28.1,28.341852,27.1834308,29.5002732,26.730513,29.953191,26.25943775,30.42426625
2023-04-07 08:00:00,29.7,29.807041,28.648619800000002,30.9654622,28.195702,31.418380000000003,27.724626750000002,31.88945525
2023-04-07 09:00:00,30.5,30.90158,29.7431588,32.060001199999995,29.290240999999998,32.512919,28.81916575,32.983994249999995
2023-04-07 10:00:00,31.0,31.69492,30.5364988,32.853341199999996,30.083581,33.306259,29.61250575,33.777334249999996
2023-04-07 11:00:00,31.4,31.962824,30.804402800000002,33.1212452,30.351485,33.574163,29.880409750000002,34.04523825
2023-04-07 12:00:00,31.5,32.15926,31.000838800000004,33.3176812,30.547921000000002,33.770599000000004,30.076845750000004,34.24167425
2023-04-07 13:00:00,31.5,31.97766,30.8192388,33.1360812,30.366321,33.588999,29.89524575,34.06007425
2023-04-07 14:00:00,31.3,31.614191,30.455769800000002,32.7726122,30.002852,33.22553,29.531776750000002,33.69660525
2023-04-07 15:00:00,30.7,30.957218,29.7987968,32.1156392,29.345879,32.568557,28.87480375,33.03963225
2023-04-07 16:00:00,29.9,30.314945,29.156523800000002,31.4733662,28.703606,31.926284000000003,28.232530750000002,32.39735925
2023-04-07 17:00:00,29.2,29.640596,28.4821748,30.799017199999998,28.029256999999998,31.251935,27.55818175,31.723010249999998
2023-04-07 18:00:00,28.1,28.547983,27.3895618,29.706404199999998,26.936643999999998,30.159322,26.46556875,30.630397249999998
2023-04-07 19:00:00,27.8,28.074636,26.916214800000002,29.2330572,26.463297,29.685975000000003,25.992221750000002,30.15705025
2023-04-07 20:00:00,27.7,27.910124,26.7517028,29.0685452,26.298785,29.521463,25.82770975,29.99253825
2023-04-07 21:00:00,27.6,27.602783,26.4443618,28.761204199999998,25.991443999999998,29.214122,25.52036875,29.685197249999998
2023-04-07 22:00:00,27.4,27.303385,26.1449638,28.461806199999998,25.692045999999998,28.914724,25.22097075,29.385799249999998
2023-04-07 23:00:00,27.0,26.885536,25.7271148,28.043957199999998,25.274196999999997,28.496875,24.80312175,28.967950249999998
2023-04-08 00:00:00,26.4,26.504648,25.3462268,27.6630692,24.893309,28.115987,24.42223375,28.58706225
2023-04-08 01:00:00,25.7,26.026976,24.868554800000002,27.1853972,24.415637,27.638315000000002,23.944561750000002,28.10939025
2023-04-08 02:00:00,25.6,25.729496,24.5710748,26.8879172,24.118157,27.340835000000002,23.64708175,27.81191025
2023-04-08 03:00:00,25.3,25.682947,24.5245258,26.841368199999998,24.071607999999998,27.294286,23.60053275,27.765361249999998
2023-04-08 04:00:00,26.0,25.645224,24.4868028,26.8036452,24.033884999999998,27.256563,23.56280975,27.72763825
2023-04-08 05:00:00,25.6,25.412197,24.2537758,26.5706182,23.800857999999998,27.023536,23.32978275,27.49461125
2023-04-08 06:00:00,26.5,26.129713,24.9712918,27.2881342,24.518373999999998,27.741052,24.04729875,28.212127249999998
2023-04-08 07:00:00,28.0,27.902353,26.743931800000002,29.0607742,26.291014,29.513692000000002,25.819938750000002,29.98476725
2023-04-08 08:00:00,29.7,29.549362,28.3909408,30.707783199999998,27.938022999999998,31.160701,27.46694775,31.631776249999998
2023-04-08 09:00:00,30.9,30.400518,29.242096800000002,31.5589392,28.789179,32.011857,28.318103750000002,32.48293225
2023-04-08 10:00:00,31.8,31.171871,30.0134498,32.330292199999995,29.560532,32.78321,29.08945675,33.254285249999995
2023-04-08 11:00:00,32.2,31.60567,30.4472488,32.764091199999996,29.994331,33.217009,29.52325575,33.688084249999996
2023-04-08 12:00:00,32.4,31.635553,30.477131800000002,32.7939742,30.024214,33.246892,29.553138750000002,33.71796725
2023-04-08 13:00:00,32.2,31.58935,30.4309288,32.747771199999995,29.978011,33.200689,29.50693575,33.671764249999995
2023-04-08 14:00:00,31.6,31.39153,30.2331088,32.549951199999995,29.780191,33.002869,29.30911575,33.473944249999995
2023-04-08 15:00:00,31.2,30.690712,29.532290800000002,31.8491332,29.079373,32.302051,28.608297750000002,32.77312625
2023-04-08 16:00:00,30.5,29.967007,28.8085858,31.125428199999998,28.355667999999998,31.578346,27.88459275,32.049421249999995
2023-04-08 17:00:00,30.2,29.039595,27.8811738,30.198016199999998,27.428255999999998,30.650934,26.95718075,31.122009249999998
2023-04-08 18:00:00,29.2,28.14361,26.9851888,29.3020312,26.532270999999998,29.754949,26.06119575,30.22602425
2023-04-08 19:00:00,28.8,27.663054,26.5046328,28.8214752,26.051714999999998,29.274393,25.58063975,29.74546825
2023-04-08 20:00:00,28.5,27.51178,26.353358800000002,28.6702012,25.900441,29.123119000000003,25.429365750000002,29.59419425
2023-04-08 21:00:00,28.1,27.520088,26.361666800000002,28.6785092,25.908749,29.131427000000002,25.437673750000002,29.60250225
2023-04-08 22:00:00,27.8,27.256266,26.0978448,28.4146872,25.644927,28.867605,25.17385175,29.33868025
2023-04-08 23:00:00,27.4,26.881926,25.7235048,28.0403472,25.270587,28.493265,24.79951175,28.96434025
2023-04-09 00:00:00,27.1,26.407707,25.2492858,27.566128199999998,24.796367999999998,28.019046,24.32529275,28.490121249999998
2023-04-09 01:00:00,26.9,25.663446,24.5050248,26.8218672,24.052107,27.274785,23.58103175,27.74586025
2023-04-09 02:00:00,26.3,25.465338,24.3069168,26.6237592,23.853998999999998,27.076677,23.38292375,27.54775225
2023-04-09 03:00:00,25.6,25.28089,24.1224688,26.4393112,23.669551,26.892229,23.19847575,27.36330425
2023-04-09 04:00:00,25.5,25.511055,24.3526338,26.6694762,23.899715999999998,27.122394,23.42864075,27.59346925
2023-04-09 05:00:00,25.6,25.38437,24.2259488,26.5427912,23.773031,26.995709,23.30195575,27.46678425
2023-04-09 06:00:00,26.7,26.165089,25.0066678,27.323510199999998,24.553749999999997,27.776428,24.08267475,28.247503249999998
2023-04-09 07:00:00,28.4,27.706915,26.5484938,28.865336199999998,26.095575999999998,29.318254,25.62450075,29.789329249999998
2023-04-09 08:00:00,30.0,29.501394,28.342972800000002,30.6598152,27.890055,31.112733000000002,27.418979750000002,31.58380825
2023-04-09 09:00:00,31.0,30.572824,29.4144028,31.7312452,28.961485,32.184163,28.49040975,32.65523825
2023-04-09 10:00:00,31.5,31.548311,30.389889800000002,32.7067322,29.936972,33.15965,29.465896750000002,33.63072525
2023-04-09 11:00:00,32.1,31.952837,30.7944158,33.111258199999995,30.341497999999998,33.564175999999996,29.87042275,34.035251249999995
2023-04-09 12:00:00,32.3,32.177982,31.0195608,33.3364032,30.566643,33.789321,30.09556775,34.26039625
2023-04-09 13:00:00,32.1,32.00336,30.8449388,33.1617812,30.392021,33.614699,29.92094575,34.08577425
2023-04-09 14:00:00,31.8,31.525524,30.3671028,32.6839452,29.914185,33.136863,29.44310975,33.60793825
2023-04-09 15:00:00,31.1,31.06502,29.9065988,32.223441199999996,29.453681,32.676359,28.98260575,33.147434249999996
2023-04-09 16:00:00,30.4,30.489223,29.3308018,31.6476442,28.877883999999998,32.100562,28.40680875,32.571637249999995
2023-04-09 17:00:00,30.0,29.762897,28.6044758,30.921318199999998,28.151557999999998,31.374236,27.68048275,31.845311249999998
2023-04-09 18:00:00,28.9,28.801308,27.6428868,29.959729199999998,27.189968999999998,30.412647,26.71889375,30.883722249999998
2023-04-09 19:00:00,28.4,28.500345,27.3419238,29.6587662,26.889006,30.111684,26.41793075,30.58275925
2023-04-09 20:00:00,27.9,28.133928,26.9755068,29.2923492,26.522589,29.745267000000002,26.05151375,30.21634225
2023-04-09 21:00:00,27.5,27.888037,26.7296158,29.0464582,26.276698,29.499376,25.80562275,29.97045125
2023-04-09 22:00:00,26.8,27.623922,26.4655008,28.7823432,26.012583,29.235261,25.54150775,29.70633625
2023-04-09 23:00:00,25.8,27.2884,26.1299788,28.4468212,25.677061,28.899739,25.20598575,29.37081425
2023-04-10 00:00:00,25.9,26.97119,25.8127688,28.1296112,25.359851,28.582529,24.88877575,29.05360425
2023-04-10 01:00:00,26.1,26.474243,25.315821800000002,27.6326642,24.862904,28.085582000000002,24.391828750000002,28.55665725
2023-04-10 02:00:00,26.2,26.155668,24.9972468,27.314089199999998,24.544328999999998,27.767007,24.07325375,28.238082249999998
2023-04-10 03:00:00,25.3,25.707504,24.5490828,26.8659252,24.096165,27.318843,23.62508975,27.78991825
2023-04-10 04:00:00,25.0,25.772139,24.6137178,26.9305602,24.1608,27.383478,23.68972475,27.85455325
2023-04-10 05:00:00,25.6,25.629921,24.4714998,26.7883422,24.018582,27.24126,23.54750675,27.71233525
2023-04-10 06:00:00,26.1,26.360039,25.2016178,27.5184602,24.7487,27.971378,24.27762475,28.44245325
2023-04-10 07:00:00,27.4,27.984838,26.8264168,29.1432592,26.373499,29.596177,25.90242375,30.06725225
2023-04-10 08:00:00,29.0,29.91195,28.7535288,31.0703712,28.300611,31.523289000000002,27.82953575,31.99436425
2023-04-10 09:00:00,30.5,30.895794,29.7373728,32.054215199999994,29.284454999999998,32.507132999999996,28.81337975,32.978208249999994
2023-04-10 10:00:00,31.8,31.487644,30.3292228,32.646065199999995,29.876305,33.098983,29.40522975,33.570058249999995
2023-04-10 11:00:00,32.6,31.929863,30.7714418,33.0882842,30.318524,33.541202,29.84744875,34.01227725
2023-04-10 12:00:00,32.9,32.19715,31.0387288,33.3555712,30.585811,33.808489,30.11473575,34.27956425
2023-04-10 13:00:00,33.1,31.996956,30.8385348,33.1553772,30.385617,33.608295,29.91454175,34.07937025
2023-04-10 14:00:00,32.6,31.796268,30.637846800000002,32.9546892,30.184929,33.407607,29.713853750000002,33.87868225
2023-04-10 15:00:00,31.8,31.249397,30.0909758,32.407818199999994,29.638057999999997,32.860735999999996,29.16698275,33.331811249999994
2023-04-10 16:00:00,30.7,30.293745,29.135323800000002,31.4521662,28.682406,31.905084000000002,28.211330750000002,32.37615925
2023-04-10 17:00:00,29.8,29.794374,28.635952800000002,30.9527952,28.183035,31.405713000000002,27.711959750000002,31.87678825
2023-04-10 18:00:00,28.1,28.947693,27.7892718,30.1061142,27.336354,30.559032000000002,26.86527875,31.03010725
2023-04-10 19:00:00,27.5,28.512348,27.3539268,29.6707692,26.901009,30.123687,26.42993375,30.59476225
2023-04-10 20:00:00,27.0,27.981264,26.8228428,29.1396852,26.369925,29.592603,25.89884975,30.06367825
2023-04-10 21:00:00,26.4,27.445223,26.2868018,28.603644199999998,25.833883999999998,29.056562,25.36280875,29.527637249999998
2023-04-10 22:00:00,26.3,27.117565,25.9591438,28.2759862,25.506225999999998,28.728904,25.03515075,29.19997925
2023-04-10 23:00:00,25.6,26.808147,25.649725800000002,27.9665682,25.196808,28.419486000000003,24.725732750000002,28.89056125
2023-04-11 00:00:00,24.7,26.4869,25.3284788,27.645321199999998,24.875560999999998,28.098239,24.40448575,28.569314249999998
2023-04-11 01:00:00,26.6,26.405499,25.2470778,27.5639202,24.794159999999998,28.016838,24.32308475,28.48791325
2023-04-11 02:00:00,23.9,26.170935,25.0125138,27.3293562,24.559596,27.782274,24.08852075,28.25334925
2023-04-11 03:00:00,23.9,25.715195,24.556773800000002,26.8736162,24.103856,27.326534000000002,23.632780750000002,27.79760925
2023-04-11 04:00:00,24.0,25.455688,24.2972668,26.614109199999998,23.844348999999998,27.067027,23.37327375,27.538102249999998
2023-04-11 05:00:00,24.1,25.882906,24.7244848,27.041327199999998,24.271566999999997,27.494245,23.80049175,27.965320249999998
2023-04-11 06:00:00,24.1,26.541277,25.3828558,27.6996982,24.929938,28.152616000000002,24.45886275,28.62369125
2023-04-11 07:00:00,24.9,27.889412,26.7309908,29.0478332,26.278073,29.500751,25.80699775,29.97182625
2023-04-11 08:00:00,27.6,29.398413,28.239991800000002,30.5568342,27.787074,31.009752000000002,27.315998750000002,31.48082725
2023-04-11 09:00:00,30.1,30.758924,29.6005028,31.9173452,29.147585,32.370263,28.67650975,32.84133825
2023-04-11 10:00:00,32.2,31.702524,30.5441028,32.860945199999996,30.091185,33.313863,29.62010975,33.784938249999996
2023-04-11 11:00:00,33.6,32.279533,31.1211118,33.4379542,30.668194,33.890872,30.19711875,34.36194725
2023-04-11 12:00:00,33.8,32.441658,31.283236799999997,33.600079199999996,30.830318999999996,34.052997,30.359243749999997,34.524072249999996
2023-04-11 13:00:00,33.9,32.603745,31.445323800000004,33.7621662,30.992406000000003,34.215084000000004,30.521330750000004,34.68615925
2023-04-11 14:00:00,33.6,32.217087,31.0586658,33.3755082,30.605748,33.828426,30.13467275,34.29950125
2023-04-11 15:00:00,32.7,31.693493,30.5350718,32.851914199999996,30.082154,33.304832,29.61107875,33.775907249999996
2023-04-11 16:00:00,31.5,30.650375,29.4919538,31.8087962,29.039036,32.261714,28.56796075,32.732789249999996
2023-04-11 17:00:00,29.9,29.706413,28.547991800000002,30.8648342,28.095074,31.317752000000002,27.623998750000002,31.78882725
2023-04-11 18:00:00,28.3,28.598408,27.4399868,29.7568292,26.987068999999998,30.209747,26.51599375,30.68082225
2023-04-11 19:00:00,27.7,27.81601,26.6575888,28.974431199999998,26.204670999999998,29.427349,25.73359575,29.898424249999998
2023-04-11 20:00:00,27.4,27.438066,26.2796448,28.5964872,25.826726999999998,29.049405,25.35565175,29.52048025
2023-04-11 21:00:00,27.0,26.970995,25.8125738,28.129416199999998,25.359655999999998,28.582334,24.88858075,29.053409249999998
2023-04-11 22:00:00,26.7,26.61547,25.4570488,27.773891199999998,25.004130999999997,28.226809,24.53305575,28.697884249999998
2023-04-11 23:00:00,25.8,26.053762,24.8953408,27.2121832,24.442422999999998,27.665101,23.97134775,28.13617625
2023-04-12 00:00:00,25.0,25.58898,24.4305588,26.7474012,23.977641,27.200319,23.50656575,27.67139425
2023-04-12 01:00:00,24.8,25.866999,24.7085778,27.0254202,24.25566,27.478338,23.78458475,27.94941325
2023-04-12 02:00:00,24.7,25.258741,24.1003198,26.4171622,23.647402,26.87008,23.17632675,27.34115525
2023-04-12 03:00:00,24.9,24.418964,23.2605428,25.5773852,22.807624999999998,26.030303,22.33654975,26.50137825
2023-04-12 04:00:00,24.5,24.545797,23.3873758,25.7042182,22.934458,26.157136,22.46338275,26.62821125
2023-04-12 05:00:00,24.7,24.742186,23.5837648,25.9006072,23.130847,26.353525,22.65977175,26.82460025
2023-04-12 06:00:00,25.1,24.834219,23.6757978,25.9926402,23.22288,26.445558000000002,22.75180475,26.91663325
2023-04-12 07:00:00,26.2,26.108868,24.9504468,27.2672892,24.497529,27.720207000000002,24.02645375,28.19128225
2023-04-12 08:00:00,28.4,28.483599,27.325177800000002,29.6420202,26.87226,30.094938000000003,26.401184750000002,30.56601325
2023-04-12 09:00:00,30.8,30.206966,29.048544800000002,31.3653872,28.595627,31.818305000000002,28.124551750000002,32.28938025
2023-04-12 10:00:00,33.1,31.906525,30.7481038,33.064946199999994,30.295185999999998,33.517863999999996,29.82411075,33.988939249999994
2023-04-12 11:00:00,34.2,33.03468,31.876258800000002,34.1931012,31.423341,34.646019,30.952265750000002,35.11709425
2023-04-12 12:00:00,34.1,33.131493,31.9730718,34.2899142,31.520153999999998,34.742832,31.04907875,35.21390725
2023-04-12 13:00:00,34.1,33.33035,32.1719288,34.4887712,31.719011000000002,34.941689000000004,31.247935750000003,35.41276425
2023-04-12 14:00:00,33.9,33.276054,32.1176328,34.4344752,31.664715,34.887393,31.193639750000003,35.35846825
2023-04-12 15:00:00,33.3,32.586906,31.4284848,33.7453272,30.975566999999998,34.198245,30.50449175,34.66932025
2023-04-12 16:00:00,32.1,31.101088,29.9426668,32.2595092,29.489749,32.712427,29.01867375,33.18350225
2023-04-12 17:00:00,30.0,30.115294,28.9568728,31.273715199999998,28.503954999999998,31.726633,28.03287975,32.19770825
2023-04-12 18:00:00,28.5,28.60885,27.4504288,29.7672712,26.997511,30.220189,26.52643575,30.69126425
2023-04-12 19:00:00,28.2,27.940895,26.7824738,29.0993162,26.329556,29.552234000000002,25.858480750000002,30.02330925
2023-04-12 20:00:00,27.9,27.61484,26.4564188,28.7732612,26.003501,29.226179000000002,25.53242575,29.69725425
2023-04-12 21:00:00,27.5,27.297592,26.139170800000002,28.4560132,25.686253,28.908931000000003,25.215177750000002,29.38000625
2023-04-12 22:00:00,27.1,26.925081,25.7666598,28.083502199999998,25.313741999999998,28.53642,24.84266675,29.007495249999998
2023-04-12 23:00:00,26.8,26.583097,25.4246758,27.741518199999998,24.971757999999998,28.194436,24.50068275,28.665511249999998
2023-04-13 00:00:00,25.9,25.895847,24.7374258,27.0542682,24.284508,27.507186,23.81343275,27.97826125
2023-04-13 01:00:00,24.6,25.689,24.5305788,26.8474212,24.077661,27.300339,23.60658575,27.77141425
2023-04-13 02:00:00,24.9,25.301535,24.143113800000002,26.4599562,23.690196,26.912874000000002,23.219120750000002,27.38394925
2023-04-13 03:00:00,24.6,25.47377,24.3153488,26.632191199999998,23.862430999999997,27.085109,23.39135575,27.556184249999998
2023-04-13 04:00:00,24.2,25.283752,24.1253308,26.4421732,23.672413,26.895091,23.20133775,27.36616625
2023-04-13 05:00:00,24.6,25.287577,24.1291558,26.4459982,23.676237999999998,26.898916,23.20516275,27.369991249999998
2023-04-13 06:00:00,24.9,25.644161,24.4857398,26.8025822,24.032822,27.2555,23.56174675,27.72657525
2023-04-13 07:00:00,25.4,26.724426,25.5660048,27.8828472,25.113087,28.335765000000002,24.64201175,28.80684025
2023-04-13 08:00:00,28.0,28.693974,27.5355528,29.8523952,27.082635,30.305313,26.61155975,30.77638825
2023-04-13 09:00:00,30.7,30.70912,29.5506988,31.867541199999998,29.097780999999998,32.320459,28.62670575,32.79153425
2023-04-13 10:00:00,33.2,32.742134,31.5837128,33.9005552,31.130795,34.353473,30.65971975,34.82454825
2023-04-13 11:00:00,34.8,33.551247,32.3928258,34.709668199999996,31.939907999999996,35.162586,31.468832749999997,35.633661249999996
2023-04-13 12:00:00,34.8,33.512596,32.3541748,34.6710172,31.901257,35.123935,31.430181750000003,35.59501025
2023-04-13 13:00:00,34.4,33.37185,32.2134288,34.5302712,31.760511,34.983189,31.289435750000003,35.45426425
2023-04-13 14:00:00,34.0,33.068302,31.909880800000003,34.2267232,31.456963000000002,34.679641000000004,30.985887750000003,35.15071625
2023-04-13 15:00:00,33.2,32.688393,31.5299718,33.8468142,31.077053999999997,34.299732,30.60597875,34.77080725
2023-04-13 16:00:00,31.9,31.631191,30.472769800000002,32.7896122,30.019852,33.24253,29.548776750000002,33.71360525
2023-04-13 17:00:00,30.7,30.06677,28.908348800000002,31.2251912,28.455431,31.678109000000003,27.984355750000002,32.14918425
2023-04-13 18:00:00,28.8,28.750126,27.591704800000002,29.9085472,27.138787,30.361465000000003,26.667711750000002,30.83254025
2023-04-13 19:00:00,28.5,28.247335,27.0889138,29.4057562,26.635996,29.858674,26.16492075,30.32974925
2023-04-13 20:00:00,28.2,28.004047,26.8456258,29.1624682,26.392708,29.615386,25.92163275,30.08646125
2023-04-13 21:00:00,27.6,27.682352,26.523930800000002,28.8407732,26.071013,29.293691000000003,25.599937750000002,29.76476625
2023-04-13 22:00:00,27.1,27.376137,26.2177158,28.5345582,25.764798,28.987476,25.29372275,29.45855125
2023-04-13 23:00:00,26.9,26.911942,25.7535208,28.0703632,25.300603,28.523281,24.82952775,28.99435625
2023-04-14 00:00:00,26.4,26.541702,25.3832808,27.7001232,24.930363,28.153041,24.45928775,28.62411625
2023-04-14 01:00:00,25.8,25.629995,24.4715738,26.7884162,24.018656,27.241334000000002,23.54758075,27.71240925
2023-04-14 02:00:00,24.9,25.630592,24.4721708,26.7890132,24.019253,27.241931,23.54817775,27.71300625
2023-04-14 03:00:00,24.2,25.47212,24.3136988,26.6305412,23.860781,27.083459,23.38970575,27.55453425
2023-04-14 04:00:00,23.9,25.091017,23.9325958,26.2494382,23.479678,26.702356,23.00860275,27.17343125
2023-04-14 05:00:00,24.6,25.179743,24.0213218,26.338164199999998,23.568403999999997,26.791082,23.09732875,27.262157249999998
2023-04-14 06:00:00,25.0,25.82699,24.6685688,26.985411199999998,24.215650999999998,27.438329,23.74457575,27.909404249999998
2023-04-14 07:00:00,26.5,26.51024,25.3518188,27.6686612,24.898901,28.121579,24.42782575,28.59265425
2023-04-14 08:00:00,29.2,28.413067,27.254645800000002,29.5714882,26.801728,30.024406000000003,26.330652750000002,30.49548125
2023-04-14 09:00:00,31.7,30.705542,29.547120800000002,31.8639632,29.094203,32.316881,28.623127750000002,32.78795625
2023-04-14 10:00:00,34.0,32.86453,31.706108800000003,34.0229512,31.253191,34.475869,30.782115750000003,34.94694425
2023-04-14 11:00:00,35.3,33.99042,32.8319988,35.1488412,32.379081,35.601759,31.90800575,36.07283425
2023-04-14 12:00:00,34.4,34.21364,33.0552188,35.3720612,32.602301,35.824979,32.13122575,36.29605425
2023-04-14 13:00:00,33.9,33.943783,32.785361800000004,35.1022042,32.332444,35.555122000000004,31.861368750000004,36.02619725
2023-04-14 14:00:00,33.7,33.35347,32.1950488,34.5118912,31.742131,34.964809,31.271055750000002,35.43588425
2023-04-14 15:00:00,32.8,32.665913,31.507491800000004,33.8243342,31.054574000000002,34.277252000000004,30.583498750000004,34.74832725
2023-04-14 16:00:00,31.5,31.597414,30.4389928,32.7558352,29.986075,33.208753,29.51499975,33.67982825
2023-04-14 17:00:00,30.5,30.52169,29.3632688,31.6801112,28.910351,32.133029,28.43927575,32.60410425
2023-04-14 18:00:00,29.2,29.149784,27.9913628,30.3082052,27.538445,30.761123,27.06736975,31.23219825
2023-04-14 19:00:00,28.7,28.540478,27.3820568,29.6988992,26.929139,30.151817,26.45806375,30.62289225
2023-04-14 20:00:00,28.6,28.306,27.1475788,29.4644212,26.694661,29.917339000000002,26.22358575,30.38841425
2023-04-14 21:00:00,28.3,27.93923,26.7808088,29.097651199999998,26.327890999999997,29.550569,25.85681575,30.021644249999998
2023-04-14 22:00:00,27.9,27.546452,26.3880308,28.704873199999998,25.935112999999998,29.157791,25.46403775,29.628866249999998
2023-04-14 23:00:00,27.2,27.284222,26.1258008,28.4426432,25.672883,28.895561,25.20180775,29.36663625
2023-04-15 00:00:00,27.0,27.277597,26.1191758,28.4360182,25.666258,28.888936,25.19518275,29.36001125
2023-04-15 01:00:00,26.6,26.689346,25.5309248,27.8477672,25.078007,28.300685,24.60693175,28.77176025
2023-04-15 02:00:00,26.0,26.094591,24.936169800000002,27.2530122,24.483252,27.705930000000002,24.012176750000002,28.17700525
2023-04-15 03:00:00,25.4,25.406342,24.2479208,26.564763199999998,23.795002999999998,27.017681,23.32392775,27.488756249999998
2023-04-15 04:00:00,25.1,24.674566,23.5161448,25.832987199999998,23.063226999999998,26.285905,22.59215175,26.756980249999998
2023-04-15 05:00:00,25.2,24.998007,23.839585800000002,26.1564282,23.386668,26.609346000000002,22.915592750000002,27.08042125
2023-04-15 06:00:00,25.6,25.843496,24.6850748,27.001917199999998,24.232156999999997,27.454835,23.76108175,27.925910249999998
2023-04-15 07:00:00,27.3,26.821869,25.6634478,27.9802902,25.21053,28.433208,24.73945475,28.90428325
2023-04-15 08:00:00,29.5,29.188984,28.030562800000002,30.3474052,27.577645,30.800323000000002,27.106569750000002,31.27139825
2023-04-15 09:00:00,32.0,31.51858,30.3601588,32.6770012,29.907241,33.129919,29.43616575,33.60099425
2023-04-15 10:00:00,34.3,33.41817,32.259748800000004,34.5765912,31.806831000000003,35.029509000000004,31.335755750000004,35.50058425
2023-04-15 11:00:00,35.5,34.413094,33.2546728,35.5715152,32.801755,36.024433,32.33067975,36.49550825
2023-04-15 12:00:00,35.1,33.980896,32.8224748,35.1393172,32.369557,35.592235,31.898481750000002,36.06331025
2023-04-15 13:00:00,34.4,33.457043,32.2986218,34.6154642,31.845703999999998,35.068382,31.37462875,35.53945725
2023-04-15 14:00:00,34.3,33.233845,32.0754238,34.3922662,31.622506,34.845184,31.151430750000003,35.31625925
2023-04-15 15:00:00,33.5,32.412724,31.254302799999998,33.5711452,30.801384999999996,34.024063,30.330309749999998,34.49513825
2023-04-15 16:00:00,32.3,31.395163,30.2367418,32.553584199999996,29.783824,33.006502,29.31274875,33.477577249999996
2023-04-15 17:00:00,30.6,30.71026,29.551838800000002,31.8686812,29.098921,32.321599,28.627845750000002,32.79267425
2023-04-15 18:00:00,28.8,29.670088,28.5116668,30.8285092,28.058749,31.281427,27.58767375,31.75250225
2023-04-15 19:00:00,28.2,28.962036,27.803614800000002,30.1204572,27.350697,30.573375000000002,26.879621750000002,31.04445025
2023-04-15 20:00:00,27.8,28.768532,27.6101108,29.9269532,27.157193,30.379871,26.68611775,30.85094625
2023-04-15 21:00:00,27.6,28.531431,27.373009800000002,29.6898522,26.920092,30.142770000000002,26.449016750000002,30.61384525
2023-04-15 22:00:00,27.4,28.109743,26.951321800000002,29.2681642,26.498404,29.721082000000003,26.027328750000002,30.19215725
2023-04-15 23:00:00,27.1,27.910942,26.7525208,29.069363199999998,26.299602999999998,29.522281,25.82852775,29.993356249999998
2023-04-16 00:00:00,26.9,27.505585,26.3471638,28.6640062,25.894246,29.116924,25.42317075,29.58799925
2023-04-16 01:00:00,26.3,27.156063,25.9976418,28.3144842,25.544724,28.767402,25.07364875,29.23847725
2023-04-16 02:00:00,25.5,26.858011,25.699589800000002,28.0164322,25.246672,28.469350000000002,24.775596750000002,28.94042525
2023-04-16 03:00:00,24.7,26.089468,24.9310468,27.2478892,24.478129,27.700807,24.00705375,28.17188225
2023-04-16 04:00:00,24.4,25.94256,24.7841388,27.1009812,24.331221,27.553899,23.86014575,28.02497425
2023-04-16 05:00:00,24.7,25.988794,24.8303728,27.147215199999998,24.377454999999998,27.600133,23.90637975,28.071208249999998
2023-04-16 06:00:00,25.2,26.188263,25.0298418,27.3466842,24.576923999999998,27.799602,24.10584875,28.27067725
2023-04-16 07:00:00,27.2,27.541891,26.3834698,28.7003122,25.930552,29.15323,25.45947675,29.62430525
2023-04-16 08:00:00,29.5,29.85141,28.692988800000002,31.0098312,28.240071,31.462749000000002,27.768995750000002,31.93382425
2023-04-16 09:00:00,31.8,32.03513,30.876708800000003,33.1935512,30.423791,33.646469,29.952715750000003,34.11754425
2023-04-16 10:00:00,33.5,33.942123,32.7837018,35.1005442,32.330784,35.553462,31.859708750000003,36.02453725
2023-04-16 11:00:00,34.4,34.809246,33.6508248,35.9676672,33.197907,36.420585,32.72683175,36.89166025
2023-04-16 12:00:00,34.1,34.45672,33.2982988,35.6151412,32.845380999999996,36.068059,32.37430575,36.53913425
2023-04-16 13:00:00,34.0,34.098392,32.9399708,35.256813199999996,32.487052999999996,35.709731,32.01597775,36.180806249999996
2023-04-16 14:00:00,33.3,33.621708,32.4632868,34.7801292,32.010369,35.233047,31.53929375,35.70412225
2023-04-16 15:00:00,32.2,32.97351,31.815088799999998,34.1319312,31.362170999999996,34.584849,30.891095749999998,35.05592425
2023-04-16 16:00:00,31.0,31.919195,30.7607738,33.077616199999994,30.307855999999997,33.530533999999996,29.83678075,34.001609249999994
2023-04-16 17:00:00,30.3,30.558899,29.4004778,31.7173202,28.94756,32.170238,28.47648475,32.641313249999996
2023-04-16 18:00:00,28.7,29.437716,28.279294800000002,30.5961372,27.826377,31.049055000000003,27.355301750000002,31.52013025
2023-04-16 19:00:00,28.4,28.658564,27.5001428,29.816985199999998,27.047224999999997,30.269903,26.57614975,30.740978249999998
2023-04-16 20:00:00,28.1,28.22753,27.069108800000002,29.3859512,26.616191,29.838869000000003,26.145115750000002,30.30994425
2023-04-16 21:00:00,27.9,28.005913,26.8474918,29.1643342,26.394574,29.617252,25.92349875,30.08832725
2023-04-16 22:00:00,27.7,27.833973,26.6755518,28.9923942,26.222634,29.445312,25.75155875,29.91638725
2023-04-16 23:00:00,27.3,27.511591,26.3531698,28.6700122,25.900252,29.12293,25.42917675,29.59400525
2023-04-17 00:00:00,27.0,27.411152,26.252730800000002,28.5695732,25.799813,29.022491000000002,25.328737750000002,29.49356625
2023-04-17 01:00:00,26.6,26.923557,25.7651358,28.0819782,25.312217999999998,28.534896,24.84114275,29.005971249999998
2023-04-17 02:00:00,26.0,26.443151,25.2847298,27.6015722,24.831812,28.05449,24.36073675,28.52556525
2023-04-17 03:00:00,25.3,25.85534,24.696918800000002,27.0137612,24.244001,27.466679000000003,23.772925750000002,27.93775425
2023-04-17 04:00:00,25.0,25.426971,24.268549800000002,26.5853922,23.815632,27.038310000000003,23.344556750000002,27.50938525
2023-04-17 05:00:00,25.5,25.397745,24.2393238,26.5561662,23.786406,27.009084,23.31533075,27.48015925
2023-04-17 06:00:00,26.4,26.004482,24.8460608,27.1629032,24.393143,27.615821,23.92206775,28.08689625
2023-04-17 07:00:00,27.8,27.533728,26.3753068,28.6921492,25.922389,29.145067,25.45131375,29.61614225
2023-04-17 08:00:00,29.7,30.015295,28.8568738,31.173716199999998,28.403955999999997,31.626634,27.93288075,32.097709249999994
2023-04-17 09:00:00,31.7,32.380486,31.2220648,33.5389072,30.769146999999997,33.991825,30.29807175,34.46290025
2023-04-17 10:00:00,33.7,33.40596,32.2475388,34.5643812,31.794621,35.017299,31.32354575,35.48837425
2023-04-17 11:00:00,34.4,34.005375,32.8469538,35.1637962,32.394036,35.616714,31.92296075,36.08778925
2023-04-17 12:00:00,33.6,33.56342,32.4049988,34.7218412,31.952081,35.174759,31.48100575,35.64583425
2023-04-17 13:00:00,33.5,33.32887,32.1704488,34.4872912,31.717531,34.940209,31.246455750000003,35.41128425
2023-04-17 14:00:00,32.8,32.82474,31.6663188,33.9831612,31.213400999999998,34.436079,30.74232575,34.90715425
2023-04-17 15:00:00,32.2,32.09516,30.9367388,33.2535812,30.483821,33.706499,30.01274575,34.17757425
2023-04-17 16:00:00,31.2,31.11906,29.9606388,32.2774812,29.507721,32.730399,29.03664575,33.20147425
2023-04-17 17:00:00,29.8,30.285194,29.1267728,31.4436152,28.673855,31.896533,28.20277975,32.367608249999996
2023-04-17 18:00:00,28.5,28.97871,27.8202888,30.1371312,27.367371,30.590049,26.89629575,31.06112425
2023-04-17 19:00:00,28.2,28.507181,27.3487598,29.6656022,26.895842,30.11852,26.42476675,30.58959525
2023-04-17 20:00:00,27.8,28.309818,27.1513968,29.4682392,26.698479,29.921157,26.22740375,30.39223225
2023-04-17 21:00:00,27.6,27.942196,26.7837748,29.1006172,26.330856999999998,29.553535,25.85978175,30.02461025
2023-04-17 22:00:00,27.4,27.839705,26.6812838,28.998126199999998,26.228365999999998,29.451044,25.75729075,29.922119249999998
2023-04-17 23:00:00,27.0,27.633568,26.4751468,28.7919892,26.022229,29.244907,25.55115375,29.71598225
2023-04-18 00:00:00,26.8,27.297728,26.1393068,28.4561492,25.686389,28.909067,25.21531375,29.38014225
2023-04-18 01:00:00,26.2,26.96081,25.8023888,28.119231199999998,25.349470999999998,28.572149,24.87839575,29.043224249999998
2023-04-18 02:00:00,25.6,26.61296,25.4545388,27.7713812,25.001621,28.224299000000002,24.53054575,28.69537425
2023-04-18 03:00:00,25.3,26.009604,24.8511828,27.1680252,24.398265,27.620943,23.92718975,28.09201825
2023-04-18 04:00:00,25.5,25.78831,24.6298888,26.9467312,24.176970999999998,27.399649,23.70589575,27.87072425
2023-04-18 05:00:00,26.1,25.843908,24.6854868,27.0023292,24.232568999999998,27.455247,23.76149375,27.92632225
2023-04-18 06:00:00,26.9,26.504768,25.3463468,27.663189199999998,24.893428999999998,28.116107,24.42235375,28.587182249999998
2023-04-18 07:00:00,28.5,27.953627,26.7952058,29.1120482,26.342288,29.564966000000002,25.87121275,30.03604125
2023-04-18 08:00:00,30.3,29.667463,28.509041800000002,30.8258842,28.056124,31.278802000000002,27.585048750000002,31.74987725
2023-04-18 09:00:00,32.1,31.79303,30.634608800000002,32.9514512,30.181691,33.404369,29.710615750000002,33.87544425
2023-04-18 10:00:00,33.8,33.320183,32.1617618,34.4786042,31.708844,34.931522,31.23776875,35.40259725
2023-04-18 11:00:00,34.7,33.821064,32.6626428,34.9794852,32.209725,35.432403,31.73864975,35.90347825
2023-04-18 12:00:00,34.1,33.73537,32.576948800000004,34.8937912,32.124031,35.346709000000004,31.652955750000004,35.81778425
2023-04-18 13:00:00,33.8,33.388676,32.2302548,34.547097199999996,31.777336999999996,35.000015,31.306261749999997,35.471090249999996
2023-04-18 14:00:00,33.4,32.978577,31.820155800000002,34.1369982,31.367238,34.589916,30.896162750000002,35.06099125
2023-04-18 15:00:00,32.9,32.15914,31.0007188,33.3175612,30.547801,33.770479,30.07672575,34.24155425
2023-04-18 16:00:00,32.1,31.170177,30.0117558,32.328598199999995,29.558837999999998,32.781515999999996,29.08776275,33.252591249999995
2023-04-18 17:00:00,30.7,30.148685,28.9902638,31.3071062,28.537346,31.760024,28.06627075,32.23109925
2023-04-18 18:00:00,29.1,28.745476,27.5870548,29.9038972,27.134137,30.356815,26.66306175,30.82789025
2023-04-18 19:00:00,28.8,28.41228,27.2538588,29.5707012,26.800940999999998,30.023619,26.32986575,30.49469425
2023-04-18 20:00:00,28.6,28.109472,26.9510508,29.2678932,26.498133,29.720811,26.02705775,30.19188625
2023-04-18 21:00:00,28.3,27.792007,26.633585800000002,28.9504282,26.180668,29.403346000000003,25.709592750000002,29.87442125
2023-04-18 22:00:00,28.0,27.666698,26.5082768,28.8251192,26.055359,29.278037,25.58428375,29.74911225
2023-04-18 23:00:00,27.6,27.380585,26.2221638,28.5390062,25.769246,28.991924,25.29817075,29.46299925
2023-04-19 00:00:00,27.4,27.129635,25.9712138,28.2880562,25.518296,28.740974,25.04722075,29.21204925
2023-04-19 01:00:00,27.1,26.730618,25.5721968,27.8890392,25.119279,28.341957,24.64820375,28.81303225
2023-04-19 02:00:00,26.8,26.144297,24.985875800000002,27.3027182,24.532958,27.755636000000003,24.061882750000002,28.22671125
2023-04-19 03:00:00,26.6,25.9036,24.7451788,27.0620212,24.292261,27.514939000000002,23.82118575,27.98601425
2023-04-19 04:00:00,26.4,25.868643,24.7102218,27.027064199999998,24.257303999999998,27.479982,23.78622875,27.951057249999998
2023-04-19 05:00:00,28.0,26.279245,25.1208238,27.4376662,24.667906,27.890584,24.19683075,28.36165925
2023-04-19 06:00:00,28.4,26.901705,25.7432838,28.0601262,25.290366,28.513044,24.81929075,28.98411925
2023-04-19 07:00:00,29.4,28.600195,27.4417738,29.7586162,26.988856,30.211534,26.51778075,30.68260925
2023-04-19 08:00:00,31.0,30.345804,29.1873828,31.5042252,28.734465,31.957143000000002,28.26338975,32.42821825
2023-04-19 09:00:00,33.0,31.895857,30.7374358,33.0542782,30.284518,33.507196,29.81344275,33.97827125
2023-04-19 10:00:00,34.9,33.345398,32.186976800000004,34.5038192,31.734059000000002,34.956737000000004,31.262983750000004,35.42781225
2023-04-19 11:00:00,36.0,34.025997,32.8675758,35.184418199999996,32.414657999999996,35.637336,31.943582749999997,36.108411249999996
2023-04-19 12:00:00,35.0,33.7985,32.6400788,34.9569212,32.187160999999996,35.409839,31.716085749999998,35.88091425
2023-04-19 13:00:00,34.5,33.407413,32.2489918,34.5658342,31.796073999999997,35.018752,31.32499875,35.48982725
2023-04-19 14:00:00,33.8,33.119984,31.961562800000003,34.2784052,31.508645,34.731323,31.037569750000003,35.20239825
2023-04-19 15:00:00,33.1,32.519287,31.3608658,33.6777082,30.907947999999998,34.130626,30.43687275,34.60170125
2023-04-19 16:00:00,32.1,31.594301,30.435879800000002,32.7527222,29.982962,33.20564,29.511886750000002,33.67671525
2023-04-19 17:00:00,31.3,30.564894,29.4064728,31.7233152,28.953554999999998,32.176232999999996,28.48247975,32.647308249999995
2023-04-19 18:00:00,29.8,29.222225,28.063803800000002,30.3806462,27.610886,30.833564000000003,27.139810750000002,31.30463925
2023-04-19 19:00:00,29.4,28.757269,27.5988478,29.9156902,27.14593,30.368608000000002,26.67485475,30.83968325
2023-04-19 20:00:00,29.1,28.53808,27.3796588,29.6965012,26.926741,30.149419,26.45566575,30.62049425
2023-04-19 21:00:00,28.9,28.323296,27.1648748,29.4817172,26.711956999999998,29.934635,26.24088175,30.40571025
2023-04-19 22:00:00,28.6,28.06155,26.9031288,29.2199712,26.450211,29.672889,25.97913575,30.14396425
2023-04-19 23:00:00,28.5,27.840597,26.6821758,28.9990182,26.229257999999998,29.451936,25.75818275,29.92301125
2023-04-20 00:00:00,28.2,27.488047,26.329625800000002,28.6464682,25.876708,29.099386000000003,25.405632750000002,29.57046125
2023-04-20 01:00:00,28.1,27.282843,26.1244218,28.4412642,25.671504,28.894182,25.20042875,29.36525725
2023-04-20 02:00:00,28.0,27.082474,25.924052800000002,28.2408952,25.471135,28.693813000000002,25.000059750000002,29.16488825
2023-04-20 03:00:00,27.8,27.11296,25.9545388,28.2713812,25.501621,28.724299000000002,25.03054575,29.19537425
2023-04-20 04:00:00,27.6,26.7471,25.5886788,27.9055212,25.135761,28.358439,24.66468575,28.82951425
2023-04-20 05:00:00,28.3,27.084452,25.9260308,28.2428732,25.473112999999998,28.695791,25.00203775,29.166866249999998
2023-04-20 06:00:00,28.3,28.285076,27.1266548,29.4434972,26.673737,29.896415,26.20266175,30.36749025
2023-04-20 07:00:00,29.7,29.440557,28.2821358,30.598978199999998,27.829217999999997,31.051896,27.35814275,31.522971249999998
2023-04-20 08:00:00,31.8,31.074785,29.9163638,32.2332062,29.463445999999998,32.686124,28.99237075,33.15719925
2023-04-20 09:00:00,34.1,33.190376,32.0319548,34.3487972,31.579037,34.801715,31.10796175,35.27279025
2023-04-20 10:00:00,35.7,34.959705,33.8012838,36.1181262,33.348366,36.571044,32.87729075,37.04211925
2023-04-20 11:00:00,35.9,34.978264,33.8198428,36.1366852,33.366925,36.589603000000004,32.895849750000004,37.06067825
2023-04-20 12:00:00,34.4,34.5957,33.4372788,35.7541212,32.984361,36.207039,32.51328575,36.67811425
2023-04-20 13:00:00,33.9,34.33154,33.1731188,35.489961199999996,32.720200999999996,35.942879,32.24912575,36.413954249999996
2023-04-20 14:00:00,33.5,33.807476,32.6490548,34.9658972,32.196137,35.418815,31.725061750000002,35.88989025
2023-04-20 15:00:00,32.7,33.33936,32.1809388,34.4977812,31.728021,34.950699,31.25694575,35.42177425
2023-04-20 16:00:00,31.8,32.417683,31.259261799999997,33.576104199999996,30.806343999999996,34.029022,30.335268749999997,34.500097249999996
2023-04-20 17:00:00,31.0,31.113272,29.9548508,32.271693199999994,29.501932999999998,32.724610999999996,29.03085775,33.195686249999994
2023-04-20 18:00:00,29.9,29.83099,28.6725688,30.9894112,28.219651,31.442329,27.74857575,31.91340425
2023-04-20 19:00:00,29.7,29.440197,28.281775800000002,30.5986182,27.828858,31.051536000000002,27.357782750000002,31.52261125
2023-04-20 20:00:00,29.5,29.107254,27.9488328,30.2656752,27.495915,30.718593000000002,27.02483975,31.18966825
2023-04-20 21:00:00,29.3,28.885942,27.7275208,30.0443632,27.274603,30.497281,26.80352775,30.96835625
2023-04-20 22:00:00,29.2,28.62007,27.4616488,29.778491199999998,27.008730999999997,30.231409,26.53765575,30.702484249999998
2023-04-20 23:00:00,29.0,28.434805,27.2763838,29.5932262,26.823466,30.046144,26.35239075,30.51721925
2023-04-21 00:00:00,28.8,28.260351,27.1019298,29.4187722,26.649012,29.87169,26.17793675,30.34276525
2023-04-21 01:00:00,28.6,28.120361,26.9619398,29.2787822,26.509021999999998,29.7317,26.03794675,30.20277525
2023-04-21 02:00:00,28.2,28.109585,26.9511638,29.2680062,26.498245999999998,29.720924,26.02717075,30.19199925
2023-04-21 03:00:00,28.1,27.928844,26.770422800000002,29.0872652,26.317505,29.540183000000003,25.846429750000002,30.01125825
2023-04-21 04:00:00,28.0,27.69214,26.5337188,28.850561199999998,26.080800999999997,29.303479,25.60972575,29.774554249999998
2023-04-21 05:00:00,28.7,28.08567,26.9272488,29.2440912,26.474331,29.697009,26.00325575,30.16808425
2023-04-21 06:00:00,29.0,28.29373,27.1353088,29.4521512,26.682391,29.905069,26.21131575,30.37614425
2023-04-21 07:00:00,30.0,29.668343,28.5099218,30.8267642,28.057004,31.279682,27.58592875,31.75075725
2023-04-21 08:00:00,31.7,31.691738,30.5333168,32.8501592,30.080399,33.303077,29.60932375,33.77415225
2023-04-21 09:00:00,33.2,34.175755,33.0173338,35.3341762,32.564416,35.787094,32.09334075,36.25816925
2023-04-21 10:00:00,33.9,34.864395,33.7059738,36.0228162,33.253056,36.475734,32.78198075,36.94680925
2023-04-21 11:00:00,33.6,35.065285,33.9068638,36.2237062,33.453946,36.676624000000004,32.982870750000004,37.14769925
2023-04-21 12:00:00,33.6,34.83056,33.6721388,35.9889812,33.219221,36.441899,32.74814575,36.91297425
2023-04-21 13:00:00,33.7,33.790833,32.6324118,34.9492542,32.179494,35.402172,31.70841875,35.87324725
2023-04-21 14:00:00,32.7,33.439976,32.2815548,34.5983972,31.828637,35.051315,31.357561750000002,35.52239025
2023-04-21 15:00:00,30.9,32.86515,31.7067288,34.0235712,31.253811,34.476489,30.78273575,34.94756425
2023-04-21 16:00:00,31.2,31.941679,30.7832578,33.1001002,30.33034,33.553018,29.85926475,34.02409325
2023-04-21 17:00:00,30.6,30.839464,29.6810428,31.9978852,29.228125,32.450803,28.75704975,32.92187825
2023-04-21 18:00:00,29.8,30.085022,28.9266008,31.243443199999998,28.473682999999998,31.696361,28.00260775,32.167436249999994
2023-04-21 19:00:00,29.4,29.563349,28.4049278,30.721770199999998,27.952009999999998,31.174688,27.48093475,31.645763249999998
2023-04-21 20:00:00,29.2,29.380043,28.2216218,30.5384642,27.768704,30.991382,27.29762875,31.46245725
2023-04-21 21:00:00,29.2,29.179625,28.021203800000002,30.3380462,27.568286,30.790964000000002,27.097210750000002,31.26203925
2023-04-21 22:00:00,29.1,29.013481,27.8550598,30.171902199999998,27.402141999999998,30.62482,26.93106675,31.095895249999998
2023-04-21 23:00:00,28.8,28.824596,27.6661748,29.9830172,27.213257,30.435935,26.74218175,30.90701025
2023-04-22 00:00:00,28.5,28.581064,27.422642800000002,29.7394852,26.969725,30.192403000000002,26.498649750000002,30.66347825
2023-04-22 01:00:00,28.2,28.456661,27.2982398,29.6150822,26.845322,30.068,26.37424675,30.53907525
2023-04-22 02:00:00,28.0,28.223846,27.065424800000002,29.3822672,26.612507,29.835185000000003,26.141431750000002,30.30626025
2023-04-22 03:00:00,27.9,28.019587,26.861165800000002,29.1780082,26.408248,29.630926000000002,25.937172750000002,30.10200125
2023-04-22 04:00:00,28.1,27.97166,26.8132388,29.1300812,26.360321,29.582999,25.88924575,30.05407425
2023-04-22 05:00:00,28.6,28.360628,27.2022068,29.519049199999998,26.749288999999997,29.971967,26.27821375,30.443042249999998
2023-04-22 06:00:00,29.0,28.712208,27.5537868,29.8706292,27.100869,30.323547,26.62979375,30.79462225
2023-04-22 07:00:00,30.4,29.964182,28.8057608,31.1226032,28.352843,31.575521000000002,27.88176775,32.04659625
2023-04-22 08:00:00,31.9,31.615381,30.4569598,32.7738022,30.004042,33.22672,29.53296675,33.69779525
2023-04-22 09:00:00,32.7,33.288357,32.1299358,34.4467782,31.677017999999997,34.899696,31.20594275,35.37077125
2023-04-22 10:00:00,33.5,33.96971,32.8112888,35.1281312,32.358371,35.581049,31.88729575,36.05212425
2023-04-22 11:00:00,32.1,33.807873,32.6494518,34.9662942,32.196534,35.419212,31.72545875,35.89028725
2023-04-22 12:00:00,32.4,33.57151,32.413088800000004,34.7299312,31.960171000000003,35.182849000000004,31.489095750000004,35.65392425
2023-04-22 13:00:00,33.2,33.661694,32.5032728,34.8201152,32.050354999999996,35.273033,31.579279749999998,35.74410825
2023-04-22 14:00:00,32.1,32.93882,31.7803988,34.0972412,31.327481,34.550159,30.85640575,35.02123425
2023-04-22 15:00:00,31.5,31.763962,30.6055408,32.9223832,30.152623,33.375301,29.68154775,33.84637625
2023-04-22 16:00:00,31.2,31.226803,30.0683818,32.385224199999996,29.615464,32.838142,29.14438875,33.309217249999996
2023-04-22 17:00:00,30.8,30.577656,29.4192348,31.7360772,28.966317,32.188995,28.49524175,32.66007025
2023-04-22 18:00:00,30.2,29.75309,28.5946688,30.9115112,28.141751,31.364429,27.67067575,31.83550425
2023-04-22 19:00:00,30.0,29.425323,28.2669018,30.583744199999998,27.813983999999998,31.036662,27.34290875,31.507737249999998
2023-04-22 20:00:00,29.8,29.261637,28.1032158,30.4200582,27.650298,30.872976,27.17922275,31.34405125
2023-04-22 21:00:00,29.9,29.074858,27.9164368,30.2332792,27.463518999999998,30.686197,26.99244375,31.15727225
2023-04-22 22:00:00,29.8,28.937792,27.779370800000002,30.0962132,27.326453,30.549131000000003,26.855377750000002,31.02020625
2023-04-22 23:00:00,29.1,28.679853,27.521431800000002,29.8382742,27.068514,30.291192000000002,26.597438750000002,30.76226725
2023-04-23 00:00:00,29.2,28.455008,27.2965868,29.6134292,26.843669,30.066347,26.37259375,30.53742225
2023-04-23 01:00:00,29.3,28.137648,26.9792268,29.296069199999998,26.526308999999998,29.748987,26.05523375,30.220062249999998
2023-04-23 02:00:00,29.0,27.810438,26.652016800000002,28.9688592,26.199099,29.421777000000002,25.728023750000002,29.89285225
2023-04-23 03:00:00,28.7,27.576004,26.4175828,28.7344252,25.964665,29.187343000000002,25.49358975,29.65841825
2023-04-23 04:00:00,28.2,27.700617,26.542195800000002,28.8590382,26.089278,29.311956000000002,25.618202750000002,29.78303125
2023-04-23 05:00:00,29.0,28.501755,27.3433338,29.6601762,26.890416,30.113094,26.41934075,30.58416925
2023-04-23 06:00:00,29.0,28.910633,27.7522118,30.0690542,27.299294,30.521972,26.82821875,30.99304725
2023-04-23 07:00:00,29.6,30.20961,29.051188800000002,31.3680312,28.598271,31.820949000000002,28.127195750000002,32.29202425
2023-04-23 08:00:00,31.1,31.65219,30.4937688,32.8106112,30.040851,33.263529,29.56977575,33.73460425
2023-04-23 09:00:00,32.1,32.76342,31.604998800000004,33.9218412,31.152081000000003,34.374759000000005,30.681005750000004,34.84583425
2023-04-23 10:00:00,32.6,33.374752,32.2163308,34.5331732,31.763413,34.986091,31.29233775,35.45716625
2023-04-23 11:00:00,32.5,32.87116,31.712738800000004,34.0295812,31.259821000000002,34.482499000000004,30.788745750000004,34.95357425
2023-04-23 12:00:00,32.6,32.749153,31.5907318,33.9075742,31.137814,34.360492,30.66673875,34.83156725
2023-04-23 13:00:00,31.7,33.192093,32.0336718,34.3505142,31.580754,34.803432,31.10967875,35.27450725
2023-04-23 14:00:00,31.3,32.4377,31.2792788,33.5961212,30.826361,34.049039,30.35528575,34.52011425
2023-04-23 15:00:00,31.2,31.488388,30.3299668,32.6468092,29.877049,33.099727,29.40597375,33.57080225
2023-04-23 16:00:00,30.3,31.163532,30.0051108,32.321953199999996,29.552193,32.774871,29.08111775,33.245946249999996
2023-04-23 17:00:00,30.0,30.533983,29.3755618,31.6924042,28.922644,32.145322,28.45156875,32.61639725
2023-04-23 18:00:00,29.4,29.983599,28.825177800000002,31.1420202,28.37226,31.594938000000003,27.901184750000002,32.06601325
2023-04-23 19:00:00,29.1,29.704037,28.5456158,30.8624582,28.092698,31.315376,27.62162275,31.78645125
2023-04-23 20:00:00,28.9,29.562693,28.4042718,30.7211142,27.951354,31.174032,27.48027875,31.64510725
2023-04-23 21:00:00,29.0,29.604448,28.446026800000002,30.7628692,27.993109,31.215787000000002,27.522033750000002,31.68686225
2023-04-23 22:00:00,29.2,29.413391,28.2549698,30.5718122,27.802052,31.02473,27.33097675,31.49580525
2023-04-23 23:00:00,29.0,29.004986,27.8465648,30.163407199999998,27.393646999999998,30.616325,26.92257175,31.087400249999998
2023-04-24 00:00:00,28.8,28.849218,27.6907968,30.0076392,27.237879,30.460557,26.76680375,30.93163225
2023-04-24 01:00:00,28.6,28.58243,27.4240088,29.740851199999998,26.971090999999998,30.193769,26.50001575,30.664844249999998
2023-04-24 02:00:00,28.3,28.322098,27.1636768,29.4805192,26.710759,29.933437,26.23968375,30.40451225
2023-04-24 03:00:00,28.0,27.943243,26.7848218,29.1016642,26.331903999999998,29.554582,25.86082875,30.02565725
2023-04-24 04:00:00,27.8,27.718445,26.5600238,28.8768662,26.107105999999998,29.329784,25.63603075,29.80085925
2023-04-24 05:00:00,28.1,28.392502,27.2340808,29.5509232,26.781163,30.003841,26.31008775,30.47491625
2023-04-24 06:00:00,28.8,28.581745,27.423323800000002,29.7401662,26.970406,30.193084000000002,26.499330750000002,30.66415925
2023-04-24 07:00:00,29.4,29.559526,28.401104800000002,30.7179472,27.948187,31.170865000000003,27.477111750000002,31.64194025
2023-04-24 08:00:00,29.8,31.111414,29.9529928,32.269835199999996,29.500075,32.722753,29.02899975,33.193828249999996
2023-04-24 09:00:00,30.5,32.019764,30.861342800000003,33.1781852,30.408425,33.631103,29.937349750000003,34.10217825
2023-04-24 10:00:00,31.5,32.58695,31.428528800000002,33.7453712,30.975611,34.198289,30.504535750000002,34.66936425
2023-04-24 11:00:00,32.1,32.148014,30.989592800000004,33.3064352,30.536675000000002,33.759353000000004,30.065599750000004,34.23042825
2023-04-24 12:00:00,32.0,32.223816,31.0653948,33.3822372,30.612477,33.835155,30.14140175,34.30623025
2023-04-24 13:00:00,32.0,32.26274,31.1043188,33.4211612,30.651401,33.874079,30.18032575,34.34515425
2023-04-24 14:00:00,31.6,31.472004,30.3135828,32.6304252,29.860664999999997,33.083343,29.38958975,33.55441825
2023-04-24 15:00:00,30.9,31.30232,30.143898800000002,32.4607412,29.690981,32.913659,29.219905750000002,33.38473425
2023-04-24 16:00:00,30.7,30.627604,29.469182800000002,31.7860252,29.016265,32.238943,28.545189750000002,32.71001825
2023-04-24 17:00:00,31.1,29.959711,28.8012898,31.118132199999998,28.348371999999998,31.57105,27.87729675,32.04212525
2023-04-24 18:00:00,30.0,29.412357,28.2539358,30.5707782,27.801018,31.023696,27.32994275,31.49477125
2023-04-24 19:00:00,29.9,29.242275,28.0838538,30.4006962,27.630936,30.853614,27.15986075,31.32468925
2023-04-24 20:00:00,29.9,29.147501,27.9890798,30.305922199999998,27.536161999999997,30.75884,27.06508675,31.229915249999998
2023-04-24 21:00:00,29.7,29.160591,28.0021698,30.3190122,27.549252,30.77193,27.07817675,31.24300525
2023-04-24 22:00:00,29.5,29.230381,28.071959800000002,30.3888022,27.619042,30.841720000000002,27.147966750000002,31.31279525
2023-04-24 23:00:00,29.4,28.775625,27.617203800000002,29.9340462,27.164286,30.386964000000003,26.693210750000002,30.85803925
2023-04-25 00:00:00,29.0,28.64302,27.4845988,29.8014412,27.031681,30.254359,26.56060575,30.72543425
2023-04-25 01:00:00,28.6,28.627552,27.469130800000002,29.7859732,27.016213,30.238891000000002,26.545137750000002,30.70996625
2023-04-25 02:00:00,28.2,28.36686,27.2084388,29.5252812,26.755520999999998,29.978199,26.28444575,30.44927425
2023-04-25 03:00:00,27.7,27.94123,26.7828088,29.0996512,26.329891,29.552569000000002,25.85881575,30.02364425
2023-04-25 04:00:00,27.2,27.53133,26.3729088,28.6897512,25.919991,29.142669,25.44891575,29.61374425
2023-04-25 05:00:00,27.5,28.146505,26.988083800000002,29.3049262,26.535166,29.757844000000002,26.064090750000002,30.22891925
2023-04-25 06:00:00,28.4,28.625118,27.4666968,29.7835392,27.013779,30.236457,26.54270375,30.70753225
2023-04-25 07:00:00,29.7,29.383953,28.225531800000002,30.5423742,27.772614,30.995292000000003,27.301538750000002,31.46636725
2023-04-25 08:00:00,30.8,30.391308,29.2328868,31.549729199999998,28.779968999999998,32.002646999999996,28.30889375,32.473722249999994
2023-04-25 09:00:00,31.7,31.10179,29.943368800000002,32.2602112,29.490451,32.713129,29.019375750000002,33.18420425
2023-04-25 10:00:00,32.5,31.906898,30.748476800000002,33.0653192,30.295559,33.518237,29.824483750000002,33.98931225
2023-04-25 11:00:00,32.7,32.252846,31.0944248,33.4112672,30.641506999999997,33.864185,30.17043175,34.33526025
2023-04-25 12:00:00,32.8,32.333183,31.1747618,33.4916042,30.721843999999997,33.944522,30.25076875,34.41559725
2023-04-25 13:00:00,32.5,32.16067,31.002248800000004,33.3190912,30.549331000000002,33.772009000000004,30.078255750000004,34.24308425
2023-04-25 14:00:00,32.2,31.650719,30.4922978,32.809140199999995,30.039379999999998,33.262057999999996,29.56830475,33.733133249999995
2023-04-25 15:00:00,31.6,31.140474,29.9820528,32.2988952,29.529135,32.751813,29.05805975,33.22288825
2023-04-25 16:00:00,31.0,30.552006,29.3935848,31.710427199999998,28.940666999999998,32.163345,28.46959175,32.63442025
2023-04-25 17:00:00,30.7,30.44409,29.2856688,31.6025112,28.832751,32.055429,28.36167575,32.526504249999995
2023-04-25 18:00:00,29.8,29.541307,28.3828858,30.6997282,27.929968,31.152646,27.45889275,31.62372125
2023-04-25 19:00:00,29.5,29.377796,28.2193748,30.5362172,27.766457,30.989135,27.29538175,31.46021025
2023-04-25 20:00:00,29.2,29.332163,28.173741800000002,30.4905842,27.720824,30.943502000000002,27.249748750000002,31.41457725
2023-04-25 21:00:00,28.9,29.22516,28.0667388,30.3835812,27.613820999999998,30.836499,27.14274575,31.30757425
2023-04-25 22:00:00,28.6,29.14868,27.9902588,30.307101199999998,27.537340999999998,30.760019,27.06626575,31.231094249999998
2023-04-25 23:00:00,28.4,28.877039,27.7186178,30.0354602,27.2657,30.488378,26.79462475,30.95945325
2023-04-26 00:00:00,28.4,28.685009,27.5265878,29.8434302,27.07367,30.296348000000002,26.60259475,30.76742325
2023-04-26 01:00:00,28.3,28.486029,27.3276078,29.644450199999998,26.874689999999998,30.097368,26.40361475,30.568443249999998
2023-04-26 02:00:00,28.2,28.062675,26.9042538,29.221096199999998,26.451335999999998,29.674014,25.98026075,30.145089249999998
2023-04-26 03:00:00,27.9,27.589935,26.4315138,28.7483562,25.978596,29.201274,25.50752075,29.67234925
2023-04-26 04:00:00,27.0,27.109396,25.9509748,28.2678172,25.498057,28.720735,25.02698175,29.19181025
2023-04-26 05:00:00,26.9,27.024416,25.8659948,28.182837199999998,25.413076999999998,28.635755,24.94200175,29.106830249999998
2023-04-26 06:00:00,28.0,28.177263,27.0188418,29.3356842,26.565924,29.788602,26.09484875,30.25967725
2023-04-26 07:00:00,29.5,29.22348,28.0650588,30.381901199999998,27.612140999999998,30.834819,27.14106575,31.305894249999998
2023-04-26 08:00:00,31.0,30.061825,28.9034038,31.2202462,28.450485999999998,31.673164,27.97941075,32.14423925
2023-04-26 09:00:00,32.1,31.399248,30.2408268,32.5576692,29.787909,33.010587,29.31683375,33.48166225
2023-04-26 10:00:00,32.6,32.38587,31.227448799999998,33.544291199999996,30.774530999999996,33.997209,30.303455749999998,34.468284249999996
2023-04-26 11:00:00,33.0,32.682682,31.5242608,33.8411032,31.071343,34.294021,30.60026775,34.76509625
2023-04-26 12:00:00,33.1,32.766422,31.6080008,33.9248432,31.155082999999998,34.377761,30.68400775,34.84883625
2023-04-26 13:00:00,32.8,32.58619,31.427768800000003,33.7446112,30.974851,34.197529,30.503775750000003,34.66860425
2023-04-26 14:00:00,32.5,32.49779,31.339368800000003,33.6562112,30.886451,34.109129,30.415375750000003,34.58020425
2023-04-26 15:00:00,32.0,31.673355,30.5149338,32.8317762,30.062016,33.284694,29.59094075,33.75576925
2023-04-26 16:00:00,31.5,30.845596,29.6871748,32.0040172,29.234257,32.456935,28.76318175,32.92801025
2023-04-26 17:00:00,31.2,30.722534,29.5641128,31.8809552,29.111195,32.333873,28.64011975,32.804948249999995
2023-04-26 18:00:00,30.3,29.654667,28.4962458,30.8130882,28.043328,31.266006,27.57225275,31.73708125
2023-04-26 19:00:00,30.0,29.373684,28.2152628,30.5321052,27.762345,30.985023,27.29126975,31.45609825
2023-04-26 20:00:00,29.7,29.170013,28.0115918,30.3284342,27.558674,30.781352000000002,27.08759875,31.25242725
2023-04-26 21:00:00,29.5,29.051424,27.8930028,30.2098452,27.440085,30.662763,26.96900975,31.13383825
2023-04-26 22:00:00,29.2,28.856518,27.698096800000002,30.0149392,27.245179,30.467857000000002,26.774103750000002,30.93893225
2023-04-26 23:00:00,29.1,28.753687,27.5952658,29.9121082,27.142348,30.365026,26.67127275,30.83610125
2023-04-27 00:00:00,29.0,28.614998,27.4565768,29.7734192,27.003659,30.226337,26.53258375,30.69741225
2023-04-27 01:00:00,28.7,28.36121,27.2027888,29.5196312,26.749871,29.972549,26.27879575,30.44362425
2023-04-27 02:00:00,28.5,28.043304,26.8848828,29.2017252,26.431964999999998,29.654643,25.96088975,30.12571825
2023-04-27 03:00:00,28.1,27.680925,26.5225038,28.839346199999998,26.069585999999997,29.292264,25.59851075,29.763339249999998
2023-04-27 04:00:00,27.8,27.068645,25.9102238,28.2270662,25.457306,28.679984,24.98623075,29.15105925
2023-04-27 05:00:00,28.0,27.032589,25.874167800000002,28.1910102,25.42125,28.643928000000002,24.950174750000002,29.11500325
2023-04-27 06:00:00,28.9,28.024826,26.8664048,29.1832472,26.413487,29.636165000000002,25.94241175,30.10724025
2023-04-27 07:00:00,30.2,29.44953,28.2911088,30.6079512,27.838191,31.060869,27.36711575,31.53194425
2023-04-27 08:00:00,31.4,30.762337,29.6039158,31.920758199999998,29.150997999999998,32.373675999999996,28.67992275,32.844751249999995
2023-04-27 09:00:00,32.3,31.752766,30.594344800000002,32.9111872,30.141427,33.364105,29.670351750000002,33.83518025
2023-04-27 10:00:00,32.9,32.594868,31.4364468,33.7532892,30.983528999999997,34.206207,30.51245375,34.67728225
2023-04-27 11:00:00,32.9,33.043102,31.884680799999998,34.2015232,31.431762999999997,34.654441,30.960687749999998,35.12551625
2023-04-27 12:00:00,32.8,33.159996,32.0015748,34.3184172,31.548657,34.771335,31.07758175,35.24241025
2023-04-27 13:00:00,32.8,33.079327,31.9209058,34.2377482,31.467988,34.690666,30.99691275,35.16174125
2023-04-27 14:00:00,32.6,32.569866,31.411444799999998,33.7282872,30.958526999999997,34.181205,30.487451749999998,34.65228025
2023-04-27 15:00:00,31.3,32.064022,30.905600800000002,33.2224432,30.452683,33.675361,29.981607750000002,34.14643625
2023-04-27 16:00:00,31.0,31.302504,30.1440828,32.4609252,29.691164999999998,32.913843,29.22008975,33.38491825
2023-04-27 17:00:00,30.7,30.786684,29.6282628,31.9451052,29.175345,32.398023,28.70426975,32.86909825
2023-04-27 18:00:00,30.0,30.132862,28.9744408,31.2912832,28.521523,31.744201,28.05044775,32.215276249999995
2023-04-27 19:00:00,29.6,29.75557,28.5971488,30.913991199999998,28.144230999999998,31.366909,27.67315575,31.837984249999998
2023-04-27 20:00:00,29.5,29.445698,28.2872768,30.6041192,27.834359,31.057037,27.36328375,31.52811225
2023-04-27 21:00:00,29.3,29.398935,28.240513800000002,30.5573562,27.787596,31.010274000000003,27.316520750000002,31.48134925
2023-04-27 22:00:00,29.2,29.187672,28.0292508,30.3460932,27.576332999999998,30.799011,27.10525775,31.27008625
2023-04-27 23:00:00,29.0,29.026188,27.867766800000002,30.1846092,27.414849,30.637527000000002,26.943773750000002,31.10860225
2023-04-28 00:00:00,28.8,28.91901,27.7605888,30.0774312,27.307671,30.530349,26.83659575,31.00142425
2023-04-28 01:00:00,28.7,28.624424,27.466002800000002,29.7828452,27.013085,30.235763000000002,26.542009750000002,30.70683825
2023-04-28 02:00:00,28.7,28.435349,27.2769278,29.593770199999998,26.824009999999998,30.046688,26.35293475,30.517763249999998
2023-04-28 03:00:00,28.3,28.025927,26.8675058,29.1843482,26.414588,29.637266,25.94351275,30.10834125
2023-04-28 04:00:00,27.9,27.515638,26.3572168,28.6740592,25.904298999999998,29.126977,25.43322375,29.59805225
2023-04-28 05:00:00,28.4,27.485886,26.3274648,28.6443072,25.874547,29.097225,25.40347175,29.56830025
2023-04-28 06:00:00,28.9,28.894371,27.7359498,30.0527922,27.283032,30.50571,26.81195675,30.97678525
2023-04-28 07:00:00,28.7,29.947817,28.7893958,31.1062382,28.336478,31.559156,27.86540275,32.03023125
2023-04-28 08:00:00,30.0,31.080986,29.9225648,32.239407199999995,29.469647,32.692325,28.99857175,33.163400249999995
2023-04-28 09:00:00,31.5,31.91684,30.7584188,33.0752612,30.305501,33.528179,29.83442575,33.99925425
2023-04-28 10:00:00,29.2,32.872585,31.7141638,34.0310062,31.261246,34.483924,30.79017075,34.95499925
2023-04-28 11:00:00,28.6,33.09683,31.938408799999998,34.2552512,31.485490999999996,34.708169,31.014415749999998,35.179244249999996
2023-04-28 12:00:00,30.2,32.8857,31.7272788,34.0441212,31.274361,34.497039,30.80328575,34.96811425
2023-04-28 13:00:00,30.5,33.018627,31.860205800000003,34.1770482,31.407288,34.629966,30.936212750000003,35.10104125
2023-04-28 14:00:00,30.0,32.60545,31.4470288,33.7638712,30.994110999999997,34.216789,30.52303575,34.68786425
2023-04-28 15:00:00,30.0,31.799784,30.6413628,32.958205199999995,30.188444999999998,33.411122999999996,29.71736975,33.882198249999995
2023-04-28 16:00:00,29.6,31.239147,30.0807258,32.397568199999995,29.627807999999998,32.850486,29.15673275,33.321561249999995
2023-04-28 17:00:00,29.3,30.561195,29.402773800000002,31.7196162,28.949856,32.172534,28.478780750000002,32.64360925
2023-04-28 18:00:00,28.8,29.67812,28.5196988,30.8365412,28.066781,31.289459,27.59570575,31.76053425
2023-04-28 19:00:00,28.7,29.571766,28.4133448,30.7301872,27.960427,31.183105,27.48935175,31.65418025
2023-04-28 20:00:00,28.5,29.565584,28.407162800000002,30.7240052,27.954245,31.176923000000002,27.483169750000002,31.64799825
2023-04-28 21:00:00,28.3,29.429773,28.2713518,30.5881942,27.818434,31.041112000000002,27.34735875,31.51218725
2023-04-28 22:00:00,28.1,29.114582,27.9561608,30.273003199999998,27.503242999999998,30.725921,27.03216775,31.196996249999998
2023-04-28 23:00:00,27.8,28.86993,27.7115088,30.0283512,27.258591,30.481269,26.78751575,30.95234425
2023-04-29 00:00:00,27.7,28.682684,27.5242628,29.841105199999998,27.071344999999997,30.294023,26.60026975,30.765098249999998
2023-04-29 01:00:00,27.3,28.457853,27.2994318,29.6162742,26.846514,30.069192,26.37543875,30.54026725
2023-04-29 02:00:00,27.0,28.430063,27.2716418,29.5884842,26.818724,30.041402,26.34764875,30.51247725
2023-04-29 03:00:00,26.3,28.009554,26.851132800000002,29.1679752,26.398215,29.620893000000002,25.927139750000002,30.09196825
2023-04-29 04:00:00,26.2,27.543734,26.3853128,28.7021552,25.932395,29.155073,25.46131975,29.62614825
2023-04-29 05:00:00,25.0,27.846243,26.687821800000002,29.0046642,26.234904,29.457582000000002,25.763828750000002,29.92865725
2023-04-29 06:00:00,25.9,28.55135,27.3929288,29.7097712,26.940011,30.162689,26.46893575,30.63376425
2023-04-29 07:00:00,25.5,29.559258,28.4008368,30.7176792,27.947919,31.170597,27.47684375,31.64167225
2023-04-29 08:00:00,26.9,30.486694,29.3282728,31.6451152,28.875355,32.098033,28.40427975,32.56910825
2023-04-29 09:00:00,29.3,31.432041,30.273619800000002,32.5904622,29.820702,33.04338,29.349626750000002,33.51445525
2023-04-29 10:00:00,30.8,32.238358,31.0799368,33.3967792,30.627018999999997,33.849697,30.15594375,34.32077225
2023-04-29 11:00:00,31.9,31.275425,30.1170038,32.4338462,29.664085999999998,32.886764,29.19301075,33.35783925
2023-04-29 12:00:00,32.2,31.70575,30.5473288,32.864171199999994,30.094410999999997,33.317088999999996,29.62333575,33.788164249999994
2023-04-29 13:00:00,31.7,31.661196,30.5027748,32.819617199999996,30.049857,33.272535,29.57878175,33.743610249999996
2023-04-29 14:00:00,30.4,31.561525,30.4031038,32.719946199999995,29.950186,33.172864,29.47911075,33.643939249999995
2023-04-29 15:00:00,30.7,31.036919,29.8784978,32.1953402,29.42558,32.648258,28.95450475,33.11933325
2023-04-29 16:00:00,29.7,30.42473,29.2663088,31.5831512,28.813391,32.036069,28.34231575,32.507144249999996
2023-04-29 17:00:00,30.0,29.877398,28.7189768,31.0358192,28.266059,31.488737,27.79498375,31.95981225
2023-04-29 18:00:00,29.2,29.208914,28.0504928,30.3673352,27.597575,30.820253,27.12649975,31.29132825
2023-04-29 19:00:00,28.9,29.062,27.903578800000002,30.2204212,27.450661,30.673339000000002,26.979585750000002,31.14441425
2023-04-29 20:00:00,28.8,28.981089,27.8226678,30.1395102,27.36975,30.592428,26.89867475,31.06350325
2023-04-29 21:00:00,28.7,28.770016,27.6115948,29.928437199999998,27.158676999999997,30.381355,26.68760175,30.852430249999998
2023-04-29 22:00:00,28.8,28.46788,27.3094588,29.6263012,26.856541,30.079219000000002,26.38546575,30.55029425
2023-04-29 23:00:00,28.6,28.25366,27.0952388,29.4120812,26.642321,29.864999,26.17124575,30.33607425
2023-04-30 00:00:00,28.4,27.902678,26.744256800000002,29.0610992,26.291339,29.514017000000003,25.820263750000002,29.98509225
2023-04-30 01:00:00,28.3,27.65596,26.4975388,28.8143812,26.044621,29.267299,25.57354575,29.73837425
2023-04-30 02:00:00,28.2,27.295479,26.1370578,28.4539002,25.68414,28.906818,25.21306475,29.37789325
2023-04-30 03:00:00,27.8,26.724356,25.5659348,27.8827772,25.113017,28.335695,24.64194175,28.80677025
2023-04-30 04:00:00,26.9,26.47517,25.3167488,27.633591199999998,24.863830999999998,28.086509,24.39275575,28.557584249999998
2023-04-30 05:00:00,27.5,26.05751,24.8990888,27.2159312,24.446171,27.668849,23.97509575,28.13992425
2023-04-30 06:00:00,27.1,26.99893,25.840508800000002,28.1573512,25.387591,28.610269000000002,24.916515750000002,29.08134425
2023-04-30 07:00:00,26.5,26.97046,25.8120388,28.1288812,25.359121,28.581799,24.88804575,29.05287425
2023-04-30 08:00:00,26.3,28.690533,27.5321118,29.848954199999998,27.079193999999998,30.301872,26.60811875,30.772947249999998
2023-04-30 09:00:00,27.4,30.682646,29.5242248,31.841067199999998,29.071306999999997,32.293985,28.60023175,32.76506025
2023-04-30 10:00:00,28.8,30.519632,29.361210800000002,31.6780532,28.908293,32.130971,28.437217750000002,32.60204625
2023-04-30 11:00:00,30.4,31.661036,30.5026148,32.819457199999995,30.049697,33.272375,29.57862175,33.743450249999995
2023-04-30 12:00:00,31.0,32.23388,31.0754588,33.3923012,30.622541,33.845219,30.15146575,34.31629425
2023-04-30 13:00:00,29.2,32.106445,30.9480238,33.2648662,30.495106,33.717784,30.02403075,34.18885925
2023-04-30 14:00:00,29.8,31.227549,30.0691278,32.385970199999996,29.61621,32.838888,29.14513475,33.309963249999996
2023-04-30 15:00:00,29.4,30.55754,29.3991188,31.7159612,28.946201,32.168879,28.47512575,32.639954249999995
2023-04-30 16:00:00,28.5,29.885805,28.727383800000002,31.0442262,28.274466,31.497144000000002,27.803390750000002,31.96821925
2023-04-30 17:00:00,27.9,29.63467,28.4762488,30.7930912,28.023331,31.246009,27.55225575,31.71708425
2023-04-30 18:00:00,27.7,29.102015,27.943593800000002,30.2604362,27.490676,30.713354000000002,27.019600750000002,31.18442925
2023-04-30 19:00:00,27.6,28.857092,27.698670800000002,30.0155132,27.245753,30.468431000000002,26.774677750000002,30.93950625
2023-04-30 20:00:00,27.5,28.627136,27.4687148,29.7855572,27.015797,30.238475,26.54472175,30.70955025
2023-04-30 21:00:00,25.5,28.416933,27.2585118,29.5753542,26.805594,30.028272,26.33451875,30.49934725
2023-04-30 22:00:00,25.2,28.441938,27.2835168,29.6003592,26.830599,30.053277,26.35952375,30.52435225
2023-04-30 23:00:00,24.9,28.329521,27.1710998,29.4879422,26.718182,29.94086,26.24710675,30.41193525
2023-05-01 00:00:00,24.2,28.268526,27.110104800000002,29.4269472,26.657187,29.879865000000002,26.186111750000002,30.35094025
2023-05-01 01:00:00,24.1,28.064022,26.905600800000002,29.2224432,26.452683,29.675361000000002,25.981607750000002,30.14643625
2023-05-01 02:00:00,24.3,27.893858,26.735436800000002,29.0522792,26.282519,29.505197000000003,25.811443750000002,29.97627225
2023-05-01 03:00:00,24.2,27.65634,26.4979188,28.8147612,26.045001,29.267679,25.57392575,29.73875425
2023-05-01 04:00:00,24.1,26.95873,25.8003088,28.1171512,25.347391,28.570069,24.87631575,29.04114425
2023-05-01 05:00:00,25.0,27.27543,26.1170088,28.4338512,25.664091,28.886769,25.19301575,29.35784425
2023-05-01 06:00:00,25.4,27.441229,26.2828078,28.5996502,25.82989,29.052568,25.35881475,29.52364325
2023-05-01 07:00:00,26.0,27.35799,26.1995688,28.5164112,25.746651,28.969329000000002,25.27557575,29.44040425
2023-05-01 08:00:00,27.1,27.97525,26.8168288,29.1336712,26.363910999999998,29.586589,25.89283575,30.05766425
2023-05-01 09:00:00,28.0,28.88242,27.7239988,30.0408412,27.271081,30.493759,26.80000575,30.96483425
2023-05-01 10:00:00,28.5,30.116007,28.9575858,31.2744282,28.504668,31.727346,28.03359275,32.198421249999996
2023-05-01 11:00:00,28.4,31.453905,30.2954838,32.6123262,29.842565999999998,33.065244,29.37149075,33.53631925
2023-05-01 12:00:00,28.6,31.603945,30.4455238,32.762366199999995,29.992606,33.215284,29.52153075,33.686359249999995
2023-05-01 13:00:00,28.8,31.867495,30.709073800000002,33.0259162,30.256156,33.478834,29.785080750000002,33.94990925
2023-05-01 14:00:00,28.4,30.690792,29.5323708,31.849213199999998,29.079452999999997,32.302130999999996,28.60837775,32.773206249999994
2023-05-01 15:00:00,27.9,30.535412,29.3769908,31.6938332,28.924073,32.146751,28.45299775,32.61782625
2023-05-01 16:00:00,27.6,29.558252,28.3998308,30.7166732,27.946913,31.169591,27.47583775,31.64066625
2023-05-01 17:00:00,27.6,29.31051,28.1520888,30.4689312,27.699171,30.921849,27.22809575,31.39292425
2023-05-01 18:00:00,26.8,28.577442,27.419020800000002,29.7358632,26.966103,30.188781000000002,26.495027750000002,30.65985625
2023-05-01 19:00:00,26.5,28.311483,27.1530618,29.4699042,26.700143999999998,29.922822,26.22906875,30.39389725
2023-05-01 20:00:00,26.8,28.377876,27.2194548,29.5362972,26.766537,29.989215,26.29546175,30.46029025
2023-05-01 21:00:00,26.9,27.662718,26.504296800000002,28.8211392,26.051379,29.274057000000003,25.580303750000002,29.74513225
2023-05-01 22:00:00,26.9,27.010277,25.8518558,28.168698199999998,25.398937999999998,28.621616,24.92786275,29.092691249999998
2023-05-01 23:00:00,26.6,26.551727,25.3933058,27.7101482,24.940388,28.163066,24.46931275,28.63414125
2023-05-02 00:00:00,26.2,26.035864,24.8774428,27.1942852,24.424525,27.647203,23.95344975,28.11827825
2023-05-02 01:00:00,25.8,25.646547,24.488125800000002,26.8049682,24.035208,27.257886000000003,23.564132750000002,27.72896125
2023-05-02 02:00:00,25.6,25.35716,24.1987388,26.5155812,23.745821,26.968499,23.27474575,27.43957425
2023-05-02 03:00:00,25.1,25.31256,24.154138800000002,26.4709812,23.701221,26.923899000000002,23.230145750000002,27.39497425
2023-05-02 04:00:00,25.1,25.17193,24.0135088,26.3303512,23.560591,26.783269,23.08951575,27.25434425
2023-05-02 05:00:00,25.9,25.590607,24.4321858,26.749028199999998,23.979267999999998,27.201946,23.50819275,27.673021249999998
2023-05-02 06:00:00,26.1,26.291765,25.133343800000002,27.4501862,24.680426,27.903104000000003,24.209350750000002,28.37417925
2023-05-02 07:00:00,25.7,27.453287,26.2948658,28.6117082,25.841948,29.064626,25.37087275,29.53570125
2023-05-02 08:00:00,25.8,27.868587,26.710165800000002,29.0270082,26.257248,29.479926000000003,25.786172750000002,29.95100125
2023-05-02 09:00:00,25.8,29.00419,27.845768800000002,30.1626112,27.392851,30.615529000000002,26.921775750000002,31.08660425
2023-05-02 10:00:00,27.0,29.620455,28.4620338,30.7788762,28.009116,31.231794,27.53804075,31.70286925
2023-05-02 11:00:00,28.1,30.795172,29.6367508,31.9535932,29.183833,32.406511,28.71275775,32.87758625
2023-05-02 12:00:00,29.0,30.737116,29.5786948,31.8955372,29.125777,32.348455,28.65470175,32.81953025
2023-05-02 13:00:00,28.8,29.93145,28.773028800000002,31.0898712,28.320111,31.542789000000003,27.849035750000002,32.01386425
2023-05-02 14:00:00,28.2,30.014252,28.8558308,31.1726732,28.402912999999998,31.625591,27.93183775,32.09666625
2023-05-02 15:00:00,28.2,29.481274,28.3228528,30.6396952,27.869934999999998,31.092613,27.39885975,31.56368825
2023-05-02 16:00:00,27.9,28.80184,27.6434188,29.960261199999998,27.190500999999998,30.413179,26.71942575,30.884254249999998
2023-05-02 17:00:00,29.0,28.188486,27.0300648,29.3469072,26.577147,29.799825000000002,26.10607175,30.27090025
2023-05-02 18:00:00,27.0,27.820898,26.6624768,28.9793192,26.209559,29.432237,25.73848375,29.90331225
2023-05-02 19:00:00,26.9,27.670437,26.5120158,28.8288582,26.059098,29.281776,25.58802275,29.75285125
2023-05-02 20:00:00,26.4,27.802326,26.6439048,28.9607472,26.190987,29.413665,25.71991175,29.88474025
2023-05-02 21:00:00,26.2,27.067904,25.9094828,28.226325199999998,25.456564999999998,28.679243,24.98548975,29.150318249999998
2023-05-02 22:00:00,26.0,27.076063,25.917641800000002,28.2344842,25.464724,28.687402000000002,24.993648750000002,29.15847725
2023-05-02 23:00:00,25.8,27.141907,25.9834858,28.3003282,25.530568,28.753246,25.05949275,29.22432125
2023-05-03 00:00:00,25.6,26.878736,25.7203148,28.0371572,25.267397,28.490075,24.79632175,28.96115025
2023-05-03 01:00:00,25.6,26.56689,25.4084688,27.7253112,24.955551,28.178229,24.48447575,28.64930425
2023-05-03 02:00:00,25.5,26.443281,25.2848598,27.6017022,24.831941999999998,28.05462,24.36086675,28.52569525
2023-05-03 03:00:00,25.4,25.945513,24.7870918,27.103934199999998,24.334173999999997,27.556852,23.86309875,28.027927249999998
2023-05-03 04:00:00,25.3,26.112701,24.954279800000002,27.2711222,24.501362,27.724040000000002,24.030286750000002,28.19511525
2023-05-03 05:00:00,25.3,26.445099,25.2866778,27.6035202,24.833759999999998,28.056438,24.36268475,28.52751325
2023-05-03 06:00:00,26.4,27.07331,25.9148888,28.2317312,25.461971,28.684649,24.99089575,29.15572425
2023-05-03 07:00:00,27.5,26.871973,25.7135518,28.0303942,25.260634,28.483312,24.78955875,28.95438725
2023-05-03 08:00:00,28.8,27.93678,26.7783588,29.095201199999998,26.325440999999998,29.548119,25.85436575,30.019194249999998
2023-05-03 09:00:00,30.1,28.129911,26.9714898,29.2883322,26.518572,29.74125,26.04749675,30.21232525
2023-05-03 10:00:00,30.7,29.504848,28.3464268,30.6632692,27.893508999999998,31.116187,27.42243375,31.58726225
2023-05-03 11:00:00,31.0,29.44057,28.2821488,30.5989912,27.829231,31.051909000000002,27.35815575,31.52298425
2023-05-03 12:00:00,31.0,30.472618,29.3141968,31.6310392,28.861279,32.083957,28.39020375,32.55503225
2023-05-03 13:00:00,30.9,29.861834,28.703412800000002,31.0202552,28.250495,31.473173000000003,27.779419750000002,31.94424825
2023-05-03 14:00:00,30.2,29.344103,28.1856818,30.5025242,27.732764,30.955442,27.26168875,31.42651725
2023-05-03 15:00:00,29.7,29.018589,27.8601678,30.177010199999998,27.407249999999998,30.629928,26.93617475,31.101003249999998
2023-05-03 16:00:00,29.8,28.659216,27.5007948,29.8176372,27.047877,30.270555,26.57680175,30.74163025
2023-05-03 17:00:00,30.0,29.202858,28.0444368,30.3612792,27.591518999999998,30.814197,27.12044375,31.28527225
2023-05-03 18:00:00,29.4,28.185099,27.0266778,29.3435202,26.57376,29.796438000000002,26.10268475,30.26751325
2023-05-03 19:00:00,29.2,27.834057,26.675635800000002,28.9924782,26.222718,29.445396000000002,25.751642750000002,29.91647125
2023-05-03 20:00:00,29.0,27.623,26.4645788,28.7814212,26.011661,29.234339000000002,25.54058575,29.70541425
2023-05-03 21:00:00,28.8,27.633,26.4745788,28.7914212,26.021660999999998,29.244339,25.55058575,29.71541425
2023-05-03 22:00:00,28.6,27.394257,26.2358358,28.5526782,25.782918,29.005596,25.31184275,29.47667125
2023-05-03 23:00:00,27.5,27.033155,25.8747338,28.1915762,25.421816,28.644494,24.95074075,29.11556925
2023-05-04 00:00:00,26.6,26.745989,25.587567800000002,27.9044102,25.13465,28.357328000000003,24.663574750000002,28.82840325
2023-05-04 01:00:00,25.5,26.522408,25.3639868,27.680829199999998,24.911068999999998,28.133747,24.43999375,28.604822249999998
2023-05-04 02:00:00,25.5,26.357811,25.199389800000002,27.5162322,24.746472,27.969150000000003,24.275396750000002,28.44022525
2023-05-04 03:00:00,25.1,26.001785,24.843363800000002,27.1602062,24.390446,27.613124000000003,23.919370750000002,28.08419925
2023-05-04 04:00:00,24.7,26.064238,24.9058168,27.2226592,24.452899,27.675577,23.98182375,28.14665225
2023-05-04 05:00:00,26.4,26.241488,25.0830668,27.3999092,24.630149,27.852827,24.15907375,28.32390225
2023-05-04 06:00:00,26.9,26.57222,25.413798800000002,27.7306412,24.960881,28.183559000000002,24.489805750000002,28.65463425
2023-05-04 07:00:00,27.7,27.746506,26.5880848,28.9049272,26.135167,29.357845,25.66409175,29.82892025
2023-05-04 08:00:00,29.1,29.0959,27.9374788,30.2543212,27.484561,30.707239,27.01348575,31.17831425
2023-05-04 09:00:00,29.9,29.588345,28.4299238,30.7467662,27.977006,31.199684,27.50593075,31.67075925
2023-05-04 10:00:00,30.3,30.63095,29.4725288,31.789371199999998,29.019610999999998,32.242289,28.54853575,32.71336425
2023-05-04 11:00:00,27.1,30.970493,29.812071800000002,32.1289142,29.359154,32.581832,28.888078750000002,33.05290725
2023-05-04 12:00:00,27.7,30.975264,29.8168428,32.133685199999995,29.363925,32.586603,28.89284975,33.057678249999995
2023-05-04 13:00:00,29.0,30.86341,29.7049888,32.021831199999994,29.252070999999997,32.474748999999996,28.78099575,32.945824249999994
2023-05-04 14:00:00,28.1,30.314964,29.1565428,31.4733852,28.703625,31.926303,28.23254975,32.397378249999996
2023-05-04 15:00:00,28.8,29.909454,28.7510328,31.0678752,28.298115,31.520793,27.82703975,31.99186825
2023-05-04 16:00:00,28.6,29.469366,28.3109448,30.6277872,27.858027,31.080705000000002,27.38695175,31.55178025
2023-05-04 17:00:00,27.9,29.55625,28.3978288,30.714671199999998,27.944910999999998,31.167589,27.47383575,31.638664249999998
2023-05-04 18:00:00,27.1,28.948881,27.7904598,30.1073022,27.337542,30.56022,26.86646675,31.03129525
2023-05-04 19:00:00,26.1,28.85433,27.6959088,30.0127512,27.242991,30.465669000000002,26.77191575,30.93674425
2023-05-04 20:00:00,25.9,28.786587,27.6281658,29.9450082,27.175248,30.397926000000002,26.70417275,30.86900125
2023-05-04 21:00:00,26.0,28.695948,27.537526800000002,29.8543692,27.084609,30.307287000000002,26.613533750000002,30.77836225
2023-05-04 22:00:00,25.9,28.553047,27.3946258,29.7114682,26.941708,30.164386,26.47063275,30.63546125
2023-05-04 23:00:00,25.5,27.717588,26.5591668,28.8760092,26.106249,29.328927,25.63517375,29.80000225
2023-05-05 00:00:00,25.9,26.971386,25.8129648,28.1298072,25.360046999999998,28.582725,24.88897175,29.05380025
2023-05-05 01:00:00,25.8,26.3341,25.1756788,27.4925212,24.722761,27.945439,24.25168575,28.41651425
2023-05-05 02:00:00,25.8,26.286682,25.1282608,27.4451032,24.675342999999998,27.898021,24.20426775,28.36909625
2023-05-05 03:00:00,25.6,25.906658,24.7482368,27.0650792,24.295319,27.517997,23.82424375,27.98907225
2023-05-05 04:00:00,25.3,25.589888,24.4314668,26.748309199999998,23.978548999999997,27.201227,23.50747375,27.672302249999998
2023-05-05 05:00:00,26.0,25.863386,24.7049648,27.021807199999998,24.252046999999997,27.474725,23.78097175,27.945800249999998
2023-05-05 06:00:00,26.8,26.872482,25.714060800000002,28.0309032,25.261143,28.483821000000002,24.790067750000002,28.95489625
2023-05-05 07:00:00,27.6,27.902378,26.7439568,29.060799199999998,26.291038999999998,29.513717,25.81996375,29.984792249999998
2023-05-05 08:00:00,28.8,29.294285,28.1358638,30.452706199999998,27.682945999999998,30.905624,27.21187075,31.376699249999998
2023-05-05 09:00:00,29.8,30.182913,29.0244918,31.3413342,28.571574,31.794252,28.10049875,32.26532725
2023-05-05 10:00:00,30.5,30.63873,29.4803088,31.7971512,29.027390999999998,32.250068999999996,28.55631575,32.721144249999995
2023-05-05 11:00:00,31.0,30.508738,29.3503168,31.6671592,28.897399,32.120077,28.42632375,32.59115225
2023-05-05 12:00:00,28.0,29.853592,28.6951708,31.0120132,28.242252999999998,31.464931,27.77117775,31.93600625
2023-05-05 13:00:00,28.8,30.785555,29.6271338,31.943976199999998,29.174215999999998,32.396893999999996,28.70314075,32.867969249999994
2023-05-05 14:00:00,28.4,29.899082,28.7406608,31.0575032,28.287743,31.510421,27.81666775,31.98149625
2023-05-05 15:00:00,28.7,29.652388,28.4939668,30.810809199999998,28.041048999999997,31.263727,27.56997375,31.734802249999998
2023-05-05 16:00:00,29.0,29.278849,28.1204278,30.4372702,27.66751,30.890188000000002,27.19643475,31.36126325
2023-05-05 17:00:00,29.8,29.304424,28.1460028,30.4628452,27.693085,30.915763000000002,27.22200975,31.38683825
2023-05-05 18:00:00,29.1,28.653694,27.495272800000002,29.8121152,27.042355,30.265033000000003,26.571279750000002,30.73610825
2023-05-05 19:00:00,28.5,28.475174,27.3167528,29.6335952,26.863834999999998,30.086513,26.39275975,30.55758825
2023-05-05 20:00:00,27.9,28.206234,27.0478128,29.364655199999998,26.594894999999998,29.817573,26.12381975,30.288648249999998
2023-05-05 21:00:00,27.3,28.18956,27.0311388,29.3479812,26.578221,29.800899,26.10714575,30.27197425
2023-05-05 22:00:00,26.8,27.763712,26.605290800000002,28.9221332,26.152373,29.375051000000003,25.681297750000002,29.84612625
2023-05-05 23:00:00,26.5,27.05112,25.8926988,28.2095412,25.439781,28.662459000000002,24.96870575,29.13353425
2023-05-06 00:00:00,26.4,26.717894,25.5594728,27.8763152,25.106555,28.329233000000002,24.635479750000002,28.80030825
2023-05-06 01:00:00,26.3,26.48121,25.3227888,27.6396312,24.869871,28.092549,24.39879575,28.56362425
2023-05-06 02:00:00,26.2,26.545317,25.3868958,27.7037382,24.933978,28.156656,24.46290275,28.62773125
2023-05-06 03:00:00,25.9,26.37033,25.2119088,27.5287512,24.758990999999998,27.981669,24.28791575,28.45274425
2023-05-06 04:00:00,25.8,26.040997,24.8825758,27.1994182,24.429658,27.652336000000002,23.95858275,28.12341125
2023-05-06 05:00:00,26.1,26.542952,25.3845308,27.7013732,24.931613,28.154291,24.46053775,28.62536625
2023-05-06 06:00:00,26.8,27.11255,25.9541288,28.270971199999998,25.501210999999998,28.723889,25.03013575,29.194964249999998
2023-05-06 07:00:00,27.7,28.019861,26.8614398,29.178282199999998,26.408521999999998,29.6312,25.93744675,30.102275249999998
2023-05-06 08:00:00,29.1,29.26374,28.1053188,30.422161199999998,27.652400999999998,30.875079,27.18132575,31.346154249999998
2023-05-06 09:00:00,30.6,30.258127,29.099705800000002,31.4165482,28.646788,31.869466000000003,28.175712750000002,32.34054125
2023-05-06 10:00:00,31.7,30.837725,29.6793038,31.9961462,29.226385999999998,32.449064,28.75531075,32.92013925
2023-05-06 11:00:00,32.0,31.065563,29.9071418,32.2239842,29.454224,32.676902,28.98314875,33.14797725
2023-05-06 12:00:00,32.0,30.274496,29.1160748,31.4329172,28.663156999999998,31.885835,28.19208175,32.35691025
2023-05-06 13:00:00,31.0,29.87689,28.7184688,31.0353112,28.265551,31.488229,27.79447575,31.95930425
2023-05-06 14:00:00,31.0,29.305473,28.1470518,30.4638942,27.694134,30.916812,27.22305875,31.38788725
2023-05-06 15:00:00,31.1,29.576508,28.4180868,30.7349292,27.965169,31.187847,27.49409375,31.65892225
2023-05-06 16:00:00,30.6,29.287067,28.1286458,30.4454882,27.675728,30.898406,27.20465275,31.36948125
2023-05-06 17:00:00,30.5,29.565044,28.4066228,30.7234652,27.953705,31.176383,27.48262975,31.64745825
2023-05-06 18:00:00,29.0,29.45145,28.293028800000002,30.6098712,27.840111,31.062789000000002,27.369035750000002,31.53386425
2023-05-06 19:00:00,28.6,28.685925,27.5275038,29.8443462,27.074586,30.297264000000002,26.60351075,30.76833925
2023-05-06 20:00:00,28.7,28.471603,27.313181800000002,29.6300242,26.860264,30.082942000000003,26.389188750000002,30.55401725
2023-05-06 21:00:00,28.5,27.826109,26.6676878,28.9845302,26.214769999999998,29.437448,25.74369475,29.90852325
2023-05-06 22:00:00,28.4,27.309175,26.1507538,28.4675962,25.697836,28.920514,25.22676075,29.39158925
2023-05-06 23:00:00,28.1,27.064465,25.9060438,28.222886199999998,25.453125999999997,28.675804,24.98205075,29.146879249999998
2023-05-07 00:00:00,27.3,26.878683,25.7202618,28.037104199999998,25.267343999999998,28.490022,24.79626875,28.961097249999998
2023-05-07 01:00:00,26.8,26.493958,25.3355368,27.6523792,24.882619,28.105297,24.41154375,28.57637225
2023-05-07 02:00:00,26.5,26.482264,25.3238428,27.6406852,24.870925,28.093603,24.39984975,28.56467825
2023-05-07 03:00:00,26.3,26.40149,25.2430688,27.5599112,24.790150999999998,28.012829,24.31907575,28.48390425
2023-05-07 04:00:00,26.2,26.382345,25.2239238,27.5407662,24.771006,27.993684000000002,24.29993075,28.46475925
2023-05-07 05:00:00,25.2,26.693464,25.5350428,27.851885199999998,25.082124999999998,28.304803,24.61104975,28.775878249999998
2023-05-07 06:00:00,26.0,27.089773,25.9313518,28.2481942,25.478434,28.701112000000002,25.00735875,29.17218725
2023-05-07 07:00:00,27.4,28.07053,26.912108800000002,29.2289512,26.459191,29.681869000000003,25.988115750000002,30.15294425
2023-05-07 08:00:00,29.2,29.324436,28.1660148,30.482857199999998,27.713096999999998,30.935775,27.24202175,31.406850249999998
2023-05-07 09:00:00,30.9,30.624441,29.4660198,31.7828622,29.013102,32.23578,28.54202675,32.70685525
2023-05-07 10:00:00,31.7,31.816387,30.6579658,32.9748082,30.205047999999998,33.427726,29.73397275,33.89880125
2023-05-07 11:00:00,31.9,32.114662,30.956240800000003,33.2730832,30.503323,33.726001000000004,30.032247750000003,34.19707625
2023-05-07 12:00:00,31.9,31.94066,30.782238800000002,33.0990812,30.329321,33.551999,29.858245750000002,34.02307425
2023-05-07 13:00:00,31.9,31.541565,30.3831438,32.6999862,29.930225999999998,33.152904,29.45915075,33.62397925
2023-05-07 14:00:00,31.3,30.450865,29.2924438,31.6092862,28.839526,32.062204,28.36845075,32.53327925
2023-05-07 15:00:00,30.5,30.611298,29.452876800000002,31.7697192,28.999959,32.222637,28.528883750000002,32.69371225
2023-05-07 16:00:00,30.0,30.22873,29.0703088,31.387151199999998,28.617390999999998,31.840069,28.14631575,32.31114425
2023-05-07 17:00:00,30.0,30.097887,28.9394658,31.2563082,28.486548,31.709226,28.01547275,32.18030125
2023-05-07 18:00:00,29.0,29.03777,27.8793488,30.196191199999998,27.426430999999997,30.649109,26.95535575,31.120184249999998
2023-05-07 19:00:00,28.6,28.705183,27.546761800000002,29.8636042,27.093844,30.316522000000003,26.622768750000002,30.78759725
2023-05-07 20:00:00,28.4,28.385798,27.227376800000002,29.5442192,26.774459,29.997137000000002,26.303383750000002,30.46821225
2023-05-07 21:00:00,28.4,28.35388,27.1954588,29.5123012,26.742541,29.965219,26.27146575,30.43629425
2023-05-07 22:00:00,28.2,28.417475,27.2590538,29.5758962,26.806136,30.028814,26.33506075,30.49988925
2023-05-07 23:00:00,27.8,28.055845,26.897423800000002,29.2142662,26.444506,29.667184000000002,25.973430750000002,30.13825925
2023-05-08 00:00:00,27.4,27.475798,26.3173768,28.6342192,25.864459,29.087137000000002,25.39338375,29.55821225
2023-05-08 01:00:00,26.8,27.019836,25.861414800000002,28.1782572,25.408497,28.631175000000002,24.937421750000002,29.10225025
2023-05-08 02:00:00,26.3,26.865036,25.7066148,28.0234572,25.253697,28.476375,24.78262175,28.94745025
2023-05-08 03:00:00,25.8,26.672026,25.5136048,27.8304472,25.060686999999998,28.283365,24.58961175,28.75444025
2023-05-08 04:00:00,25.6,26.42575,25.2673288,27.5841712,24.814411,28.037089,24.34333575,28.50816425
2023-05-08 05:00:00,26.6,26.133142,24.9747208,27.2915632,24.521803,27.744481,24.05072775,28.21555625
2023-05-08 06:00:00,27.6,26.714745,25.5563238,27.8731662,25.103406,28.326084,24.63233075,28.79715925
2023-05-08 07:00:00,29.0,27.97413,26.8157088,29.132551199999998,26.362790999999998,29.585469,25.89171575,30.056544249999998
2023-05-08 08:00:00,30.6,29.258682,28.1002608,30.4171032,27.647343,30.870021,27.17626775,31.34109625
2023-05-08 09:00:00,31.7,30.716003,29.5575818,31.8744242,29.104664,32.327342,28.63358875,32.79841725
2023-05-08 10:00:00,32.7,31.616558,30.458136800000002,32.7749792,30.005219,33.227897,29.534143750000002,33.69897225
2023-05-08 11:00:00,32.9,31.901442,30.7430208,33.059863199999995,30.290103,33.512781,29.81902775,33.983856249999995
2023-05-08 12:00:00,32.2,31.656849,30.4984278,32.8152702,30.04551,33.268188,29.57443475,33.73926325
2023-05-08 13:00:00,32.4,31.769135,30.6107138,32.9275562,30.157795999999998,33.380474,29.68672075,33.85154925
2023-05-08 14:00:00,32.3,31.409424,30.251002800000002,32.5678452,29.798085,33.020763,29.327009750000002,33.49183825
2023-05-08 15:00:00,31.6,30.959543,29.8011218,32.117964199999996,29.348204,32.570882,28.87712875,33.041957249999996
2023-05-08 16:00:00,31.1,30.081905,28.9234838,31.2403262,28.470565999999998,31.693244,27.99949075,32.16431925
2023-05-08 17:00:00,30.7,29.897175,28.7387538,31.0555962,28.285836,31.508514,27.81476075,31.97958925
2023-05-08 18:00:00,29.7,29.066828,27.9084068,30.2252492,27.455489,30.678167000000002,26.98441375,31.14924225
2023-05-08 19:00:00,29.0,28.766932,27.6085108,29.9253532,27.155593,30.378271,26.68451775,30.84934625
2023-05-08 20:00:00,28.6,28.609436,27.4510148,29.767857199999998,26.998096999999998,30.220775,26.52702175,30.691850249999998
2023-05-08 21:00:00,28.8,28.622023,27.4636018,29.780444199999998,27.010683999999998,30.233362,26.53960875,30.704437249999998
2023-05-08 22:00:00,28.6,28.31127,27.1528488,29.4696912,26.699931,29.922609,26.22885575,30.39368425
2023-05-08 23:00:00,27.4,27.785004,26.6265828,28.9434252,26.173665,29.396343,25.70258975,29.86741825
2023-05-09 00:00:00,27.5,27.362646,26.204224800000002,28.5210672,25.751307,28.973985000000003,25.280231750000002,29.44506025
2023-05-09 01:00:00,27.1,26.973843,25.8154218,28.132264199999998,25.362503999999998,28.585182,24.89142875,29.056257249999998
2023-05-09 02:00:00,26.8,26.692087,25.5336658,27.8505082,25.080748,28.303426,24.60967275,28.77450125
2023-05-09 03:00:00,26.6,26.339645,25.1812238,27.4980662,24.728306,27.950984000000002,24.25723075,28.42205925
2023-05-09 04:00:00,26.5,26.317522,25.1591008,27.4759432,24.706183,27.928861,24.23510775,28.39993625
2023-05-09 05:00:00,27.1,26.538101,25.3796798,27.6965222,24.926762,28.149440000000002,24.45568675,28.62051525
2023-05-09 06:00:00,27.9,27.334988,26.1765668,28.4934092,25.723648999999998,28.946327,25.25257375,29.41740225
2023-05-09 07:00:00,29.1,28.88249,27.7240688,30.0409112,27.271151,30.493829,26.80007575,30.96490425
2023-05-09 08:00:00,30.3,30.010635,28.8522138,31.1690562,28.399296,31.621974,27.92822075,32.09304925
2023-05-09 09:00:00,31.5,31.516182,30.3577608,32.6746032,29.904843,33.127521,29.43376775,33.59859625
2023-05-09 10:00:00,32.7,32.3809,31.222478799999998,33.539321199999996,30.769560999999996,33.992239,30.298485749999998,34.463314249999996
2023-05-09 11:00:00,33.6,32.715237,31.556815800000003,33.8736582,31.103898,34.326576,30.632822750000003,34.79765125
2023-05-09 12:00:00,33.5,32.32524,31.1668188,33.4836612,30.713901,33.936579,30.24282575,34.40765425
2023-05-09 13:00:00,33.2,32.237312,31.078890800000003,33.3957332,30.625973000000002,33.848651000000004,30.154897750000003,34.31972625
2023-05-09 14:00:00,33.1,31.95723,30.7988088,33.115651199999995,30.345890999999998,33.568569,29.87481575,34.039644249999995
2023-05-09 15:00:00,32.3,31.401299,30.242877800000002,32.5597202,29.78996,33.012638,29.318884750000002,33.48371325
2023-05-09 16:00:00,31.2,30.79869,29.6402688,31.9571112,29.187351,32.410029,28.71627575,32.88110425
2023-05-09 17:00:00,30.6,30.428696,29.2702748,31.587117199999998,28.817356999999998,32.040034999999996,28.34628175,32.511110249999994
2023-05-09 18:00:00,29.6,29.46685,28.3084288,30.6252712,27.855511,31.078189000000002,27.38443575,31.54926425
2023-05-09 19:00:00,29.3,29.021305,27.862883800000002,30.1797262,27.409966,30.632644000000003,26.938890750000002,31.10371925
2023-05-09 20:00:00,29.1,28.780695,27.622273800000002,29.9391162,27.169356,30.392034000000002,26.698280750000002,30.86310925
2023-05-09 21:00:00,29.0,28.706364,27.5479428,29.8647852,27.095025,30.317703,26.62394975,30.78877825
2023-05-09 22:00:00,28.7,28.582047,27.4236258,29.7404682,26.970708,30.193386,26.49963275,30.66446125
2023-05-09 23:00:00,28.3,28.032383,26.8739618,29.1908042,26.421044,29.643722,25.94996875,30.11479725
2023-05-10 00:00:00,27.2,27.767757,26.6093358,28.9261782,26.156418,29.379096,25.68534275,29.85017125
2023-05-10 01:00:00,27.6,27.40012,26.2416988,28.5585412,25.788781,29.011459000000002,25.317705750000002,29.48253425
2023-05-10 02:00:00,27.3,27.043001,25.8845798,28.2014222,25.431662,28.65434,24.96058675,29.12541525
2023-05-10 03:00:00,26.9,26.847849,25.6894278,28.0062702,25.23651,28.459188,24.76543475,28.93026325
2023-05-10 04:00:00,26.7,26.55828,25.3998588,27.7167012,24.946941,28.169619,24.47586575,28.64069425
2023-05-10 05:00:00,26.7,26.947407,25.7889858,28.105828199999998,25.336067999999997,28.558746,24.86499275,29.029821249999998
2023-05-10 06:00:00,27.4,27.839735,26.6813138,28.9981562,26.228396,29.451074000000002,25.75732075,29.92214925
2023-05-10 07:00:00,28.7,29.239918,28.0814968,30.3983392,27.628579,30.851257,27.15750375,31.32233225
2023-05-10 08:00:00,29.9,30.419037,29.2606158,31.5774582,28.807698,32.030376,28.33662275,32.501451249999995
2023-05-10 09:00:00,31.1,31.53279,30.3743688,32.6912112,29.921450999999998,33.144129,29.45037575,33.61520425
2023-05-10 10:00:00,32.5,32.463303,31.304881800000004,33.6217242,30.851964000000002,34.074642000000004,30.380888750000004,34.54571725
2023-05-10 11:00:00,33.8,33.65302,32.4945988,34.8114412,32.041681,35.264359,31.57060575,35.73543425
2023-05-10 12:00:00,34.4,33.541073,32.3826518,34.6994942,31.929733999999996,35.152412,31.458658749999998,35.62348725
2023-05-10 13:00:00,32.8,33.51552,32.3570988,34.6739412,31.904181,35.126859,31.433105750000003,35.59793425
2023-05-10 14:00:00,32.4,33.29149,32.133068800000004,34.4499112,31.680151000000002,34.902829000000004,31.209075750000004,35.37390425
2023-05-10 15:00:00,32.3,32.405785,31.247363800000002,33.5642062,30.794446,34.017124,30.323370750000002,34.48819925
2023-05-10 16:00:00,31.5,31.389713,30.2312918,32.5481342,29.778374,33.001052,29.30729875,33.47212725
2023-05-10 17:00:00,30.7,30.847195,29.6887738,32.0056162,29.235856,32.458534,28.76478075,32.92960925
2023-05-10 18:00:00,29.3,29.70146,28.5430388,30.8598812,28.090121,31.312799000000002,27.61904575,31.78387425
2023-05-10 19:00:00,28.7,29.277937,28.119515800000002,30.4363582,27.666598,30.889276000000002,27.195522750000002,31.36035125
2023-05-10 20:00:00,28.4,29.129578,27.9711568,30.287999199999998,27.518238999999998,30.740917,27.04716375,31.211992249999998
2023-05-10 21:00:00,27.8,29.137903,27.979481800000002,30.2963242,27.526564,30.749242000000002,27.055488750000002,31.22031725
2023-05-10 22:00:00,28.0,28.85341,27.6949888,30.0118312,27.242071,30.464749,26.77099575,30.93582425
2023-05-10 23:00:00,28.0,28.289715,27.1312938,29.4481362,26.678376,29.901054000000002,26.20730075,30.37212925
2023-05-11 00:00:00,27.6,27.871672,26.7132508,29.0300932,26.260333,29.483011,25.78925775,29.95408625
2023-05-11 01:00:00,27.2,27.668736,26.5103148,28.8271572,26.057396999999998,29.280075,25.58632175,29.75115025
2023-05-11 02:00:00,27.0,27.653816,26.4953948,28.8122372,26.042476999999998,29.265155,25.57140175,29.73623025
2023-05-11 03:00:00,26.9,27.113811,25.9553898,28.272232199999998,25.502471999999997,28.72515,25.03139675,29.196225249999998
2023-05-11 04:00:00,26.8,27.042593,25.8841718,28.2010142,25.431254,28.653932,24.96017875,29.12500725
2023-05-11 05:00:00,27.0,27.170336,26.0119148,28.3287572,25.558996999999998,28.781675,25.08792175,29.25275025
2023-05-11 06:00:00,27.8,27.738632,26.5802108,28.8970532,26.127292999999998,29.349971,25.65621775,29.82104625
2023-05-11 07:00:00,29.4,29.054256,27.8958348,30.212677199999998,27.442916999999998,30.665595,26.97184175,31.136670249999998
2023-05-11 08:00:00,31.7,30.170721,29.0122998,31.3291422,28.559382,31.78206,28.08830675,32.25313525
2023-05-11 09:00:00,34.3,31.15712,29.9986988,32.3155412,29.545780999999998,32.768459,29.07470575,33.23953425
2023-05-11 10:00:00,36.3,32.782944,31.6245228,33.9413652,31.171605,34.394283,30.70052975,34.86535825
2023-05-11 11:00:00,37.2,34.296074,33.1376528,35.4544952,32.684734999999996,35.907413,32.21365975,36.37848825
2023-05-11 12:00:00,36.7,34.05771,32.8992888,35.2161312,32.446371,35.669049,31.97529575,36.14012425
2023-05-11 13:00:00,35.1,33.754436,32.5960148,34.9128572,32.143097,35.365775,31.67202175,35.83685025
2023-05-11 14:00:00,34.3,32.88545,31.7270288,34.0438712,31.274110999999998,34.496789,30.80303575,34.96786425
2023-05-11 15:00:00,33.7,32.041595,30.8831738,33.2000162,30.430256,33.652934,29.95918075,34.12400925
2023-05-11 16:00:00,33.0,31.428476,30.2700548,32.586897199999996,29.817137,33.039815,29.34606175,33.510890249999996
2023-05-11 17:00:00,31.8,30.62903,29.4706088,31.7874512,29.017691,32.240369,28.54661575,32.71144425
2023-05-11 18:00:00,30.4,29.920702,28.7622808,31.079123199999998,28.309362999999998,31.532041,27.83828775,32.00311625
2023-05-11 19:00:00,30.2,29.130781,27.9723598,30.2892022,27.519441999999998,30.74212,27.04836675,31.21319525
2023-05-11 20:00:00,29.9,28.737556,27.579134800000002,29.8959772,27.126217,30.348895000000002,26.655141750000002,30.81997025
2023-05-11 21:00:00,29.9,28.446188,27.2877668,29.6046092,26.834849,30.057527,26.36377375,30.52860225
2023-05-11 22:00:00,30.1,28.249313,27.0908918,29.4077342,26.637974,29.860652,26.16689875,30.33172725
2023-05-11 23:00:00,30.0,27.947054,26.788632800000002,29.1054752,26.335715,29.558393000000002,25.864639750000002,30.02946825
2023-05-12 00:00:00,29.8,27.841297,26.6828758,28.9997182,26.229958,29.452636000000002,25.75888275,29.92371125
2023-05-12 01:00:00,29.6,27.660236,26.501814800000002,28.8186572,26.048897,29.271575000000002,25.577821750000002,29.74265025
2023-05-12 02:00:00,29.3,27.209097,26.0506758,28.3675182,25.597758,28.820436,25.12668275,29.29151125
2023-05-12 03:00:00,29.1,27.109528,25.9511068,28.2679492,25.498189,28.720867000000002,25.02711375,29.19194225
2023-05-12 04:00:00,29.0,27.118082,25.9596608,28.2765032,25.506743,28.729421000000002,25.03566775,29.20049625
2023-05-12 05:00:00,28.7,27.33239,26.1739688,28.4908112,25.721051,28.943729,25.24997575,29.41480425
2023-05-12 06:00:00,29.1,28.058168,26.8997468,29.216589199999998,26.446828999999997,29.669507,25.97575375,30.140582249999998
2023-05-12 07:00:00,30.4,29.298939,28.1405178,30.4573602,27.6876,30.910278,27.21652475,31.38135325
2023-05-12 08:00:00,32.2,31.454527,30.2961058,32.6129482,29.843187999999998,33.065866,29.37211275,33.53694125
2023-05-12 09:00:00,34.2,33.134182,31.975760800000003,34.2926032,31.522843,34.745521000000004,31.051767750000003,35.21659625
2023-05-12 10:00:00,35.9,35.29364,34.135218800000004,36.4520612,33.682301,36.904979000000004,33.211225750000004,37.37605425
2023-05-12 11:00:00,37.2,35.448837,34.2904158,36.6072582,33.837498,37.060176,33.36642275,37.53125125
2023-05-12 12:00:00,38.7,35.95797,34.799548800000004,37.1163912,34.346631,37.569309000000004,33.875555750000004,38.04038425
2023-05-12 13:00:00,39.4,34.268787,33.110365800000004,35.4272082,32.657448,35.880126000000004,32.186372750000004,36.35120125
2023-05-12 14:00:00,39.7,33.632565,32.4741438,34.7909862,32.021226,35.243904,31.55015075,35.71497925
2023-05-12 15:00:00,39.9,33.030003,31.8715818,34.1884242,31.418664,34.641342,30.94758875,35.11241725
2023-05-12 16:00:00,38.3,32.729424,31.571002800000002,33.8878452,31.118085,34.340763,30.647009750000002,34.81183825
2023-05-12 17:00:00,35.4,31.296358,30.137936800000002,32.4547792,29.685019,32.907697,29.213943750000002,33.37877225
2023-05-12 18:00:00,33.9,30.708393,29.5499718,31.8668142,29.097054,32.319732,28.62597875,32.79080725
2023-05-12 19:00:00,32.9,30.239883,29.0814618,31.3983042,28.628543999999998,31.851222,28.15746875,32.32229725
2023-05-12 20:00:00,32.3,29.918835,28.760413800000002,31.0772562,28.307496,31.530174000000002,27.836420750000002,32.00124925
2023-05-12 21:00:00,32.2,29.890984,28.7325628,31.0494052,28.279645,31.502323,27.80856975,31.97339825
2023-05-12 22:00:00,31.8,29.875689,28.717267800000002,31.0341102,28.26435,31.487028000000002,27.793274750000002,31.95810325
2023-05-12 23:00:00,31.2,29.60741,28.448988800000002,30.7658312,27.996071,31.218749000000003,27.524995750000002,31.68982425
2023-05-13 00:00:00,30.7,29.28654,28.1281188,30.444961199999998,27.675200999999998,30.897879,27.20412575,31.368954249999998
2023-05-13 01:00:00,30.4,29.228828,28.0704068,30.3872492,27.617489,30.840167,27.14641375,31.31124225
2023-05-13 02:00:00,30.1,29.21673,28.0583088,30.375151199999998,27.605390999999997,30.828069,27.13431575,31.299144249999998
2023-05-13 03:00:00,29.9,29.15984,28.0014188,30.3182612,27.548500999999998,30.771179,27.07742575,31.24225425
2023-05-13 04:00:00,29.6,28.930414,27.7719928,30.0888352,27.319074999999998,30.541753,26.84799975,31.01282825
2023-05-13 05:00:00,30.0,28.640623,27.482201800000002,29.7990442,27.029284,30.251962000000002,26.558208750000002,30.72303725
2023-05-13 06:00:00,30.3,28.879257,27.7208358,30.0376782,27.267917999999998,30.490596,26.79684275,30.96167125
2023-05-13 07:00:00,31.3,30.263414,29.1049928,31.4218352,28.652075,31.874753000000002,28.18099975,32.34582825
2023-05-13 08:00:00,32.7,32.472034,31.3136128,33.6304552,30.860695,34.083373,30.38961975,34.55444825
2023-05-13 09:00:00,34.6,34.32921,33.170788800000004,35.4876312,32.717871,35.940549000000004,32.246795750000004,36.41162425
2023-05-13 10:00:00,36.6,35.882515,34.7240938,37.0409362,34.271176,37.493854,33.80010075,37.96492925
2023-05-13 11:00:00,38.5,37.14933,35.9909088,38.3077512,35.537991,38.760669,35.06691575,39.23174425
2023-05-13 12:00:00,40.3,37.630123,36.4717018,38.7885442,36.018784,39.241462,35.54770875,39.71253725
2023-05-13 13:00:00,40.2,37.49618,36.3377588,38.6546012,35.884841,39.107519,35.41376575,39.57859425
2023-05-13 14:00:00,35.3,36.11727,34.9588488,37.2756912,34.505931,37.728609,34.03485575,38.19968425
2023-05-13 15:00:00,34.3,35.34589,34.1874688,36.5043112,33.734550999999996,36.957229,33.26347575,37.42830425
2023-05-13 16:00:00,33.3,34.542362,33.3839408,35.7007832,32.931022999999996,36.153701,32.45994775,36.62477625
2023-05-13 17:00:00,33.2,33.366776,32.2083548,34.5251972,31.755437,34.978115,31.284361750000002,35.44919025
2023-05-13 18:00:00,31.6,31.932005,30.7735838,33.090426199999996,30.320666,33.543344,29.84959075,34.014419249999996
2023-05-13 19:00:00,31.1,31.080442,29.922020800000002,32.2388632,29.469103,32.691781,28.998027750000002,33.16285625
2023-05-13 20:00:00,30.8,30.748709,29.590287800000002,31.9071302,29.13737,32.360048,28.666294750000002,32.83112325
2023-05-13 21:00:00,30.6,30.75171,29.5932888,31.9101312,29.140371,32.363049,28.66929575,32.834124249999995
2023-05-13 22:00:00,31.0,30.967575,29.8091538,32.125996199999996,29.356236,32.578914,28.88516075,33.049989249999996
2023-05-13 23:00:00,30.6,30.815645,29.6572238,31.9740662,29.204306,32.426984,28.73323075,32.898059249999996
2023-05-14 00:00:00,30.4,30.17717,29.0187488,31.3355912,28.565831,31.788509,28.09475575,32.259584249999996
2023-05-14 01:00:00,30.1,29.808409,28.6499878,30.9668302,28.19707,31.419748000000002,27.72599475,31.89082325
2023-05-14 02:00:00,29.4,29.732681,28.5742598,30.8911022,28.121342,31.34402,27.65026675,31.81509525
2023-05-14 03:00:00,28.8,29.54231,28.3838888,30.7007312,27.930971,31.153649,27.45989575,31.62472425
2023-05-14 04:00:00,28.5,29.64181,28.4833888,30.8002312,28.030471,31.253149,27.55939575,31.72422425
2023-05-14 05:00:00,28.4,29.159079,28.0006578,30.317500199999998,27.547739999999997,30.770418,27.07666475,31.241493249999998
2023-05-14 06:00:00,28.8,29.441456,28.2830348,30.599877199999998,27.830116999999998,31.052795,27.35904175,31.523870249999998
2023-05-14 07:00:00,30.2,30.822655,29.6642338,31.9810762,29.211316,32.433994,28.74024075,32.90506925
2023-05-14 08:00:00,32.4,32.46929,31.3108688,33.6277112,30.857951,34.080629,30.38687575,34.55170425
2023-05-14 09:00:00,34.4,34.57601,33.4175888,35.734431199999996,32.964670999999996,36.187349,32.49359575,36.658424249999996
2023-05-14 10:00:00,36.0,36.460316,35.3018948,37.6187372,34.848977,38.071655,34.37790175,38.54273025
2023-05-14 11:00:00,37.1,37.999676,36.8412548,39.1580972,36.388337,39.611015,35.91726175,40.08209025
2023-05-14 12:00:00,37.1,38.059475,36.9010538,39.2178962,36.448136,39.670814,35.97706075,40.14188925
2023-05-14 13:00:00,34.6,38.69448,37.5360588,39.8529012,37.083141,40.305819,36.61206575,40.77689425
2023-05-14 14:00:00,33.2,35.565575,34.4071538,36.7239962,33.954236,37.176914000000004,33.48316075,37.64798925
2023-05-14 15:00:00,33.0,34.30248,33.1440588,35.4609012,32.691141,35.913819000000004,32.22006575,36.38489425
2023-05-14 16:00:00,32.7,33.669094,32.5106728,34.8275152,32.057755,35.280433,31.586679750000002,35.75150825
2023-05-14 17:00:00,31.6,33.310333,32.1519118,34.4687542,31.698994,34.921672,31.22791875,35.39274725
2023-05-14 18:00:00,30.6,31.804525,30.646103800000002,32.9629462,30.193186,33.415864,29.722110750000002,33.88693925
2023-05-14 19:00:00,30.7,30.894625,29.736203800000002,32.0530462,29.283286,32.505964,28.812210750000002,32.97703925
2023-05-14 20:00:00,30.3,30.406002,29.2475808,31.5644232,28.794663,32.017341,28.32358775,32.48841625
2023-05-14 21:00:00,30.1,30.283335,29.1249138,31.4417562,28.671996,31.894674000000002,28.20092075,32.36574925
2023-05-14 22:00:00,29.7,30.607481,29.4490598,31.7659022,28.996142,32.21882,28.52506675,32.68989525
2023-05-14 23:00:00,29.6,30.386679,29.2282578,31.5451002,28.77534,31.998018000000002,28.30426475,32.46909325
2023-05-15 00:00:00,29.4,30.12869,28.9702688,31.2871112,28.517350999999998,31.740029,28.04627575,32.21110425
2023-05-15 01:00:00,29.2,29.96609,28.807668800000002,31.1245112,28.354751,31.577429000000002,27.883675750000002,32.04850425
2023-05-15 02:00:00,29.1,29.649225,28.490803800000002,30.8076462,28.037886,31.260564000000002,27.566810750000002,31.73163925
2023-05-15 03:00:00,28.9,29.413815,28.2553938,30.5722362,27.802476,31.025154,27.33140075,31.49622925
2023-05-15 04:00:00,28.6,29.35044,28.1920188,30.5088612,27.739100999999998,30.961779,27.26802575,31.43285425
2023-05-15 05:00:00,28.6,29.582508,28.4240868,30.7409292,27.971169,31.193847,27.50009375,31.66492225
2023-05-15 06:00:00,29.1,30.297983,29.1395618,31.456404199999998,28.686643999999998,31.909322,28.21556875,32.380397249999994
2023-05-15 07:00:00,30.3,30.772207,29.613785800000002,31.9306282,29.160868,32.383546,28.689792750000002,32.85462125
2023-05-15 08:00:00,32.2,32.61767,31.459248799999997,33.776091199999996,31.006330999999996,34.229009,30.535255749999997,34.700084249999996
2023-05-15 09:00:00,34.4,34.41861,33.2601888,35.5770312,32.807271,36.029949,32.33619575,36.50102425
2023-05-15 10:00:00,36.3,36.11521,34.9567888,37.2736312,34.503871,37.726549,34.03279575,38.19762425
2023-05-15 11:00:00,37.6,36.63959,35.4811688,37.7980112,35.028251,38.250929,34.55717575,38.72200425
2023-05-15 12:00:00,38.2,36.247585,35.0891638,37.4060062,34.636246,37.858924,34.16517075,38.32999925
2023-05-15 13:00:00,37.0,35.892776,34.7343548,37.0511972,34.281437,37.504115,33.81036175,37.97519025
2023-05-15 14:00:00,35.4,34.233196,33.0747748,35.3916172,32.621857,35.844535,32.15078175,36.31561025
2023-05-15 15:00:00,34.7,33.50845,32.350028800000004,34.6668712,31.897111000000002,35.119789000000004,31.426035750000004,35.59086425
2023-05-15 16:00:00,33.4,32.89402,31.735598799999998,34.0524412,31.282680999999997,34.505359,30.81160575,34.97643425
2023-05-15 17:00:00,31.9,32.155334,30.996912800000004,33.3137552,30.543995000000002,33.766673000000004,30.072919750000004,34.23774825
2023-05-15 18:00:00,30.7,30.731812,29.573390800000002,31.8902332,29.120473,32.343151,28.649397750000002,32.81422625
2023-05-15 19:00:00,30.6,30.700405,29.5419838,31.8588262,29.089066,32.311744,28.61799075,32.782819249999996
2023-05-15 20:00:00,30.2,30.377436,29.2190148,31.5358572,28.766097,31.988775,28.29502175,32.459850249999995
2023-05-15 21:00:00,29.9,30.193144,29.0347228,31.3515652,28.581805,31.804483,28.11072975,32.275558249999996
2023-05-15 22:00:00,30.0,30.067614,28.9091928,31.2260352,28.456274999999998,31.678953,27.98519975,32.15002825
2023-05-15 23:00:00,29.7,29.787464,28.6290428,30.9458852,28.176125,31.398803,27.70504975,31.86987825
2023-05-16 00:00:00,29.6,29.846598,28.6881768,31.0050192,28.235259,31.457937,27.76418375,31.92901225
2023-05-16 01:00:00,29.3,29.556786,28.3983648,30.7152072,27.945446999999998,31.168125,27.47437175,31.63920025
2023-05-16 02:00:00,28.9,29.304012,28.1455908,30.4624332,27.692673,30.915351,27.22159775,31.38642625
2023-05-16 03:00:00,28.6,29.03403,27.875608800000002,30.1924512,27.422691,30.645369000000002,26.951615750000002,31.11644425
2023-05-16 04:00:00,28.5,28.811192,27.6527708,29.969613199999998,27.199852999999997,30.422531,26.72877775,30.893606249999998
2023-05-16 05:00:00,29.9,28.734205,27.5757838,29.8926262,27.122866,30.345544,26.65179075,30.81661925
2023-05-16 06:00:00,30.1,29.264246,28.1058248,30.4226672,27.652907,30.875585,27.18183175,31.34666025
2023-05-16 07:00:00,31.0,30.420364,29.2619428,31.5787852,28.809025,32.031703,28.33794975,32.50277825
2023-05-16 08:00:00,31.8,32.2903,31.131878800000003,33.4487212,30.678961,33.901639,30.207885750000003,34.37271425
2023-05-16 09:00:00,33.1,34.570488,33.4120668,35.7289092,32.959149,36.181827,32.48807375,36.65290225
2023-05-16 10:00:00,33.8,36.407684,35.249262800000004,37.5661052,34.796345,38.019023000000004,34.325269750000004,38.49009825
2023-05-16 11:00:00,34.1,36.740646,35.5822248,37.8990672,35.129307,38.351985,34.65823175,38.82306025
2023-05-16 12:00:00,34.0,36.54935,35.3909288,37.707771199999996,34.938010999999996,38.160689,34.46693575,38.631764249999996
2023-05-16 13:00:00,33.2,35.481262,34.3228408,36.6396832,33.869923,37.092601,33.39884775,37.56367625
2023-05-16 14:00:00,33.1,34.537743,33.3793218,35.6961642,32.926404,36.149082,32.45532875,36.62015725
2023-05-16 15:00:00,32.8,33.646183,32.4877618,34.8046042,32.034844,35.257522,31.56376875,35.72859725
2023-05-16 16:00:00,32.3,33.042465,31.8840438,34.2008862,31.431126,34.653804,30.96005075,35.12487925
2023-05-16 17:00:00,31.8,31.777416,30.6189948,32.935837199999995,30.166076999999998,33.388754999999996,29.69500175,33.859830249999995
2023-05-16 18:00:00,30.8,30.890203,29.7317818,32.0486242,29.278864,32.501542,28.80778875,32.97261725
2023-05-16 19:00:00,29.9,30.376448,29.2180268,31.5348692,28.765109,31.987787,28.29403375,32.458862249999996
2023-05-16 20:00:00,29.7,30.483358,29.3249368,31.6417792,28.872018999999998,32.094697,28.40094375,32.565772249999995
2023-05-16 21:00:00,29.9,30.325657,29.1672358,31.4840782,28.714318,31.936996,28.24324275,32.40807125
2023-05-16 22:00:00,29.8,30.104425,28.9460038,31.2628462,28.493085999999998,31.715764,28.02201075,32.18683925
2023-05-16 23:00:00,29.7,29.863941,28.7055198,31.0223622,28.252602,31.47528,27.78152675,31.94635525
2023-05-17 00:00:00,29.5,29.809595,28.651173800000002,30.9680162,28.198256,31.420934000000003,27.727180750000002,31.89200925
2023-05-17 01:00:00,29.3,29.45188,28.2934588,30.6103012,27.840540999999998,31.063219,27.36946575,31.53429425
2023-05-17 02:00:00,29.1,29.194565,28.0361438,30.3529862,27.583226,30.805904,27.11215075,31.27697925
2023-05-17 03:00:00,28.7,28.910677,27.7522558,30.0690982,27.299338,30.522016,26.82826275,30.99309125
2023-05-17 04:00:00,28.6,28.473623,27.3152018,29.6320442,26.862284,30.084962,26.39120875,30.55603725
2023-05-17 05:00:00,28.2,29.090996,27.9325748,30.2494172,27.479657,30.702335,27.00858175,31.17341025
2023-05-17 06:00:00,28.8,29.809488,28.651066800000002,30.9679092,28.198149,31.420827000000003,27.727073750000002,31.89190225
2023-05-17 07:00:00,29.9,30.613914,29.455492800000002,31.7723352,29.002575,32.225253,28.531499750000002,32.69632825
2023-05-17 08:00:00,31.5,31.43747,30.2790488,32.5958912,29.826131,33.048809,29.355055750000002,33.51988425
2023-05-17 09:00:00,33.2,33.28212,32.1236988,34.4405412,31.670780999999998,34.893459,31.19970575,35.36453425
2023-05-17 10:00:00,34.8,33.943855,32.7854338,35.1022762,32.332516,35.555194,31.86144075,36.02626925
2023-05-17 11:00:00,35.9,34.027878,32.8694568,35.1862992,32.416539,35.639217,31.945463750000002,36.11029225
2023-05-17 12:00:00,34.6,33.8285,32.6700788,34.9869212,32.217161,35.439839,31.74608575,35.91091425
2023-05-17 13:00:00,33.0,33.72589,32.5674688,34.8843112,32.114551,35.337229,31.64347575,35.80830425
2023-05-17 14:00:00,32.7,33.58198,32.4235588,34.7404012,31.970641,35.193319,31.499565750000002,35.66439425
2023-05-17 15:00:00,32.5,33.25593,32.0975088,34.4143512,31.644591,34.867269,31.17351575,35.33834425
2023-05-17 16:00:00,31.7,32.419464,31.2610428,33.5778852,30.808124999999997,34.030803,30.33704975,34.50187825
2023-05-17 17:00:00,29.9,31.490744,30.3323228,32.6491652,29.879405,33.102083,29.40832975,33.57315825
2023-05-17 18:00:00,27.7,30.361431,29.2030098,31.5198522,28.750092,31.97277,28.27901675,32.443845249999995
2023-05-17 19:00:00,27.7,29.927795,28.7693738,31.0862162,28.316456,31.539134,27.84538075,32.010209249999996
2023-05-17 20:00:00,28.4,29.582386,28.4239648,30.7408072,27.971047,31.193725,27.49997175,31.66480025
2023-05-17 21:00:00,28.9,29.810314,28.651892800000002,30.9687352,28.198975,31.421653000000003,27.727899750000002,31.89272825
2023-05-17 22:00:00,28.9,29.70545,28.5470288,30.8638712,28.094110999999998,31.316789,27.62303575,31.78786425
2023-05-17 23:00:00,28.8,29.5391,28.380678800000002,30.6975212,27.927761,31.150439000000002,27.456685750000002,31.62151425
2023-05-18 00:00:00,28.7,29.423216,28.2647948,30.5816372,27.811877,31.034555,27.34080175,31.50563025
2023-05-18 01:00:00,28.7,29.221804,28.0633828,30.380225199999998,27.610464999999998,30.833143,27.13938975,31.304218249999998
2023-05-18 02:00:00,28.5,28.905087,27.746665800000002,30.0635082,27.293748,30.516426000000003,26.822672750000002,30.98750125
2023-05-18 03:00:00,28.3,28.590393,27.4319718,29.748814199999998,26.979053999999998,30.201732,26.50797875,30.672807249999998
2023-05-18 04:00:00,28.1,28.421768,27.2633468,29.5801892,26.810429,30.033107,26.33935375,30.50418225
2023-05-18 05:00:00,28.2,28.821404,27.6629828,29.9798252,27.210065,30.432743000000002,26.738989750000002,30.90381825
2023-05-18 06:00:00,28.6,29.124872,27.9664508,30.2832932,27.513533,30.736211,27.04245775,31.20728625
2023-05-18 07:00:00,29.7,30.42031,29.2618888,31.5787312,28.808971,32.031649,28.33789575,32.50272425
2023-05-18 08:00:00,31.2,31.72701,30.5685888,32.8854312,30.115671,33.338349,29.64459575,33.80942425
2023-05-18 09:00:00,32.7,33.321354,32.1629328,34.4797752,31.710015,34.932693,31.23893975,35.40376825
2023-05-18 10:00:00,34.3,34.863354,33.7049328,36.0217752,33.252015,36.474693,32.78093975,36.94576825
2023-05-18 11:00:00,35.2,35.51791,34.3594888,36.6763312,33.906571,37.129249,33.43549575,37.60032425
2023-05-18 12:00:00,34.8,34.799374,33.6409528,35.9577952,33.188035,36.410713,32.71695975,36.88178825
2023-05-18 13:00:00,34.2,34.09917,32.9407488,35.2575912,32.487831,35.710509,32.01675575,36.18158425
2023-05-18 14:00:00,33.6,33.040806,31.882384800000004,34.1992272,31.429467000000002,34.652145000000004,30.958391750000004,35.12322025
2023-05-18 15:00:00,32.9,32.61224,31.4538188,33.7706612,31.000901,34.223579,30.52982575,34.69465425
2023-05-18 16:00:00,32.1,31.807392,30.6489708,32.9658132,30.196053,33.418731,29.72497775,33.88980625
2023-05-18 17:00:00,31.5,30.811274,29.6528528,31.9696952,29.199935,32.422613,28.72885975,32.89368825
2023-05-18 18:00:00,30.2,29.71565,28.5572288,30.8740712,28.104311,31.326989,27.63323575,31.79806425
2023-05-18 19:00:00,29.8,29.309908,28.1514868,30.4683292,27.698569,30.921247,27.22749375,31.39232225
2023-05-18 20:00:00,29.4,29.14284,27.9844188,30.3012612,27.531501,30.754179,27.06042575,31.22525425
2023-05-18 21:00:00,29.3,29.382376,28.2239548,30.5407972,27.771037,30.993715,27.29996175,31.46479025
2023-05-18 22:00:00,29.3,29.260681,28.102259800000002,30.4191022,27.649342,30.872020000000003,27.178266750000002,31.34309525
2023-05-18 23:00:00,29.1,29.167608,28.009186800000002,30.3260292,27.556269,30.778947000000002,27.085193750000002,31.25002225
2023-05-19 00:00:00,29.0,28.894987,27.7365658,30.0534082,27.283648,30.506326,26.81257275,30.97740125
2023-05-19 01:00:00,28.7,28.77222,27.6137988,29.9306412,27.160881,30.383559,26.68980575,30.85463425
2023-05-19 02:00:00,28.4,28.50931,27.3508888,29.6677312,26.897971,30.120649,26.42689575,30.59172425
2023-05-19 03:00:00,28.2,28.30483,27.1464088,29.4632512,26.693490999999998,29.916169,26.22241575,30.38724425
2023-05-19 04:00:00,28.0,28.180649,27.0222278,29.3390702,26.569309999999998,29.791988,26.09823475,30.26306325
2023-05-19 05:00:00,28.1,28.05911,26.9006888,29.2175312,26.447771,29.670449,25.97669575,30.14152425
2023-05-19 06:00:00,28.6,28.670456,27.512034800000002,29.8288772,27.059117,30.281795000000002,26.588041750000002,30.75287025
2023-05-19 07:00:00,29.7,29.85068,28.6922588,31.0091012,28.239341,31.462019,27.76826575,31.93309425
2023-05-19 08:00:00,31.3,31.43977,30.2813488,32.598191199999995,29.828431,33.051109,29.35735575,33.522184249999995
2023-05-19 09:00:00,32.7,32.78134,31.6229188,33.9397612,31.170001,34.392679,30.69892575,34.86375425
2023-05-19 10:00:00,33.7,34.197422,33.039000800000004,35.3558432,32.586083,35.808761000000004,32.115007750000004,36.27983625
2023-05-19 11:00:00,33.8,34.599297,33.4408758,35.7577182,32.987958,36.210636,32.51688275,36.68171125
2023-05-19 12:00:00,33.7,34.745255,33.5868338,35.9036762,33.133916,36.356594,32.66284075,36.82766925
2023-05-19 13:00:00,33.7,34.0831,32.9246788,35.2415212,32.471761,35.694439,32.00068575,36.16551425
2023-05-19 14:00:00,33.4,33.474323,32.3159018,34.6327442,31.862983999999997,35.085662,31.39190875,35.55673725
2023-05-19 15:00:00,33.0,33.03266,31.8742388,34.1910812,31.421321,34.643999,30.95024575,35.11507425
2023-05-19 16:00:00,32.2,32.048584,30.8901628,33.2070052,30.437244999999997,33.659923,29.96616975,34.13099825
2023-05-19 17:00:00,31.3,31.25227,30.0938488,32.410691199999995,29.640931,32.863609,29.16985575,33.334684249999995
2023-05-19 18:00:00,30.0,30.208427,29.0500058,31.3668482,28.597088,31.819766,28.12601275,32.29084125
2023-05-19 19:00:00,29.8,29.497194,28.3387728,30.6556152,27.885855,31.108533,27.41477975,31.57960825
2023-05-19 20:00:00,29.6,29.31539,28.1569688,30.4738112,27.704051,30.926729,27.23297575,31.39780425
2023-05-19 21:00:00,29.5,29.297857,28.1394358,30.4562782,27.686518,30.909196,27.21544275,31.38027125
2023-05-19 22:00:00,29.4,29.300426,28.142004800000002,30.4588472,27.689087,30.911765000000003,27.218011750000002,31.38284025
2023-05-19 23:00:00,29.3,29.166656,28.0082348,30.3250772,27.555317,30.777995,27.08424175,31.24907025
2023-05-20 00:00:00,29.1,28.854177,27.6957558,30.0125982,27.242838,30.465516,26.77176275,30.93659125
2023-05-20 01:00:00,28.8,28.68528,27.5268588,29.843701199999998,27.073940999999998,30.296619,26.60286575,30.767694249999998
2023-05-20 02:00:00,28.6,28.494188,27.335766800000002,29.6526092,26.882849,30.105527000000002,26.411773750000002,30.57660225
2023-05-20 03:00:00,28.4,28.174492,27.0160708,29.3329132,26.563153,29.785831,26.09207775,30.25690625
2023-05-20 04:00:00,28.1,28.004967,26.8465458,29.1633882,26.393628,29.616306,25.92255275,30.08738125
2023-05-20 05:00:00,28.3,28.00263,26.8442088,29.1610512,26.391291,29.613969,25.92021575,30.08504425
2023-05-20 06:00:00,29.1,28.560785,27.4023638,29.7192062,26.949446,30.172124,26.47837075,30.64319925
2023-05-20 07:00:00,30.0,29.734892,28.5764708,30.893313199999998,28.123552999999998,31.346231,27.65247775,31.817306249999998
2023-05-20 08:00:00,31.3,31.332514,30.1740928,32.490935199999996,29.721175,32.943853,29.25009975,33.414928249999996
2023-05-20 09:00:00,32.7,32.66998,31.511558800000003,33.8284012,31.058641,34.281319,30.587565750000003,34.75239425
2023-05-20 10:00:00,33.9,33.760674,32.6022528,34.9190952,32.149335,35.372013,31.678259750000002,35.84308825
2023-05-20 11:00:00,34.5,34.149044,32.990622800000004,35.3074652,32.537705,35.760383000000004,32.066629750000004,36.23145825
2023-05-20 12:00:00,34.2,34.059322,32.9009008,35.2177432,32.447983,35.670661,31.976907750000002,36.14173625
2023-05-20 13:00:00,33.8,33.83498,32.6765588,34.9934012,32.223641,35.446319,31.752565750000002,35.91739425
2023-05-20 14:00:00,33.3,33.409973,32.2515518,34.5683942,31.798634,35.021312,31.32755875,35.49238725
2023-05-20 15:00:00,33.1,32.89244,31.7340188,34.0508612,31.281101,34.503779,30.81002575,34.97485425
2023-05-20 16:00:00,32.0,32.080105,30.921683800000004,33.2385262,30.468766000000002,33.691444000000004,29.997690750000004,34.16251925
2023-05-20 17:00:00,31.1,31.22093,30.0625088,32.379351199999995,29.609590999999998,32.832269,29.13851575,33.303344249999995
2023-05-20 18:00:00,29.7,30.111671,28.953249800000002,31.2700922,28.500332,31.723010000000002,28.029256750000002,32.19408525
2023-05-20 19:00:00,29.5,29.79317,28.6347488,30.9515912,28.181831,31.404509,27.71075575,31.87558425
2023-05-20 20:00:00,29.4,29.570168,28.4117468,30.7285892,27.958828999999998,31.181507,27.48775375,31.65258225
2023-05-20 21:00:00,29.2,29.535286,28.3768648,30.6937072,27.923947,31.146625,27.45287175,31.61770025
2023-05-20 22:00:00,29.2,29.339584,28.1811628,30.498005199999998,27.728244999999998,30.950923,27.25716975,31.421998249999998
2023-05-20 23:00:00,29.1,29.152763,27.9943418,30.3111842,27.541424,30.764102,27.07034875,31.23517725
2023-05-21 00:00:00,28.8,28.984552,27.8261308,30.1429732,27.373213,30.595891,26.90213775,31.06696625
2023-05-21 01:00:00,28.7,28.647827,27.4894058,29.8062482,27.036488,30.259166,26.56541275,30.73024125
2023-05-21 02:00:00,28.6,28.470217,27.311795800000002,29.6286382,26.858878,30.081556000000003,26.387802750000002,30.55263125
2023-05-21 03:00:00,28.5,28.284616,27.1261948,29.4430372,26.673277,29.895955,26.20220175,30.36703025
2023-05-21 04:00:00,28.2,27.983696,26.8252748,29.142117199999998,26.372356999999997,29.595035,25.90128175,30.066110249999998
2023-05-21 05:00:00,28.6,28.000326,26.841904800000002,29.1587472,26.388987,29.611665000000002,25.917911750000002,30.08274025
2023-05-21 06:00:00,29.2,29.155615,27.9971938,30.3140362,27.544276,30.766954000000002,27.07320075,31.23802925
2023-05-21 07:00:00,30.0,29.88132,28.7228988,31.039741199999998,28.269980999999998,31.492659,27.79890575,31.963734249999998
2023-05-21 08:00:00,31.3,31.247086,30.0886648,32.405507199999995,29.635747,32.858425,29.16467175,33.329500249999995
2023-05-21 09:00:00,32.8,32.711376,31.552954800000002,33.8697972,31.100037,34.322715,30.628961750000002,34.79379025
2023-05-21 10:00:00,34.2,33.8091,32.6506788,34.9675212,32.197761,35.420439,31.72668575,35.89151425
2023-05-21 11:00:00,34.1,34.307224,33.1488028,35.4656452,32.695885,35.918563,32.22480975,36.38963825
2023-05-21 12:00:00,33.5,34.199047,33.0406258,35.3574682,32.587708,35.810386,32.11663275,36.28146125
2023-05-21 13:00:00,33.1,33.841423,32.6830018,34.9998442,32.230084,35.452762,31.75900875,35.92383725
2023-05-21 14:00:00,27.2,33.62728,32.4688588,34.7857012,32.015941,35.238619,31.54486575,35.70969425
2023-05-21 15:00:00,27.8,33.02983,31.871408799999998,34.188251199999996,31.418490999999996,34.641169,30.947415749999998,35.112244249999996
2023-05-21 16:00:00,29.5,31.845747,30.6873258,33.004168199999995,30.234408,33.457086,29.76333275,33.928161249999995
2023-05-21 17:00:00,30.9,31.054737,29.8963158,32.213158199999995,29.443398,32.666076,28.97232275,33.137151249999995
2023-05-21 18:00:00,29.6,29.955873,28.7974518,31.1142942,28.344534,31.567212,27.87345875,32.038287249999996
2023-05-21 19:00:00,29.3,29.583447,28.4250258,30.7418682,27.972108,31.194786,27.50103275,31.66586125
2023-05-21 20:00:00,29.5,29.498123,28.3397018,30.6565442,27.886784,31.109462,27.41570875,31.58053725
2023-05-21 21:00:00,29.3,29.385624,28.2272028,30.5440452,27.774285,30.996963,27.30320975,31.46803825
2023-05-21 22:00:00,29.1,29.163372,28.0049508,30.3217932,27.552032999999998,30.774711,27.08095775,31.24578625
2023-05-21 23:00:00,29.1,29.036486,27.8780648,30.1949072,27.425147,30.647825,26.95407175,31.11890025
2023-05-22 00:00:00,29.0,28.699755,27.5413338,29.8581762,27.088416,30.311094,26.61734075,30.78216925
2023-05-22 01:00:00,28.8,28.577314,27.418892800000002,29.7357352,26.965975,30.188653000000002,26.494899750000002,30.65972825
2023-05-22 02:00:00,28.7,28.460201,27.301779800000002,29.6186222,26.848862,30.071540000000002,26.377786750000002,30.54261525
2023-05-22 03:00:00,28.5,28.34681,27.188388800000002,29.5052312,26.735471,29.958149000000002,26.264395750000002,30.42922425
2023-05-22 04:00:00,28.2,28.018373,26.8599518,29.1767942,26.407034,29.629712,25.93595875,30.10078725
2023-05-22 05:00:00,27.9,28.303719,27.1452978,29.4621402,26.69238,29.915058000000002,26.22130475,30.38613325
2023-05-22 06:00:00,28.2,29.061861,27.9034398,30.2202822,27.450522,30.6732,26.97944675,31.14427525
2023-05-22 07:00:00,29.4,29.958706,28.8002848,31.1171272,28.347367,31.570045,27.87629175,32.04112025
2023-05-22 08:00:00,31.1,31.201918,30.0434968,32.3603392,29.590578999999998,32.813257,29.11950375,33.28433225
2023-05-22 09:00:00,32.9,32.633698,31.475276800000003,33.7921192,31.022359,34.245037,30.551283750000003,34.71611225
2023-05-22 10:00:00,34.5,34.075737,32.9173158,35.234158199999996,32.464397999999996,35.687076,31.993322749999997,36.158151249999996
2023-05-22 11:00:00,35.3,34.07462,32.916198800000004,35.2330412,32.463281,35.685959000000004,31.992205750000004,36.15703425
2023-05-22 12:00:00,34.0,34.016617,32.8581958,35.175038199999996,32.405277999999996,35.627956,31.934202749999997,36.099031249999996
2023-05-22 13:00:00,33.5,33.54047,32.3820488,34.6988912,31.929130999999998,35.151809,31.45805575,35.62288425
2023-05-22 14:00:00,33.2,31.387041,30.2286198,32.545462199999996,29.775702,32.99838,29.30462675,33.469455249999996
2023-05-22 15:00:00,32.5,30.344719,29.186297800000002,31.5031402,28.73338,31.956058000000002,28.262304750000002,32.42713325
2023-05-22 16:00:00,31.8,30.665277,29.5068558,31.8236982,29.053938,32.276616,28.58286275,32.747691249999995
2023-05-22 17:00:00,31.4,30.611595,29.453173800000002,31.7700162,29.000256,32.222934,28.529180750000002,32.69400925
2023-05-22 18:00:00,30.0,29.759768,28.6013468,30.9181892,28.148429,31.371107000000002,27.67735375,31.84218225
2023-05-22 19:00:00,29.8,29.338184,28.1797628,30.496605199999998,27.726844999999997,30.949523,27.25576975,31.420598249999998
2023-05-22 20:00:00,29.5,29.358927,28.200505800000002,30.5173482,27.747588,30.970266000000002,27.276512750000002,31.44134125
2023-05-22 21:00:00,29.5,29.177492,28.0190708,30.3359132,27.566153,30.788831000000002,27.09507775,31.25990625
2023-05-22 22:00:00,29.4,29.003485,27.845063800000002,30.1619062,27.392146,30.614824000000002,26.921070750000002,31.08589925
2023-05-22 23:00:00,29.3,28.824234,27.6658128,29.9826552,27.212895,30.435573,26.74181975,30.90664825
2023-05-23 00:00:00,29.1,28.652935,27.4945138,29.8113562,27.041596,30.264274,26.57052075,30.73534925
2023-05-23 01:00:00,29.0,28.550398,27.391976800000002,29.7088192,26.939059,30.161737000000002,26.467983750000002,30.63281225
2023-05-23 02:00:00,28.9,28.257952,27.0995308,29.4163732,26.646613,29.869291,26.17553775,30.34036625
2023-05-23 03:00:00,28.6,28.367645,27.2092238,29.5260662,26.756306,29.978984,26.28523075,30.45005925
2023-05-23 04:00:00,28.3,28.050144,26.8917228,29.2085652,26.438805,29.661483,25.96772975,30.13255825
2023-05-23 05:00:00,28.5,28.007586,26.8491648,29.1660072,26.396247,29.618925,25.92517175,30.09000025
2023-05-23 06:00:00,28.9,28.583727,27.4253058,29.7421482,26.972388,30.195066,26.50131275,30.66614125
2023-05-23 07:00:00,30.1,29.667192,28.5087708,30.8256132,28.055853,31.278531,27.58477775,31.74960625
2023-05-23 08:00:00,31.8,31.295233,30.1368118,32.453654199999995,29.683894,32.906572,29.21281875,33.377647249999995
2023-05-23 09:00:00,33.8,32.679943,31.521521800000002,33.8383642,31.068604,34.291282,30.597528750000002,34.76235725
2023-05-23 10:00:00,35.4,33.910397,32.751975800000004,35.0688182,32.299058,35.521736000000004,31.827982750000004,35.99281125
2023-05-23 11:00:00,36.3,34.550625,33.3922038,35.709046199999996,32.939285999999996,36.161964,32.46821075,36.633039249999996
2023-05-23 12:00:00,35.2,33.845245,32.6868238,35.0036662,32.233906,35.456584,31.76283075,35.92765925
2023-05-23 13:00:00,34.7,33.481636,32.3232148,34.6400572,31.870297,35.092975,31.399221750000002,35.56405025
2023-05-23 14:00:00,34.3,33.292942,32.1345208,34.451363199999996,31.681602999999996,34.904281,31.210527749999997,35.375356249999996
2023-05-23 15:00:00,33.4,32.062958,30.904536800000002,33.2213792,30.451619,33.674297,29.980543750000002,34.14537225
2023-05-23 16:00:00,32.5,31.605963,30.4475418,32.764384199999995,29.994623999999998,33.217302,29.52354875,33.688377249999995
2023-05-23 17:00:00,31.5,31.206669,30.048247800000002,32.3650902,29.59533,32.818008,29.124254750000002,33.28908325
2023-05-23 18:00:00,30.8,30.084227,28.9258058,31.242648199999998,28.472887999999998,31.695566,28.00181275,32.16664125
2023-05-23 19:00:00,30.4,29.699127,28.5407058,30.8575482,28.087788,31.310466,27.61671275,31.78154125
2023-05-23 20:00:00,30.3,29.665277,28.5068558,30.8236982,28.053938,31.276616,27.58286275,31.74769125
2023-05-23 21:00:00,30.0,29.501448,28.3430268,30.6598692,27.890109,31.112787,27.41903375,31.58386225
2023-05-23 22:00:00,29.7,29.239462,28.0810408,30.3978832,27.628123,30.850801,27.15704775,31.32187625
2023-05-23 23:00:00,29.5,29.188616,28.0301948,30.3470372,27.577277,30.799955,27.10620175,31.27103025
2023-05-24 00:00:00,29.4,28.990334,27.8319128,30.1487552,27.378995,30.601673,26.90791975,31.07274825
2023-05-24 01:00:00,29.3,28.918194,27.7597728,30.0766152,27.306855,30.529533,26.83577975,31.00060825
2023-05-24 02:00:00,29.3,28.858887,27.7004658,30.0173082,27.247548,30.470226,26.77647275,30.94130125
2023-05-24 03:00:00,29.2,28.549461,27.3910398,29.7078822,26.938122,30.160800000000002,26.46704675,30.63187525
2023-05-24 04:00:00,29.0,28.113817,26.9553958,29.2722382,26.502478,29.725156000000002,26.03140275,30.19623125
2023-05-24 05:00:00,29.8,28.260374,27.1019528,29.418795199999998,26.649034999999998,29.871713,26.17795975,30.342788249999998
2023-05-24 06:00:00,30.2,28.6813,27.5228788,29.8397212,27.069961,30.292639,26.59888575,30.76371425
2023-05-24 07:00:00,31.5,29.800695,28.6422738,30.9591162,28.189356,31.412034000000002,27.71828075,31.88310925
2023-05-24 08:00:00,33.6,31.621075,30.462653800000002,32.7794962,30.009736,33.232414,29.538660750000002,33.70348925
2023-05-24 09:00:00,35.5,33.160435,32.0020138,34.3188562,31.549096,34.771774,31.07802075,35.24284925
2023-05-24 10:00:00,37.1,35.01965,33.8612288,36.1780712,33.408311,36.630989,32.93723575,37.10206425
2023-05-24 11:00:00,38.1,35.775085,34.6166638,36.9335062,34.163745999999996,37.386424,33.69267075,37.85749925
2023-05-24 12:00:00,38.5,35.56016,34.401738800000004,36.7185812,33.948821,37.171499000000004,33.477745750000004,37.64257425
2023-05-24 13:00:00,36.8,34.749454,33.5910328,35.9078752,33.138115,36.360793,32.66703975,36.83186825
2023-05-24 14:00:00,35.5,34.222626,33.0642048,35.3810472,32.611287,35.833965,32.14021175,36.30504025
2023-05-24 15:00:00,34.4,33.215202,32.0567808,34.3736232,31.603862999999997,34.826541,31.13278775,35.29761625
2023-05-24 16:00:00,32.6,32.452244,31.2938228,33.6106652,30.840905,34.063583,30.36982975,34.53465825
2023-05-24 17:00:00,34.0,31.358828,30.2004068,32.517249199999995,29.747488999999998,32.970167,29.27641375,33.441242249999995
2023-05-24 18:00:00,33.3,30.584225,29.4258038,31.7426462,28.972886,32.195564,28.50181075,32.666639249999996
2023-05-24 19:00:00,32.3,30.34128,29.1828588,31.4997012,28.729941,31.952619000000002,28.258865750000002,32.42369425
2023-05-24 20:00:00,32.2,30.1191,28.9606788,31.2775212,28.507761,31.730439,28.03668575,32.201514249999995
2023-05-24 21:00:00,32.0,29.906805,28.7483838,31.065226199999998,28.295465999999998,31.518144,27.82439075,31.989219249999998
2023-05-24 22:00:00,31.4,29.590841,28.4324198,30.7492622,27.979502,31.202180000000002,27.50842675,31.67325525
2023-05-24 23:00:00,30.8,29.429443,28.2710218,30.5878642,27.818103999999998,31.040782,27.34702875,31.51185725
2023-05-25 00:00:00,30.4,29.214766,28.0563448,30.3731872,27.603427,30.826105000000002,27.13235175,31.29718025
2023-05-25 01:00:00,30.3,29.248177,28.0897558,30.406598199999998,27.636837999999997,30.859516,27.16576275,31.330591249999998
2023-05-25 02:00:00,30.0,29.252361,28.0939398,30.4107822,27.641022,30.8637,27.16994675,31.33477525
2023-05-25 03:00:00,29.7,29.049587,27.8911658,30.2080082,27.438247999999998,30.660926,26.96717275,31.13200125
2023-05-25 04:00:00,29.5,28.719889,27.5614678,29.878310199999998,27.108549999999997,30.331228,26.63747475,30.802303249999998
2023-05-25 05:00:00,29.3,29.33093,28.1725088,30.489351199999998,27.719590999999998,30.942269,27.24851575,31.413344249999998
2023-05-25 06:00:00,29.7,29.717243,28.5588218,30.8756642,28.105904,31.328582,27.63482875,31.79965725
2023-05-25 07:00:00,31.2,30.96271,29.804288800000002,32.1211312,29.351371,32.574049,28.880295750000002,33.04512425
2023-05-25 08:00:00,33.1,33.013783,31.855361799999997,34.172204199999996,31.402443999999996,34.625122,30.931368749999997,35.096197249999996
2023-05-25 09:00:00,34.8,35.069397,33.9109758,36.2278182,33.458058,36.680736,32.98698275,37.15181125
2023-05-25 10:00:00,36.4,36.651436,35.4930148,37.809857199999996,35.040096999999996,38.262775,34.56902175,38.733850249999996
2023-05-25 11:00:00,37.9,37.09844,35.9400188,38.256861199999996,35.487100999999996,38.709779,35.01602575,39.180854249999996
2023-05-25 12:00:00,38.3,36.336903,35.1784818,37.4953242,34.725564,37.948242,34.25448875,38.41931725
2023-05-25 13:00:00,34.9,35.18101,34.0225888,36.3394312,33.569671,36.792349,33.09859575,37.26342425
2023-05-25 14:00:00,35.1,34.542255,33.3838338,35.7006762,32.930915999999996,36.153594,32.45984075,36.62466925
2023-05-25 15:00:00,34.2,33.611137,32.4527158,34.7695582,31.999798,35.222476,31.52872275,35.69355125
2023-05-25 16:00:00,33.2,32.265503,31.107081800000003,33.4239242,30.654164,33.876842,30.183088750000003,34.34791725
2023-05-25 17:00:00,31.7,32.398193,31.2397718,33.5566142,30.786853999999998,34.009532,30.31577875,34.48060725
2023-05-25 18:00:00,30.8,31.77644,30.6180188,32.9348612,30.165101,33.387779,29.69402575,33.85885425
2023-05-25 19:00:00,30.3,30.866266,29.7078448,32.024687199999995,29.254927,32.477605,28.78385175,32.948680249999995
2023-05-25 20:00:00,30.0,31.041584,29.8831628,32.2000052,29.430245,32.652923,28.95916975,33.12399825
2023-05-25 21:00:00,29.8,30.963263,29.804841800000002,32.1216842,29.351924,32.574602,28.880848750000002,33.04567725
2023-05-25 22:00:00,29.6,30.850885,29.692463800000002,32.0093062,29.239546,32.462224,28.768470750000002,32.93329925
2023-05-25 23:00:00,29.5,30.349861,29.1914398,31.5082822,28.738522,31.9612,28.26744675,32.432275249999996
2023-05-26 00:00:00,29.3,29.853971,28.695549800000002,31.0123922,28.242632,31.465310000000002,27.771556750000002,31.93638525
2023-05-26 01:00:00,29.1,29.67958,28.521158800000002,30.8380012,28.068241,31.290919000000002,27.597165750000002,31.76199425
2023-05-26 02:00:00,28.9,29.582891,28.4244698,30.7413122,27.971552,31.19423,27.50047675,31.66530525
2023-05-26 03:00:00,28.6,29.347235,28.188813800000002,30.5056562,27.735896,30.958574000000002,27.264820750000002,31.42964925
2023-05-26 04:00:00,28.2,29.298136,28.1397148,30.4565572,27.686797,30.909475,27.21572175,31.38055025
2023-05-26 05:00:00,28.6,29.359346,28.2009248,30.517767199999998,27.748006999999998,30.970685,27.27693175,31.441760249999998
2023-05-26 06:00:00,29.3,29.445335,28.2869138,30.6037562,27.833996,31.056674,27.36292075,31.52774925
2023-05-26 07:00:00,30.9,31.038464,29.880042800000002,32.1968852,29.427125,32.649803,28.956049750000002,33.12087825
2023-05-26 08:00:00,33.0,32.723915,31.5654938,33.8823362,31.112575999999997,34.335254,30.64150075,34.80632925
2023-05-26 09:00:00,35.0,34.39607,33.2376488,35.5544912,32.784731,36.007409,32.31365575,36.47848425
2023-05-26 10:00:00,36.8,35.898994,34.7405728,37.0574152,34.287655,37.510333,33.81657975,37.98140825
2023-05-26 11:00:00,37.7,36.98632,35.8278988,38.1447412,35.374981,38.597659,34.90390575,39.06873425
2023-05-26 12:00:00,37.2,36.41719,35.2587688,37.5756112,34.805851,38.028529,34.33477575,38.49960425
2023-05-26 13:00:00,35.5,36.28218,35.1237588,37.440601199999996,34.670840999999996,37.893519,34.19976575,38.364594249999996
2023-05-26 14:00:00,35.1,35.202778,34.0443568,36.3611992,33.591439,36.814117,33.12036375,37.28519225
2023-05-26 15:00:00,34.9,33.8827,32.7242788,35.0411212,32.271361,35.494039,31.80028575,35.96511425
2023-05-26 16:00:00,33.3,32.631836,31.4734148,33.7902572,31.020497,34.243175,30.54942175,34.71425025
2023-05-26 17:00:00,32.8,32.112526,30.954104800000003,33.2709472,30.501187,33.723865,30.030111750000003,34.19494025
2023-05-26 18:00:00,31.5,30.790234,29.631812800000002,31.9486552,29.178895,32.401573,28.707819750000002,32.87264825
2023-05-26 19:00:00,31.0,29.872486,28.7140648,31.030907199999998,28.261146999999998,31.483825,27.79007175,31.954900249999998
2023-05-26 20:00:00,30.5,29.75984,28.6014188,30.9182612,28.148501,31.371179,27.67742575,31.84225425
2023-05-26 21:00:00,30.1,29.769554,28.6111328,30.9279752,28.158215,31.380893,27.68713975,31.85196825
2023-05-26 22:00:00,29.8,29.768858,28.610436800000002,30.9272792,28.157519,31.380197000000003,27.686443750000002,31.85127225
2023-05-26 23:00:00,29.5,29.89467,28.736248800000002,31.0530912,28.283331,31.506009000000002,27.812255750000002,31.97708425
2023-05-27 00:00:00,29.2,29.446718,28.2882968,30.6051392,27.835379,31.058057,27.36430375,31.52913225
2023-05-27 01:00:00,29.0,29.39804,28.239618800000002,30.5564612,27.786701,31.009379000000003,27.315625750000002,31.48045425
2023-05-27 02:00:00,28.7,29.236002,28.0775808,30.3944232,27.624662999999998,30.847341,27.15358775,31.31841625
2023-05-27 03:00:00,29.0,29.025555,27.8671338,30.1839762,27.414216,30.636894,26.94314075,31.10796925
2023-05-27 04:00:00,29.0,28.510378,27.3519568,29.6687992,26.899039,30.121717,26.42796375,30.59279225
2023-05-27 05:00:00,29.0,28.760458,27.6020368,29.9188792,27.149119,30.371797,26.67804375,30.84287225
2023-05-27 06:00:00,29.6,29.226723,28.0683018,30.3851442,27.615384,30.838062,27.14430875,31.30913725
2023-05-27 07:00:00,28.4,30.77308,29.6146588,31.9315012,29.161741,32.384419,28.69066575,32.85549425
2023-05-27 08:00:00,28.2,32.7298,31.571378799999998,33.8882212,31.118460999999996,34.341139,30.647385749999998,34.81221425
2023-05-27 09:00:00,30.8,34.44631,33.2878888,35.604731199999996,32.834970999999996,36.057649,32.36389575,36.528724249999996
2023-05-27 10:00:00,32.1,36.062553,34.9041318,37.2209742,34.451214,37.673892,33.98013875,38.14496725
2023-05-27 11:00:00,33.7,36.36184,35.2034188,37.5202612,34.750501,37.973179,34.27942575,38.44425425
2023-05-27 12:00:00,34.9,35.853645,34.6952238,37.0120662,34.242306,37.464984,33.77123075,37.93605925
2023-05-27 13:00:00,35.8,34.95404,33.7956188,36.1124612,33.342701,36.565379,32.87162575,37.03645425
2023-05-27 14:00:00,36.0,34.1482,32.9897788,35.3066212,32.536861,35.759539000000004,32.06578575,36.23061425
2023-05-27 15:00:00,34.7,33.634674,32.4762528,34.793095199999996,32.023334999999996,35.246013,31.552259749999997,35.717088249999996
2023-05-27 16:00:00,33.0,32.81049,31.652068800000002,33.9689112,31.199151,34.421829,30.728075750000002,34.89290425
2023-05-27 17:00:00,32.5,31.867447,30.7090258,33.0258682,30.256107999999998,33.478786,29.78503275,33.94986125
2023-05-27 18:00:00,31.3,30.912186,29.7537648,32.0706072,29.300846999999997,32.523525,28.82977175,32.99460025
2023-05-27 19:00:00,30.8,30.342587,29.184165800000002,31.5010082,28.731248,31.953926000000003,28.260172750000002,32.42500125
2023-05-27 20:00:00,30.4,30.259184,29.100762800000002,31.4176052,28.647845,31.870523000000002,28.176769750000002,32.34159825
2023-05-27 21:00:00,30.1,29.95881,28.8003888,31.1172312,28.347471,31.570149,27.87639575,32.04122425
2023-05-27 22:00:00,29.8,29.642628,28.4842068,30.801049199999998,28.031288999999997,31.253967,27.56021375,31.725042249999998
2023-05-27 23:00:00,29.5,29.486025,28.327603800000002,30.6444462,27.874686,31.097364000000002,27.403610750000002,31.56843925
2023-05-28 00:00:00,29.3,29.193087,28.0346658,30.351508199999998,27.581747999999997,30.804426,27.11067275,31.275501249999998
2023-05-28 01:00:00,28.9,28.8403,27.6818788,29.9987212,27.228960999999998,30.451639,26.75788575,30.92271425
2023-05-28 02:00:00,28.6,28.738928,27.580506800000002,29.8973492,27.127589,30.350267000000002,26.656513750000002,30.82134225
2023-05-28 03:00:00,28.2,28.949259,27.790837800000002,30.1076802,27.33792,30.560598000000002,26.866844750000002,31.03167325
2023-05-28 04:00:00,27.9,28.64404,27.4856188,29.8024612,27.032701,30.255379,26.56162575,30.72645425
2023-05-28 05:00:00,28.7,28.792917,27.6344958,29.9513382,27.181578,30.404256,26.71050275,30.87533125
2023-05-28 06:00:00,29.3,29.4193,28.2608788,30.5777212,27.807961,31.030639,27.33688575,31.50171425
2023-05-28 07:00:00,30.6,29.866695,28.7082738,31.0251162,28.255356,31.478034,27.78428075,31.94910925
2023-05-28 08:00:00,32.2,30.09631,28.9378888,31.2547312,28.484970999999998,31.707649,28.01389575,32.178724249999995
2023-05-28 09:00:00,33.7,31.787498,30.6290768,32.9459192,30.176159,33.398837,29.70508375,33.86991225
2023-05-28 10:00:00,34.6,33.168476,32.0100548,34.3268972,31.557136999999997,34.779815,31.08606175,35.25089025
2023-05-28 11:00:00,34.5,34.78018,33.6217588,35.9386012,33.168841,36.391519,32.69776575,36.86259425
2023-05-28 12:00:00,34.5,34.80842,33.6499988,35.9668412,33.197081,36.419759,32.72600575,36.89083425
2023-05-28 13:00:00,34.2,35.764122,34.6057008,36.9225432,34.152783,37.375461,33.68170775,37.84653625
2023-05-28 14:00:00,33.6,34.882084,33.7236628,36.0405052,33.270745,36.493423,32.79966975,36.96449825
2023-05-28 15:00:00,33.0,34.522816,33.3643948,35.6812372,32.911477,36.134155,32.44040175,36.60523025
2023-05-28 16:00:00,32.3,33.24383,32.0854088,34.4022512,31.632491,34.855169000000004,31.161415750000003,35.32624425
2023-05-28 17:00:00,31.6,32.2749,31.116478800000003,33.4333212,30.663561,33.886239,30.192485750000003,34.35731425
2023-05-28 18:00:00,31.0,31.180996,30.0225748,32.3394172,29.569657,32.792335,29.09858175,33.26341025
2023-05-28 19:00:00,30.4,30.716509,29.5580878,31.874930199999998,29.105169999999998,32.327847999999996,28.63409475,32.798923249999994
2023-05-28 20:00:00,30.2,30.436657,29.2782358,31.5950782,28.825318,32.047996,28.35424275,32.519071249999996
2023-05-28 21:00:00,30.0,30.183006,29.0245848,31.3414272,28.571666999999998,31.794345,28.10059175,32.26542025
2023-05-28 22:00:00,29.8,30.038088,28.8796668,31.196509199999998,28.426748999999997,31.649427,27.95567375,32.120502249999994
2023-05-28 23:00:00,29.8,29.729174,28.5707528,30.8875952,28.117835,31.340513,27.64675975,31.81158825
2023-05-29 00:00:00,29.6,29.392393,28.2339718,30.550814199999998,27.781053999999997,31.003732,27.30997875,31.474807249999998
2023-05-29 01:00:00,29.0,29.151623,27.9932018,30.3100442,27.540284,30.762962,27.06920875,31.23403725
2023-05-29 02:00:00,28.8,28.789993,27.6315718,29.9484142,27.178653999999998,30.401332,26.70757875,30.87240725
2023-05-29 03:00:00,28.8,28.560843,27.4024218,29.719264199999998,26.949503999999997,30.172182,26.47842875,30.643257249999998
2023-05-29 04:00:00,28.8,28.453587,27.2951658,29.6120082,26.842247999999998,30.064926,26.37117275,30.536001249999998
2023-05-29 05:00:00,29.2,28.674694,27.5162728,29.833115199999998,27.063354999999998,30.286033,26.59227975,30.757108249999998
2023-05-29 06:00:00,29.6,29.259806,28.1013848,30.4182272,27.648467,30.871145000000002,27.17739175,31.34222025
2023-05-29 07:00:00,30.5,30.212608,29.0541868,31.3710292,28.601269,31.823947,28.13019375,32.295022249999995
2023-05-29 08:00:00,31.8,31.794516,30.636094800000002,32.9529372,30.183177,33.405855,29.712101750000002,33.87693025
2023-05-29 09:00:00,33.2,33.183258,32.0248368,34.3416792,31.571919,34.794597,31.100843750000003,35.26567225
2023-05-29 10:00:00,34.4,34.25288,33.0944588,35.4113012,32.641541,35.864219,32.17046575,36.33529425
2023-05-29 11:00:00,35.1,34.671947,33.513525800000004,35.8303682,33.060608,36.283286000000004,32.589532750000004,36.75436125
2023-05-29 12:00:00,34.5,34.811954,33.6535328,35.9703752,33.200615,36.423293,32.72953975,36.89436825
2023-05-29 13:00:00,33.9,34.736343,33.5779218,35.8947642,33.125004,36.347682,32.65392875,36.81875725
2023-05-29 14:00:00,33.3,33.766224,32.6078028,34.9246452,32.154885,35.377563,31.68380975,35.84863825
2023-05-29 15:00:00,32.7,33.458195,32.299773800000004,34.6166162,31.846856000000002,35.069534000000004,31.375780750000004,35.54060925
2023-05-29 16:00:00,32.0,32.289143,31.130721800000003,33.4475642,30.677804000000002,33.900482000000004,30.206728750000003,34.37155725
2023-05-29 17:00:00,27.6,31.4714,30.3129788,32.629821199999995,29.860060999999998,33.082739,29.38898575,33.553814249999995
2023-05-29 18:00:00,27.4,30.571417,29.4129958,31.7298382,28.960078,32.182756,28.48900275,32.653831249999996
2023-05-29 19:00:00,27.7,30.360695,29.2022738,31.5191162,28.749356,31.972034,28.27828075,32.44310925
2023-05-29 20:00:00,27.7,30.133467,28.9750458,31.2918882,28.522128,31.744806,28.05105275,32.215881249999995
2023-05-29 21:00:00,27.8,29.947746,28.7893248,31.106167199999998,28.336406999999998,31.559085,27.86533175,32.030160249999994
2023-05-29 22:00:00,27.6,29.779045,28.6206238,30.9374662,28.167706,31.390384,27.69663075,31.86145925
2023-05-29 23:00:00,27.2,29.757776,28.5993548,30.9161972,28.146437,31.369115,27.67536175,31.84019025
2023-05-30 00:00:00,26.9,29.586452,28.428030800000002,30.7448732,27.975113,31.197791000000002,27.504037750000002,31.66886625
2023-05-30 01:00:00,26.7,29.323477,28.1650558,30.4818982,27.712138,30.934816,27.24106275,31.40589125
2023-05-30 02:00:00,26.5,28.858335,27.6999138,30.0167562,27.246996,30.469674,26.77592075,30.94074925
2023-05-30 03:00:00,26.5,28.62009,27.4616688,29.7785112,27.008751,30.231429000000002,26.537675750000002,30.70250425
2023-05-30 04:00:00,26.5,28.627584,27.4691628,29.786005199999998,27.016244999999998,30.238923,26.54516975,30.709998249999998
2023-05-30 05:00:00,26.4,28.900513,27.7420918,30.0589342,27.289174,30.511852,26.81809875,30.98292725
2023-05-30 06:00:00,27.2,29.637247,28.4788258,30.795668199999998,28.025907999999998,31.248586,27.55483275,31.719661249999998
2023-05-30 07:00:00,28.9,30.672506,29.5140848,31.830927199999998,29.061166999999998,32.283845,28.59009175,32.75492025
2023-05-30 08:00:00,30.5,32.07035,30.9119288,33.2287712,30.459010999999997,33.681689,29.98793575,34.15276425
2023-05-30 09:00:00,32.0,33.67669,32.5182688,34.8351112,32.065351,35.288029,31.59427575,35.75910425
2023-05-30 10:00:00,33.6,34.919086,33.7606648,36.0775072,33.307747,36.530425,32.83667175,37.00150025
2023-05-30 11:00:00,34.4,35.123856,33.965434800000004,36.2822772,33.512517,36.735195000000004,33.041441750000004,37.20627025
2023-05-30 12:00:00,33.7,35.090572,33.9321508,36.2489932,33.479233,36.701911,33.00815775,37.17298625
2023-05-30 13:00:00,33.2,34.164352,33.0059308,35.3227732,32.553013,35.775691,32.08193775,36.24676625
2023-05-30 14:00:00,32.8,33.544727,32.3863058,34.7031482,31.933388,35.156066,31.462312750000002,35.62714125
2023-05-30 15:00:00,32.4,33.045723,31.887301800000003,34.2041442,31.434384,34.657062,30.963308750000003,35.12813725
2023-05-30 16:00:00,31.7,32.18904,31.0306188,33.3474612,30.577700999999998,33.800379,30.10662575,34.27145425
2023-05-30 17:00:00,31.1,30.38776,29.2293388,31.5461812,28.776421,31.999099,28.30534575,32.47017425
2023-05-30 18:00:00,30.0,29.399574,28.241152800000002,30.5579952,27.788235,31.010913000000002,27.317159750000002,31.48198825
2023-05-30 19:00:00,29.6,29.126646,27.9682248,30.2850672,27.515307,30.737985000000002,27.04423175,31.20906025
2023-05-30 20:00:00,29.4,28.832855,27.6744338,29.991276199999998,27.221515999999998,30.444194,26.75044075,30.915269249999998
2023-05-30 21:00:00,29.2,28.929647,27.7712258,30.0880682,27.318308,30.540986,26.84723275,31.01206125
2023-05-30 22:00:00,29.3,28.878603,27.7201818,30.037024199999998,27.267263999999997,30.489942,26.79618875,30.961017249999998
2023-05-30 23:00:00,29.0,28.47316,27.3147388,29.6315812,26.861821,30.084499,26.39074575,30.55557425
2023-05-31 00:00:00,29.0,27.999113,26.840691800000002,29.1575342,26.387774,29.610452000000002,25.916698750000002,30.08152725
2023-05-31 01:00:00,29.1,27.884876,26.7264548,29.043297199999998,26.273536999999997,29.496215,25.80246175,29.967290249999998
2023-05-31 02:00:00,28.8,27.559662,26.4012408,28.7180832,25.948323,29.171001,25.47724775,29.64207625
2023-05-31 03:00:00,28.7,27.41667,26.2582488,28.5750912,25.805331,29.028009,25.33425575,29.49908425
2023-05-31 04:00:00,28.5,27.40961,26.2511888,28.5680312,25.798271,29.020949,25.32719575,29.49202425
2023-05-31 05:00:00,28.7,27.617788,26.4593668,28.7762092,26.006449,29.229127000000002,25.53537375,29.70020225
2023-05-31 06:00:00,29.1,28.309,27.1505788,29.4674212,26.697661,29.920339000000002,26.22658575,30.39141425
2023-05-31 07:00:00,30.4,29.451023,28.2926018,30.6094442,27.839684,31.062362,27.36860875,31.53343725
2023-05-31 08:00:00,32.0,30.937605,29.779183800000002,32.0960262,29.326266,32.548944,28.855190750000002,33.02001925
2023-05-31 09:00:00,33.9,32.063984,30.9055628,33.2224052,30.452644999999997,33.675323,29.98156975,34.14639825
2023-05-31 10:00:00,35.7,33.429306,32.2708848,34.587727199999996,31.817966999999996,35.040645,31.346891749999998,35.511720249999996
2023-05-31 11:00:00,36.7,34.04533,32.8869088,35.2037512,32.433991,35.656669,31.96291575,36.12774425
2023-05-31 12:00:00,36.1,33.784374,32.6259528,34.9427952,32.173035,35.395713,31.70195975,35.86678825
2023-05-31 13:00:00,35.6,33.61564,32.4572188,34.7740612,32.004301,35.226979,31.53322575,35.69805425
2023-05-31 14:00:00,34.9,33.257282,32.0988608,34.415703199999996,31.645942999999995,34.868621,31.174867749999997,35.339696249999996
2023-05-31 15:00:00,33.9,32.53176,31.3733388,33.6901812,30.920420999999997,34.143099,30.44934575,34.61417425
2023-05-31 16:00:00,32.9,31.80334,30.6449188,32.9617612,30.192000999999998,33.414679,29.72092575,33.88575425
2023-05-31 17:00:00,33.3,30.912182,29.753760800000002,32.0706032,29.300843,32.523521,28.829767750000002,32.99459625
2023-05-31 18:00:00,32.4,29.612629,28.4542078,30.771050199999998,28.001289999999997,31.223968,27.53021475,31.695043249999998
2023-05-31 19:00:00,31.8,29.370213,28.2117918,30.5286342,27.758874,30.981552,27.28779875,31.45262725
2023-05-31 20:00:00,31.7,29.30847,28.1500488,30.4668912,27.697131,30.919809,27.22605575,31.39088425
2023-05-31 21:00:00,31.7,29.10825,27.949828800000002,30.2666712,27.496911,30.719589000000003,27.025835750000002,31.19066425
2023-05-31 22:00:00,31.1,29.106766,27.9483448,30.2651872,27.495427,30.718105,27.02435175,31.18918025
2023-05-31 23:00:00,30.7,28.939201,27.7807798,30.0976222,27.327862,30.55054,26.85678675,31.02161525
2023-06-01 00:00:00,30.3,28.52303,27.3646088,29.681451199999998,26.911690999999998,30.134369,26.44061575,30.605444249999998
2023-06-01 01:00:00,30.0,28.644129,27.4857078,29.8025502,27.03279,30.255468,26.56171475,30.72654325
2023-06-01 02:00:00,29.9,28.607681,27.4492598,29.7661022,26.996342,30.21902,26.52526675,30.69009525
2023-06-01 03:00:00,29.6,28.084686,26.926264800000002,29.2431072,26.473347,29.696025000000002,26.002271750000002,30.16710025
2023-06-01 04:00:00,29.3,27.93694,26.7785188,29.0953612,26.325601,29.548279,25.85452575,30.01935425
2023-06-01 05:00:00,29.4,28.138409,26.9799878,29.2968302,26.52707,29.749748,26.05599475,30.22082325
2023-06-01 06:00:00,30.1,28.549765,27.3913438,29.7081862,26.938426,30.161104,26.46735075,30.63217925
2023-06-01 07:00:00,31.7,29.684706,28.5262848,30.843127199999998,28.073366999999998,31.296045,27.60229175,31.767120249999998
2023-06-01 08:00:00,33.6,31.700375,30.5419538,32.8587962,30.089036,33.311714,29.61796075,33.78278925
2023-06-01 09:00:00,35.5,33.267822,32.1094008,34.4262432,31.656483,34.879161,31.185407750000003,35.35023625
2023-06-01 10:00:00,37.2,35.20748,34.0490588,36.365901199999996,33.596140999999996,36.818819,33.12506575,37.289894249999996
2023-06-01 11:00:00,38.7,36.154232,34.9958108,37.3126532,34.542893,37.765571,34.07181775,38.23664625
2023-06-01 12:00:00,38.5,35.716053,34.5576318,36.8744742,34.104714,37.327392,33.63363875,37.79846725
2023-06-01 13:00:00,36.1,34.993988,33.8355668,36.1524092,33.382649,36.605327,32.91157375,37.07640225
2023-06-01 14:00:00,34.9,34.192093,33.0336718,35.3505142,32.580754,35.803432,32.10967875,36.27450725
2023-06-01 15:00:00,34.9,33.321262,32.1628408,34.4796832,31.709922999999996,34.932601,31.238847749999998,35.40367625
2023-06-01 16:00:00,33.5,32.622887,31.4644658,33.7813082,31.011547999999998,34.234226,30.54047275,34.70530125
2023-06-01 17:00:00,32.4,31.686127,30.5277058,32.8445482,30.074787999999998,33.297466,29.60371275,33.76854125
2023-06-01 18:00:00,31.5,30.8316,29.673178800000002,31.9900212,29.220261,32.442939,28.749185750000002,32.91401425
2023-06-01 19:00:00,30.8,30.565977,29.4075558,31.7243982,28.954638,32.177316,28.48356275,32.648391249999996
2023-06-01 20:00:00,30.6,30.415133,29.2567118,31.5735542,28.803794,32.026472,28.33271875,32.49754725
2023-06-01 21:00:00,30.4,30.372032,29.2136108,31.5304532,28.760693,31.983371,28.28961775,32.45444625
2023-06-01 22:00:00,29.9,30.029593,28.8711718,31.188014199999998,28.418253999999997,31.640932,27.94717875,32.11200725
2023-06-01 23:00:00,29.9,29.990458,28.8320368,31.1488792,28.379119,31.601797,27.90804375,32.072872249999996
2023-06-02 00:00:00,29.8,29.728365,28.5699438,30.8867862,28.117026,31.339704,27.64595075,31.81077925
2023-06-02 01:00:00,29.6,29.567448,28.4090268,30.725869199999998,27.956108999999998,31.178787,27.48503375,31.649862249999998
2023-06-02 02:00:00,29.6,29.472727,28.3143058,30.6311482,27.861387999999998,31.084066,27.39031275,31.55514125
2023-06-02 03:00:00,29.5,29.408623,28.2502018,30.567044199999998,27.797283999999998,31.019962,27.32620875,31.491037249999998
2023-06-02 04:00:00,29.3,29.175499,28.0170778,30.333920199999998,27.564159999999998,30.786838,27.09308475,31.257913249999998
2023-06-02 05:00:00,29.4,29.12698,27.9685588,30.2854012,27.515641,30.738319,27.04456575,31.20939425
2023-06-02 06:00:00,29.9,29.288944,28.1305228,30.4473652,27.677605,30.900283,27.20652975,31.37135825
2023-06-02 07:00:00,31.2,30.802013,29.6435918,31.960434199999998,29.190673999999998,32.413351999999996,28.71959875,32.884427249999995
2023-06-02 08:00:00,32.9,32.770763,31.612341800000003,33.9291842,31.159424,34.382102,30.688348750000003,34.85317725
2023-06-02 09:00:00,35.3,34.79079,33.6323688,35.9492112,33.179451,36.402129,32.70837575,36.87320425
2023-06-02 10:00:00,37.0,36.528645,35.3702238,37.6870662,34.917305999999996,38.139984,34.44623075,38.61105925
2023-06-02 11:00:00,38.6,37.35578,36.1973588,38.5142012,35.744441,38.967119000000004,35.27336575,39.43819425
2023-06-02 12:00:00,39.1,36.736244,35.5778228,37.8946652,35.124905,38.347583,34.65382975,38.81865825
2023-06-02 13:00:00,37.7,35.881603,34.7231818,37.0400242,34.270264,37.492942,33.79918875,37.96401725
2023-06-02 14:00:00,35.9,34.836098,33.6776768,35.9945192,33.224759,36.447437,32.75368375,36.91851225
2023-06-02 15:00:00,35.1,33.854134,32.6957128,35.0125552,32.242795,35.465473,31.771719750000003,35.93654825
2023-06-02 16:00:00,33.9,33.028313,31.869891799999998,34.1867342,31.416973999999996,34.639652,30.945898749999998,35.11072725
2023-06-02 17:00:00,29.9,32.310738,31.1523168,33.4691592,30.699399,33.922077,30.22832375,34.39315225
2023-06-02 18:00:00,32.2,30.75537,29.5969488,31.9137912,29.144031,32.366709,28.67295575,32.83778425
2023-06-02 19:00:00,32.2,30.426575,29.2681538,31.5849962,28.815236,32.037914,28.34416075,32.50898925
2023-06-02 20:00:00,30.9,30.234364,29.0759428,31.3927852,28.623025,31.845703,28.15194975,32.31677825
2023-06-02 21:00:00,30.1,30.097733,28.939311800000002,31.2561542,28.486394,31.709072000000003,28.015318750000002,32.18014725
2023-06-02 22:00:00,31.4,30.149725,28.9913038,31.3081462,28.538386,31.761064,28.06731075,32.232139249999996
2023-06-02 23:00:00,29.8,29.918331,28.7599098,31.076752199999998,28.306991999999997,31.52967,27.83591675,32.000745249999994
2023-06-03 00:00:00,29.4,29.609194,28.4507728,30.767615199999998,27.997854999999998,31.220533,27.52677975,31.691608249999998
2023-06-03 01:00:00,29.3,29.57862,28.4201988,30.7370412,27.967281,31.189959,27.49620575,31.66103425
2023-06-03 02:00:00,29.2,29.526054,28.3676328,30.684475199999998,27.914714999999998,31.137393,27.44363975,31.608468249999998
2023-06-03 03:00:00,29.2,29.393993,28.2355718,30.552414199999998,27.782653999999997,31.005332,27.31157875,31.476407249999998
2023-06-03 04:00:00,29.4,29.37407,28.2156488,30.5324912,27.762731,30.985409,27.29165575,31.45648425
2023-06-03 05:00:00,29.5,29.419481,28.2610598,30.5779022,27.808142,31.030820000000002,27.33706675,31.50189525
2023-06-03 06:00:00,30.0,29.664656,28.5062348,30.8230772,28.053317,31.275995,27.58224175,31.74707025
2023-06-03 07:00:00,31.4,30.786861,29.6284398,31.945282199999998,29.175521999999997,32.398199999999996,28.70444675,32.869275249999994
2023-06-03 08:00:00,33.7,32.53209,31.373668799999997,33.690511199999996,30.920750999999996,34.143429,30.449675749999997,34.614504249999996
2023-06-03 09:00:00,35.3,34.54164,33.3832188,35.7000612,32.930301,36.152979,32.45922575,36.62405425
2023-06-03 10:00:00,36.0,36.085358,34.9269368,37.2437792,34.474019,37.696697,34.00294375,38.16777225
2023-06-03 11:00:00,36.4,37.049892,35.8914708,38.2083132,35.438553,38.661231,34.96747775,39.13230625
2023-06-03 12:00:00,37.9,36.746487,35.5880658,37.9049082,35.135148,38.357826,34.66407275,38.82890125
2023-06-03 13:00:00,36.1,35.785656,34.627234800000004,36.9440772,34.174317,37.396995000000004,33.703241750000004,37.86807025
2023-06-03 14:00:00,37.1,34.685127,33.5267058,35.8435482,33.073788,36.296466,32.60271275,36.76754125
2023-06-03 15:00:00,37.5,34.117268,32.9588468,35.2756892,32.505929,35.728607000000004,32.03485375,36.19968225
2023-06-03 16:00:00,36.9,33.19069,32.0322688,34.349111199999996,31.579350999999996,34.802029,31.108275749999997,35.273104249999996
2023-06-03 17:00:00,31.6,31.702116,30.5436948,32.860537199999996,30.090777,33.313455,29.61970175,33.784530249999996
2023-06-03 18:00:00,29.8,30.943369,29.7849478,32.101790199999996,29.33203,32.554708,28.86095475,33.025783249999996
2023-06-03 19:00:00,30.6,30.503956,29.3455348,31.662377199999998,28.892616999999998,32.115294999999996,28.42154175,32.586370249999995
2023-06-03 20:00:00,30.5,30.391798,29.233376800000002,31.5502192,28.780459,32.003137,28.309383750000002,32.47421225
2023-06-03 21:00:00,30.6,29.88636,28.7279388,31.0447812,28.275021,31.497699,27.80394575,31.96877425
2023-06-03 22:00:00,30.3,30.42588,29.2674588,31.5843012,28.814541,32.037219,28.34346575,32.50829425
2023-06-03 23:00:00,29.7,29.726526,28.5681048,30.8849472,28.115187,31.337865,27.64411175,31.80894025
2023-06-04 00:00:00,29.8,29.584333,28.4259118,30.7427542,27.972994,31.195672000000002,27.50191875,31.66674725
2023-06-04 01:00:00,29.4,29.597681,28.439259800000002,30.7561022,27.986342,31.209020000000002,27.515266750000002,31.68009525
2023-06-04 02:00:00,29.2,29.460203,28.3017818,30.6186242,27.848864,31.071542,27.37778875,31.54261725
2023-06-04 03:00:00,28.9,29.473103,28.3146818,30.631524199999998,27.861763999999997,31.084442,27.39068875,31.555517249999998
2023-06-04 04:00:00,28.7,29.392084,28.2336628,30.5505052,27.780745,31.003423,27.30966975,31.47449825
2023-06-04 05:00:00,29.0,29.523756,28.3653348,30.682177199999998,27.912416999999998,31.135095,27.44134175,31.606170249999998
2023-06-04 06:00:00,29.6,29.80292,28.6444988,30.9613412,28.191581,31.414259,27.72050575,31.88533425
2023-06-04 07:00:00,31.1,30.993309,29.8348878,32.151730199999996,29.38197,32.604648,28.91089475,33.075723249999996
2023-06-04 08:00:00,33.1,33.077724,31.919302800000004,34.2361452,31.466385000000002,34.689063000000004,30.995309750000004,35.16013825
2023-06-04 09:00:00,35.3,35.054245,33.8958238,36.2126662,33.442906,36.665584,32.97183075,37.13665925
2023-06-04 10:00:00,37.1,35.620483,34.4620618,36.7789042,34.009144,37.231822,33.53806875,37.70289725
2023-06-04 11:00:00,37.9,35.513466,34.3550448,36.6718872,33.902127,37.124805,33.43105175,37.59588025
2023-06-04 12:00:00,37.5,36.19838,35.0399588,37.3568012,34.587041,37.809719,34.11596575,38.28079425
2023-06-04 13:00:00,35.1,35.066223,33.9078018,36.2246442,33.454884,36.677562,32.98380875,37.14863725
2023-06-04 14:00:00,34.7,35.920956,34.7625348,37.079377199999996,34.309616999999996,37.532295,33.83854175,38.003370249999996
2023-06-04 15:00:00,34.5,34.13488,32.9764588,35.2933012,32.523541,35.746219,32.05246575,36.21729425
2023-06-04 16:00:00,34.0,33.863907,32.7054858,35.0223282,32.252568,35.475246,31.781492749999998,35.94632125
2023-06-04 17:00:00,33.4,31.54234,30.3839188,32.700761199999995,29.931001,33.153679,29.45992575,33.624754249999995
2023-06-04 18:00:00,32.3,29.948372,28.7899508,31.1067932,28.337032999999998,31.559711,27.86595775,32.03078625
2023-06-04 19:00:00,31.1,30.069,28.9105788,31.2274212,28.457660999999998,31.680339,27.98658575,32.151414249999995
2023-06-04 20:00:00,30.5,30.033802,28.875380800000002,31.1922232,28.422463,31.645141000000002,27.951387750000002,32.11621625
2023-06-04 21:00:00,30.1,30.012518,28.8540968,31.1709392,28.401179,31.623857,27.93010375,32.09493225
2023-06-04 22:00:00,29.9,29.544172,28.3857508,30.7025932,27.932833,31.155511,27.46175775,31.62658625
2023-06-04 23:00:00,29.4,29.447666,28.289244800000002,30.6060872,27.836327,31.059005000000003,27.365251750000002,31.53008025
2023-06-05 00:00:00,29.0,29.641932,28.4835108,30.8003532,28.030593,31.253271,27.55951775,31.72434625
2023-06-05 01:00:00,28.4,29.355013,28.1965918,30.5134342,27.743674,30.966352,27.27259875,31.43742725
2023-06-05 02:00:00,28.4,29.168213,28.009791800000002,30.3266342,27.556874,30.779552000000002,27.085798750000002,31.25062725
2023-06-05 03:00:00,28.5,29.09265,27.9342288,30.2510712,27.481310999999998,30.703989,27.01023575,31.17506425
2023-06-05 04:00:00,28.4,29.251167,28.0927458,30.409588199999998,27.639827999999998,30.862506,27.16875275,31.333581249999998
2023-06-05 05:00:00,29.6,28.985909,27.8274878,30.1443302,27.37457,30.597248,26.90349475,31.06832325
2023-06-05 06:00:00,30.0,29.710787,28.5523658,30.8692082,28.099448,31.322126,27.62837275,31.79320125
2023-06-05 07:00:00,31.5,31.024755,29.8663338,32.1831762,29.413415999999998,32.636094,28.94234075,33.10716925
2023-06-05 08:00:00,33.7,32.65894,31.500518800000002,33.8173612,31.047601,34.270279,30.576525750000002,34.74135425
2023-06-05 09:00:00,35.4,34.861057,33.7026358,36.0194782,33.249718,36.472396,32.77864275,36.94347125
2023-06-05 10:00:00,37.2,36.288944,35.1305228,37.4473652,34.677605,37.900283,34.20652975,38.37135825
2023-06-05 11:00:00,38.8,37.21378,36.0553588,38.3722012,35.602441,38.825119,35.13136575,39.29619425
2023-06-05 12:00:00,39.8,36.095535,34.9371138,37.2539562,34.484196,37.706874,34.01312075,38.17794925
2023-06-05 13:00:00,39.5,35.507484,34.3490628,36.6659052,33.896145,37.118823,33.42506975,37.58989825
2023-06-05 14:00:00,36.1,34.2049,33.0464788,35.3633212,32.593561,35.816239,32.12248575,36.28731425
2023-06-05 15:00:00,34.2,33.607983,32.4495618,34.7664042,31.996643999999996,35.219322,31.525568749999998,35.69039725
2023-06-05 16:00:00,33.8,32.681507,31.523085800000004,33.8399282,31.070168000000002,34.292846000000004,30.599092750000004,34.76392125
2023-06-05 17:00:00,33.3,31.791918,30.6334968,32.950339199999995,30.180578999999998,33.403256999999996,29.70950375,33.874332249999995
2023-06-05 18:00:00,31.6,30.870285,29.7118638,32.028706199999995,29.258945999999998,32.481624,28.78787075,32.952699249999995
2023-06-05 19:00:00,31.1,30.620687,29.4622658,31.7791082,29.009348,32.232026,28.53827275,32.703101249999996
2023-06-05 20:00:00,31.9,30.488604,29.3301828,31.647025199999998,28.877264999999998,32.099942999999996,28.40618975,32.571018249999995
2023-06-05 21:00:00,31.7,30.077805,28.919383800000002,31.2362262,28.466466,31.689144000000002,27.995390750000002,32.16021925
2023-06-05 22:00:00,31.2,29.880564,28.7221428,31.0389852,28.269225,31.491903,27.79814975,31.96297825
2023-06-05 23:00:00,30.9,29.658895,28.5004738,30.8173162,28.047556,31.270234000000002,27.57648075,31.74130925
2023-06-06 00:00:00,31.6,29.665295,28.5068738,30.8237162,28.053956,31.276634,27.58288075,31.74770925
2023-06-06 01:00:00,31.5,29.110397,27.9519758,30.2688182,27.499057999999998,30.721736,27.02798275,31.19281125
2023-06-06 02:00:00,31.1,29.054575,27.8961538,30.2129962,27.443236,30.665914,26.97216075,31.13698925
2023-06-06 03:00:00,30.7,29.00892,27.8504988,30.1673412,27.397581,30.620259,26.92650575,31.09133425
2023-06-06 04:00:00,30.2,28.9205,27.7620788,30.0789212,27.309161,30.531839,26.83808575,31.00291425
2023-06-06 05:00:00,29.9,29.386372,28.227950800000002,30.5447932,27.775033,30.997711000000002,27.303957750000002,31.46878625
2023-06-06 06:00:00,28.1,29.72987,28.5714488,30.888291199999998,28.118530999999997,31.341209,27.64745575,31.812284249999998
2023-06-06 07:00:00,27.5,31.234556,30.076134800000002,32.3929772,29.623217,32.845895,29.152141750000002,33.31697025
2023-06-06 08:00:00,27.9,33.34643,32.1880088,34.5048512,31.735090999999997,34.957769,31.26401575,35.42884425
2023-06-06 09:00:00,28.5,34.22468,33.0662588,35.3831012,32.613341,35.836019,32.14226575,36.30709425
2023-06-06 10:00:00,29.5,36.342968,35.1845468,37.5013892,34.731629,37.954307,34.26055375,38.42538225
2023-06-06 11:00:00,30.7,37.429745,36.2713238,38.588166199999996,35.818405999999996,39.041084,35.34733075,39.512159249999996
2023-06-06 12:00:00,32.5,38.115562,36.9571408,39.273983199999996,36.504222999999996,39.726901,36.03314775,40.197976249999996
2023-06-06 13:00:00,34.2,37.40233,36.2439088,38.5607512,35.790991,39.013669,35.31991575,39.48474425
2023-06-06 14:00:00,34.9,34.515125,33.3567038,35.6735462,32.903786,36.126464,32.43271075,36.59753925
2023-06-06 15:00:00,35.1,33.917133,32.7587118,35.0755542,32.305794,35.528472,31.83471875,35.99954725
2023-06-06 16:00:00,34.5,33.113213,31.954791800000002,34.2716342,31.501874,34.724552,31.030798750000002,35.19562725
2023-06-06 17:00:00,34.5,32.704403,31.5459818,33.8628242,31.093064,34.315742,30.62198875,34.78681725
2023-06-06 18:00:00,33.8,31.473137,30.314715800000002,32.6315582,29.861798,33.084476,29.390722750000002,33.55555125
2023-06-06 19:00:00,33.2,30.717306,29.5588848,31.8757272,29.105967,32.328645,28.63489175,32.79972025
2023-06-06 20:00:00,32.6,30.815865,29.6574438,31.974286199999998,29.204525999999998,32.427203999999996,28.73345075,32.898279249999995
2023-06-06 21:00:00,31.9,30.849123,29.6907018,32.0075442,29.237783999999998,32.460462,28.76670875,32.93153725
2023-06-06 22:00:00,31.5,30.636885,29.4784638,31.7953062,29.025546,32.248224,28.55447075,32.71929925
2023-06-06 23:00:00,31.1,30.582903,29.424481800000002,31.7413242,28.971564,32.194242,28.500488750000002,32.66531725
2023-06-07 00:00:00,30.8,30.360456,29.2020348,31.5188772,28.749117,31.971795,28.27804175,32.44287025
2023-06-07 01:00:00,30.6,30.311203,29.1527818,31.4696242,28.699863999999998,31.922542,28.22878875,32.39361725
2023-06-07 02:00:00,30.5,30.14583,28.9874088,31.3042512,28.534491,31.757169,28.06341575,32.228244249999996
2023-06-07 03:00:00,30.3,29.819149,28.6607278,30.9775702,28.20781,31.430488,27.73673475,31.90156325
2023-06-07 04:00:00,30.2,29.356018,28.1975968,30.514439199999998,27.744678999999998,30.967357,27.27360375,31.438432249999998
2023-06-07 05:00:00,30.6,29.537659,28.379237800000002,30.6960802,27.92632,31.148998000000002,27.455244750000002,31.62007325
2023-06-07 06:00:00,30.6,29.230558,28.0721368,30.388979199999998,27.619218999999998,30.841897,27.14814375,31.312972249999998
2023-06-07 07:00:00,31.6,29.599192,28.4407708,30.757613199999998,27.987852999999998,31.210531,27.51677775,31.681606249999998
2023-06-07 08:00:00,32.6,30.235243,29.0768218,31.3936642,28.623904,31.846582,28.15282875,32.317657249999996
2023-06-07 09:00:00,33.9,31.067106,29.9086848,32.225527199999995,29.455766999999998,32.678444999999996,28.98469175,33.149520249999995
2023-06-07 10:00:00,35.0,32.120747,30.962325800000002,33.2791682,30.509408,33.732086,30.038332750000002,34.20316125
2023-06-07 11:00:00,36.6,31.86254,30.7041188,33.020961199999995,30.251201,33.473879,29.78012575,33.944954249999995
2023-06-07 12:00:00,37.1,33.617,32.4585788,34.7754212,32.005660999999996,35.228339,31.534585749999998,35.69941425
2023-06-07 13:00:00,35.3,35.243973,34.0855518,36.402394199999996,33.632633999999996,36.855312,33.16155875,37.326387249999996
2023-06-07 14:00:00,33.2,35.06175,33.903328800000004,36.2201712,33.450411,36.673089000000004,32.979335750000004,37.14416425
2023-06-07 15:00:00,33.1,34.00423,32.8458088,35.1626512,32.392891,35.615569,31.92181575,36.08664425
2023-06-07 16:00:00,31.9,33.42201,32.2635888,34.5804312,31.810671,35.033349,31.33959575,35.50442425
2023-06-07 17:00:00,31.1,32.91978,31.761358800000004,34.0782012,31.308441000000002,34.531119000000004,30.837365750000004,35.00219425
2023-06-07 18:00:00,31.1,31.44099,30.2825688,32.5994112,29.829651,33.052329,29.35857575,33.52340425
2023-06-07 19:00:00,32.1,31.301062,30.142640800000002,32.4594832,29.689723,32.912401,29.218647750000002,33.38347625
2023-06-07 20:00:00,32.1,30.859457,29.7010358,32.0178782,29.248117999999998,32.470796,28.77704275,32.94187125
2023-06-07 21:00:00,31.5,30.464582,29.3061608,31.6230032,28.853243,32.075921,28.38216775,32.54699625
2023-06-07 22:00:00,31.2,30.364523,29.2061018,31.522944199999998,28.753183999999997,31.975862,28.28210875,32.44693725
2023-06-07 23:00:00,30.7,30.2992,29.1407788,31.4576212,28.687860999999998,31.910539,28.21678575,32.38161425
2023-06-08 00:00:00,30.0,30.03286,28.8744388,31.1912812,28.421521,31.644199,27.95044575,32.11527425
2023-06-08 01:00:00,29.7,29.833841,28.6754198,30.9922622,28.222502,31.44518,27.75142675,31.91625525
2023-06-08 02:00:00,29.2,29.98062,28.8221988,31.139041199999998,28.369280999999997,31.591959,27.89820575,32.063034249999994
2023-06-08 03:00:00,28.9,29.483215,28.324793800000002,30.6416362,27.871876,31.094554000000002,27.400800750000002,31.56562925
2023-06-08 04:00:00,28.9,29.327446,28.1690248,30.485867199999998,27.716106999999997,30.938785,27.24503175,31.409860249999998
2023-06-08 05:00:00,29.0,29.691906,28.5334848,30.8503272,28.080567,31.303245,27.60949175,31.77432025
2023-06-08 06:00:00,30.8,29.357243,28.1988218,30.5156642,27.745904,30.968582,27.27482875,31.43965725
2023-06-08 07:00:00,32.0,30.449942,29.2915208,31.6083632,28.838603,32.061281,28.36752775,32.53235625
2023-06-08 08:00:00,33.5,31.75776,30.5993388,32.9161812,30.146421,33.369099,29.67534575,33.84017425
2023-06-08 09:00:00,35.1,32.881847,31.7234258,34.0402682,31.270508,34.493186,30.79943275,34.96426125
2023-06-08 10:00:00,36.7,34.489338,33.3309168,35.647759199999996,32.877998999999996,36.100677,32.40692375,36.571752249999996
2023-06-08 11:00:00,38.1,35.575993,34.4175718,36.734414199999996,33.964653999999996,37.187332,33.49357875,37.658407249999996
2023-06-08 12:00:00,38.5,37.304897,36.1464758,38.463318199999996,35.693557999999996,38.916236,35.22248275,39.387311249999996
2023-06-08 13:00:00,36.5,35.69658,34.5381588,36.8550012,34.085240999999996,37.307919,33.61416575,37.77899425
2023-06-08 14:00:00,34.3,34.371544,33.2131228,35.5299652,32.760205,35.982883,32.28912975,36.45395825
2023-06-08 15:00:00,33.8,33.64676,32.4883388,34.8051812,32.035421,35.258099,31.56434575,35.72917425
2023-06-08 16:00:00,33.5,32.68329,31.5248688,33.8417112,31.071951,34.294629,30.60087575,34.76570425
2023-06-08 17:00:00,30.9,31.681273,30.5228518,32.8396942,30.069934,33.292612,29.59885875,33.76368725
2023-06-08 18:00:00,30.4,31.124365,29.9659438,32.2827862,29.513026,32.735704,29.04195075,33.20677925
2023-06-08 19:00:00,30.6,31.125505,29.9670838,32.283926199999996,29.514166,32.736844,29.04309075,33.207919249999996
2023-06-08 20:00:00,30.9,30.96055,29.802128800000002,32.1189712,29.349211,32.571889,28.878135750000002,33.04296425
2023-06-08 21:00:00,30.8,30.57616,29.417738800000002,31.7345812,28.964821,32.187499,28.493745750000002,32.65857425
2023-06-08 22:00:00,29.8,30.462206,29.3037848,31.620627199999998,28.850866999999997,32.073544999999996,28.37979175,32.544620249999994
2023-06-08 23:00:00,28.7,30.189966,29.0315448,31.348387199999998,28.578626999999997,31.801305,28.10755175,32.27238025
2023-06-09 00:00:00,28.6,30.130518,28.9720968,31.288939199999998,28.519178999999998,31.741857,28.04810375,32.212932249999994
2023-06-09 01:00:00,28.6,29.670649,28.5122278,30.8290702,28.05931,31.281988000000002,27.58823475,31.75306325
2023-06-09 02:00:00,28.6,29.745584,28.5871628,30.9040052,28.134245,31.356923000000002,27.66316975,31.82799825
2023-06-09 03:00:00,29.3,29.612593,28.4541718,30.7710142,28.001254,31.223932,27.53017875,31.69500725
2023-06-09 04:00:00,29.8,29.381186,28.2227648,30.5396072,27.769847,30.992525,27.29877175,31.46360025
2023-06-09 05:00:00,30.4,29.571905,28.4134838,30.7303262,27.960566,31.183244000000002,27.48949075,31.65431925
2023-06-09 06:00:00,30.4,29.734234,28.5758128,30.8926552,28.122895,31.345573,27.65181975,31.81664825
2023-06-09 07:00:00,31.3,31.375229,30.2168078,32.5336502,29.76389,32.986568,29.29281475,33.45764325
2023-06-09 08:00:00,32.3,32.96325,31.804828800000003,34.1216712,31.351911,34.574589,30.880835750000003,35.04566425
2023-06-09 09:00:00,34.0,33.8952,32.7367788,35.0536212,32.283861,35.506539000000004,31.812785750000003,35.97761425
2023-06-09 10:00:00,35.7,36.205257,35.046835800000004,37.3636782,34.593918,37.816596000000004,34.122842750000004,38.28767125
2023-06-09 11:00:00,37.3,36.54869,35.3902688,37.7071112,34.937351,38.160029,34.46627575,38.63110425
2023-06-09 12:00:00,38.7,35.164165,34.0057438,36.322586199999996,33.552825999999996,36.775504,33.08175075,37.246579249999996
2023-06-09 13:00:00,38.6,34.924477,33.766055800000004,36.0828982,33.313138,36.535816000000004,32.842062750000004,37.00689125
2023-06-09 14:00:00,37.3,34.54708,33.3886588,35.7055012,32.935741,36.158419,32.46466575,36.62949425
2023-06-09 15:00:00,34.6,33.37625,32.2178288,34.5346712,31.764910999999998,34.987589,31.29383575,35.45866425
2023-06-09 16:00:00,35.6,32.770744,31.6123228,33.9291652,31.159405,34.382083,30.68832975,34.85315825
2023-06-09 17:00:00,29.2,31.445509,30.287087800000002,32.6039302,29.83417,33.056848,29.363094750000002,33.52792325
2023-06-09 18:00:00,29.9,30.453733,29.2953118,31.6121542,28.842394,32.065072,28.37131875,32.53614725
2023-06-09 19:00:00,29.9,30.248333,29.0899118,31.406754199999998,28.636993999999998,31.859672,28.16591875,32.330747249999995
2023-06-09 20:00:00,29.8,30.112364,28.9539428,31.2707852,28.501025,31.723703,28.02994975,32.19477825
2023-06-09 21:00:00,29.6,30.06286,28.9044388,31.2212812,28.451521,31.674199,27.98044575,32.14527425
2023-06-09 22:00:00,29.5,29.900047,28.7416258,31.0584682,28.288708,31.511386,27.81763275,31.98246125
2023-06-09 23:00:00,29.2,29.691978,28.5335568,30.8503992,28.080638999999998,31.303317,27.60956375,31.77439225
2023-06-10 00:00:00,29.4,29.907164,28.748742800000002,31.0655852,28.295825,31.518503000000003,27.824749750000002,31.98957825
2023-06-10 01:00:00,29.6,29.450947,28.2925258,30.6093682,27.839608,31.062286,27.36853275,31.53336125
2023-06-10 02:00:00,29.6,29.279453,28.1210318,30.4378742,27.668114,30.890792,27.19703875,31.36186725
2023-06-10 03:00:00,29.6,29.35445,28.1960288,30.5128712,27.743111,30.965789,27.27203575,31.43686425
2023-06-10 04:00:00,29.4,29.555208,28.3967868,30.7136292,27.943869,31.166547,27.47279375,31.63762225
2023-06-10 05:00:00,29.8,29.609438,28.4510168,30.7678592,27.998099,31.220777000000002,27.52702375,31.69185225
2023-06-10 06:00:00,30.3,29.94106,28.7826388,31.0994812,28.329721,31.552399,27.85864575,32.02347425
2023-06-10 07:00:00,31.1,30.921417,29.762995800000002,32.0798382,29.310078,32.532756,28.839002750000002,33.00383125
2023-06-10 08:00:00,33.0,32.321354,31.1629328,33.4797752,30.710015,33.932693,30.23893975,34.40376825
2023-06-10 09:00:00,34.1,33.47882,32.3203988,34.6372412,31.867480999999998,35.090159,31.39640575,35.56123425
2023-06-10 10:00:00,35.3,34.959187,33.8007658,36.1176082,33.347848,36.570526,32.87677275,37.04160125
2023-06-10 11:00:00,36.4,35.92804,34.7696188,37.0864612,34.316701,37.539379000000004,33.84562575,38.01045425
2023-06-10 12:00:00,37.6,37.16865,36.0102288,38.3270712,35.557311,38.779989,35.08623575,39.25106425
2023-06-10 13:00:00,38.3,36.63271,35.474288800000004,37.7911312,35.021371,38.244049000000004,34.550295750000004,38.71512425
2023-06-10 14:00:00,37.1,34.49846,33.3400388,35.6568812,32.887121,36.109799,32.41604575,36.58087425
2023-06-10 15:00:00,32.0,33.718536,32.5601148,34.8769572,32.107197,35.329875,31.63612175,35.80095025
2023-06-10 16:00:00,31.0,34.187473,33.0290518,35.3458942,32.576133999999996,35.798812,32.10505875,36.26988725
2023-06-10 17:00:00,31.6,31.145239,29.9868178,32.303660199999996,29.5339,32.756578,29.06282475,33.227653249999996
2023-06-10 18:00:00,31.8,30.178696,29.0202748,31.337117199999998,28.567356999999998,31.790035,28.09628175,32.261110249999994
2023-06-10 19:00:00,30.9,30.509388,29.350966800000002,31.6678092,28.898049,32.120727,28.426973750000002,32.59180225
2023-06-10 20:00:00,29.2,30.315353,29.156931800000002,31.4737742,28.704014,31.926692000000003,28.232938750000002,32.39776725
2023-06-10 21:00:00,28.9,30.372074,29.213652800000002,31.5304952,28.760735,31.983413000000002,28.289659750000002,32.45448825
2023-06-10 22:00:00,28.8,30.274103,29.1156818,31.4325242,28.662764,31.885442,28.19168875,32.356517249999996
2023-06-10 23:00:00,28.6,29.3499,28.191478800000002,30.5083212,27.738561,30.961239000000003,27.267485750000002,31.43231425
2023-06-11 00:00:00,28.5,29.66686,28.5084388,30.8252812,28.055521,31.278199,27.58444575,31.74927425
2023-06-11 01:00:00,28.8,29.386677,28.2282558,30.545098199999998,27.775337999999998,30.998016,27.30426275,31.469091249999998
2023-06-11 02:00:00,28.8,29.258327,28.099905800000002,30.4167482,27.646988,30.869666000000002,27.175912750000002,31.34074125
2023-06-11 03:00:00,28.5,29.422184,28.263762800000002,30.5806052,27.810845,31.033523000000002,27.339769750000002,31.50459825
2023-06-11 04:00:00,28.4,29.250069,28.0916478,30.4084902,27.63873,30.861408,27.16765475,31.33248325
2023-06-11 05:00:00,29.8,29.506922,28.3485008,30.6653432,27.895583,31.118261,27.42450775,31.58933625
2023-06-11 06:00:00,30.2,29.724638,28.5662168,30.883059199999998,28.113298999999998,31.335977,27.64222375,31.807052249999998
2023-06-11 07:00:00,31.4,30.93547,29.7770488,32.093891199999995,29.324130999999998,32.546808999999996,28.85305575,33.017884249999994
2023-06-11 08:00:00,33.0,32.50282,31.3443988,33.6612412,30.891481,34.114159,30.42040575,34.58523425
2023-06-11 09:00:00,34.4,33.771946,32.6135248,34.9303672,32.160607,35.383285,31.68953175,35.85436025
2023-06-11 10:00:00,35.9,35.30652,34.1480988,36.4649412,33.695181,36.917859,33.22410575,37.38893425
2023-06-11 11:00:00,37.4,36.032814,34.8743928,37.1912352,34.421475,37.644153,33.95039975,38.11522825
2023-06-11 12:00:00,38.4,36.626373,35.4679518,37.7847942,35.015034,38.237712,34.54395875,38.70878725
2023-06-11 13:00:00,38.8,36.60624,35.4478188,37.7646612,34.994901,38.217579,34.52382575,38.68865425
2023-06-11 14:00:00,38.4,34.803738,33.6453168,35.9621592,33.192399,36.415077000000004,32.72132375,36.88615225
2023-06-11 15:00:00,37.0,33.06483,31.9064088,34.2232512,31.453491,34.676169,30.98241575,35.14724425
2023-06-11 16:00:00,37.0,32.42996,31.271538800000002,33.5883812,30.818621,34.041299,30.347545750000002,34.51237425
2023-06-11 17:00:00,34.2,32.064243,30.9058218,33.2226642,30.452903999999997,33.675582,29.98182875,34.14665725
2023-06-11 18:00:00,31.9,30.419136,29.260714800000002,31.5775572,28.807797,32.030475,28.336721750000002,32.50155025
2023-06-11 19:00:00,30.5,30.437134,29.2787128,31.5955552,28.825795,32.048473,28.35471975,32.51954825
2023-06-11 20:00:00,30.1,30.241287,29.0828658,31.3997082,28.629948,31.852626,28.15887275,32.32370125
2023-06-11 21:00:00,29.5,29.362011,28.2035898,30.5204322,27.750671999999998,30.97335,27.27959675,31.44442525
2023-06-11 22:00:00,29.3,29.035124,27.8767028,30.1935452,27.423785,30.646463,26.95270975,31.11753825
2023-06-11 23:00:00,29.4,28.78946,27.6310388,29.947881199999998,27.178120999999997,30.400799,26.70704575,30.871874249999998
2023-06-12 00:00:00,29.7,28.907856,27.7494348,30.0662772,27.296516999999998,30.519195,26.82544175,30.99027025
2023-06-12 01:00:00,29.5,29.271652,28.1132308,30.4300732,27.660313,30.882991,27.18923775,31.35406625
2023-06-12 02:00:00,29.3,29.161777,28.0033558,30.3201982,27.550438,30.773116,27.07936275,31.24419125
2023-06-12 03:00:00,29.5,28.982159,27.8237378,30.1405802,27.37082,30.593498,26.89974475,31.06457325
2023-06-12 04:00:00,29.5,28.888376,27.7299548,30.0467972,27.277037,30.499715000000002,26.80596175,30.97079025
2023-06-12 05:00:00,28.7,29.30184,28.1434188,30.460261199999998,27.690500999999998,30.913179,27.21942575,31.384254249999998
2023-06-12 06:00:00,29.2,29.621767,28.4633458,30.780188199999998,28.010427999999997,31.233106,27.53935275,31.704181249999998
2023-06-12 07:00:00,30.7,31.037533,29.8791118,32.195954199999996,29.426194,32.648872,28.95511875,33.119947249999996
2023-06-12 08:00:00,32.3,32.364483,31.2060618,33.5229042,30.753144,33.975822,30.28206875,34.44689725
2023-06-12 09:00:00,33.9,34.206512,33.0480908,35.364933199999996,32.595172999999996,35.817851,32.12409775,36.288926249999996
2023-06-12 10:00:00,35.3,35.516216,34.3577948,36.6746372,33.904877,37.127555,33.43380175,37.59863025
2023-06-12 11:00:00,36.8,36.676376,35.5179548,37.8347972,35.065037,38.287715,34.59396175,38.75879025
2023-06-12 12:00:00,38.0,36.948498,35.7900768,38.1069192,35.337159,38.559837,34.86608375,39.03091225
2023-06-12 13:00:00,37.9,37.151234,35.9928128,38.3096552,35.539895,38.762573,35.06881975,39.23364825
2023-06-12 14:00:00,35.9,35.86945,34.7110288,37.0278712,34.258111,37.480789,33.78703575,37.95186425
2023-06-12 15:00:00,34.7,34.933777,33.7753558,36.0921982,33.322438,36.545116,32.85136275,37.01619125
2023-06-12 16:00:00,34.0,34.31781,33.1593888,35.4762312,32.706471,35.929149,32.23539575,36.40022425
2023-06-12 17:00:00,33.7,33.42294,32.2645188,34.581361199999996,31.811600999999996,35.034279,31.340525749999998,35.505354249999996
2023-06-12 18:00:00,33.0,31.480425,30.3220038,32.638846199999996,29.869086,33.091764,29.39801075,33.562839249999996
2023-06-12 19:00:00,31.9,30.27846,29.1200388,31.4368812,28.667120999999998,31.889799,28.19604575,32.360874249999995
2023-06-12 20:00:00,31.4,29.9687,28.8102788,31.127121199999998,28.357360999999997,31.580039,27.88628575,32.05111425
2023-06-12 21:00:00,31.3,29.88412,28.7256988,31.0425412,28.272781,31.495459,27.80170575,31.96653425
2023-06-12 22:00:00,30.7,29.701622,28.5432008,30.8600432,28.090283,31.312961,27.61920775,31.78403625
2023-06-12 23:00:00,30.0,30.057192,28.8987708,31.2156132,28.445853,31.668531,27.97477775,32.13960625
2023-06-13 00:00:00,29.7,29.865248,28.7068268,31.0236692,28.253909,31.476587000000002,27.78283375,31.94766225
2023-06-13 01:00:00,29.6,29.72274,28.564318800000002,30.8811612,28.111401,31.334079000000003,27.640325750000002,31.80515425
2023-06-13 02:00:00,29.7,29.606447,28.4480258,30.7648682,27.995108,31.217786,27.52403275,31.68886125
2023-06-13 03:00:00,29.7,29.241968,28.0835468,30.4003892,27.630629,30.853307,27.15955375,31.32438225
2023-06-13 04:00:00,29.7,29.324255,28.1658338,30.4826762,27.712916,30.935594000000002,27.24184075,31.40666925
2023-06-13 05:00:00,30.0,29.38719,28.2287688,30.5456112,27.775851,30.998529,27.30477575,31.46960425
2023-06-13 06:00:00,30.3,29.756052,28.5976308,30.9144732,28.144713,31.367391,27.67363775,31.83846625
2023-06-13 07:00:00,31.8,30.872026,29.713604800000002,32.0304472,29.260687,32.483365,28.789611750000002,32.95444025
2023-06-13 08:00:00,33.4,32.403034,31.2446128,33.5614552,30.791694999999997,34.014373,30.32061975,34.48544825
2023-06-13 09:00:00,35.0,33.730392,32.5719708,34.8888132,32.119053,35.341731,31.647977750000003,35.81280625
2023-06-13 10:00:00,36.4,35.126644,33.9682228,36.2850652,33.515305,36.737983,33.04422975,37.20905825
2023-06-13 11:00:00,38.0,36.211193,35.0527718,37.3696142,34.599854,37.822532,34.12877875,38.29360725
2023-06-13 12:00:00,39.2,37.150185,35.9917638,38.3086062,35.538846,38.761524,35.06777075,39.23259925
2023-06-13 13:00:00,39.4,36.4053,35.2468788,37.563721199999996,34.793960999999996,38.016639,34.32288575,38.487714249999996
2023-06-13 14:00:00,38.6,33.906544,32.7481228,35.064965199999996,32.295204999999996,35.517883,31.824129749999997,35.988958249999996
2023-06-13 15:00:00,35.8,34.01493,32.8565088,35.1733512,32.403591,35.626269,31.93251575,36.09734425
2023-06-13 16:00:00,33.6,33.32955,32.1711288,34.4879712,31.718210999999997,34.940889,31.247135749999998,35.41196425
2023-06-13 17:00:00,32.9,32.209026,31.050604800000002,33.3674472,30.597687,33.820365,30.126611750000002,34.29144025
2023-06-13 18:00:00,32.7,30.930906,29.7724848,32.0893272,29.319567,32.542245,28.84849175,33.01332025
2023-06-13 19:00:00,32.7,30.547846,29.3894248,31.7062672,28.936507,32.159185,28.46543175,32.63026025
2023-06-13 20:00:00,32.4,30.77747,29.6190488,31.9358912,29.166131,32.388809,28.69505575,32.85988425
2023-06-13 21:00:00,32.1,30.821115,29.6626938,31.9795362,29.209775999999998,32.432454,28.73870075,32.90352925
2023-06-13 22:00:00,31.7,30.23289,29.074468800000002,31.3913112,28.621551,31.844229000000002,28.150475750000002,32.31530425
2023-06-13 23:00:00,31.3,29.650005,28.4915838,30.8084262,28.038666,31.261344,27.56759075,31.73241925
2023-06-14 00:00:00,31.0,29.528938,28.3705168,30.6873592,27.917599,31.140277,27.44652375,31.61135225
2023-06-14 01:00:00,30.8,29.44464,28.2862188,30.6030612,27.833301,31.055979,27.36222575,31.52705425
2023-06-14 02:00:00,30.6,29.308218,28.1497968,30.4666392,27.696879,30.919557,27.22580375,31.39063225
2023-06-14 03:00:00,30.5,29.11126,27.952838800000002,30.2696812,27.499921,30.722599000000002,27.028845750000002,31.19367425
2023-06-14 04:00:00,30.3,29.126745,27.9683238,30.2851662,27.515406,30.738084,27.04433075,31.20915925
2023-06-14 05:00:00,30.2,29.022758,27.8643368,30.1811792,27.411419,30.634097,26.94034375,31.10517225
2023-06-14 06:00:00,30.9,29.336344,28.1779228,30.4947652,27.725005,30.947683,27.25392975,31.41875825
2023-06-14 07:00:00,32.1,30.801556,29.643134800000002,31.9599772,29.190217,32.412895,28.719141750000002,32.88397025
2023-06-14 08:00:00,33.6,32.498894,31.3404728,33.6573152,30.887555,34.110233,30.41647975,34.58130825
2023-06-14 09:00:00,35.2,34.613903,33.4554818,35.7723242,33.002564,36.225242,32.53148875,36.69631725
2023-06-14 10:00:00,36.7,36.009552,34.8511308,37.1679732,34.398213,37.620891,33.92713775,38.09196625
2023-06-14 11:00:00,38.1,36.980778,35.8223568,38.1391992,35.369439,38.592117,34.89836375,39.06319225
2023-06-14 12:00:00,38.7,36.792267,35.6338458,37.9506882,35.180928,38.403606,34.70985275,38.87468125
2023-06-14 13:00:00,38.1,37.185467,36.0270458,38.3438882,35.574128,38.796806000000004,35.10305275,39.26788125
2023-06-14 14:00:00,36.1,34.6407,33.4822788,35.7991212,33.029361,36.252039,32.55828575,36.72311425
2023-06-14 15:00:00,34.6,34.671448,33.5130268,35.8298692,33.060109,36.282787,32.58903375,36.75386225
2023-06-14 16:00:00,33.5,33.442333,32.2839118,34.6007542,31.830993999999997,35.053672,31.35991875,35.52474725
2023-06-14 17:00:00,32.2,32.5975,31.439078799999997,33.755921199999996,30.986160999999996,34.208839,30.515085749999997,34.679914249999996
2023-06-14 18:00:00,31.0,31.806301,30.647879800000002,32.9647222,30.194962,33.41764,29.723886750000002,33.88871525
2023-06-14 19:00:00,30.9,30.943312,29.7848908,32.1017332,29.331972999999998,32.554651,28.86089775,33.02572625
2023-06-14 20:00:00,30.5,30.420574,29.2621528,31.578995199999998,28.809234999999997,32.031912999999996,28.33815975,32.502988249999994
2023-06-14 21:00:00,30.7,30.13966,28.9812388,31.2980812,28.528321,31.750999,28.05724575,32.22207425
2023-06-14 22:00:00,30.6,30.6755,29.5170788,31.8339212,29.064161,32.286839,28.59308575,32.75791425
2023-06-14 23:00:00,30.5,30.601198,29.4427768,31.7596192,28.989859,32.212537,28.51878375,32.683612249999996
2023-06-15 00:00:00,30.5,30.501144,29.3427228,31.6595652,28.889805,32.112483,28.41872975,32.583558249999996
2023-06-15 01:00:00,30.3,30.060223,28.9018018,31.2186442,28.448884,31.671562,27.97780875,32.14263725
2023-06-15 02:00:00,29.9,29.823551,28.6651298,30.981972199999998,28.212211999999997,31.43489,27.74113675,31.905965249999998
2023-06-15 03:00:00,29.8,29.659245,28.5008238,30.817666199999998,28.047905999999998,31.270584,27.57683075,31.741659249999998
2023-06-15 04:00:00,29.6,29.654982,28.4965608,30.8134032,28.043643,31.266321,27.57256775,31.73739625
2023-06-15 05:00:00,29.9,29.57604,28.4176188,30.7344612,27.964700999999998,31.187379,27.49362575,31.65845425
2023-06-15 06:00:00,30.3,29.953989,28.7955678,31.1124102,28.34265,31.565328,27.87157475,32.03640325
2023-06-15 07:00:00,32.0,31.21741,30.0589888,32.3758312,29.606071,32.828749,29.13499575,33.29982425
2023-06-15 08:00:00,34.2,32.907227,31.7488058,34.0656482,31.295887999999998,34.518566,30.82481275,34.98964125
2023-06-15 09:00:00,35.5,34.88174,33.7233188,36.0401612,33.270401,36.493079,32.79932575,36.96415425
2023-06-15 10:00:00,37.1,35.89341,34.7349888,37.0518312,34.282071,37.504749000000004,33.810995750000004,37.97582425
2023-06-15 11:00:00,38.6,36.751293,35.5928718,37.909714199999996,35.139953999999996,38.362632,34.66887875,38.833707249999996
2023-06-15 12:00:00,39.6,37.00794,35.8495188,38.1663612,35.396601,38.619279,34.92552575,39.09035425
2023-06-15 13:00:00,39.1,35.95385,34.7954288,37.1122712,34.342511,37.565189000000004,33.87143575,38.03626425
2023-06-15 14:00:00,36.7,34.771305,33.6128838,35.9297262,33.159966,36.382644,32.68889075,36.85371925
2023-06-15 15:00:00,35.2,34.38143,33.2230088,35.5398512,32.770091,35.992769,32.29901575,36.46384425
2023-06-15 16:00:00,34.3,33.096024,31.9376028,34.2544452,31.484685,34.707363,31.01360975,35.17843825
2023-06-15 17:00:00,35.6,32.09693,30.9385088,33.2553512,30.485591,33.708269,30.01451575,34.17934425
2023-06-15 18:00:00,33.0,30.915167,29.7567458,32.073588199999996,29.303828,32.526506,28.83275275,32.997581249999996
2023-06-15 19:00:00,33.2,30.484612,29.3261908,31.643033199999998,28.873272999999998,32.095951,28.40219775,32.56702625
2023-06-15 20:00:00,34.7,30.069237,28.9108158,31.2276582,28.457898,31.680576000000002,27.98682275,32.15165125
2023-06-15 21:00:00,34.0,30.038298,28.8798768,31.1967192,28.426959,31.649637000000002,27.95588375,32.12071225
2023-06-15 22:00:00,33.4,30.29007,29.1316488,31.4484912,28.678731,31.901409,28.20765575,32.37248425
2023-06-15 23:00:00,33.4,30.043386,28.884964800000002,31.2018072,28.432047,31.654725000000003,27.960971750000002,32.12580025
2023-06-16 00:00:00,32.9,30.216948,29.0585268,31.375369199999998,28.605608999999998,31.828287,28.13453375,32.299362249999994
2023-06-16 01:00:00,32.5,29.991695,28.8332738,31.1501162,28.380356,31.603034,27.90928075,32.07410925
2023-06-16 02:00:00,32.3,29.806871,28.6484498,30.9652922,28.195532,31.418210000000002,27.72445675,31.88928525
2023-06-16 03:00:00,32.2,29.608297,28.4498758,30.7667182,27.996958,31.219636,27.52588275,31.69071125
2023-06-16 04:00:00,31.9,29.602552,28.4441308,30.7609732,27.991213,31.213891,27.52013775,31.68496625
2023-06-16 05:00:00,32.5,29.35919,28.200768800000002,30.5176112,27.747851,30.970529000000003,27.276775750000002,31.44160425
2023-06-16 06:00:00,32.4,29.725992,28.567570800000002,30.8844132,28.114653,31.337331000000002,27.643577750000002,31.80840625
2023-06-16 07:00:00,33.2,31.207203,30.0487818,32.3656242,29.595864,32.818542,29.12478875,33.28961725
2023-06-16 08:00:00,33.9,33.443653,32.2852318,34.6020742,31.832313999999997,35.054992,31.36123875,35.52606725
2023-06-16 09:00:00,35.1,34.784935,33.6265138,35.9433562,33.173595999999996,36.396274,32.70252075,36.86734925
2023-06-16 10:00:00,35.6,36.479805,35.3213838,37.6382262,34.868466,38.091144,34.39739075,38.56221925
2023-06-16 11:00:00,36.3,37.50668,36.3482588,38.6651012,35.895341,39.118019000000004,35.42426575,39.58909425
2023-06-16 12:00:00,37.5,37.342316,36.1838948,38.500737199999996,35.730976999999996,38.953655,35.25990175,39.424730249999996
2023-06-16 13:00:00,36.0,36.26737,35.1089488,37.4257912,34.656031,37.878709,34.18495575,38.34978425
2023-06-16 14:00:00,32.1,35.048943,33.8905218,36.2073642,33.437604,36.660282,32.96652875,37.13135725
2023-06-16 15:00:00,32.7,34.100506,32.9420848,35.2589272,32.489167,35.711845000000004,32.01809175,36.18292025
2023-06-16 16:00:00,31.9,33.3514,32.1929788,34.5098212,31.740060999999997,34.962739,31.26898575,35.43381425
2023-06-16 17:00:00,30.6,33.53876,32.380338800000004,34.6971812,31.927421000000002,35.150099000000004,31.456345750000004,35.62117425
2023-06-16 18:00:00,30.8,31.372477,30.2140558,32.530898199999996,29.761138,32.983816,29.29006275,33.454891249999996
2023-06-16 19:00:00,30.6,31.5375,30.379078800000002,32.6959212,29.926161,33.148839,29.455085750000002,33.61991425
2023-06-16 20:00:00,30.2,32.008778,30.8503568,33.1671992,30.397439,33.620117,29.92636375,34.09119225
2023-06-16 21:00:00,30.0,31.394901,30.2364798,32.5533222,29.783562,33.00624,29.31248675,33.47731525
2023-06-16 22:00:00,29.8,31.055452,29.8970308,32.213873199999995,29.444112999999998,32.666790999999996,28.97303775,33.137866249999995
2023-06-16 23:00:00,29.2,31.064688,29.9062668,32.223109199999996,29.453349,32.676027,28.98227375,33.147102249999996
2023-06-17 00:00:00,29.4,31.613192,30.454770800000002,32.7716132,30.001853,33.224531,29.530777750000002,33.69560625
2023-06-17 01:00:00,27.8,31.296568,30.1381468,32.4549892,29.685229,32.907907,29.21415375,33.37898225
2023-06-17 02:00:00,27.1,31.188597,30.030175800000002,32.3470182,29.577258,32.799936,29.106182750000002,33.27101125
2023-06-17 03:00:00,27.2,30.902916,29.744494800000002,32.0613372,29.291577,32.514255,28.820501750000002,32.98533025
2023-06-17 04:00:00,27.0,30.889782,29.7313608,32.048203199999996,29.278443,32.501121,28.80736775,32.972196249999996
2023-06-17 05:00:00,28.7,31.285315,30.1268938,32.4437362,29.673976,32.896654,29.20290075,33.36772925
2023-06-17 06:00:00,28.8,31.06363,29.9052088,32.222051199999996,29.452291,32.674969,28.98121575,33.146044249999996
2023-06-17 07:00:00,28.1,31.965374,30.8069528,33.123795199999996,30.354035,33.576713,29.88295975,34.047788249999996
2023-06-17 08:00:00,28.0,33.51552,32.3570988,34.6739412,31.904181,35.126859,31.433105750000003,35.59793425
2023-06-17 09:00:00,29.2,34.503086,33.344664800000004,35.6615072,32.891747,36.114425000000004,32.420671750000004,36.58550025
2023-06-17 10:00:00,30.9,35.379284,34.2208628,36.5377052,33.767945,36.990623,33.29686975,37.46169825
2023-06-17 11:00:00,31.7,35.992966,34.8345448,37.1513872,34.381627,37.604305000000004,33.91055175,38.07538025
2023-06-17 12:00:00,32.6,37.007065,35.8486438,38.1654862,35.395725999999996,38.618404,34.92465075,39.08947925
2023-06-17 13:00:00,34.3,35.974483,34.8160618,37.1329042,34.363144,37.585822,33.89206875,38.05689725
2023-06-17 14:00:00,33.9,34.189342,33.030920800000004,35.3477632,32.578003,35.800681000000004,32.106927750000004,36.27175625
2023-06-17 15:00:00,34.1,33.58971,32.4312888,34.748131199999996,31.978370999999996,35.201049,31.507295749999997,35.672124249999996
2023-06-17 16:00:00,34.2,32.970905,31.812483800000003,34.1293262,31.359566,34.582244,30.888490750000003,35.05331925
2023-06-17 17:00:00,31.6,31.506287,30.3478658,32.6647082,29.894948,33.117626,29.42387275,33.58870125
2023-06-17 18:00:00,29.8,30.8872,29.7287788,32.0456212,29.275861,32.498539,28.80478575,32.96961425
2023-06-17 19:00:00,29.0,30.618475,29.4600538,31.7768962,29.007136,32.229814,28.53606075,32.700889249999996
2023-06-17 20:00:00,28.4,30.72139,29.5629688,31.8798112,29.110051,32.332729,28.63897575,32.80380425
2023-06-17 21:00:00,28.5,30.65047,29.4920488,31.808891199999998,29.039130999999998,32.261809,28.56805575,32.73288425
2023-06-17 22:00:00,28.6,30.779518,29.6210968,31.9379392,29.168179,32.390857,28.69710375,32.861932249999995
2023-06-17 23:00:00,28.8,30.825243,29.6668218,31.9836642,29.213904,32.436582,28.74282875,32.90765725
2023-06-18 00:00:00,28.5,30.729769,29.5713478,31.8881902,29.11843,32.341108,28.64735475,32.81218325
2023-06-18 01:00:00,28.0,29.74214,28.5837188,30.9005612,28.130800999999998,31.353479,27.65972575,31.82455425
2023-06-18 02:00:00,26.8,28.4263,27.267878800000002,29.5847212,26.814961,30.037639000000002,26.343885750000002,30.50871425
2023-06-18 03:00:00,26.3,28.76316,27.6047388,29.9215812,27.151820999999998,30.374499,26.68074575,30.84557425
2023-06-18 04:00:00,26.3,28.814745,27.6563238,29.973166199999998,27.203405999999998,30.426084,26.73233075,30.897159249999998
2023-06-18 05:00:00,25.9,29.534231,28.3758098,30.692652199999998,27.922891999999997,31.14557,27.45181675,31.616645249999998
2023-06-18 06:00:00,25.8,29.528202,28.3697808,30.6866232,27.916863,31.139541,27.44578775,31.61061625
2023-06-18 07:00:00,25.8,29.826597,28.6681758,30.9850182,28.215258,31.437936,27.74418275,31.90901125
2023-06-18 08:00:00,26.0,29.912071,28.7536498,31.0704922,28.300732,31.523410000000002,27.82965675,31.99448525
2023-06-18 09:00:00,26.0,30.882307,29.7238858,32.0407282,29.270968,32.493646,28.79989275,32.96472125
2023-06-18 10:00:00,26.5,31.849163,30.6907418,33.0075842,30.237824,33.460502,29.76674875,33.93157725
2023-06-18 11:00:00,28.6,32.353962,31.195540800000003,33.5123832,30.742623000000002,33.965301000000004,30.271547750000003,34.43637625
2023-06-18 12:00:00,29.0,32.912426,31.754004800000004,34.0708472,31.301087000000003,34.523765000000004,30.830011750000004,34.99484025
2023-06-18 13:00:00,30.9,34.050064,32.8916428,35.2084852,32.438725,35.661403,31.96764975,36.13247825
2023-06-18 14:00:00,31.5,33.017075,31.8586538,34.1754962,31.405735999999997,34.628414,30.93466075,35.09948925
2023-06-18 15:00:00,32.0,32.896244,31.737822800000004,34.0546652,31.284905000000002,34.507583000000004,30.813829750000004,34.97865825
2023-06-18 16:00:00,31.8,33.229942,32.0715208,34.3883632,31.618603,34.841281,31.147527750000002,35.31235625
2023-06-18 17:00:00,28.4,31.229088,30.0706668,32.3875092,29.617749,32.840427,29.14667375,33.31150225
2023-06-18 18:00:00,28.6,29.99028,28.8318588,31.148701199999998,28.378940999999998,31.601619,27.90786575,32.07269425
2023-06-18 19:00:00,27.9,30.132675,28.9742538,31.2910962,28.521335999999998,31.744014,28.05026075,32.21508925
2023-06-18 20:00:00,27.3,29.41199,28.2535688,30.5704112,27.800651,31.023329,27.32957575,31.49440425
2023-06-18 21:00:00,27.3,29.510462,28.3520408,30.6688832,27.899123,31.121801,27.42804775,31.59287625
2023-06-18 22:00:00,27.2,29.393614,28.2351928,30.5520352,27.782275,31.004953,27.31119975,31.47602825
2023-06-18 23:00:00,27.0,28.938063,27.7796418,30.0964842,27.326724,30.549402,26.85564875,31.02047725
2023-06-19 00:00:00,26.9,28.936878,27.7784568,30.0952992,27.325539,30.548217,26.85446375,31.01929225
2023-06-19 01:00:00,26.6,28.141397,26.982975800000002,29.2998182,26.530058,29.752736000000002,26.058982750000002,30.22381125
2023-06-19 02:00:00,26.1,27.685764,26.5273428,28.8441852,26.074424999999998,29.297103,25.60334975,29.76817825
2023-06-19 03:00:00,25.9,27.098595,25.9401738,28.2570162,25.487256,28.709934,25.01618075,29.18100925
2023-06-19 04:00:00,25.7,27.290115,26.1316938,28.4485362,25.678776,28.901454,25.20770075,29.37252925
2023-06-19 05:00:00,26.3,26.981823,25.8234018,28.140244199999998,25.370483999999998,28.593162,24.89940875,29.064237249999998
2023-06-19 06:00:00,26.5,27.11156,25.9531388,28.2699812,25.500221,28.722899,25.02914575,29.19397425
2023-06-19 07:00:00,27.1,27.271723,26.113301800000002,28.4301442,25.660384,28.883062000000002,25.189308750000002,29.35413725
2023-06-19 08:00:00,28.6,28.257942,27.0995208,29.4163632,26.646603,29.869281,26.17552775,30.34035625
2023-06-19 09:00:00,30.8,28.715382,27.556960800000002,29.8738032,27.104043,30.326721000000003,26.632967750000002,30.79779625
2023-06-19 10:00:00,32.1,29.697794,28.5393728,30.856215199999998,28.086454999999997,31.309133,27.61537975,31.780208249999998
2023-06-19 11:00:00,33.3,31.427177,30.2687558,32.5855982,29.815838,33.038516,29.34476275,33.50959125
2023-06-19 12:00:00,34.0,32.113216,30.954794800000002,33.2716372,30.501877,33.724555,30.030801750000002,34.19563025
2023-06-19 13:00:00,34.2,32.41674,31.258318799999998,33.5751612,30.805400999999996,34.028079,30.334325749999998,34.49915425
2023-06-19 14:00:00,34.3,32.361107,31.202685799999998,33.519528199999996,30.749767999999996,33.972446,30.278692749999998,34.443521249999996
2023-06-19 15:00:00,34.2,32.239574,31.081152799999998,33.3979952,30.628234999999997,33.850913,30.157159749999998,34.32198825
2023-06-19 16:00:00,33.9,31.976025,30.8176038,33.1344462,30.364686,33.587364,29.89361075,34.05843925
2023-06-19 17:00:00,32.7,30.55469,29.3962688,31.7131112,28.943351,32.166029,28.47227575,32.63710425
2023-06-19 18:00:00,31.9,29.440588,28.282166800000002,30.5990092,27.829249,31.051927000000003,27.358173750000002,31.52300225
2023-06-19 19:00:00,31.0,28.916397,27.7579758,30.0748182,27.305058,30.527736,26.83398275,30.99881125
2023-06-19 20:00:00,30.4,28.600624,27.4422028,29.7590452,26.989285,30.211963,26.51820975,30.68303825
2023-06-19 21:00:00,28.8,28.44245,27.2840288,29.6008712,26.831111,30.053789000000002,26.36003575,30.52486425
2023-06-19 22:00:00,27.4,28.338636,27.1802148,29.4970572,26.727297,29.949975000000002,26.25622175,30.42105025
2023-06-19 23:00:00,27.1,28.272047,27.1136258,29.4304682,26.660708,29.883386,26.18963275,30.35446125
2023-06-20 00:00:00,27.1,27.573044,26.4146228,28.7314652,25.961705,29.184383,25.49062975,29.65545825
2023-06-20 01:00:00,27.0,27.551218,26.3927968,28.709639199999998,25.939878999999998,29.162557,25.46880375,29.633632249999998
2023-06-20 02:00:00,27.0,27.415306,26.2568848,28.5737272,25.803967,29.026645000000002,25.33289175,29.49772025
2023-06-20 03:00:00,27.0,27.104206,25.945784800000002,28.2626272,25.492867,28.715545000000002,25.021791750000002,29.18662025
2023-06-20 04:00:00,26.9,27.055557,25.8971358,28.2139782,25.444218,28.666896,24.97314275,29.13797125
2023-06-20 05:00:00,26.2,27.0755,25.917078800000002,28.2339212,25.464161,28.686839000000003,24.993085750000002,29.15791425
2023-06-20 06:00:00,26.5,27.300985,26.1425638,28.4594062,25.689646,28.912324,25.21857075,29.38339925
2023-06-20 07:00:00,27.6,27.898548,26.740126800000002,29.0569692,26.287209,29.509887000000003,25.816133750000002,29.98096225
2023-06-20 08:00:00,29.1,28.98636,27.827938800000002,30.1447812,27.375021,30.597699000000002,26.903945750000002,31.06877425
2023-06-20 09:00:00,30.2,30.260452,29.1020308,31.4188732,28.649113,31.871791,28.17803775,32.34286625
2023-06-20 10:00:00,31.7,32.112488,30.9540668,33.2709092,30.501148999999998,33.723827,30.03007375,34.19490225
2023-06-20 11:00:00,32.5,33.672672,32.5142508,34.8310932,32.061333,35.284011,31.59025775,35.75508625
2023-06-20 12:00:00,32.9,34.315083,33.1566618,35.4735042,32.703744,35.926422,32.23266875,36.39749725
2023-06-20 13:00:00,32.9,34.092564,32.934142800000004,35.2509852,32.481225,35.703903000000004,32.010149750000004,36.17497825
2023-06-20 14:00:00,33.0,33.967056,32.8086348,35.1254772,32.355717,35.578395,31.88464175,36.04947025
2023-06-20 15:00:00,31.7,33.650017,32.4915958,34.8084382,32.038678,35.261356,31.56760275,35.73243125
2023-06-20 16:00:00,30.9,32.66122,31.5027988,33.8196412,31.049881,34.272559,30.57880575,34.74363425
2023-06-20 17:00:00,31.0,31.13489,29.9764688,32.2933112,29.523550999999998,32.746229,29.05247575,33.21730425
2023-06-20 18:00:00,30.2,30.4303,29.2718788,31.5887212,28.818960999999998,32.041638999999996,28.34788575,32.512714249999995
2023-06-20 19:00:00,29.7,30.08838,28.9299588,31.2468012,28.477041,31.699719,28.00596575,32.17079425
2023-06-20 20:00:00,29.5,29.67147,28.5130488,30.8298912,28.060131,31.282809,27.58905575,31.75388425
2023-06-20 21:00:00,29.2,29.123812,27.9653908,30.2822332,27.512473,30.735151000000002,27.04139775,31.20622625
2023-06-20 22:00:00,28.8,28.14429,26.985868800000002,29.3027112,26.532951,29.755629000000003,26.061875750000002,30.22670425
2023-06-20 23:00:00,28.6,28.093817,26.935395800000002,29.2522382,26.482478,29.705156000000002,26.011402750000002,30.17623125
2023-06-21 00:00:00,28.3,28.05082,26.892398800000002,29.2092412,26.439481,29.662159000000003,25.968405750000002,30.13323425
2023-06-21 01:00:00,27.9,27.884003,26.7255818,29.0424242,26.272664,29.495342,25.80158875,29.96641725
2023-06-21 02:00:00,27.6,27.773748,26.615326800000002,28.9321692,26.162409,29.385087000000002,25.691333750000002,29.85616225
2023-06-21 03:00:00,27.5,27.701471,26.543049800000002,28.8598922,26.090132,29.312810000000002,25.619056750000002,29.78388525
2023-06-21 04:00:00,27.3,27.59039,26.4319688,28.7488112,25.979051,29.201729,25.50797575,29.67280425
2023-06-21 05:00:00,27.2,27.08611,25.927688800000002,28.2445312,25.474771,28.697449000000002,25.003695750000002,29.16852425
2023-06-21 06:00:00,27.9,27.194263,26.0358418,28.3526842,25.582924,28.805602,25.11184875,29.27667725
2023-06-21 07:00:00,28.2,27.986013,26.8275918,29.1444342,26.374674,29.597352,25.90359875,30.06842725
2023-06-21 08:00:00,28.9,29.289867,28.1314458,30.4482882,27.678528,30.901206000000002,27.20745275,31.37228125
2023-06-21 09:00:00,30.7,30.476757,29.3183358,31.6351782,28.865418,32.088096,28.39434275,32.55917125
2023-06-21 10:00:00,32.4,31.656313,30.4978918,32.8147342,30.044974,33.267652,29.57389875,33.73872725
2023-06-21 11:00:00,33.0,32.697063,31.5386418,33.8554842,31.085724,34.308402,30.61464875,34.77947725
2023-06-21 12:00:00,33.2,33.02587,31.8674488,34.1842912,31.414530999999997,34.637209,30.94345575,35.10828425
2023-06-21 13:00:00,32.6,33.16408,32.0056588,34.3225012,31.552740999999997,34.775419,31.08166575,35.24649425
2023-06-21 14:00:00,32.5,33.07845,31.920028799999997,34.236871199999996,31.467110999999996,34.689789,30.996035749999997,35.160864249999996
2023-06-21 15:00:00,31.9,32.500988,31.3425668,33.6594092,30.889649,34.112327,30.41857375,34.58340225
2023-06-21 16:00:00,31.3,31.674372,30.515950800000002,32.8327932,30.063033,33.285711,29.591957750000002,33.75678625
2023-06-21 17:00:00,31.2,31.0334,29.8749788,32.1918212,29.422061,32.644739,28.95098575,33.11581425
2023-06-21 18:00:00,30.2,30.301434,29.1430128,31.4598552,28.690095,31.912773,28.21901975,32.38384825
2023-06-21 19:00:00,29.6,29.875774,28.7173528,31.0341952,28.264435,31.487113,27.79335975,31.95818825
2023-06-21 20:00:00,29.4,29.33105,28.172628800000002,30.4894712,27.719711,30.942389000000002,27.248635750000002,31.41346425
2023-06-21 21:00:00,29.1,29.187178,28.0287568,30.3455992,27.575839,30.798517,27.10476375,31.26959225
2023-06-21 22:00:00,28.8,28.641123,27.4827018,29.7995442,27.029784,30.252462,26.55870875,30.72353725
2023-06-21 23:00:00,28.6,28.328808,27.1703868,29.487229199999998,26.717468999999998,29.940147,26.24639375,30.411222249999998
2023-06-22 00:00:00,28.4,28.094694,26.9362728,29.2531152,26.483355,29.706033,26.01227975,30.17710825
2023-06-22 01:00:00,28.2,27.76425,26.6058288,28.9226712,26.152911,29.375589,25.68183575,29.84666425
2023-06-22 02:00:00,27.8,27.608944,26.4505228,28.7673652,25.997605,29.220283000000002,25.52652975,29.69135825
2023-06-22 03:00:00,27.1,27.378887,26.2204658,28.5373082,25.767547999999998,28.990226,25.29647275,29.461301249999998
2023-06-22 04:00:00,26.8,27.18171,26.0232888,28.3401312,25.570370999999998,28.793049,25.09929575,29.26412425
2023-06-22 05:00:00,27.9,27.173737,26.0153158,28.3321582,25.562397999999998,28.785076,25.09132275,29.25615125
2023-06-22 06:00:00,28.2,27.59431,26.4358888,28.7527312,25.982971,29.205649,25.51189575,29.67672425
2023-06-22 07:00:00,28.8,27.928955,26.7705338,29.087376199999998,26.317615999999997,29.540294,25.84654075,30.011369249999998
2023-06-22 08:00:00,29.7,29.170595,28.0121738,30.329016199999998,27.559255999999998,30.781934,27.08818075,31.253009249999998
2023-06-22 09:00:00,31.2,30.270002,29.111580800000002,31.4284232,28.658663,31.881341000000003,28.187587750000002,32.35241625
2023-06-22 10:00:00,32.8,31.974604,30.8161828,33.1330252,30.363265,33.585943,29.89218975,34.05701825
2023-06-22 11:00:00,34.0,32.972652,31.814230799999997,34.131073199999996,31.361312999999996,34.583991,30.890237749999997,35.055066249999996
2023-06-22 12:00:00,34.4,33.079243,31.9208218,34.2376642,31.467903999999997,34.690582,30.99682875,35.16165725
2023-06-22 13:00:00,34.2,32.33753,31.1791088,33.4959512,30.726191,33.948869,30.25511575,34.41994425
2023-06-22 14:00:00,33.1,32.1335,30.9750788,33.2919212,30.522160999999997,33.744839,30.05108575,34.21591425
2023-06-22 15:00:00,32.5,31.526243,30.3678218,32.6846642,29.914904,33.137582,29.44382875,33.60865725
2023-06-22 16:00:00,31.5,31.089542,29.931120800000002,32.2479632,29.478203,32.700881,29.007127750000002,33.17195625
2023-06-22 17:00:00,30.9,30.836845,29.6784238,31.9952662,29.225506,32.448184,28.75443075,32.919259249999996
2023-06-22 18:00:00,29.7,30.144245,28.985823800000002,31.3026662,28.532906,31.755584000000002,28.061830750000002,32.22665925
2023-06-22 19:00:00,29.5,29.538961,28.3805398,30.6973822,27.927622,31.1503,27.45654675,31.62137525
2023-06-22 20:00:00,29.4,29.308357,28.1499358,30.4667782,27.697018,30.919696000000002,27.22594275,31.39077125
2023-06-22 21:00:00,29.1,29.02644,27.8680188,30.1848612,27.415101,30.637779000000002,26.94402575,31.10885425
2023-06-22 22:00:00,28.7,28.628029,27.469607800000002,29.7864502,27.01669,30.239368000000002,26.545614750000002,30.71044325
2023-06-22 23:00:00,28.3,28.36428,27.2058588,29.5227012,26.752941,29.975619000000002,26.28186575,30.44669425
2023-06-23 00:00:00,28.0,28.20191,27.043488800000002,29.3603312,26.590571,29.813249000000003,26.119495750000002,30.28432425
2023-06-23 01:00:00,27.9,27.907585,26.7491638,29.0660062,26.296246,29.518924000000002,25.82517075,29.98999925
2023-06-23 02:00:00,27.9,27.680832,26.5224108,28.839253199999998,26.069492999999998,29.292171,25.59841775,29.763246249999998
2023-06-23 03:00:00,27.9,27.305752,26.1473308,28.464173199999998,25.694412999999997,28.917091,25.22333775,29.388166249999998
2023-06-23 04:00:00,27.7,27.00028,25.8418588,28.1587012,25.388941,28.611619,24.91786575,29.08269425
2023-06-23 05:00:00,28.4,27.350945,26.1925238,28.5093662,25.739606,28.962284,25.26853075,29.43335925
2023-06-23 06:00:00,28.6,27.928495,26.770073800000002,29.0869162,26.317156,29.539834000000003,25.846080750000002,30.01090925
2023-06-23 07:00:00,29.0,28.544943,27.3865218,29.7033642,26.933604,30.156282,26.46252875,30.62735725
2023-06-23 08:00:00,30.4,29.314451,28.1560298,30.472872199999998,27.703111999999997,30.92579,27.23203675,31.396865249999998
2023-06-23 09:00:00,32.0,30.531878,29.3734568,31.6902992,28.920538999999998,32.143217,28.44946375,32.61429225
2023-06-23 10:00:00,33.1,32.563255,31.4048338,33.7216762,30.951915999999997,34.174594,30.48084075,34.64566925
2023-06-23 11:00:00,33.9,33.305622,32.1472008,34.4640432,31.694283,34.916961,31.22320775,35.38803625
2023-06-23 12:00:00,34.0,33.44109,32.2826688,34.5995112,31.829751,35.052429000000004,31.358675750000003,35.52350425
2023-06-23 13:00:00,33.8,33.158386,31.9999648,34.3168072,31.547047,34.769725,31.07597175,35.24080025
2023-06-23 14:00:00,34.0,32.50243,31.344008799999997,33.660851199999996,30.891090999999996,34.113769,30.420015749999997,34.584844249999996
2023-06-23 15:00:00,33.6,32.04263,30.884208800000003,33.2010512,30.431291,33.653969000000004,29.960215750000003,34.12504425
2023-06-23 16:00:00,32.9,31.58802,30.4295988,32.7464412,29.976681,33.199359,29.50560575,33.67043425
2023-06-23 17:00:00,31.6,30.669027,29.5106058,31.8274482,29.057688,32.280366,28.58661275,32.75144125
2023-06-23 18:00:00,31.1,29.832607,28.6741858,30.9910282,28.221268,31.443946,27.75019275,31.91502125
2023-06-23 19:00:00,30.3,29.473785,28.3153638,30.6322062,27.862446,31.085124,27.39137075,31.55619925
2023-06-23 20:00:00,29.7,29.228842,28.0704208,30.3872632,27.617503,30.840181,27.14642775,31.31125625
2023-06-23 21:00:00,29.6,29.099075,27.9406538,30.2574962,27.487735999999998,30.710414,27.01666075,31.18148925
2023-06-23 22:00:00,29.2,28.679228,27.5208068,29.837649199999998,27.067888999999997,30.290567,26.59681375,30.761642249999998
2023-06-23 23:00:00,28.8,28.293055,27.1346338,29.4514762,26.681715999999998,29.904394,26.21064075,30.37546925
2023-06-24 00:00:00,28.7,28.040363,26.8819418,29.1987842,26.429024,29.651702,25.95794875,30.12277725
2023-06-24 01:00:00,28.5,27.75417,26.5957488,28.912591199999998,26.142830999999997,29.365509,25.67175575,29.836584249999998
2023-06-24 02:00:00,28.4,27.720053,26.5616318,28.8784742,26.108714,29.331392,25.63763875,29.80246725
2023-06-24 03:00:00,28.3,27.7933,26.6348788,28.951721199999998,26.181960999999998,29.404639,25.71088575,29.875714249999998
2023-06-24 04:00:00,28.4,27.64526,26.4868388,28.8036812,26.033921,29.256599,25.56284575,29.72767425
2023-06-24 05:00:00,28.7,28.236593,27.0781718,29.3950142,26.625253999999998,29.847932,26.15417875,30.31900725
2023-06-24 06:00:00,29.0,28.351507,27.193085800000002,29.5099282,26.740168,29.962846000000003,26.269092750000002,30.43392125
2023-06-24 07:00:00,30.0,28.962894,27.8044728,30.121315199999998,27.351554999999998,30.574233,26.88047975,31.045308249999998
2023-06-24 08:00:00,30.9,30.305986,29.1475648,31.4644072,28.694647,31.917325,28.22357175,32.38840025
2023-06-24 09:00:00,31.7,31.490526,30.3321048,32.648947199999995,29.879186999999998,33.101865,29.40811175,33.572940249999995
2023-06-24 10:00:00,32.2,32.755516,31.5970948,33.9139372,31.144177,34.366855,30.67310175,34.83793025
2023-06-24 11:00:00,33.2,33.35225,32.1938288,34.5106712,31.740910999999997,34.963589,31.26983575,35.43466425
2023-06-24 12:00:00,33.9,33.47376,32.3153388,34.6321812,31.862420999999998,35.085099,31.39134575,35.55617425
2023-06-24 13:00:00,34.1,33.672436,32.5140148,34.8308572,32.061097,35.283775,31.59002175,35.75485025
2023-06-24 14:00:00,33.6,33.190315,32.0318938,34.3487362,31.578975999999997,34.801654,31.10790075,35.27272925
2023-06-24 15:00:00,32.7,32.559555,31.401133800000004,33.7179762,30.948216000000002,34.170894000000004,30.477140750000004,34.64196925
2023-06-24 16:00:00,32.5,32.02469,30.8662688,33.1831112,30.413351,33.636029,29.94227575,34.10710425
2023-06-24 17:00:00,31.3,30.820635,29.6622138,31.9790562,29.209296,32.431974,28.73822075,32.903049249999995
2023-06-24 18:00:00,30.4,30.089808,28.931386800000002,31.2482292,28.478469,31.701147000000002,28.007393750000002,32.17222225
2023-06-24 19:00:00,29.8,29.993702,28.8352808,31.1521232,28.382362999999998,31.605041,27.91128775,32.07611625
2023-06-24 20:00:00,29.5,29.457432,28.2990108,30.6158532,27.846093,31.068771,27.37501775,31.53984625
2023-06-24 21:00:00,29.4,29.294544,28.1361228,30.452965199999998,27.683204999999997,30.905883,27.21212975,31.376958249999998
2023-06-24 22:00:00,29.3,28.977762,27.8193408,30.136183199999998,27.366422999999998,30.589101,26.89534775,31.060176249999998
2023-06-24 23:00:00,29.2,28.538181,27.379759800000002,29.6966022,26.926842,30.149520000000003,26.455766750000002,30.62059525
2023-06-25 00:00:00,29.2,28.303034,27.1446128,29.4614552,26.691695,29.914373,26.22061975,30.38544825
2023-06-25 01:00:00,28.9,28.37482,27.2163988,29.5332412,26.763481,29.986159,26.29240575,30.45723425
2023-06-25 02:00:00,28.5,28.430792,27.2723708,29.5892132,26.819453,30.042131,26.34837775,30.51320625
2023-06-25 03:00:00,28.2,28.274195,27.1157738,29.4326162,26.662855999999998,29.885534,26.19178075,30.356609249999998
2023-06-25 04:00:00,27.9,28.232424,27.074002800000002,29.3908452,26.621085,29.843763000000003,26.150009750000002,30.31483825
2023-06-25 05:00:00,28.2,28.354082,27.1956608,29.512503199999998,26.742742999999997,29.965421,26.27166775,30.436496249999998
2023-06-25 06:00:00,28.6,28.776407,27.6179858,29.9348282,27.165067999999998,30.387746,26.69399275,30.85882125
2023-06-25 07:00:00,29.8,29.635134,28.4767128,30.7935552,28.023795,31.246473,27.55271975,31.71754825
2023-06-25 08:00:00,30.3,30.861744,29.703322800000002,32.0201652,29.250405,32.473083,28.779329750000002,32.94415825
2023-06-25 09:00:00,31.4,32.139767,30.9813458,33.2981882,30.528427999999998,33.751106,30.05735275,34.22218125
2023-06-25 10:00:00,32.5,32.374256,31.215834800000003,33.5326772,30.762917,33.985595,30.291841750000003,34.45667025
2023-06-25 11:00:00,33.8,33.61349,32.4550688,34.7719112,32.002151,35.224829,31.53107575,35.69590425
2023-06-25 12:00:00,34.5,33.912975,32.754553800000004,35.0713962,32.301636,35.524314000000004,31.830560750000004,35.99538925
2023-06-25 13:00:00,34.9,33.885395,32.7269738,35.0438162,32.274056,35.496734000000004,31.802980750000003,35.96780925
2023-06-25 14:00:00,34.8,33.40738,32.248958800000004,34.5658012,31.796041000000002,35.018719000000004,31.324965750000004,35.48979425
2023-06-25 15:00:00,33.8,32.986923,31.828501799999998,34.1453442,31.375583999999996,34.598262,30.904508749999998,35.06933725
2023-06-25 16:00:00,31.3,32.335278,31.176856800000003,33.4936992,30.723939,33.946617,30.252863750000003,34.41769225
2023-06-25 17:00:00,33.0,31.36219,30.2037688,32.5206112,29.750850999999997,32.973529,29.27977575,33.44460425
2023-06-25 18:00:00,29.3,30.24262,29.0841988,31.401041199999998,28.631280999999998,31.853959,28.16020575,32.325034249999995
2023-06-25 19:00:00,27.9,29.817976,28.659554800000002,30.9763972,28.206637,31.429315000000003,27.735561750000002,31.90039025
2023-06-25 20:00:00,28.0,29.542278,28.3838568,30.7006992,27.930939,31.153617,27.45986375,31.62469225
2023-06-25 21:00:00,28.2,29.331509,28.1730878,30.4899302,27.72017,30.942848,27.24909475,31.41392325
2023-06-25 22:00:00,28.5,29.170218,28.0117968,30.328639199999998,27.558878999999997,30.781557,27.08780375,31.252632249999998
2023-06-25 23:00:00,28.6,29.058544,27.900122800000002,30.2169652,27.447205,30.669883000000002,26.976129750000002,31.14095825
2023-06-26 00:00:00,28.6,28.944601,27.7861798,30.103022199999998,27.333261999999998,30.55594,26.86218675,31.027015249999998
2023-06-26 01:00:00,28.5,28.877218,27.7187968,30.0356392,27.265878999999998,30.488557,26.79480375,30.95963225
2023-06-26 02:00:00,28.2,28.524242,27.3658208,29.6826632,26.912903,30.135581000000002,26.44182775,30.60665625
2023-06-26 03:00:00,28.0,28.148382,26.989960800000002,29.3068032,26.537043,29.759721000000003,26.065967750000002,30.23079625
2023-06-26 04:00:00,27.7,27.815687,26.6572658,28.9741082,26.204348,29.427026,25.73327275,29.89810125
2023-06-26 05:00:00,28.4,27.9818,26.8233788,29.1402212,26.370461,29.593139,25.89938575,30.06421425
2023-06-26 06:00:00,28.8,28.390673,27.2322518,29.5490942,26.779334,30.002012,26.30825875,30.47308725
2023-06-26 07:00:00,30.0,29.313131,28.1547098,30.471552199999998,27.701791999999998,30.92447,27.23071675,31.395545249999998
2023-06-26 08:00:00,31.2,29.9173,28.7588788,31.0757212,28.305961,31.528639000000002,27.83488575,31.99971425
2023-06-26 09:00:00,32.3,31.145533,29.9871118,32.3039542,29.534194,32.756872,29.06311875,33.22794725
2023-06-26 10:00:00,33.6,31.958248,30.7998268,33.1166692,30.346909,33.569587,29.87583375,34.04066225
2023-06-26 11:00:00,34.6,33.15884,32.0004188,34.3172612,31.547500999999997,34.770179,31.07642575,35.24125425
2023-06-26 12:00:00,35.7,33.853554,32.6951328,35.0119752,32.242215,35.464893000000004,31.771139750000003,35.93596825
2023-06-26 13:00:00,36.0,34.394154,33.2357328,35.5525752,32.782815,36.005493,32.31173975,36.47656825
2023-06-26 14:00:00,36.0,34.131462,32.9730408,35.2898832,32.520123,35.742801,32.04904775,36.21387625
2023-06-26 15:00:00,34.7,33.63849,32.4800688,34.7969112,32.027150999999996,35.249829,31.556075749999998,35.72090425
2023-06-26 16:00:00,33.2,32.295856,31.1374348,33.4542772,30.684517,33.907195,30.21344175,34.37827025
2023-06-26 17:00:00,33.0,31.567316,30.408894800000002,32.7257372,29.955977,33.178655,29.484901750000002,33.64973025
2023-06-26 18:00:00,31.3,30.643396,29.4849748,31.8018172,29.032057,32.254735,28.56098175,32.725810249999995
2023-06-26 19:00:00,30.4,29.07274,27.9143188,30.2311612,27.461401,30.684079,26.99032575,31.15515425
2023-06-26 20:00:00,29.8,28.80194,27.6435188,29.960361199999998,27.190600999999997,30.413279,26.71952575,30.884354249999998
2023-06-26 21:00:00,29.7,28.58912,27.430698800000002,29.7475412,26.977781,30.200459000000002,26.506705750000002,30.67153425
2023-06-26 22:00:00,29.5,28.655136,27.4967148,29.813557199999998,27.043796999999998,30.266475,26.57272175,30.737550249999998
2023-06-26 23:00:00,29.2,28.556835,27.3984138,29.7152562,26.945496,30.168174,26.47442075,30.63924925
2023-06-27 00:00:00,28.8,28.347456,27.1890348,29.5058772,26.736117,29.958795000000002,26.26504175,30.42987025
2023-06-27 01:00:00,28.4,28.179743,27.0213218,29.338164199999998,26.568403999999997,29.791082,26.09732875,30.262157249999998
2023-06-27 02:00:00,28.0,27.897154,26.7387328,29.0555752,26.285815,29.508493,25.81473975,29.97956825
2023-06-27 03:00:00,27.9,27.718674,26.5602528,28.8770952,26.107335,29.330013,25.63625975,29.80108825
2023-06-27 04:00:00,27.7,27.571798,26.4133768,28.7302192,25.960459,29.183137000000002,25.489383750000002,29.65421225
2023-06-27 05:00:00,28.9,28.043825,26.8854038,29.202246199999998,26.432485999999997,29.655164,25.96141075,30.126239249999998
2023-06-27 06:00:00,28.8,28.436375,27.277953800000002,29.5947962,26.825036,30.047714000000003,26.353960750000002,30.51878925
2023-06-27 07:00:00,29.8,29.755724,28.5973028,30.9141452,28.144385,31.367063,27.67330975,31.83813825
2023-06-27 08:00:00,31.3,30.636858,29.4784368,31.7952792,29.025519,32.248197,28.55444375,32.719272249999996
2023-06-27 09:00:00,32.7,32.092484,30.9340628,33.2509052,30.481144999999998,33.703823,30.01006975,34.17489825
2023-06-27 10:00:00,33.9,33.296486,32.1380648,34.4549072,31.685147,34.907825,31.214071750000002,35.37890025
2023-06-27 11:00:00,35.2,34.041725,32.8833038,35.2001462,32.430386,35.653064,31.95931075,36.12413925
2023-06-27 12:00:00,35.7,34.898624,33.7402028,36.0570452,33.287285,36.509963,32.81620975,36.98103825
2023-06-27 13:00:00,35.7,34.823624,33.6652028,35.9820452,33.212285,36.434963,32.74120975,36.90603825
2023-06-27 14:00:00,35.1,34.19973,33.0413088,35.3581512,32.588391,35.811069,32.11731575,36.28214425
2023-06-27 15:00:00,34.0,33.558743,32.4003218,34.7171642,31.947404,35.170082,31.47632875,35.64115725
2023-06-27 16:00:00,31.6,32.793324,31.6349028,33.9517452,31.181984999999997,34.404663,30.71090975,34.87573825
2023-06-27 17:00:00,30.7,32.167847,31.009425800000002,33.3262682,30.556508,33.779186,30.085432750000002,34.25026125
2023-06-27 18:00:00,30.3,31.02798,29.8695588,32.1864012,29.416641,32.639319,28.94556575,33.11039425
2023-06-27 19:00:00,29.5,30.177362,29.0189408,31.335783199999998,28.566022999999998,31.788701,28.09494775,32.259776249999994
2023-06-27 20:00:00,29.2,29.660856,28.5024348,30.8192772,28.049516999999998,31.272195,27.57844175,31.74327025
2023-06-27 21:00:00,29.2,29.360117,28.2016958,30.5185382,27.748777999999998,30.971456,27.27770275,31.44253125
2023-06-27 22:00:00,29.2,29.276335,28.1179138,30.4347562,27.664996,30.887674,27.19392075,31.35874925
2023-06-27 23:00:00,29.0,29.113113,27.9546918,30.271534199999998,27.501773999999997,30.724452,27.03069875,31.195527249999998
2023-06-28 00:00:00,28.8,28.552902,27.3944808,29.7113232,26.941563,30.164241,26.47048775,30.63531625
2023-06-28 01:00:00,28.4,28.253677,27.0952558,29.4120982,26.642338,29.865016,26.17126275,30.33609125
2023-06-28 02:00:00,28.1,27.87543,26.717008800000002,29.0338512,26.264091,29.486769000000002,25.793015750000002,29.95784425
2023-06-28 03:00:00,27.8,27.831333,26.6729118,28.9897542,26.219994,29.442672,25.74891875,29.91374725
2023-06-28 04:00:00,27.5,27.789375,26.6309538,28.9477962,26.178036,29.400714,25.70696075,29.87178925
2023-06-28 05:00:00,28.3,28.51123,27.352808800000002,29.6696512,26.899891,30.122569000000002,26.428815750000002,30.59364425
2023-06-28 06:00:00,28.8,28.56898,27.4105588,29.7274012,26.957641,30.180319,26.48656575,30.65139425
2023-06-28 07:00:00,30.2,29.691372,28.532950800000002,30.8497932,28.080033,31.302711000000002,27.608957750000002,31.77378625
2023-06-28 08:00:00,31.9,31.168,30.0095788,32.3264212,29.556661,32.779339,29.08558575,33.25041425
2023-06-28 09:00:00,33.2,32.774265,31.6158438,33.9326862,31.162926,34.385604,30.69185075,34.85667925
2023-06-28 10:00:00,34.3,33.972538,32.8141168,35.1309592,32.361199,35.583877,31.89012375,36.05495225
2023-06-28 11:00:00,35.5,35.039536,33.8811148,36.1979572,33.428197,36.650875,32.95712175,37.12195025
2023-06-28 12:00:00,36.1,35.94024,34.7818188,37.0986612,34.328901,37.551579000000004,33.85782575,38.02265425
2023-06-28 13:00:00,36.0,35.13209,33.9736688,36.2905112,33.520751,36.743429,33.04967575,37.21450425
2023-06-28 14:00:00,36.2,34.77159,33.613168800000004,35.9300112,33.160251,36.382929000000004,32.689175750000004,36.85400425
2023-06-28 15:00:00,34.9,33.529057,32.3706358,34.6874782,31.917718,35.140396,31.446642750000002,35.61147125
2023-06-28 16:00:00,34.0,32.35513,31.196708800000003,33.5135512,30.743791,33.966469000000004,30.272715750000003,34.43754425
2023-06-28 17:00:00,29.8,31.279518,30.1210968,32.437939199999995,29.668179,32.890857,29.19710375,33.361932249999995
2023-06-28 18:00:00,29.1,30.340092,29.1816708,31.498513199999998,28.728752999999998,31.951431,28.25767775,32.42250625
2023-06-28 19:00:00,28.9,29.86486,28.7064388,31.0232812,28.253521,31.476199,27.78244575,31.94727425
2023-06-28 20:00:00,29.1,29.552137,28.3937158,30.710558199999998,27.940797999999997,31.163476,27.46972275,31.634551249999998
2023-06-28 21:00:00,29.0,29.432697,28.2742758,30.5911182,27.821358,31.044036000000002,27.35028275,31.51511125
2023-06-28 22:00:00,28.9,29.337889,28.1794678,30.4963102,27.72655,30.949228,27.25547475,31.42030325
2023-06-28 23:00:00,29.1,29.176188,28.0177668,30.3346092,27.564849,30.787527,27.09377375,31.25860225
2023-06-29 00:00:00,29.0,28.866913,27.7084918,30.0253342,27.255574,30.478252,26.78449875,30.94932725
2023-06-29 01:00:00,28.7,28.43707,27.2786488,29.595491199999998,26.825730999999998,30.048409,26.35465575,30.519484249999998
2023-06-29 02:00:00,28.9,28.191751,27.0333298,29.3501722,26.580412,29.80309,26.10933675,30.27416525
2023-06-29 03:00:00,28.7,27.969276,26.8108548,29.1276972,26.357937,29.580615,25.88686175,30.05169025
2023-06-29 04:00:00,28.5,27.68644,26.5280188,28.8448612,26.075101,29.297779000000002,25.60402575,29.76885425
2023-06-29 05:00:00,26.8,28.556438,27.3980168,29.7148592,26.945099,30.167777,26.47402375,30.63885225
2023-06-29 06:00:00,27.3,28.769236,27.6108148,29.9276572,27.157897,30.380575,26.68682175,30.85165025
2023-06-29 07:00:00,28.8,29.952879,28.7944578,31.1113002,28.34154,31.564218,27.87046475,32.035293249999995
2023-06-29 08:00:00,30.6,31.772207,30.613785800000002,32.9306282,30.160868,33.383546,29.689792750000002,33.85462125
2023-06-29 09:00:00,32.0,33.467926,32.3095048,34.6263472,31.856586999999998,35.079265,31.38551175,35.55034025
2023-06-29 10:00:00,33.3,34.599243,33.4408218,35.7576642,32.987904,36.210582,32.51682875,36.68165725
2023-06-29 11:00:00,34.6,35.30625,34.1478288,36.4646712,33.694911,36.917589,33.22383575,37.38866425
2023-06-29 12:00:00,35.5,35.315437,34.1570158,36.4738582,33.704098,36.926776000000004,33.23302275,37.39785125
2023-06-29 13:00:00,36.0,35.38376,34.2253388,36.5421812,33.772421,36.995099,33.30134575,37.46617425
2023-06-29 14:00:00,36.3,34.533623,33.3752018,35.6920442,32.922284,36.144962,32.45120875,36.61603725
2023-06-29 15:00:00,36.0,33.67341,32.5149888,34.831831199999996,32.062070999999996,35.284749,31.590995749999998,35.755824249999996
2023-06-29 16:00:00,35.1,32.92645,31.768028800000003,34.0848712,31.315111,34.537789000000004,30.844035750000003,35.00886425
2023-06-29 17:00:00,32.8,30.788607,29.6301858,31.9470282,29.177267999999998,32.399946,28.70619275,32.87102125
2023-06-29 18:00:00,30.8,30.160177,29.0017558,31.3185982,28.548838,31.771516000000002,28.07776275,32.24259125
2023-06-29 19:00:00,30.6,29.57849,28.4200688,30.736911199999998,27.967150999999998,31.189829,27.49607575,31.660904249999998
2023-06-29 20:00:00,30.0,29.434574,28.276152800000002,30.5929952,27.823235,31.045913000000002,27.352159750000002,31.51698825
2023-06-29 21:00:00,29.5,29.245697,28.0872758,30.4041182,27.634358,30.857036,27.16328275,31.32811125
2023-06-29 22:00:00,29.6,29.12284,27.9644188,30.2812612,27.511501,30.734179,27.04042575,31.20525425
2023-06-29 23:00:00,29.1,29.169846,28.0114248,30.3282672,27.558507,30.781185,27.08743175,31.25226025
2023-06-30 00:00:00,28.7,28.924402,27.7659808,30.0828232,27.313063,30.535741,26.84198775,31.00681625
2023-06-30 01:00:00,28.6,28.485317,27.3268958,29.643738199999998,26.873977999999997,30.096656,26.40290275,30.567731249999998
2023-06-30 02:00:00,28.5,28.369389,27.210967800000002,29.5278102,26.75805,29.980728000000003,26.286974750000002,30.45180325
2023-06-30 03:00:00,28.6,28.249317,27.090895800000002,29.4077382,26.637978,29.860656000000002,26.166902750000002,30.33173125
2023-06-30 04:00:00,28.6,28.08946,26.9310388,29.2478812,26.478120999999998,29.700799,26.00704575,30.17187425
2023-06-30 05:00:00,28.5,27.536236,26.3778148,28.694657199999998,25.924896999999998,29.147575,25.45382175,29.618650249999998
2023-06-30 06:00:00,28.3,28.184492,27.0260708,29.342913199999998,26.573152999999998,29.795831,26.10207775,30.266906249999998
2023-06-30 07:00:00,30.1,29.387087,28.2286658,30.5455082,27.775748,30.998426000000002,27.30467275,31.46950125
2023-06-30 08:00:00,31.4,31.127724,29.9693028,32.2861452,29.516385,32.739063,29.04530975,33.21013825
2023-06-30 09:00:00,32.4,32.33685,31.1784288,33.4952712,30.725510999999997,33.948189,30.25443575,34.41926425
2023-06-30 10:00:00,32.3,33.594074,32.4356528,34.7524952,31.982734999999998,35.205413,31.51165975,35.67648825
2023-06-30 11:00:00,33.8,34.992744,33.8343228,36.1511652,33.381405,36.604083,32.91032975,37.07515825
2023-06-30 12:00:00,34.6,35.503647,34.3452258,36.6620682,33.892308,37.114986,33.42123275,37.58606125
2023-06-30 13:00:00,34.8,35.191425,34.0330038,36.3498462,33.580086,36.802764,33.10901075,37.27383925
2023-06-30 14:00:00,34.9,34.75994,33.6015188,35.9183612,33.148601,36.371279,32.67752575,36.84235425
2023-06-30 15:00:00,34.8,33.71101,32.5525888,34.8694312,32.099671,35.322349,31.628595750000002,35.79342425
2023-06-30 16:00:00,34.1,33.440186,32.2817648,34.5986072,31.828846999999996,35.051525,31.357771749999998,35.522600249999996
2023-06-30 17:00:00,29.4,32.125614,30.9671928,33.2840352,30.514274999999998,33.736953,30.04319975,34.20802825
2023-06-30 18:00:00,29.9,30.684076,29.5256548,31.8424972,29.072737,32.295415,28.60166175,32.76649025
2023-06-30 19:00:00,29.5,30.20793,29.0495088,31.3663512,28.596591,31.819269000000002,28.12551575,32.29034425
2023-06-30 20:00:00,28.8,29.869568,28.7111468,31.0279892,28.258229,31.480907000000002,27.78715375,31.95198225
2023-06-30 21:00:00,28.5,29.536867,28.3784458,30.6952882,27.925528,31.148206000000002,27.45445275,31.61928125
2023-06-30 22:00:00,28.8,29.55094,28.3925188,30.7093612,27.939601,31.162279,27.46852575,31.63335425
2023-06-30 23:00:00,28.9,29.324694,28.1662728,30.4831152,27.713355,30.936033000000002,27.24227975,31.40710825
2023-07-01 00:00:00,28.8,28.723387,27.5649658,29.8818082,27.112047999999998,30.334726,26.64097275,30.80580125
2023-07-01 01:00:00,27.6,28.425558,27.2671368,29.583979199999998,26.814218999999998,30.036897,26.34314375,30.507972249999998
2023-07-01 02:00:00,27.3,28.484238,27.325816800000002,29.6426592,26.872899,30.095577000000002,26.401823750000002,30.56665225
2023-07-01 03:00:00,26.6,28.245474,27.087052800000002,29.4038952,26.634135,29.856813000000002,26.163059750000002,30.32788825
2023-07-01 04:00:00,26.5,27.997505,26.8390838,29.1559262,26.386166,29.608844,25.91509075,30.07991925
2023-07-01 05:00:00,27.5,27.933403,26.7749818,29.091824199999998,26.322063999999997,29.544742,25.85098875,30.015817249999998
2023-07-01 06:00:00,28.2,28.05557,26.8971488,29.2139912,26.444231,29.666909,25.97315575,30.13798425
2023-07-01 07:00:00,28.5,29.277296,28.1188748,30.4357172,27.665957,30.888635,27.19488175,31.35971025
2023-07-01 08:00:00,29.0,30.91252,29.7540988,32.0709412,29.301181,32.523859,28.83010575,32.99493425
2023-07-01 09:00:00,29.7,32.089657,30.931235800000003,33.2480782,30.478318,33.700996,30.007242750000003,34.17207125
2023-07-01 10:00:00,30.5,32.661972,31.5035508,33.8203932,31.050632999999998,34.273311,30.57955775,34.74438625
2023-07-01 11:00:00,31.6,33.662174,32.5037528,34.8205952,32.050835,35.273513,31.57975975,35.74458825
2023-07-01 12:00:00,33.3,34.37365,33.2152288,35.5320712,32.762311,35.984989,32.29123575,36.45606425
2023-07-01 13:00:00,33.5,34.03449,32.8760688,35.1929112,32.423151,35.645829,31.95207575,36.11690425
2023-07-01 14:00:00,32.9,34.328106,33.1696848,35.4865272,32.716767,35.939445,32.24569175,36.41052025
2023-07-01 15:00:00,32.0,33.672985,32.5145638,34.831406199999996,32.061645999999996,35.284324,31.590570749999998,35.755399249999996
2023-07-01 16:00:00,31.3,32.88409,31.7256688,34.0425112,31.272751,34.495429,30.80167575,34.96650425
2023-07-01 17:00:00,27.7,32.085087,30.926665800000002,33.2435082,30.473748,33.696426,30.002672750000002,34.16750125
2023-07-01 18:00:00,27.9,30.034878,28.8764568,31.1932992,28.423538999999998,31.646217,27.95246375,32.11729225
2023-07-01 19:00:00,27.6,29.711227,28.5528058,30.8696482,28.099888,31.322566000000002,27.62881275,31.79364125
2023-07-01 20:00:00,27.4,29.156988,27.9985668,30.315409199999998,27.545648999999997,30.768327,27.07457375,31.239402249999998
2023-07-01 21:00:00,27.4,28.98758,27.829158800000002,30.1460012,27.376241,30.598919000000002,26.905165750000002,31.06999425
2023-07-01 22:00:00,27.3,28.97151,27.8130888,30.129931199999998,27.360170999999998,30.582849,26.88909575,31.053924249999998
2023-07-01 23:00:00,27.2,28.682783,27.5243618,29.8412042,27.071444,30.294122,26.60036875,30.76519725
2023-07-02 00:00:00,27.2,28.179592,27.0211708,29.3380132,26.568253,29.790931,26.09717775,30.26200625
2023-07-02 01:00:00,26.7,27.837084,26.6786628,28.9955052,26.225745,29.448423000000002,25.75466975,29.91949825
2023-07-02 02:00:00,26.0,27.699373,26.540951800000002,28.8577942,26.088034,29.310712000000002,25.616958750000002,29.78178725
2023-07-02 03:00:00,25.4,26.101383,24.9429618,27.259804199999998,24.490043999999997,27.712722,24.01896875,28.183797249999998
2023-07-02 04:00:00,25.6,26.442186,25.2837648,27.6006072,24.830847,28.053525,24.35977175,28.52460025
2023-07-02 05:00:00,26.3,27.346334,26.1879128,28.504755199999998,25.734994999999998,28.957673,25.26391975,29.428748249999998
2023-07-02 06:00:00,26.2,27.750017,26.5915958,28.9084382,26.138678,29.361356,25.66760275,29.83243125
2023-07-02 07:00:00,26.6,28.489628,27.3312068,29.6480492,26.878289,30.100967,26.40721375,30.57204225
2023-07-02 08:00:00,26.8,29.644268,28.4858468,30.8026892,28.032929,31.255607,27.56185375,31.72668225
2023-07-02 09:00:00,28.2,30.67023,29.5118088,31.8286512,29.058891,32.281569,28.58781575,32.752644249999996
2023-07-02 10:00:00,30.7,30.7865,29.6280788,31.9449212,29.175161,32.397839,28.70408575,32.868914249999996
2023-07-02 11:00:00,32.1,31.851984,30.693562800000002,33.0104052,30.240645,33.463323,29.769569750000002,33.93439825
2023-07-02 12:00:00,32.9,33.018078,31.859656800000003,34.1764992,31.406739,34.629417000000004,30.935663750000003,35.10049225
2023-07-02 13:00:00,33.2,33.10899,31.9505688,34.2674112,31.497650999999998,34.720329,31.02657575,35.19140425
2023-07-02 14:00:00,33.0,32.732246,31.573824800000004,33.8906672,31.120907000000003,34.343585000000004,30.649831750000004,34.81466025
2023-07-02 15:00:00,32.8,31.582159,30.4237378,32.7405802,29.97082,33.193498,29.49974475,33.66457325
2023-07-02 16:00:00,30.3,31.059658,29.9012368,32.2180792,29.448318999999998,32.670997,28.97724375,33.14207225
2023-07-02 17:00:00,28.4,29.341038,28.1826168,30.4994592,27.729699,30.952377000000002,27.25862375,31.42345225
2023-07-02 18:00:00,27.7,28.907671,27.7492498,30.0660922,27.296332,30.51901,26.82525675,30.99008525
2023-07-02 19:00:00,27.6,28.554247,27.3958258,29.7126682,26.942908,30.165586,26.47183275,30.63666125
2023-07-02 20:00:00,27.4,28.081953,26.9235318,29.240374199999998,26.470613999999998,29.693292,25.99953875,30.164367249999998
2023-07-02 21:00:00,26.9,27.734941,26.5765198,28.8933622,26.123601999999998,29.34628,25.65252675,29.81735525
2023-07-02 22:00:00,26.9,27.862928,26.7045068,29.0213492,26.251589,29.474267,25.78051375,29.94534225
2023-07-02 23:00:00,26.7,27.652992,26.4945708,28.8114132,26.041653,29.264331000000002,25.57057775,29.73540625
2023-07-03 00:00:00,26.7,27.544348,26.3859268,28.7027692,25.933009,29.155687,25.46193375,29.62676225
2023-07-03 01:00:00,26.9,27.065649,25.9072278,28.2240702,25.45431,28.676988,24.98323475,29.14806325
2023-07-03 02:00:00,27.0,26.790024,25.6316028,27.9484452,25.178684999999998,28.401363,24.70760975,28.87243825
2023-07-03 03:00:00,27.0,26.176273,25.0178518,27.334694199999998,24.564933999999997,27.787612,24.09385875,28.258687249999998
2023-07-03 04:00:00,27.0,26.176853,25.018431800000002,27.3352742,24.565514,27.788192000000002,24.094438750000002,28.25926725
2023-07-03 05:00:00,27.3,26.37716,25.2187388,27.5355812,24.765821,27.988499,24.29474575,28.45957425
2023-07-03 06:00:00,27.0,26.680525,25.5221038,27.8389462,25.069186,28.291864,24.59811075,28.76293925
2023-07-03 07:00:00,27.4,27.370798,26.2123768,28.5292192,25.759459,28.982137,25.28838375,29.45321225
2023-07-03 08:00:00,27.9,27.976795,26.8183738,29.1352162,26.365456,29.588134,25.89438075,30.05920925
2023-07-03 09:00:00,28.9,29.455524,28.2971028,30.6139452,27.844185,31.066863,27.37310975,31.53793825
2023-07-03 10:00:00,30.3,30.119944,28.9615228,31.2783652,28.508605,31.731283,28.03752975,32.202358249999996
2023-07-03 11:00:00,31.5,31.264837,30.1064158,32.4232582,29.653498,32.876176,29.18242275,33.34725125
2023-07-03 12:00:00,32.2,32.374466,31.2160448,33.5328872,30.763126999999997,33.985805,30.29205175,34.45688025
2023-07-03 13:00:00,30.9,32.235928,31.077506800000002,33.3943492,30.624589,33.847267,30.153513750000002,34.31834225
2023-07-03 14:00:00,31.4,31.593105,30.434683800000002,32.7515262,29.981766,33.204444,29.510690750000002,33.67551925
2023-07-03 15:00:00,30.8,31.3264,30.1679788,32.4848212,29.715061,32.937739,29.24398575,33.40881425
2023-07-03 16:00:00,30.1,31.484459,30.3260378,32.6428802,29.87312,33.095798,29.40204475,33.56687325
2023-07-03 17:00:00,27.9,29.324995,28.166573800000002,30.4834162,27.713656,30.936334000000002,27.242580750000002,31.40740925
2023-07-03 18:00:00,27.2,28.542263,27.3838418,29.700684199999998,26.930923999999997,30.153602,26.45984875,30.624677249999998
2023-07-03 19:00:00,26.9,28.280148,27.1217268,29.4385692,26.668809,29.891487,26.19773375,30.36256225
2023-07-03 20:00:00,26.7,28.082611,26.9241898,29.2410322,26.471272,29.69395,26.00019675,30.16502525
2023-07-03 21:00:00,26.5,27.832901,26.6744798,28.9913222,26.221562,29.44424,25.75048675,29.91531525
2023-07-03 22:00:00,26.4,27.515194,26.3567728,28.6736152,25.903855,29.126533000000002,25.43277975,29.59760825
2023-07-03 23:00:00,26.2,27.132826,25.974404800000002,28.2912472,25.521487,28.744165000000002,25.050411750000002,29.21524025
2023-07-04 00:00:00,26.3,27.188047,26.0296258,28.3464682,25.576708,28.799386000000002,25.10563275,29.27046125
2023-07-04 01:00:00,26.3,27.214317,26.055895800000002,28.3727382,25.602978,28.825656000000002,25.131902750000002,29.29673125
2023-07-04 02:00:00,26.0,27.130402,25.9719808,28.2888232,25.519063,28.741741,25.04798775,29.21281625
2023-07-04 03:00:00,25.8,27.113916,25.9554948,28.2723372,25.502577,28.725255,25.03150175,29.19633025
2023-07-04 04:00:00,25.8,27.008896,25.8504748,28.1673172,25.397557,28.620235,24.92648175,29.09131025
2023-07-04 05:00:00,26.2,27.181395,26.0229738,28.339816199999998,25.570055999999997,28.792734,25.09898075,29.263809249999998
2023-07-04 06:00:00,26.5,27.110472,25.952050800000002,28.2688932,25.499133,28.721811000000002,25.028057750000002,29.19288625
2023-07-04 07:00:00,27.4,27.560337,26.4019158,28.7187582,25.948998,29.171676,25.47792275,29.64275125
2023-07-04 08:00:00,28.6,28.01751,26.859088800000002,29.1759312,26.406171,29.628849000000002,25.935095750000002,30.09992425
2023-07-04 09:00:00,30.0,29.148325,27.9899038,30.3067462,27.536986,30.759664,27.06591075,31.23073925
2023-07-04 10:00:00,31.9,30.696321,29.5378998,31.8547422,29.084982,32.30766,28.61390675,32.77873525
2023-07-04 11:00:00,33.4,31.449938,30.2915168,32.608359199999995,29.838599,33.061277,29.36752375,33.532352249999995
2023-07-04 12:00:00,33.2,31.65417,30.4957488,32.8125912,30.042831,33.265509,29.57175575,33.73658425
2023-07-04 13:00:00,34.2,32.04924,30.890818799999998,33.2076612,30.437900999999997,33.660579,29.966825749999998,34.13165425
2023-07-04 14:00:00,31.2,31.410038,30.2516168,32.5684592,29.798699,33.021377,29.32762375,33.49245225
2023-07-04 15:00:00,30.7,31.027264,29.8688428,32.185685199999995,29.415924999999998,32.638602999999996,28.94484975,33.109678249999995
2023-07-04 16:00:00,29.7,30.426537,29.2681158,31.5849582,28.815198,32.037876,28.34412275,32.508951249999996
2023-07-04 17:00:00,30.4,29.270689,28.1122678,30.4291102,27.65935,30.882028000000002,27.18827475,31.35310325
2023-07-04 18:00:00,27.0,28.29708,27.1386588,29.4555012,26.685741,29.908419000000002,26.21466575,30.37949425
2023-07-04 19:00:00,26.8,28.219658,27.0612368,29.3780792,26.608318999999998,29.830997,26.13724375,30.30207225
2023-07-04 20:00:00,26.6,27.78285,26.6244288,28.9412712,26.171511,29.394189,25.70043575,29.86526425
2023-07-04 21:00:00,26.7,27.611032,26.452610800000002,28.7694532,25.999693,29.222371000000003,25.528617750000002,29.69344625
2023-07-04 22:00:00,26.9,27.389008,26.2305868,28.5474292,25.777669,29.000347,25.30659375,29.47142225
2023-07-04 23:00:00,27.0,27.00871,25.8502888,28.1671312,25.397371,28.620049,24.92629575,29.09112425
2023-07-05 00:00:00,27.1,26.696527,25.5381058,27.8549482,25.085188,28.307866,24.61411275,28.77894125
2023-07-05 01:00:00,27.1,26.785515,25.6270938,27.9439362,25.174176,28.396854,24.70310075,28.86792925
2023-07-05 02:00:00,27.2,26.79376,25.6353388,27.9521812,25.182420999999998,28.405099,24.71134575,28.87617425
2023-07-05 03:00:00,27.3,26.721727,25.563305800000002,27.8801482,25.110388,28.333066000000002,24.639312750000002,28.80414125
2023-07-05 04:00:00,27.3,26.687315,25.528893800000002,27.8457362,25.075976,28.298654000000003,24.604900750000002,28.76972925
2023-07-05 05:00:00,28.2,26.805305,25.6468838,27.9637262,25.193966,28.416644,24.72289075,28.88771925
2023-07-05 06:00:00,27.8,26.894892,25.7364708,28.053313199999998,25.283552999999998,28.506231,24.81247775,28.977306249999998
2023-07-05 07:00:00,28.0,27.752716,26.5942948,28.9111372,26.141377,29.364055,25.67030175,29.83513025
2023-07-05 08:00:00,28.6,28.780096,27.6216748,29.9385172,27.168757,30.391435,26.69768175,30.86251025
2023-07-05 09:00:00,29.0,29.929203,28.7707818,31.0876242,28.317864,31.540542000000002,27.84678875,32.01161725
2023-07-05 10:00:00,29.5,31.333885,30.1754638,32.492306199999994,29.722545999999998,32.945223999999996,29.25147075,33.416299249999994
2023-07-05 11:00:00,30.0,33.048958,31.8905368,34.2073792,31.437618999999998,34.660297,30.96654375,35.13137225
2023-07-05 12:00:00,30.8,33.657593,32.4991718,34.8160142,32.046254,35.268932,31.57517875,35.74000725
2023-07-05 13:00:00,31.5,33.877663,32.7192418,35.0360842,32.266324,35.489002,31.79524875,35.96007725
2023-07-05 14:00:00,31.9,33.072712,31.914290800000003,34.2311332,31.461373000000002,34.684051000000004,30.990297750000003,35.15512625
2023-07-05 15:00:00,31.8,30.267187,29.1087658,31.4256082,28.655848,31.878526,28.18477275,32.34960125
2023-07-05 16:00:00,31.3,29.748154,28.5897328,30.9065752,28.136815,31.359493,27.66573975,31.83056825
2023-07-05 17:00:00,30.3,30.089083,28.9306618,31.247504199999998,28.477743999999998,31.700422,28.00666875,32.171497249999994
2023-07-05 18:00:00,29.5,28.93693,27.7785088,30.0953512,27.325591,30.548269,26.85451575,31.01934425
2023-07-05 19:00:00,29.3,28.326181,27.1677598,29.484602199999998,26.714841999999997,29.93752,26.24376675,30.408595249999998
2023-07-05 20:00:00,29.1,27.891457,26.7330358,29.0498782,26.280117999999998,29.502796,25.80904275,29.97387125
2023-07-05 21:00:00,28.5,27.589231,26.430809800000002,28.7476522,25.977892,29.200570000000003,25.506816750000002,29.67164525
2023-07-05 22:00:00,28.0,27.4043,26.2458788,28.5627212,25.792961,29.015639,25.32188575,29.48671425
2023-07-05 23:00:00,28.0,27.350456,26.192034800000002,28.5088772,25.739117,28.961795000000002,25.268041750000002,29.43287025
2023-07-06 00:00:00,27.9,27.275854,26.1174328,28.4342752,25.664514999999998,28.887193,25.19343975,29.35826825
2023-07-06 01:00:00,27.8,27.241245,26.0828238,28.3996662,25.629906,28.852584,25.15883075,29.32365925
2023-07-06 02:00:00,27.7,27.135458,25.9770368,28.2938792,25.524119,28.746797,25.05304375,29.21787225
2023-07-06 03:00:00,27.6,27.200348,26.041926800000002,28.3587692,25.589009,28.811687000000003,25.117933750000002,29.28276225
2023-07-06 04:00:00,27.4,27.257767,26.099345800000002,28.4161882,25.646428,28.869106000000002,25.175352750000002,29.34018125
2023-07-06 05:00:00,27.1,27.66232,26.5038988,28.8207412,26.050981,29.273659000000002,25.57990575,29.74473425
2023-07-06 06:00:00,27.4,27.645489,26.487067800000002,28.8039102,26.03415,29.256828000000002,25.563074750000002,29.72790325
2023-07-06 07:00:00,27.9,27.986908,26.8284868,29.1453292,26.375569,29.598247,25.90449375,30.06932225
2023-07-06 08:00:00,29.3,28.735046,27.5766248,29.8934672,27.123707,30.346385,26.65263175,30.81746025
2023-07-06 09:00:00,31.1,29.584263,28.4258418,30.7426842,27.972924,31.195602,27.50184875,31.66667725
2023-07-06 10:00:00,32.1,30.803493,29.6450718,31.9619142,29.192154,32.414832,28.72107875,32.885907249999995
2023-07-06 11:00:00,33.1,31.371532,30.2131108,32.529953199999994,29.760192999999997,32.982870999999996,29.28911775,33.453946249999994
2023-07-06 12:00:00,33.8,31.572668,30.4142468,32.7310892,29.961329,33.184007,29.49025375,33.65508225
2023-07-06 13:00:00,34.1,32.31465,31.1562288,33.4730712,30.703311,33.925989,30.23223575,34.39706425
2023-07-06 14:00:00,33.6,32.292976,31.134554800000004,33.4513972,30.681637000000002,33.904315000000004,30.210561750000004,34.37539025
2023-07-06 15:00:00,32.6,31.91427,30.7558488,33.072691199999994,30.302930999999997,33.525608999999996,29.83185575,33.996684249999994
2023-07-06 16:00:00,32.4,31.114233,29.9558118,32.2726542,29.502893999999998,32.725572,29.03181875,33.19664725
2023-07-06 17:00:00,32.6,30.044727,28.886305800000002,31.2031482,28.433388,31.656066000000003,27.962312750000002,32.12714125
2023-07-06 18:00:00,31.2,28.860077,27.7016558,30.0184982,27.248738,30.471416,26.77766275,30.94249125
2023-07-06 19:00:00,29.8,28.808193,27.6497718,29.9666142,27.196854,30.419532,26.72577875,30.89060725
2023-07-06 20:00:00,29.1,28.745329,27.586907800000002,29.9037502,27.13399,30.356668000000003,26.662914750000002,30.82774325
2023-07-06 21:00:00,28.7,28.2996,27.141178800000002,29.4580212,26.688261,29.910939000000003,26.217185750000002,30.38201425
2023-07-06 22:00:00,28.7,27.75612,26.5976988,28.9145412,26.144781,29.367459,25.67370575,29.83853425
2023-07-06 23:00:00,28.4,27.593397,26.4349758,28.7518182,25.982058,29.204736,25.51098275,29.67581125
2023-07-07 00:00:00,28.2,27.316097,26.1576758,28.4745182,25.704757999999998,28.927436,25.23368275,29.39851125
2023-07-07 01:00:00,28.0,26.918219,25.7597978,28.0766402,25.30688,28.529558,24.83580475,29.00063325
2023-07-07 02:00:00,27.3,26.71541,25.5569888,27.873831199999998,25.104070999999998,28.326749,24.63299575,28.797824249999998
2023-07-07 03:00:00,27.2,26.76125,25.6028288,27.9196712,25.149911,28.372589,24.67883575,28.84366425
2023-07-07 04:00:00,27.5,26.697317,25.538895800000002,27.8557382,25.085978,28.308656000000003,24.614902750000002,28.77973125
2023-07-07 05:00:00,28.1,26.805407,25.6469858,27.9638282,25.194067999999998,28.416746,24.72299275,28.88782125
2023-07-07 06:00:00,28.4,27.059763,25.9013418,28.2181842,25.448424,28.671102,24.97734875,29.14217725
2023-07-07 07:00:00,29.1,27.659538,26.501116800000002,28.8179592,26.048199,29.270877000000002,25.577123750000002,29.74195225
2023-07-07 08:00:00,30.3,29.056686,27.8982648,30.2151072,27.445346999999998,30.668025,26.97427175,31.13910025
2023-07-07 09:00:00,31.7,30.630934,29.4725128,31.7893552,29.019595,32.242273,28.54851975,32.713348249999996
2023-07-07 10:00:00,32.6,32.400238,31.241816800000002,33.5586592,30.788899,34.011577,30.317823750000002,34.48265225
2023-07-07 11:00:00,33.5,33.217884,32.0594628,34.3763052,31.606544999999997,34.829223,31.13546975,35.30029825
2023-07-07 12:00:00,34.0,33.54582,32.3873988,34.7042412,31.934480999999998,35.157159,31.46340575,35.62823425
2023-07-07 13:00:00,34.2,33.19041,32.0319888,34.3488312,31.579071,34.801749,31.10799575,35.27282425
2023-07-07 14:00:00,34.3,32.877705,31.7192838,34.0361262,31.266365999999998,34.489044,30.79529075,34.96011925
2023-07-07 15:00:00,32.7,32.311844,31.1534228,33.4702652,30.700505,33.923183,30.22942975,34.39425825
2023-07-07 16:00:00,32.9,31.517582,30.3591608,32.6760032,29.906243,33.128921,29.43516775,33.59999625
2023-07-07 17:00:00,31.9,30.79721,29.6387888,31.9556312,29.185871,32.408549,28.71479575,32.87962425
2023-07-07 18:00:00,30.0,30.035921,28.8774998,31.194342199999998,28.424581999999997,31.64726,27.95350675,32.118335249999994
2023-07-07 19:00:00,30.0,29.745363,28.5869418,30.9037842,28.134024,31.356702000000002,27.66294875,31.82777725
2023-07-07 20:00:00,29.6,29.037996,27.8795748,30.1964172,27.426657,30.649335,26.95558175,31.12041025
2023-07-07 21:00:00,29.1,28.237196,27.0787748,29.3956172,26.625857,29.848535000000002,26.15478175,30.31961025
2023-07-07 22:00:00,28.5,28.06887,26.9104488,29.2272912,26.457531,29.680209,25.98645575,30.15128425
2023-07-07 23:00:00,27.9,28.108187,26.9497658,29.2666082,26.496848,29.719526000000002,26.02577275,30.19060125
2023-07-08 00:00:00,27.6,27.811855,26.653433800000002,28.9702762,26.200516,29.423194000000002,25.729440750000002,29.89426925
2023-07-08 01:00:00,27.3,27.637724,26.4793028,28.796145199999998,26.026384999999998,29.249063,25.55530975,29.720138249999998
2023-07-08 02:00:00,27.2,27.299448,26.141026800000002,28.4578692,25.688109,28.910787000000003,25.217033750000002,29.38186225
2023-07-08 03:00:00,27.3,27.03493,25.8765088,28.1933512,25.423591,28.646269,24.95251575,29.11734425
2023-07-08 04:00:00,27.4,27.018574,25.8601528,28.1769952,25.407235,28.629913000000002,24.93615975,29.10098825
2023-07-08 05:00:00,28.6,27.566442,26.4080208,28.724863199999998,25.955102999999998,29.177781,25.48402775,29.648856249999998
2023-07-08 06:00:00,28.7,28.016579,26.8581578,29.1750002,26.40524,29.627918,25.93416475,30.09899325
2023-07-08 07:00:00,29.6,28.79671,27.6382888,29.9551312,27.185371,30.408049000000002,26.71429575,30.87912425
2023-07-08 08:00:00,31.3,29.905678,28.747256800000002,31.0640992,28.294339,31.517017000000003,27.823263750000002,31.98809225
2023-07-08 09:00:00,32.4,31.553255,30.3948338,32.7116762,29.941916,33.164594,29.47084075,33.63566925
2023-07-08 10:00:00,33.2,32.344284,31.185862800000002,33.5027052,30.732945,33.955623,30.261869750000002,34.42669825
2023-07-08 11:00:00,34.2,33.350418,32.1919968,34.5088392,31.739078999999997,34.961757,31.26800375,35.43283225
2023-07-08 12:00:00,35.0,33.450344,32.2919228,34.6087652,31.839005,35.061683,31.367929750000002,35.53275825
2023-07-08 13:00:00,35.3,33.742924,32.5845028,34.9013452,32.131585,35.354263,31.660509750000003,35.82533825
2023-07-08 14:00:00,33.8,33.497,32.3385788,34.6554212,31.885661,35.108339,31.41458575,35.57941425
2023-07-08 15:00:00,33.4,32.04856,30.890138800000003,33.2069812,30.437221,33.659899,29.966145750000003,34.13097425
2023-07-08 16:00:00,33.9,31.859074,30.7006528,33.0174952,30.247735,33.470413,29.77665975,33.94148825
2023-07-08 17:00:00,28.9,31.177525,30.0191038,32.335946199999995,29.566186,32.788864,29.09511075,33.259939249999995
2023-07-08 18:00:00,28.2,29.800869,28.6424478,30.959290199999998,28.189529999999998,31.412208,27.71845475,31.883283249999998
2023-07-08 19:00:00,27.6,29.405464,28.2470428,30.563885199999998,27.794124999999998,31.016803,27.32304975,31.487878249999998
2023-07-08 20:00:00,26.9,29.10412,27.945698800000002,30.2625412,27.492781,30.715459000000003,27.021705750000002,31.18653425
2023-07-08 21:00:00,26.9,28.686161,27.5277398,29.844582199999998,27.074821999999998,30.2975,26.60374675,30.768575249999998
2023-07-08 22:00:00,26.5,28.370268,27.2118468,29.5286892,26.758929,29.981607,26.28785375,30.45268225
2023-07-08 23:00:00,26.4,27.818394,26.659972800000002,28.9768152,26.207055,29.429733000000002,25.735979750000002,29.90080825
2023-07-09 00:00:00,26.3,27.553713,26.3952918,28.712134199999998,25.942373999999997,29.165052,25.47129875,29.636127249999998
2023-07-09 01:00:00,26.3,27.524366,26.3659448,28.6827872,25.913027,29.135705,25.44195175,29.60678025
2023-07-09 02:00:00,26.0,27.29414,26.1357188,28.452561199999998,25.682800999999998,28.905479,25.21172575,29.376554249999998
2023-07-09 03:00:00,25.1,27.047052,25.8886308,28.2054732,25.435713,28.658391,24.96463775,29.12946625
2023-07-09 04:00:00,25.4,27.189384,26.0309628,28.3478052,25.578045,28.800723,25.10696975,29.27179825
2023-07-09 05:00:00,26.2,27.776327,26.6179058,28.934748199999998,26.164987999999997,29.387666,25.69391275,29.858741249999998
2023-07-09 06:00:00,26.9,27.96619,26.8077688,29.1246112,26.354851,29.577529000000002,25.88377575,30.04860425
2023-07-09 07:00:00,27.9,28.851963,27.693541800000002,30.0103842,27.240624,30.463302000000002,26.769548750000002,30.93437725
2023-07-09 08:00:00,29.1,30.419937,29.2615158,31.5783582,28.808598,32.031276,28.33752275,32.50235125
2023-07-09 09:00:00,29.0,31.714401,30.5559798,32.872822199999995,30.103061999999998,33.325739999999996,29.63198675,33.796815249999995
2023-07-09 10:00:00,28.7,32.500908,31.342486800000003,33.6593292,30.889569,34.112247,30.418493750000003,34.58332225
2023-07-09 11:00:00,28.4,33.210743,32.0523218,34.3691642,31.599404,34.822082,31.12832875,35.29315725
2023-07-09 12:00:00,29.6,33.74342,32.5849988,34.9018412,32.132081,35.354759,31.66100575,35.82583425
2023-07-09 13:00:00,30.8,33.84307,32.6846488,35.0014912,32.231730999999996,35.454409,31.760655749999998,35.92548425
2023-07-09 14:00:00,31.3,33.276005,32.1175838,34.4344262,31.664665999999997,34.887344,31.19359075,35.35841925
2023-07-09 15:00:00,31.3,32.38653,31.2281088,33.5449512,30.775191,33.997869,30.30411575,34.46894425
2023-07-09 16:00:00,31.1,32.016083,30.857661800000002,33.1745042,30.404744,33.627422,29.933668750000002,34.09849725
2023-07-09 17:00:00,26.7,30.64352,29.4850988,31.801941199999998,29.032180999999998,32.254858999999996,28.56110575,32.725934249999995
2023-07-09 18:00:00,27.1,29.25622,28.0977988,30.4146412,27.644880999999998,30.867559,27.17380575,31.33863425
2023-07-09 19:00:00,27.0,29.030796,27.8723748,30.189217199999998,27.419456999999998,30.642135,26.94838175,31.113210249999998
2023-07-09 20:00:00,27.3,28.433258,27.2748368,29.591679199999998,26.821918999999998,30.044597,26.35084375,30.515672249999998
2023-07-09 21:00:00,27.0,27.873817,26.7153958,29.0322382,26.262477999999998,29.485156,25.79140275,29.95623125
2023-07-09 22:00:00,26.8,27.475676,26.3172548,28.6340972,25.864337,29.087015,25.39326175,29.55809025
2023-07-09 23:00:00,26.3,27.168453,26.0100318,28.3268742,25.557114,28.779792,25.08603875,29.25086725
2023-07-10 00:00:00,25.9,27.117832,25.9594108,28.2762532,25.506493,28.729171,25.03541775,29.20024625
2023-07-10 01:00:00,26.1,26.98362,25.8251988,28.142041199999998,25.372280999999997,28.594959,24.90120575,29.066034249999998
2023-07-10 02:00:00,25.9,26.625778,25.4673568,27.7841992,25.014439,28.237117,24.54336375,28.70819225
2023-07-10 03:00:00,25.7,26.416672,25.2582508,27.575093199999998,24.805332999999997,28.028011,24.33425775,28.499086249999998
2023-07-10 04:00:00,25.7,26.334679,25.176257800000002,27.4931002,24.72334,27.946018000000002,24.252264750000002,28.41709325
2023-07-10 05:00:00,26.0,26.447643,25.2892218,27.6060642,24.836304,28.058982,24.36522875,28.53005725
2023-07-10 06:00:00,26.5,26.96141,25.8029888,28.1198312,25.350071,28.572749,24.87899575,29.04382425
2023-07-10 07:00:00,26.8,28.061087,26.9026658,29.2195082,26.449748,29.672426,25.97867275,30.14350125
2023-07-10 08:00:00,26.9,29.387787,28.2293658,30.5462082,27.776448,30.999126,27.30537275,31.47020125
2023-07-10 09:00:00,28.0,29.125967,27.9675458,30.2843882,27.514628,30.737306,27.04355275,31.20838125
2023-07-10 10:00:00,28.8,30.756329,29.5979078,31.9147502,29.14499,32.367668,28.67391475,32.83874325
2023-07-10 11:00:00,30.2,30.807924,29.6495028,31.9663452,29.196585,32.419263,28.72550975,32.89033825
2023-07-10 12:00:00,31.2,31.463734,30.3053128,32.622155199999995,29.852394999999998,33.075072999999996,29.38131975,33.546148249999995
2023-07-10 13:00:00,31.8,31.523668,30.3652468,32.6820892,29.912329,33.135007,29.44125375,33.60608225
2023-07-10 14:00:00,31.3,31.530838,30.3724168,32.689259199999995,29.919499,33.142177,29.44842375,33.613252249999995
2023-07-10 15:00:00,31.1,31.04049,29.8820688,32.1989112,29.429150999999997,32.651829,28.95807575,33.12290425
2023-07-10 16:00:00,31.1,31.00057,29.8421488,32.158991199999996,29.389231,32.611909,28.91815575,33.082984249999996
2023-07-10 17:00:00,30.8,28.315794,27.1573728,29.4742152,26.704455,29.927133,26.23337975,30.39820825
2023-07-10 18:00:00,29.8,27.599003,26.4405818,28.7574242,25.987664,29.210342,25.51658875,29.68141725
2023-07-10 19:00:00,29.3,27.63586,26.4774388,28.7942812,26.024521,29.247199000000002,25.55344575,29.71827425
2023-07-10 20:00:00,28.9,27.281252,26.1228308,28.439673199999998,25.669912999999998,28.892591,25.19883775,29.363666249999998
2023-07-10 21:00:00,28.7,27.337091,26.1786698,28.4955122,25.725752,28.948430000000002,25.25467675,29.41950525
2023-07-10 22:00:00,28.3,27.069353,25.9109318,28.2277742,25.458014,28.680692,24.98693875,29.15176725
2023-07-10 23:00:00,27.8,26.738285,25.579863800000002,27.8967062,25.126946,28.349624000000002,24.655870750000002,28.82069925
2023-07-11 00:00:00,27.0,26.375484,25.2170628,27.5339052,24.764145,27.986823,24.29306975,28.45789825
2023-07-11 01:00:00,25.3,26.472305,25.3138838,27.630726199999998,24.860965999999998,28.083644,24.38989075,28.554719249999998
2023-07-11 02:00:00,25.4,26.367096,25.2086748,27.5255172,24.755757,27.978435,24.28468175,28.44951025
2023-07-11 03:00:00,24.8,26.075703,24.9172818,27.2341242,24.464364,27.687042,23.99328875,28.15811725
2023-07-11 04:00:00,24.5,26.027319,24.8688978,27.185740199999998,24.415979999999998,27.638658,23.94490475,28.109733249999998
2023-07-11 05:00:00,25.7,26.563332,25.4049108,27.7217532,24.951992999999998,28.174671,24.48091775,28.64574625
2023-07-11 06:00:00,24.8,27.0009,25.842478800000002,28.1593212,25.389561,28.612239000000002,24.918485750000002,29.08331425
2023-07-11 07:00:00,25.1,27.495392,26.3369708,28.6538132,25.884052999999998,29.106731,25.41297775,29.57780625
2023-07-11 08:00:00,26.1,28.57627,27.4178488,29.7346912,26.964931,30.187609000000002,26.49385575,30.65868425
2023-07-11 09:00:00,27.6,29.444563,28.2861418,30.602984199999998,27.833223999999998,31.055902,27.36214875,31.526977249999998
2023-07-11 10:00:00,29.5,29.60553,28.447108800000002,30.7639512,27.994191,31.216869000000003,27.523115750000002,31.68794425
2023-07-11 11:00:00,31.2,30.682732,29.524310800000002,31.8411532,29.071393,32.294071,28.600317750000002,32.76514625
2023-07-11 12:00:00,32.0,31.253576,30.0951548,32.411997199999995,29.642236999999998,32.864914999999996,29.17116175,33.335990249999995
2023-07-11 13:00:00,32.5,31.530512,30.372090800000002,32.6889332,29.919173,33.141851,29.448097750000002,33.61292625
2023-07-11 14:00:00,32.4,31.074661,29.9162398,32.2330822,29.463321999999998,32.686,28.99224675,33.15707525
2023-07-11 15:00:00,30.4,30.855595,29.6971738,32.0140162,29.244256,32.466934,28.77318075,32.93800925
2023-07-11 16:00:00,29.7,30.213297,29.0548758,31.3717182,28.601958,31.824636,28.13088275,32.29571125
2023-07-11 17:00:00,28.2,29.634716,28.4762948,30.7931372,28.023377,31.246055000000002,27.55230175,31.71713025
2023-07-11 18:00:00,27.7,29.186178,28.027756800000002,30.3445992,27.574839,30.797517000000003,27.103763750000002,31.26859225
2023-07-11 19:00:00,27.0,28.907389,27.7489678,30.065810199999998,27.296049999999997,30.518728,26.82497475,30.989803249999998
2023-07-11 20:00:00,26.6,28.614428,27.4560068,29.7728492,27.003089,30.225767,26.53201375,30.69684225
2023-07-11 21:00:00,26.4,28.403662,27.2452408,29.5620832,26.792323,30.015001,26.32124775,30.48607625
2023-07-11 22:00:00,26.9,27.95725,26.7988288,29.115671199999998,26.345910999999997,29.568589,25.87483575,30.039664249999998
2023-07-11 23:00:00,27.1,27.513525,26.355103800000002,28.6719462,25.902186,29.124864000000002,25.431110750000002,29.59593925
2023-07-12 00:00:00,26.8,26.884756,25.7263348,28.0431772,25.273417,28.496095,24.80234175,28.96717025
2023-07-12 01:00:00,26.4,25.968077,24.8096558,27.1264982,24.356738,27.579416000000002,23.88566275,28.05049125
2023-07-12 02:00:00,26.1,26.052322,24.8939008,27.2107432,24.440983,27.663661,23.96990775,28.13473625
2023-07-12 03:00:00,26.1,25.631672,24.4732508,26.790093199999998,24.020332999999997,27.243011,23.54925775,27.714086249999998
2023-07-12 04:00:00,26.3,25.462603,24.304181800000002,26.6210242,23.851264,27.073942000000002,23.380188750000002,27.54501725
2023-07-12 05:00:00,26.3,25.889072,24.7306508,27.047493199999998,24.277732999999998,27.500411,23.80665775,27.971486249999998
2023-07-12 06:00:00,26.4,25.907108,24.7486868,27.0655292,24.295769,27.518447000000002,23.82469375,27.98952225
2023-07-12 07:00:00,27.1,26.406591,25.2481698,27.565012199999998,24.795251999999998,28.01793,24.32417675,28.489005249999998
2023-07-12 08:00:00,28.5,27.485836,26.3274148,28.6442572,25.874496999999998,29.097175,25.40342175,29.56825025
2023-07-12 09:00:00,30.1,27.986483,26.8280618,29.1449042,26.375144,29.597822,25.90406875,30.06889725
2023-07-12 10:00:00,31.3,29.734661,28.5762398,30.8930822,28.123321999999998,31.346,27.65224675,31.81707525
2023-07-12 11:00:00,31.9,30.886202,29.7277808,32.0446232,29.274863,32.497541,28.80378775,32.96861625
2023-07-12 12:00:00,32.3,31.588158,30.4297368,32.7465792,29.976819,33.199497,29.50574375,33.67057225
2023-07-12 13:00:00,32.5,31.785316,30.626894800000002,32.9437372,30.173977,33.396655,29.702901750000002,33.86773025
2023-07-12 14:00:00,32.6,31.576199,30.4177778,32.734620199999995,29.964859999999998,33.187537999999996,29.49378475,33.658613249999995
2023-07-12 15:00:00,32.7,31.411566,30.2531448,32.5699872,29.800227,33.022905,29.32915175,33.49398025
2023-07-12 16:00:00,31.7,30.457619,29.2991978,31.6160402,28.84628,32.068958,28.37520475,32.54003325
2023-07-12 17:00:00,30.1,30.243198,29.0847768,31.4016192,28.631859,31.854537,28.16078375,32.32561225
2023-07-12 18:00:00,29.5,29.127756,27.969334800000002,30.2861772,27.516417,30.739095000000002,27.045341750000002,31.21017025
2023-07-12 19:00:00,28.4,28.535517,27.3770958,29.693938199999998,26.924177999999998,30.146856,26.45310275,30.617931249999998
2023-07-12 20:00:00,28.5,27.80588,26.6474588,28.964301199999998,26.194540999999997,29.417219,25.72346575,29.888294249999998
2023-07-12 21:00:00,28.2,27.344814,26.1863928,28.5032352,25.733475,28.956153,25.26239975,29.42722825
2023-07-12 22:00:00,27.9,27.535233,26.376811800000002,28.6936542,25.923894,29.146572000000003,25.452818750000002,29.61764725
2023-07-12 23:00:00,27.8,27.27927,26.1208488,28.4376912,25.667931,28.890609,25.19685575,29.36168425
2023-07-13 00:00:00,27.7,27.149858,25.9914368,28.308279199999998,25.538518999999997,28.761197,25.06744375,29.232272249999998
2023-07-13 01:00:00,27.5,26.71926,25.5608388,27.877681199999998,25.107920999999997,28.330599,24.63684575,28.801674249999998
2023-07-13 02:00:00,27.2,26.42398,25.2655588,27.5824012,24.812641,28.035319,24.34156575,28.50639425
2023-07-13 03:00:00,27.1,26.258612,25.1001908,27.4170332,24.647273,27.869951,24.17619775,28.34102625
2023-07-13 04:00:00,26.9,26.28733,25.1289088,27.4457512,24.675991,27.898669,24.20491575,28.36974425
2023-07-13 05:00:00,27.2,26.278185,25.1197638,27.4366062,24.666846,27.889524,24.19577075,28.36059925
2023-07-13 06:00:00,27.4,26.486876,25.3284548,27.645297199999998,24.875536999999998,28.098215,24.40446175,28.569290249999998
2023-07-13 07:00:00,28.1,27.08853,25.9301088,28.246951199999998,25.477190999999998,28.699869,25.00611575,29.170944249999998
2023-07-13 08:00:00,29.2,28.162731,27.0043098,29.3211522,26.551392,29.774070000000002,26.08031675,30.24514525
2023-07-13 09:00:00,30.4,29.678537,28.5201158,30.836958199999998,28.067197999999998,31.289876,27.59612275,31.760951249999998
2023-07-13 10:00:00,31.5,30.95617,29.7977488,32.1145912,29.344831,32.567509,28.87375575,33.03858425
2023-07-13 11:00:00,32.5,31.656754,30.4983328,32.8151752,30.045415,33.268093,29.57433975,33.73916825
2023-07-13 12:00:00,33.1,31.829412,30.670990800000002,32.9878332,30.218073,33.440751,29.746997750000002,33.91182625
2023-07-13 13:00:00,33.7,32.18676,31.0283388,33.3451812,30.575421,33.798099,30.10434575,34.26917425
2023-07-13 14:00:00,33.9,31.768389,30.6099678,32.9268102,30.157049999999998,33.379728,29.68597475,33.85080325
2023-07-13 15:00:00,33.9,31.535929,30.3775078,32.694350199999995,29.92459,33.147268,29.45351475,33.618343249999995
2023-07-13 16:00:00,32.2,30.758842,29.600420800000002,31.9172632,29.147503,32.370181,28.676427750000002,32.84125625
2023-07-13 17:00:00,33.1,30.005491,28.8470698,31.1639122,28.394152,31.61683,27.92307675,32.08790525
2023-07-13 18:00:00,31.1,29.2851,28.1266788,30.4435212,27.673761,30.896439,27.20268575,31.36751425
2023-07-13 19:00:00,29.4,28.940649,27.7822278,30.0990702,27.32931,30.551988,26.85823475,31.02306325
2023-07-13 20:00:00,29.3,28.27283,27.1144088,29.4312512,26.661490999999998,29.884169,26.19041575,30.35524425
2023-07-13 21:00:00,29.2,28.14667,26.9882488,29.3050912,26.535331,29.758009,26.06425575,30.22908425
2023-07-13 22:00:00,29.2,27.812248,26.6538268,28.9706692,26.200909,29.423587,25.72983375,29.89466225
2023-07-13 23:00:00,28.8,27.729113,26.570691800000002,28.8875342,26.117774,29.340452000000003,25.646698750000002,29.81152725
2023-07-14 00:00:00,28.6,27.343872,26.1854508,28.5022932,25.732533,28.955211000000002,25.26145775,29.42628625
2023-07-14 01:00:00,28.2,27.234798,26.076376800000002,28.3932192,25.623459,28.846137000000002,25.152383750000002,29.31721225
2023-07-14 02:00:00,28.0,26.857044,25.6986228,28.015465199999998,25.245704999999997,28.468383,24.77462975,28.939458249999998
2023-07-14 03:00:00,27.7,26.795156,25.6367348,27.953577199999998,25.183816999999998,28.406495,24.71274175,28.877570249999998
2023-07-14 04:00:00,27.3,26.618382,25.4599608,27.7768032,25.007043,28.229721,24.53596775,28.70079625
2023-07-14 05:00:00,27.9,26.851858,25.6934368,28.0102792,25.240519,28.463197,24.76944375,28.93427225
2023-07-14 06:00:00,28.2,27.093182,25.9347608,28.251603199999998,25.481842999999998,28.704521,25.01076775,29.175596249999998
2023-07-14 07:00:00,29.3,27.80647,26.6480488,28.9648912,26.195131,29.417809000000002,25.72405575,29.88888425
2023-07-14 08:00:00,30.8,29.08585,27.9274288,30.2442712,27.474511,30.697189,27.00343575,31.16826425
2023-07-14 09:00:00,31.7,30.313437,29.1550158,31.4718582,28.702098,31.924776,28.23102275,32.39585125
2023-07-14 10:00:00,32.7,31.396997,30.2385758,32.5554182,29.785657999999998,33.008336,29.31458275,33.47941125
2023-07-14 11:00:00,33.6,32.221947,31.0635258,33.3803682,30.610608,33.833286,30.13953275,34.30436125
2023-07-14 12:00:00,34.3,32.58632,31.4278988,33.7447412,30.974981,34.197659,30.50390575,34.66873425
2023-07-14 13:00:00,34.8,33.40881,32.2503888,34.5672312,31.797471,35.020149,31.326395750000003,35.49122425
2023-07-14 14:00:00,35.2,32.916462,31.758040800000003,34.0748832,31.305123000000002,34.527801000000004,30.834047750000003,34.99887625
2023-07-14 15:00:00,35.1,32.66273,31.504308800000004,33.8211512,31.051391000000002,34.274069000000004,30.580315750000004,34.74514425
2023-07-14 16:00:00,34.8,31.377956,30.2195348,32.5363772,29.766617,32.989295,29.29554175,33.46037025
2023-07-14 17:00:00,34.2,30.951307,29.7928858,32.1097282,29.339968,32.562646,28.86889275,33.03372125
2023-07-14 18:00:00,31.8,30.314293,29.1558718,31.4727142,28.702954,31.925632,28.23187875,32.39670725
2023-07-14 19:00:00,30.8,29.239775,28.081353800000002,30.3981962,27.628436,30.851114000000003,27.157360750000002,31.32218925
2023-07-14 20:00:00,30.6,29.249447,28.0910258,30.4078682,27.638108,30.860786,27.16703275,31.33186125
2023-07-14 21:00:00,30.0,28.855362,27.6969408,30.0137832,27.244023,30.466701,26.77294775,30.93777625
2023-07-14 22:00:00,29.7,28.807224,27.648802800000002,29.9656452,27.195885,30.418563000000002,26.724809750000002,30.88963825
2023-07-14 23:00:00,29.2,28.415554,27.2571328,29.5739752,26.804215,30.026893,26.33313975,30.49796825
2023-07-15 00:00:00,28.5,28.104403,26.945981800000002,29.2628242,26.493064,29.715742000000002,26.021988750000002,30.18681725
2023-07-15 01:00:00,28.1,27.802843,26.6444218,28.9612642,26.191504,29.414182,25.72042875,29.88525725
2023-07-15 02:00:00,27.7,27.732574,26.5741528,28.8909952,26.121235,29.343913,25.65015975,29.81498825
2023-07-15 03:00:00,27.5,27.467451,26.3090298,28.6258722,25.856112,29.07879,25.38503675,29.54986525
2023-07-15 04:00:00,27.5,27.223194,26.0647728,28.3816152,25.611855,28.834533,25.14077975,29.30560825
2023-07-15 05:00:00,28.4,27.364008,26.2055868,28.522429199999998,25.752668999999997,28.975347,25.28159375,29.446422249999998
2023-07-15 06:00:00,28.8,27.52563,26.3672088,28.6840512,25.914291,29.136969,25.44321575,29.60804425
2023-07-15 07:00:00,28.9,28.456257,27.2978358,29.6146782,26.844918,30.067596,26.37384275,30.53867125
2023-07-15 08:00:00,29.9,29.51977,28.361348800000002,30.6781912,27.908431,31.131109000000002,27.437355750000002,31.60218425
2023-07-15 09:00:00,31.7,31.207378,30.0489568,32.3657992,29.596038999999998,32.818717,29.12496375,33.28979225
2023-07-15 10:00:00,31.9,32.237,31.078578800000003,33.3954212,30.625661,33.848339,30.154585750000003,34.31941425
2023-07-15 11:00:00,32.4,33.090996,31.932574799999998,34.249417199999996,31.479656999999996,34.702335,31.008581749999998,35.173410249999996
2023-07-15 12:00:00,33.4,33.445457,32.2870358,34.6038782,31.834117999999997,35.056796,31.363042749999998,35.52787125
2023-07-15 13:00:00,33.7,33.772503,32.6140818,34.9309242,32.161164,35.383842,31.69008875,35.85491725
2023-07-15 14:00:00,34.1,34.093166,32.9347448,35.251587199999996,32.481826999999996,35.704505,32.01075175,36.175580249999996
2023-07-15 15:00:00,34.0,33.240833,32.0824118,34.3992542,31.629494,34.852172,31.158418750000003,35.32324725
2023-07-15 16:00:00,33.6,32.5161,31.357678800000002,33.6745212,30.904761,34.127439,30.433685750000002,34.59851425
2023-07-15 17:00:00,32.4,32.40173,31.2433088,33.5601512,30.790391,34.013069,30.31931575,34.48414425
2023-07-15 18:00:00,30.8,30.622663,29.4642418,31.7810842,29.011324,32.234002,28.54024875,32.705077249999995
2023-07-15 19:00:00,30.1,29.742088,28.5836668,30.9005092,28.130748999999998,31.353427,27.65967375,31.82450225
2023-07-15 20:00:00,29.9,29.600641,28.4422198,30.7590622,27.989302,31.21198,27.51822675,31.68305525
2023-07-15 21:00:00,29.5,29.548662,28.3902408,30.7070832,27.937323,31.160001,27.46624775,31.63107625
2023-07-15 22:00:00,29.1,29.283651,28.1252298,30.4420722,27.672311999999998,30.89499,27.20123675,31.36606525
2023-07-15 23:00:00,29.0,28.637566,27.4791448,29.7959872,27.026227,30.248905,26.55515175,30.71998025
2023-07-16 00:00:00,28.6,28.268171,27.1097498,29.426592199999998,26.656831999999998,29.87951,26.18575675,30.350585249999998
2023-07-16 01:00:00,28.2,27.846075,26.6876538,29.0044962,26.234735999999998,29.457414,25.76366075,29.92848925
2023-07-16 02:00:00,28.1,27.697468,26.5390468,28.8558892,26.086129,29.308807,25.61505375,29.77988225
2023-07-16 03:00:00,27.9,27.581598,26.4231768,28.7400192,25.970259,29.192937,25.49918375,29.66401225
2023-07-16 04:00:00,27.7,27.432184,26.2737628,28.5906052,25.820845,29.043523,25.34976975,29.51459825
2023-07-16 05:00:00,28.1,28.101377,26.9429558,29.2597982,26.490038,29.712716,26.01896275,30.18379125
2023-07-16 06:00:00,28.5,28.247911,27.0894898,29.406332199999998,26.636571999999997,29.85925,26.16549675,30.330325249999998
2023-07-16 07:00:00,29.6,28.917276,27.7588548,30.0756972,27.305937,30.528615000000002,26.83486175,30.99969025
2023-07-16 08:00:00,31.0,30.05121,28.8927888,31.2096312,28.439871,31.662549000000002,27.96879575,32.13362425
2023-07-16 09:00:00,32.3,31.387602,30.2291808,32.5460232,29.776263,32.998941,29.30518775,33.47001625
2023-07-16 10:00:00,33.3,32.027966,30.8695448,33.1863872,30.416627,33.639305,29.94555175,34.11038025
2023-07-16 11:00:00,34.0,32.577698,31.4192768,33.7361192,30.966358999999997,34.189037,30.49528375,34.66011225
2023-07-16 12:00:00,34.6,33.36803,32.2096088,34.5264512,31.756690999999996,34.979369,31.285615749999998,35.45044425
2023-07-16 13:00:00,35.3,33.62615,32.4677288,34.7845712,32.014811,35.237489000000004,31.543735750000003,35.70856425
2023-07-16 14:00:00,35.7,33.58641,32.4279888,34.7448312,31.975071,35.197749,31.50399575,35.66882425
2023-07-16 15:00:00,34.7,33.077007,31.918585800000002,34.2354282,31.465668,34.688346,30.994592750000002,35.15942125
2023-07-16 16:00:00,31.7,32.224155,31.065733800000004,33.3825762,30.612816000000002,33.835494000000004,30.141740750000004,34.30656925
2023-07-16 17:00:00,29.0,31.562729,30.4043078,32.7211502,29.95139,33.174068,29.48031475,33.64514325
2023-07-16 18:00:00,28.7,30.130413,28.9719918,31.2888342,28.519074,31.741752,28.04799875,32.21282725
2023-07-16 19:00:00,29.2,29.449083,28.290661800000002,30.6075042,27.837744,31.060422000000003,27.366668750000002,31.53149725
2023-07-16 20:00:00,28.8,29.48144,28.3230188,30.6398612,27.870101,31.092779,27.39902575,31.56385425
2023-07-16 21:00:00,28.6,29.125412,27.9669908,30.2838332,27.514073,30.736751,27.04299775,31.20782625
2023-07-16 22:00:00,28.6,29.02691,27.8684888,30.1853312,27.415571,30.638249000000002,26.94449575,31.10932425
2023-07-16 23:00:00,29.0,28.54661,27.388188800000002,29.7050312,26.935271,30.157949000000002,26.464195750000002,30.62902425
2023-07-17 00:00:00,28.6,28.097143,26.9387218,29.2555642,26.485803999999998,29.708482,26.01472875,30.17955725
2023-07-17 01:00:00,28.6,27.927149,26.7687278,29.0855702,26.31581,29.538488,25.84473475,30.00956325
2023-07-17 02:00:00,28.0,27.573746,26.4153248,28.7321672,25.962407,29.185085,25.49133175,29.65616025
2023-07-17 03:00:00,27.7,27.258059,26.0996378,28.4164802,25.64672,28.869398,25.17564475,29.34047325
2023-07-17 04:00:00,28.0,27.131737,25.9733158,28.2901582,25.520398,28.743076000000002,25.04932275,29.21415125
2023-07-17 05:00:00,28.4,27.580288,26.4218668,28.7387092,25.968949,29.191627,25.49787375,29.66270225
2023-07-17 06:00:00,29.0,28.127728,26.969306800000002,29.2861492,26.516389,29.739067000000002,26.045313750000002,30.21014225
2023-07-17 07:00:00,30.0,28.863165,27.7047438,30.021586199999998,27.251825999999998,30.474504,26.78075075,30.945579249999998
2023-07-17 08:00:00,30.8,30.051725,28.8933038,31.2101462,28.440386,31.663064000000002,27.96931075,32.13413925
2023-07-17 09:00:00,31.8,31.587736,30.4293148,32.7461572,29.976397,33.199075,29.50532175,33.67015025
2023-07-17 10:00:00,32.8,32.56436,31.4059388,33.7227812,30.953021,34.175699,30.48194575,34.64677425
2023-07-17 11:00:00,33.5,33.24591,32.0874888,34.4043312,31.634571,34.857249,31.163495750000003,35.32832425
2023-07-17 12:00:00,33.9,33.962467,32.8040458,35.120888199999996,32.351127999999996,35.573806,31.880052749999997,36.044881249999996
2023-07-17 13:00:00,35.1,34.569145,33.4107238,35.7275662,32.957806,36.180484,32.48673075,36.65155925
2023-07-17 14:00:00,35.6,34.4141,33.2556788,35.5725212,32.802761,36.025439,32.33168575,36.49651425
2023-07-17 15:00:00,36.1,32.78419,31.625768800000003,33.9426112,31.172851,34.395529,30.701775750000003,34.86660425
2023-07-17 16:00:00,35.6,32.869686,31.711264800000002,34.0281072,31.258347,34.481025,30.787271750000002,34.95210025
2023-07-17 17:00:00,33.7,30.961813,29.8033918,32.1202342,29.350474,32.573152,28.87939875,33.04422725
2023-07-17 18:00:00,31.8,29.799427,28.641005800000002,30.9578482,28.188088,31.410766000000002,27.717012750000002,31.88184125
2023-07-17 19:00:00,31.7,29.50204,28.3436188,30.6604612,27.890701,31.113379000000002,27.41962575,31.58445425
2023-07-17 20:00:00,29.7,29.047089,27.8886678,30.2055102,27.43575,30.658428,26.96467475,31.12950325
2023-07-17 21:00:00,29.0,29.085974,27.9275528,30.2443952,27.474635,30.697313,27.00355975,31.16838825
2023-07-17 22:00:00,28.8,28.312836,27.1544148,29.4712572,26.701497,29.924175,26.23042175,30.39525025
2023-07-17 23:00:00,29.0,28.47193,27.3135088,29.6303512,26.860591,30.083269,26.38951575,30.55434425
2023-07-18 00:00:00,30.1,28.264236,27.1058148,29.4226572,26.652897,29.875575,26.18182175,30.34665025
2023-07-18 01:00:00,30.0,27.989788,26.8313668,29.1482092,26.378449,29.601127,25.90737375,30.07220225
2023-07-18 02:00:00,29.9,27.842861,26.6844398,29.0012822,26.231522,29.4542,25.76044675,29.92527525
2023-07-18 03:00:00,29.2,27.580334,26.4219128,28.7387552,25.968995,29.191673,25.49791975,29.66274825
2023-07-18 04:00:00,28.9,27.395638,26.237216800000002,28.5540592,25.784299,29.006977000000003,25.313223750000002,29.47805225
2023-07-18 05:00:00,29.5,27.575588,26.4171668,28.7340092,25.964249,29.186927,25.49317375,29.65800225
2023-07-18 06:00:00,29.4,28.22833,27.0699088,29.3867512,26.616991,29.839669,26.14591575,30.31074425
2023-07-18 07:00:00,29.4,29.437357,28.2789358,30.595778199999998,27.826017999999998,31.048696,27.35494275,31.519771249999998
2023-07-18 08:00:00,29.4,30.575562,29.417140800000002,31.7339832,28.964223,32.186901,28.493147750000002,32.65797625
2023-07-18 09:00:00,30.7,31.842707,30.6842858,33.0011282,30.231368,33.454046,29.76029275,33.92512125
2023-07-18 10:00:00,33.1,32.877075,31.7186538,34.0354962,31.265735999999997,34.488414,30.79466075,34.95948925
2023-07-18 11:00:00,34.4,33.54724,32.3888188,34.7056612,31.935901,35.158579,31.464825750000003,35.62965425
2023-07-18 12:00:00,35.3,33.835804,32.677382800000004,34.9942252,32.224465,35.447143000000004,31.753389750000004,35.91821825
2023-07-18 13:00:00,35.5,34.677402,33.5189808,35.8358232,33.066063,36.288741,32.59498775,36.75981625
2023-07-18 14:00:00,35.9,34.510777,33.3523558,35.6691982,32.899437999999996,36.122116,32.42836275,36.59319125
2023-07-18 15:00:00,36.3,33.654457,32.4960358,34.8128782,32.043118,35.265796,31.57204275,35.73687125
2023-07-18 16:00:00,34.7,33.229427,32.0710058,34.3878482,31.618088,34.840766,31.147012750000002,35.31184125
2023-07-18 17:00:00,31.6,31.429867,30.271445800000002,32.5882882,29.818528,33.041206,29.347452750000002,33.51228125
2023-07-18 18:00:00,29.7,30.331068,29.1726468,31.489489199999998,28.719728999999997,31.942407,28.24865375,32.413482249999994
2023-07-18 19:00:00,28.5,30.247734,29.089312800000002,31.4061552,28.636395,31.859073000000002,28.165319750000002,32.33014825
2023-07-18 20:00:00,29.0,28.895355,27.7369338,30.053776199999998,27.284015999999998,30.506694,26.81294075,30.977769249999998
2023-07-18 21:00:00,28.3,28.404982,27.2465608,29.5634032,26.793643,30.016321,26.32256775,30.48739625
2023-07-18 22:00:00,28.4,28.490294,27.3318728,29.648715199999998,26.878954999999998,30.101633,26.40787975,30.572708249999998
2023-07-18 23:00:00,29.3,28.619112,27.460690800000002,29.7775332,27.007773,30.230451000000002,26.536697750000002,30.70152625
2023-07-19 00:00:00,29.8,28.624222,27.4658008,29.7826432,27.012883,30.235561,26.54180775,30.70663625
2023-07-19 01:00:00,29.4,28.809391,27.650969800000002,29.9678122,27.198052,30.420730000000002,26.726976750000002,30.89180525
2023-07-19 02:00:00,28.8,28.744898,27.5864768,29.9033192,27.133558999999998,30.356237,26.66248375,30.82731225
2023-07-19 03:00:00,28.5,28.555866,27.397444800000002,29.7142872,26.944527,30.167205000000003,26.473451750000002,30.63828025
2023-07-19 04:00:00,28.3,28.282608,27.1241868,29.4410292,26.671269,29.893947,26.20019375,30.36502225
2023-07-19 05:00:00,28.4,28.663744,27.505322800000002,29.8221652,27.052405,30.275083000000002,26.581329750000002,30.74615825
2023-07-19 06:00:00,28.7,28.719406,27.5609848,29.8778272,27.108067,30.330745,26.63699175,30.80182025
2023-07-19 07:00:00,29.0,29.281767,28.1233458,30.440188199999998,27.670427999999998,30.893106,27.19935275,31.364181249999998
2023-07-19 08:00:00,29.5,29.509096,28.3506748,30.6675172,27.897757,31.120435,27.42668175,31.59151025
2023-07-19 09:00:00,30.3,31.161922,30.0035008,32.320343199999996,29.550583,32.773261,29.07950775,33.244336249999996
2023-07-19 10:00:00,31.7,32.937557,31.7791358,34.0959782,31.326217999999997,34.548896,30.85514275,35.01997125
2023-07-19 11:00:00,33.5,34.527317,33.3688958,35.685738199999996,32.915977999999996,36.138656,32.44490275,36.609731249999996
2023-07-19 12:00:00,34.1,35.26334,34.1049188,36.4217612,33.652001,36.874679,33.18092575,37.34575425
2023-07-19 13:00:00,35.6,35.354916,34.1964948,36.5133372,33.743577,36.966255000000004,33.27250175,37.43733025
2023-07-19 14:00:00,36.2,35.014652,33.8562308,36.1730732,33.403313,36.625991,32.93223775,37.09706625
2023-07-19 15:00:00,36.0,34.020245,32.8618238,35.1786662,32.408906,35.631584000000004,31.937830750000003,36.10265925
2023-07-19 16:00:00,35.4,33.35509,32.1966688,34.513511199999996,31.743750999999996,34.966429,31.272675749999998,35.437504249999996
2023-07-19 17:00:00,34.1,32.1737,31.015278799999997,33.332121199999996,30.562360999999996,33.785039,30.091285749999997,34.256114249999996
2023-07-19 18:00:00,33.0,29.795609,28.6371878,30.9540302,28.184269999999998,31.406948,27.71319475,31.87802325
2023-07-19 19:00:00,33.2,29.412712,28.2542908,30.5711332,27.801372999999998,31.024051,27.33029775,31.49512625
2023-07-19 20:00:00,33.1,29.268072,28.1096508,30.4264932,27.656733,30.879411,27.18565775,31.35048625
2023-07-19 21:00:00,32.4,28.579262,27.4208408,29.7376832,26.967923,30.190601,26.49684775,30.66167625
2023-07-19 22:00:00,31.5,28.525524,27.3671028,29.6839452,26.914185,30.136863,26.44310975,30.60793825
2023-07-19 23:00:00,30.6,28.407225,27.2488038,29.5656462,26.795886,30.018564,26.32481075,30.48963925
2023-07-20 00:00:00,30.1,28.870617,27.7121958,30.0290382,27.259278,30.481956,26.78820275,30.95303125
2023-07-20 01:00:00,29.6,29.12596,27.9675388,30.2843812,27.514620999999998,30.737299,27.04354575,31.20837425
2023-07-20 02:00:00,29.9,28.916256,27.7578348,30.0746772,27.304917,30.527595,26.83384175,30.99867025
2023-07-20 03:00:00,29.5,28.088264,26.9298428,29.246685199999998,26.476924999999998,29.699603,26.00584975,30.170678249999998
2023-07-20 04:00:00,29.1,28.156063,26.9976418,29.3144842,26.544724,29.767402,26.07364875,30.23847725
2023-07-20 05:00:00,29.4,28.52594,27.3675188,29.684361199999998,26.914600999999998,30.137279,26.44352575,30.608354249999998
2023-07-20 06:00:00,29.5,28.641397,27.482975800000002,29.7998182,27.030058,30.252736000000002,26.558982750000002,30.72381125
2023-07-20 07:00:00,30.1,29.131006,27.9725848,30.2894272,27.519667,30.742345,27.04859175,31.21342025
2023-07-20 08:00:00,31.2,29.47217,28.3137488,30.630591199999998,27.860830999999997,31.083509,27.38975575,31.554584249999998
2023-07-20 09:00:00,31.7,30.726107,29.5676858,31.8845282,29.114767999999998,32.337446,28.64369275,32.80852125
2023-07-20 10:00:00,33.1,32.296753,31.138331800000003,33.4551742,30.685414,33.908092,30.214338750000003,34.37916725
2023-07-20 11:00:00,33.7,33.580036,32.4216148,34.7384572,31.968697,35.191375,31.49762175,35.66245025
2023-07-20 12:00:00,35.5,34.63824,33.479818800000004,35.7966612,33.026901,36.249579000000004,32.555825750000004,36.72065425
2023-07-20 13:00:00,36.0,35.7542,34.5957788,36.9126212,34.142860999999996,37.365539,33.67178575,37.83661425
2023-07-20 14:00:00,35.8,35.1446,33.9861788,36.303021199999996,33.533260999999996,36.755939,33.06218575,37.227014249999996
2023-07-20 15:00:00,35.5,33.523308,32.3648868,34.6817292,31.911969,35.134647,31.44089375,35.60572225
2023-07-20 16:00:00,34.6,32.89333,31.7349088,34.0517512,31.281990999999998,34.504669,30.81091575,34.97574425
2023-07-20 17:00:00,34.5,32.174816,31.0163948,33.3332372,30.563477,33.786155,30.09240175,34.25723025
2023-07-20 18:00:00,33.3,31.227499,30.069077800000002,32.3859202,29.61616,32.838838,29.145084750000002,33.30991325
2023-07-20 19:00:00,32.3,31.126654,29.9682328,32.285075199999994,29.515314999999998,32.737992999999996,29.04423975,33.209068249999994
2023-07-20 20:00:00,31.5,31.013458,29.8550368,32.1718792,29.402119,32.624797,28.93104375,33.09587225
2023-07-20 21:00:00,30.8,30.543894,29.385472800000002,31.7023152,28.932555,32.155233,28.461479750000002,32.62630825
2023-07-20 22:00:00,30.2,30.40702,29.2485988,31.5654412,28.795681,32.018359,28.32460575,32.489434249999995
2023-07-20 23:00:00,29.8,29.840477,28.6820558,30.9988982,28.229138,31.451816,27.75806275,31.92289125
2023-07-21 00:00:00,29.5,29.119574,27.9611528,30.2779952,27.508235,30.730913,27.03715975,31.20198825
2023-07-21 01:00:00,29.2,28.798328,27.639906800000002,29.9567492,27.186989,30.409667000000002,26.715913750000002,30.88074225
2023-07-21 02:00:00,28.8,28.708479,27.5500578,29.8669002,27.09714,30.319818,26.62606475,30.79089325
2023-07-21 03:00:00,27.9,28.614523,27.4561018,29.772944199999998,27.003183999999997,30.225862,26.53210875,30.696937249999998
2023-07-21 04:00:00,27.8,28.700119,27.5416978,29.8585402,27.08878,30.311458000000002,26.61770475,30.78253325
2023-07-21 05:00:00,29.5,28.7536,27.5951788,29.912021199999998,27.142260999999998,30.364939,26.67118575,30.836014249999998
2023-07-21 06:00:00,30.0,29.018185,27.8597638,30.1766062,27.406845999999998,30.629524,26.93577075,31.10059925
2023-07-21 07:00:00,30.2,29.641708,28.483286800000002,30.8001292,28.030369,31.253047000000002,27.559293750000002,31.72412225
2023-07-21 08:00:00,30.3,30.407305,29.2488838,31.5657262,28.795966,32.018644,28.32489075,32.48971925
2023-07-21 09:00:00,31.4,31.644617,30.4861958,32.803038199999996,30.033278,33.255956,29.56220275,33.727031249999996
2023-07-21 10:00:00,32.4,32.62062,31.462198800000003,33.7790412,31.009281,34.231959,30.538205750000003,34.70303425
2023-07-21 11:00:00,33.0,33.635002,32.4765808,34.7934232,32.023663,35.246341,31.55258775,35.71741625
2023-07-21 12:00:00,34.4,35.42287,34.264448800000004,36.5812912,33.811531,37.034209000000004,33.340455750000004,37.50528425
2023-07-21 13:00:00,33.6,35.694553,34.5361318,36.8529742,34.083214,37.305892,33.61213875,37.77696725
2023-07-21 14:00:00,34.6,35.323833,34.1654118,36.4822542,33.712494,36.935172,33.24141875,37.40624725
2023-07-21 15:00:00,33.7,34.20824,33.049818800000004,35.3666612,32.596901,35.819579000000004,32.125825750000004,36.29065425
2023-07-21 16:00:00,33.4,33.243248,32.0848268,34.4016692,31.631909,34.854587,31.160833750000002,35.32566225
2023-07-21 17:00:00,31.9,32.7107,31.552278800000003,33.8691212,31.099361000000002,34.322039000000004,30.628285750000003,34.79311425
2023-07-21 18:00:00,30.3,31.356152,30.197730800000002,32.5145732,29.744813,32.967491,29.273737750000002,33.43856625
2023-07-21 19:00:00,30.3,31.20952,30.051098800000002,32.3679412,29.598181,32.820859,29.127105750000002,33.29193425
2023-07-21 20:00:00,30.2,30.769396,29.6109748,31.9278172,29.158057,32.380735,28.68698175,32.85181025
2023-07-21 21:00:00,30.2,29.694746,28.5363248,30.853167199999998,28.083406999999998,31.306085,27.61233175,31.777160249999998
2023-07-21 22:00:00,29.9,29.777,28.6185788,30.9354212,28.165661,31.388339000000002,27.69458575,31.85941425
2023-07-21 23:00:00,29.3,29.563766,28.4053448,30.7221872,27.952427,31.175105000000002,27.48135175,31.64618025
2023-07-22 00:00:00,29.2,29.173615,28.015193800000002,30.3320362,27.562276,30.784954000000003,27.091200750000002,31.25602925
2023-07-22 01:00:00,28.0,28.880133,27.7217118,30.0385542,27.268794,30.491472,26.79771875,30.96254725
2023-07-22 02:00:00,26.1,28.790167,27.6317458,29.9485882,27.178828,30.401506,26.70775275,30.87258125
2023-07-22 03:00:00,25.9,28.367489,27.2090678,29.5259102,26.756149999999998,29.978828,26.28507475,30.44990325
2023-07-22 04:00:00,25.7,28.040726,26.8823048,29.1991472,26.429387,29.652065,25.95831175,30.12314025
2023-07-22 05:00:00,26.1,28.44445,27.2860288,29.6028712,26.833111,30.055789,26.36203575,30.52686425
2023-07-22 06:00:00,26.2,29.072853,27.9144318,30.231274199999998,27.461513999999998,30.684192,26.99043875,31.155267249999998
2023-07-22 07:00:00,26.7,29.829449,28.6710278,30.9878702,28.21811,31.440788,27.74703475,31.91186325
2023-07-22 08:00:00,27.2,30.541145,29.3827238,31.6995662,28.929806,32.152484,28.45873075,32.62355925
2023-07-22 09:00:00,28.0,31.336843,30.1784218,32.495264199999994,29.725503999999997,32.948181999999996,29.25442875,33.419257249999994
2023-07-22 10:00:00,28.4,32.31565,31.1572288,33.4740712,30.704310999999997,33.926989,30.23323575,34.39806425
2023-07-22 11:00:00,28.4,33.166824,32.0084028,34.3252452,31.555484999999997,34.778163,31.08440975,35.24923825
2023-07-22 12:00:00,28.7,34.3926,33.2341788,35.5510212,32.781261,36.003939,32.31018575,36.47501425
2023-07-22 13:00:00,28.8,34.621647,33.463225800000004,35.7800682,33.010308,36.232986000000004,32.539232750000004,36.70406125
2023-07-22 14:00:00,28.6,34.68703,33.5286088,35.8454512,33.075691,36.298369,32.60461575,36.76944425
2023-07-22 15:00:00,29.0,33.352158,32.1937368,34.5105792,31.740819000000002,34.963497000000004,31.269743750000004,35.43457225
2023-07-22 16:00:00,28.8,32.16082,31.0023988,33.3192412,30.549481,33.772159,30.07840575,34.24323425
2023-07-22 17:00:00,28.3,31.935417,30.7769958,33.0938382,30.324078,33.546756,29.85300275,34.01783125
2023-07-22 18:00:00,25.8,30.62101,29.4625888,31.779431199999998,29.009670999999997,32.232349,28.53859575,32.70342425
2023-07-22 19:00:00,25.9,29.635384,28.4769628,30.793805199999998,28.024044999999997,31.246723,27.55296975,31.717798249999998
2023-07-22 20:00:00,26.0,29.35516,28.196738800000002,30.5135812,27.743821,30.966499000000002,27.272745750000002,31.43757425
2023-07-22 21:00:00,26.3,29.32732,28.1688988,30.4857412,27.715981,30.938659,27.24490575,31.40973425
2023-07-22 22:00:00,26.4,29.42758,28.2691588,30.5860012,27.816240999999998,31.038919,27.34516575,31.50999425
2023-07-22 23:00:00,26.3,28.623854,27.465432800000002,29.7822752,27.012515,30.235193000000002,26.541439750000002,30.70626825
2023-07-23 00:00:00,26.4,28.398445,27.2400238,29.556866199999998,26.787105999999998,30.009784,26.31603075,30.480859249999998
2023-07-23 01:00:00,26.2,27.978764,26.820342800000002,29.1371852,26.367425,29.590103000000003,25.896349750000002,30.06117825
2023-07-23 02:00:00,25.7,27.423775,26.2653538,28.5821962,25.812435999999998,29.035114,25.34136075,29.50618925
2023-07-23 03:00:00,25.6,27.044312,25.885890800000002,28.2027332,25.432973,28.655651000000002,24.961897750000002,29.12672625
2023-07-23 04:00:00,25.5,26.5784,25.4199788,27.736821199999998,24.967060999999998,28.189739,24.49598575,28.660814249999998
2023-07-23 05:00:00,25.8,26.820248,25.6618268,27.9786692,25.208909,28.431587,24.73783375,28.90266225
2023-07-23 06:00:00,26.1,27.455992,26.2975708,28.614413199999998,25.844652999999997,29.067331,25.37357775,29.538406249999998
2023-07-23 07:00:00,26.8,27.934385,26.7759638,29.0928062,26.323045999999998,29.545724,25.85197075,30.01679925
2023-07-23 08:00:00,27.4,28.382961,27.224539800000002,29.5413822,26.771622,29.994300000000003,26.300546750000002,30.46537525
2023-07-23 09:00:00,27.8,29.280367,28.1219458,30.438788199999998,27.669027999999997,30.891706,27.19795275,31.362781249999998
2023-07-23 10:00:00,28.5,30.205605,29.0471838,31.364026199999998,28.594265999999998,31.816944,28.12319075,32.28801925
2023-07-23 11:00:00,29.5,31.134573,29.9761518,32.292994199999995,29.523234,32.745912,29.05215875,33.216987249999995
2023-07-23 12:00:00,29.4,31.721987,30.5635658,32.8804082,30.110647999999998,33.333326,29.63957275,33.80440125
2023-07-23 13:00:00,29.2,31.553085,30.3946638,32.711506199999995,29.941746,33.164424,29.47067075,33.635499249999995
2023-07-23 14:00:00,29.1,30.527895,29.3694738,31.6863162,28.916556,32.139234,28.44548075,32.61030925
2023-07-23 15:00:00,28.6,30.849125,29.6907038,32.0075462,29.237786,32.460464,28.76671075,32.93153925
2023-07-23 16:00:00,28.8,30.651659,29.4932378,31.810080199999998,29.040319999999998,32.262997999999996,28.56924475,32.734073249999994
2023-07-23 17:00:00,27.1,29.250767,28.0923458,30.4091882,27.639428,30.862106,27.16835275,31.33318125
2023-07-23 18:00:00,26.2,27.970545,26.812123800000002,29.1289662,26.359206,29.581884000000002,25.888130750000002,30.05295925
2023-07-23 19:00:00,26.2,27.963186,26.8047648,29.1216072,26.351847,29.574525,25.88077175,30.04560025
2023-07-23 20:00:00,25.9,28.404419,27.2459978,29.5628402,26.79308,30.015758,26.32200475,30.48683325
2023-07-23 21:00:00,26.0,28.063719,26.9052978,29.2221402,26.452379999999998,29.675058,25.98130475,30.14613325
2023-07-23 22:00:00,25.7,27.99147,26.8330488,29.1498912,26.380131,29.602809,25.90905575,30.07388425
2023-07-23 23:00:00,25.5,27.601206,26.442784800000002,28.7596272,25.989867,29.212545000000002,25.518791750000002,29.68362025
2023-07-24 00:00:00,25.5,27.29995,26.1415288,28.4583712,25.688610999999998,28.911289,25.21753575,29.38236425
2023-07-24 01:00:00,25.4,26.919584,25.7611628,28.0780052,25.308245,28.530923,24.83716975,29.00199825
2023-07-24 02:00:00,24.9,26.32907,25.170648800000002,27.4874912,24.717731,27.940409000000002,24.246655750000002,28.41148425
2023-07-24 03:00:00,24.7,26.198885,25.0404638,27.3573062,24.587546,27.810224,24.11647075,28.28129925
2023-07-24 04:00:00,24.7,26.031652,24.8732308,27.1900732,24.420313,27.642991000000002,23.94923775,28.11406625
2023-07-24 05:00:00,25.1,26.318962,25.1605408,27.4773832,24.707622999999998,27.930301,24.23654775,28.40137625
2023-07-24 06:00:00,25.3,27.059141,25.9007198,28.2175622,25.447802,28.67048,24.97672675,29.14155525
2023-07-24 07:00:00,25.8,27.419744,26.261322800000002,28.5781652,25.808405,29.031083000000002,25.337329750000002,29.50215825
2023-07-24 08:00:00,26.6,28.16415,27.0057288,29.3225712,26.552811,29.775489,26.08173575,30.24656425
2023-07-24 09:00:00,27.4,28.870321,27.7118998,30.0287422,27.258982,30.48166,26.78790675,30.95273525
2023-07-24 10:00:00,28.1,29.761389,28.602967800000002,30.9198102,28.15005,31.372728000000002,27.678974750000002,31.84380325
2023-07-24 11:00:00,28.4,30.552502,29.3940808,31.7109232,28.941163,32.163841,28.47008775,32.634916249999996
2023-07-24 12:00:00,28.2,30.33638,29.1779588,31.494801199999998,28.725040999999997,31.947719,28.25396575,32.41879425
2023-07-24 13:00:00,28.2,30.437035,29.278613800000002,31.5954562,28.825696,32.048374,28.354620750000002,32.51944925
2023-07-24 14:00:00,28.5,30.098307,28.9398858,31.256728199999998,28.486967999999997,31.709646,28.01589275,32.18072125
2023-07-24 15:00:00,28.6,29.784998,28.626576800000002,30.9434192,28.173659,31.396337000000003,27.702583750000002,31.86741225
2023-07-24 16:00:00,28.3,29.527313,28.3688918,30.6857342,27.915974,31.138652,27.44489875,31.60972725
2023-07-24 17:00:00,26.8,28.589678,27.4312568,29.7480992,26.978339,30.201017,26.50726375,30.67209225
2023-07-24 18:00:00,26.4,27.550732,26.3923108,28.7091532,25.939393,29.162071,25.46831775,29.63314625
2023-07-24 19:00:00,26.1,27.678389,26.5199678,28.8368102,26.06705,29.289728,25.59597475,29.76080325
2023-07-24 20:00:00,25.9,27.393005,26.2345838,28.551426199999998,25.781665999999998,29.004344,25.31059075,29.475419249999998
2023-07-24 21:00:00,25.8,27.393225,26.2348038,28.5516462,25.781886,29.004564000000002,25.31081075,29.47563925
2023-07-24 22:00:00,25.7,27.066126,25.9077048,28.2245472,25.454787,28.677465,24.98371175,29.14854025
2023-07-24 23:00:00,25.6,26.839363,25.6809418,27.997784199999998,25.228023999999998,28.450702,24.75694875,28.921777249999998
2023-07-25 00:00:00,25.4,26.356308,25.1978868,27.514729199999998,24.744968999999998,27.967647,24.27389375,28.438722249999998
2023-07-25 01:00:00,25.2,26.166468,25.0080468,27.324889199999998,24.555128999999997,27.777807,24.08405375,28.248882249999998
2023-07-25 02:00:00,25.1,25.792528,24.6341068,26.9509492,24.181189,27.403867,23.71011375,27.87494225
2023-07-25 03:00:00,25.0,25.513672,24.3552508,26.6720932,23.902333,27.125011,23.43125775,27.59608625
2023-07-25 04:00:00,25.1,25.437147,24.2787258,26.5955682,23.825808,27.048486,23.35473275,27.51956125
2023-07-25 05:00:00,25.6,25.867727,24.7093058,27.026148199999998,24.256387999999998,27.479066,23.78531275,27.950141249999998
2023-07-25 06:00:00,25.6,26.394535,25.236113800000002,27.5529562,24.783196,28.005874000000002,24.312120750000002,28.47694925
2023-07-25 07:00:00,26.1,27.243673,26.0852518,28.4020942,25.632334,28.855012000000002,25.161258750000002,29.32608725
2023-07-25 08:00:00,26.5,28.054995,26.896573800000002,29.2134162,26.443656,29.666334000000003,25.972580750000002,30.13740925
2023-07-25 09:00:00,26.5,28.511261,27.3528398,29.6696822,26.899922,30.122600000000002,26.42884675,30.59367525
2023-07-25 10:00:00,26.9,29.363281,28.2048598,30.5217022,27.751942,30.97462,27.28086675,31.44569525
2023-07-25 11:00:00,26.7,30.525185,29.3667638,31.6836062,28.913846,32.136524,28.44277075,32.60759925
2023-07-25 12:00:00,27.2,31.026213,29.8677918,32.1846342,29.414873999999998,32.637552,28.94379875,33.10862725
2023-07-25 13:00:00,28.0,30.863049,29.7046278,32.021470199999996,29.25171,32.474388,28.78063475,32.945463249999996
2023-07-25 14:00:00,28.6,30.248795,29.090373800000002,31.4072162,28.637456,31.860134000000002,28.166380750000002,32.33120925
2023-07-25 15:00:00,28.4,29.99203,28.8336088,31.1504512,28.380691,31.603369,27.90961575,32.07444425
2023-07-25 16:00:00,28.7,29.830774,28.672352800000002,30.9891952,28.219435,31.442113000000003,27.748359750000002,31.91318825
2023-07-25 17:00:00,28.8,28.967707,27.8092858,30.1261282,27.356368,30.579046,26.88529275,31.05012125
2023-07-25 18:00:00,28.3,28.181877,27.0234558,29.3402982,26.570538,29.793216,26.09946275,30.26429125
2023-07-25 19:00:00,27.8,27.682594,26.524172800000002,28.8410152,26.071255,29.293933000000003,25.600179750000002,29.76500825
2023-07-25 20:00:00,27.3,27.5517,26.3932788,28.7101212,25.940361,29.163039,25.46928575,29.63411425
2023-07-25 21:00:00,26.6,27.383343,26.2249218,28.5417642,25.772004,28.994682,25.30092875,29.46575725
2023-07-25 22:00:00,26.0,27.131771,25.9733498,28.2901922,25.520432,28.74311,25.04935675,29.21418525
2023-07-25 23:00:00,25.8,26.950985,25.7925638,28.1094062,25.339646,28.562324,24.86857075,29.03339925
2023-07-26 00:00:00,25.8,26.274992,25.1165708,27.4334132,24.663653,27.886331000000002,24.19257775,28.35740625
2023-07-26 01:00:00,25.7,26.116768,24.9583468,27.2751892,24.505429,27.728107,24.03435375,28.19918225
2023-07-26 02:00:00,25.5,25.948792,24.7903708,27.1072132,24.337453,27.560131000000002,23.86637775,28.03120625
2023-07-26 03:00:00,25.7,25.729633,24.5712118,26.8880542,24.118294,27.340972,23.64721875,27.81204725
2023-07-26 04:00:00,25.9,25.720999,24.5625778,26.8794202,24.109659999999998,27.332338,23.63858475,27.80341325
2023-07-26 05:00:00,26.4,26.190712,25.032290800000002,27.3491332,24.579373,27.802051000000002,24.108297750000002,28.27312625
2023-07-26 06:00:00,26.6,26.406862,25.2484408,27.5652832,24.795523,28.018201,24.32444775,28.48927625
2023-07-26 07:00:00,27.5,27.364073,26.205651800000002,28.5224942,25.752734,28.975412000000002,25.281658750000002,29.44648725
2023-07-26 08:00:00,29.2,28.244612,27.0861908,29.4030332,26.633273,29.855951,26.16219775,30.32702625
2023-07-26 09:00:00,30.6,28.834425,27.6760038,29.9928462,27.223086,30.445764,26.75201075,30.91683925
2023-07-26 10:00:00,31.4,29.34798,28.1895588,30.5064012,27.736641,30.959319,27.26556575,31.43039425
2023-07-26 11:00:00,32.2,29.513334,28.3549128,30.6717552,27.901995,31.124673,27.43091975,31.59574825
2023-07-26 12:00:00,33.3,30.29559,29.1371688,31.4540112,28.684251,31.906929,28.21317575,32.37800425
2023-07-26 13:00:00,34.1,30.774529,29.6161078,31.9329502,29.16319,32.385868,28.692114750000002,32.85694325
2023-07-26 14:00:00,34.5,30.166807,29.0083858,31.325228199999998,28.555467999999998,31.778146,28.08439275,32.24922125
2023-07-26 15:00:00,34.6,29.996155,28.837733800000002,31.1545762,28.384816,31.607494000000003,27.913740750000002,32.07856925
2023-07-26 16:00:00,33.8,29.724327,28.5659058,30.882748199999998,28.112987999999998,31.335666,27.64191275,31.806741249999998
2023-07-26 17:00:00,32.1,29.14085,27.9824288,30.2992712,27.529511,30.752189,27.05843575,31.22326425
2023-07-26 18:00:00,30.7,28.46651,27.3080888,29.6249312,26.855171,30.077849,26.38409575,30.54892425
2023-07-26 19:00:00,29.8,28.172724,27.0143028,29.331145199999998,26.561384999999998,29.784063,26.09030975,30.255138249999998
2023-07-26 20:00:00,29.1,27.750835,26.5924138,28.909256199999998,26.139495999999998,29.362174,25.66842075,29.833249249999998
2023-07-26 21:00:00,29.7,27.563272,26.404850800000002,28.7216932,25.951933,29.174611000000002,25.480857750000002,29.64568625
2023-07-26 22:00:00,29.0,27.300106,26.1416848,28.4585272,25.688767,28.911445,25.21769175,29.38252025
2023-07-26 23:00:00,28.8,26.81129,25.6528688,27.9697112,25.199951,28.422629,24.72887575,28.89370425
2023-07-27 00:00:00,28.3,26.389244,25.230822800000002,27.5476652,24.777905,28.000583000000002,24.306829750000002,28.47165825
2023-07-27 01:00:00,28.1,26.035751,24.877329800000002,27.1941722,24.424412,27.647090000000002,23.953336750000002,28.11816525
2023-07-27 02:00:00,28.0,25.81569,24.6572688,26.9741112,24.204351,27.427029,23.73327575,27.89810425
2023-07-27 03:00:00,27.6,25.85465,24.6962288,27.0130712,24.243311,27.465989,23.77223575,27.93706425
2023-07-27 04:00:00,27.0,26.164331,25.0059098,27.3227522,24.552992,27.77567,24.08191675,28.24674525
2023-07-27 05:00:00,27.1,26.502134,25.343712800000002,27.6605552,24.890795,28.113473000000003,24.419719750000002,28.58454825
2023-07-27 06:00:00,27.3,26.622393,25.4639718,27.7808142,25.011053999999998,28.233732,24.53997875,28.704807249999998
2023-07-27 07:00:00,28.3,27.539757,26.381335800000002,28.6981782,25.928418,29.151096000000003,25.457342750000002,29.62217125
2023-07-27 08:00:00,29.7,28.806608,27.6481868,29.9650292,27.195269,30.417947,26.72419375,30.88902225
2023-07-27 09:00:00,30.9,30.467855,29.3094338,31.6262762,28.856516,32.079194,28.38544075,32.55026925
2023-07-27 10:00:00,32.0,31.708002,30.5495808,32.8664232,30.096663,33.319341,29.62558775,33.79041625
2023-07-27 11:00:00,33.1,32.3755,31.217078800000003,33.5339212,30.764161,33.986839,30.293085750000003,34.45791425
2023-07-27 12:00:00,34.5,33.007824,31.8494028,34.1662452,31.396485,34.619163,30.92540975,35.09023825
2023-07-27 13:00:00,35.0,33.36711,32.2086888,34.525531199999996,31.755770999999996,34.978449,31.284695749999997,35.449524249999996
2023-07-27 14:00:00,35.3,33.222084,32.0636628,34.3805052,31.610745,34.833423,31.139669750000003,35.30449825
2023-07-27 15:00:00,35.1,33.00713,31.848708799999997,34.165551199999996,31.395790999999996,34.618469,30.924715749999997,35.089544249999996
2023-07-27 16:00:00,34.7,31.750788,30.5923668,32.9092092,30.139449,33.362127,29.66837375,33.83320225
2023-07-27 17:00:00,33.4,30.369099,29.2106778,31.527520199999998,28.757759999999998,31.980438,28.28668475,32.45151325
2023-07-27 18:00:00,31.9,29.709826,28.5514048,30.8682472,28.098487,31.321165,27.62741175,31.79224025
2023-07-27 19:00:00,30.2,29.104044,27.9456228,30.262465199999998,27.492704999999997,30.715383,27.02162975,31.186458249999998
2023-07-27 20:00:00,30.2,28.810186,27.651764800000002,29.9686072,27.198847,30.421525000000003,26.727771750000002,30.89260025
2023-07-27 21:00:00,29.4,28.871778,27.7133568,30.0301992,27.260438999999998,30.483117,26.78936375,30.95419225
2023-07-27 22:00:00,29.8,28.675995,27.5175738,29.8344162,27.064656,30.287334,26.59358075,30.75840925
2023-07-27 23:00:00,30.1,28.24317,27.0847488,29.4015912,26.631831,29.854509,26.16075575,30.32558425
2023-07-28 00:00:00,29.1,27.902699,26.7442778,29.061120199999998,26.291359999999997,29.514038,25.82028475,29.985113249999998
2023-07-28 01:00:00,28.4,27.660084,26.501662800000002,28.8185052,26.048745,29.271423000000002,25.577669750000002,29.74249825
2023-07-28 02:00:00,28.0,27.346,26.1875788,28.5044212,25.734661,28.957339,25.26358575,29.42841425
2023-07-28 03:00:00,27.8,27.314274,26.1558528,28.4726952,25.702935,28.925613000000002,25.23185975,29.39668825
2023-07-28 04:00:00,27.5,27.075766,25.917344800000002,28.2341872,25.464427,28.687105000000003,24.993351750000002,29.15818025
2023-07-28 05:00:00,28.0,26.954094,25.795672800000002,28.1125152,25.342755,28.565433000000002,24.871679750000002,29.03650825
2023-07-28 06:00:00,28.1,27.232222,26.0738008,28.3906432,25.620883,28.843561,25.14980775,29.31463625
2023-07-28 07:00:00,28.8,28.105843,26.9474218,29.2642642,26.494504,29.717182,26.02342875,30.18825725
2023-07-28 08:00:00,30.0,29.340347,28.181925800000002,30.4987682,27.729008,30.951686000000002,27.257932750000002,31.42276125
2023-07-28 09:00:00,31.1,30.855785,29.6973638,32.0142062,29.244446,32.467124,28.77337075,32.93819925
2023-07-28 10:00:00,32.4,32.33817,31.1797488,33.4965912,30.726830999999997,33.949509,30.25575575,34.42058425
2023-07-28 11:00:00,33.5,32.728767,31.5703458,33.8871882,31.117427999999997,34.340106,30.64635275,34.81118125
2023-07-28 12:00:00,34.3,34.012905,32.854483800000004,35.1713262,32.401566,35.624244000000004,31.930490750000004,36.09531925
2023-07-28 13:00:00,35.0,34.23689,33.0784688,35.3953112,32.625551,35.848229,32.15447575,36.31930425
2023-07-28 14:00:00,35.4,34.030678,32.8722568,35.1890992,32.419339,35.642017,31.948263750000002,36.11309225
2023-07-28 15:00:00,35.5,33.54233,32.3839088,34.7007512,31.930991,35.153669,31.45991575,35.62474425
2023-07-28 16:00:00,34.8,33.18605,32.0276288,34.3444712,31.574711,34.797389,31.103635750000002,35.26846425
2023-07-28 17:00:00,33.7,31.645163,30.4867418,32.803584199999996,30.033824,33.256502,29.56274875,33.727577249999996
2023-07-28 18:00:00,31.5,30.304108,29.1456868,31.4625292,28.692769,31.915447,28.22169375,32.38652225
2023-07-28 19:00:00,30.3,30.0908,28.932378800000002,31.2492212,28.479461,31.702139000000003,28.008385750000002,32.17321425
2023-07-28 20:00:00,31.2,29.825603,28.6671818,30.9840242,28.214264,31.436942000000002,27.74318875,31.90801725
2023-07-28 21:00:00,31.6,29.460285,28.3018638,30.6187062,27.848945999999998,31.071624,27.37787075,31.54269925
2023-07-28 22:00:00,30.2,29.285673,28.1272518,30.4440942,27.674333999999998,30.897012,27.20325875,31.36808725
2023-07-28 23:00:00,29.6,29.303709,28.145287800000002,30.4621302,27.69237,30.915048000000002,27.221294750000002,31.38612325
2023-07-29 00:00:00,29.5,28.602745,27.4443238,29.761166199999998,26.991405999999998,30.214084,26.52033075,30.685159249999998
2023-07-29 01:00:00,28.9,28.052502,26.8940808,29.2109232,26.441163,29.663841,25.97008775,30.13491625
2023-07-29 02:00:00,28.7,27.953512,26.7950908,29.1119332,26.342173,29.564851,25.87109775,30.03592625
2023-07-29 03:00:00,28.3,27.676006,26.5175848,28.8344272,26.064667,29.287345000000002,25.59359175,29.75842025
2023-07-29 04:00:00,28.2,27.657013,26.4985918,28.8154342,26.045673999999998,29.268352,25.57459875,29.73942725
2023-07-29 05:00:00,28.7,27.736914,26.5784928,28.895335199999998,26.125574999999998,29.348253,25.65449975,29.819328249999998
2023-07-29 06:00:00,28.7,27.52184,26.3634188,28.6802612,25.910501,29.133179000000002,25.43942575,29.60425425
2023-07-29 07:00:00,29.3,28.31233,27.1539088,29.4707512,26.700991,29.923669,26.22991575,30.39474425
2023-07-29 08:00:00,30.4,29.819777,28.6613558,30.978198199999998,28.208437999999997,31.431116,27.73736275,31.902191249999998
2023-07-29 09:00:00,31.5,31.103699,29.9452778,32.2621202,29.492359999999998,32.715038,29.02128475,33.18611325
2023-07-29 10:00:00,32.5,32.14813,30.989708800000002,33.3065512,30.536791,33.759469,30.065715750000003,34.23054425
2023-07-29 11:00:00,33.5,33.152027,31.993605799999997,34.310448199999996,31.540687999999996,34.763366,31.069612749999997,35.234441249999996
2023-07-29 12:00:00,34.1,34.332493,33.1740718,35.4909142,32.721154,35.943832,32.25007875,36.41490725
2023-07-29 13:00:00,34.7,34.283222,33.1248008,35.4416432,32.671883,35.894561,32.20080775,36.36563625
2023-07-29 14:00:00,35.2,34.139412,32.9809908,35.2978332,32.528073,35.750751,32.05699775,36.22182625
2023-07-29 15:00:00,35.5,33.90341,32.7449888,35.0618312,32.292071,35.514749,31.82099575,35.98582425
2023-07-29 16:00:00,34.6,32.973015,31.814593799999997,34.131436199999996,31.361675999999996,34.584354,30.890600749999997,35.055429249999996
2023-07-29 17:00:00,32.4,32.362263,31.2038418,33.5206842,30.750923999999998,33.973602,30.27984875,34.44467725
2023-07-29 18:00:00,31.8,30.89553,29.7371088,32.0539512,29.284191,32.506869,28.81311575,32.97794425
2023-07-29 19:00:00,30.2,29.650072,28.491650800000002,30.8084932,28.038733,31.261411000000003,27.567657750000002,31.73248625
2023-07-29 20:00:00,29.3,30.215591,29.0571698,31.3740122,28.604252,31.82693,28.13317675,32.298005249999996
2023-07-29 21:00:00,29.6,30.428516,29.2700948,31.586937199999998,28.817176999999997,32.039854999999996,28.34610175,32.510930249999994
2023-07-29 22:00:00,29.1,29.430742,28.2723208,30.589163199999998,27.819402999999998,31.042081,27.34832775,31.513156249999998
2023-07-29 23:00:00,28.8,29.093845,27.935423800000002,30.2522662,27.482506,30.705184000000003,27.011430750000002,31.17625925
2023-07-30 00:00:00,28.5,28.543152,27.3847308,29.7015732,26.931813,30.154491,26.46073775,30.62556625
2023-07-30 01:00:00,28.4,28.35496,27.1965388,29.513381199999998,26.743620999999997,29.966299,26.27254575,30.437374249999998
2023-07-30 02:00:00,28.6,27.986025,26.827603800000002,29.1444462,26.374686,29.597364000000002,25.903610750000002,30.06843925
2023-07-30 03:00:00,28.4,27.662271,26.5038498,28.8206922,26.050932,29.27361,25.57985675,29.74468525
2023-07-30 04:00:00,28.1,27.621885,26.4634638,28.7803062,26.010545999999998,29.233224,25.53947075,29.70429925
2023-07-30 05:00:00,29.0,27.928696,26.7702748,29.087117199999998,26.317356999999998,29.540035,25.84628175,30.011110249999998
2023-07-30 06:00:00,29.0,28.018654,26.860232800000002,29.1770752,26.407315,29.629993000000002,25.936239750000002,30.10106825
2023-07-30 07:00:00,29.6,28.83331,27.6748888,29.9917312,27.221971,30.444649000000002,26.75089575,30.91572425
2023-07-30 08:00:00,30.6,30.292435,29.1340138,31.4508562,28.681096,31.903774000000002,28.21002075,32.37484925
2023-07-30 09:00:00,31.4,31.427288,30.2688668,32.5857092,29.815949,33.038627,29.34487375,33.50970225
2023-07-30 10:00:00,32.6,32.098755,30.940333799999998,33.257176199999996,30.487415999999996,33.710094,30.016340749999998,34.181169249999996
2023-07-30 11:00:00,33.9,33.51375,32.3553288,34.6721712,31.902411,35.125089,31.431335750000002,35.59616425
2023-07-30 12:00:00,34.6,33.743343,32.584921800000004,34.9017642,32.132004,35.354682000000004,31.660928750000004,35.82575725
2023-07-30 13:00:00,34.8,34.227684,33.069262800000004,35.3861052,32.616345,35.839023000000005,32.145269750000004,36.31009825
2023-07-30 14:00:00,34.6,34.78629,33.6278688,35.9447112,33.174951,36.397629,32.70387575,36.86870425
2023-07-30 15:00:00,33.4,34.397957,33.2395358,35.5563782,32.786618,36.009296,32.31554275,36.48037125
2023-07-30 16:00:00,34.0,33.533524,32.3751028,34.6919452,31.922185,35.144863,31.45110975,35.61593825
2023-07-30 17:00:00,29.8,32.17112,31.012698800000003,33.3295412,30.559781,33.782459,30.088705750000003,34.25353425
2023-07-30 18:00:00,29.6,30.187078,29.0286568,31.3454992,28.575739,31.798417,28.10466375,32.26949225
2023-07-30 19:00:00,29.3,29.963797,28.8053758,31.1222182,28.352458,31.575136,27.88138275,32.04621125
2023-07-30 20:00:00,28.8,29.464415,28.3059938,30.6228362,27.853075999999998,31.075754,27.38200075,31.54682925
2023-07-30 21:00:00,28.1,29.810032,28.6516108,30.9684532,28.198693,31.421371,27.72761775,31.89244625
2023-07-30 22:00:00,27.9,29.303024,28.1446028,30.4614452,27.691685,30.914363,27.22060975,31.38543825
2023-07-30 23:00:00,27.8,28.76223,27.6038088,29.9206512,27.150890999999998,30.373569,26.67981575,30.844644249999998
2023-07-31 00:00:00,27.7,28.649446,27.4910248,29.8078672,27.038107,30.260785000000002,26.56703175,30.73186025
2023-07-31 01:00:00,27.4,28.253004,27.0945828,29.4114252,26.641665,29.864343,26.17058975,30.33541825
2023-07-31 02:00:00,27.4,28.123287,26.964865800000002,29.2817082,26.511948,29.734626000000002,26.040872750000002,30.20570125
2023-07-31 03:00:00,27.9,27.889557,26.7311358,29.0479782,26.278218,29.500896,25.80714275,29.97197125
2023-07-31 04:00:00,28.1,27.69939,26.5409688,28.8578112,26.088051,29.310729000000002,25.61697575,29.78180425
2023-07-31 05:00:00,29.0,28.48056,27.3221388,29.6389812,26.869221,30.091899,26.39814575,30.56297425
2023-07-31 06:00:00,29.1,28.355732,27.1973108,29.5141532,26.744393,29.967071,26.27331775,30.43814625
2023-07-31 07:00:00,29.5,29.09508,27.9366588,30.2535012,27.483741,30.706419,27.01266575,31.17749425
2023-07-31 08:00:00,30.5,30.274233,29.1158118,31.432654199999998,28.662893999999998,31.885572,28.19181875,32.356647249999995
2023-07-31 09:00:00,31.8,31.523102,30.364680800000002,32.6815232,29.911763,33.134441,29.440687750000002,33.60551625
2023-07-31 10:00:00,32.8,32.310036,31.151614799999997,33.468457199999996,30.698696999999996,33.921375,30.227621749999997,34.392450249999996
2023-07-31 11:00:00,33.8,33.358067,32.1996458,34.5164882,31.746727999999997,34.969406,31.27565275,35.44048125
2023-07-31 12:00:00,34.7,34.0156,32.8571788,35.1740212,32.404261,35.626939,31.93318575,36.09801425
2023-07-31 13:00:00,35.1,34.307503,33.1490818,35.465924199999996,32.696163999999996,35.918842,32.22508875,36.389917249999996
2023-07-31 14:00:00,35.2,34.1105,32.9520788,35.2689212,32.499161,35.721839,32.02808575,36.19291425
2023-07-31 15:00:00,33.9,33.267918,32.1094968,34.4263392,31.656579,34.879257,31.185503750000002,35.35033225
2023-07-31 16:00:00,30.9,32.647324,31.488902799999998,33.8057452,31.035984999999997,34.258663,30.564909749999998,34.72973825
2023-07-31 17:00:00,33.5,31.942995,30.7845738,33.101416199999996,30.331656,33.554334,29.86058075,34.025409249999996
2023-07-31 18:00:00,30.6,30.098549,28.9401278,31.256970199999998,28.487209999999997,31.709888,28.01613475,32.18096325
2023-07-31 19:00:00,29.7,29.81408,28.6556588,30.9725012,28.202741,31.425419,27.73166575,31.89649425
2023-07-31 20:00:00,30.1,28.992407,27.8339858,30.1508282,27.381068,30.603746,26.90999275,31.07482125
2023-07-31 21:00:00,30.9,28.479353,27.3209318,29.6377742,26.868014,30.090692,26.39693875,30.56176725
2023-07-31 22:00:00,30.1,28.305643,27.1472218,29.4640642,26.694304,29.916982,26.22322875,30.38805725
2023-07-31 23:00:00,29.5,28.075312,26.9168908,29.2337332,26.463973,29.686651,25.99289775,30.15772625
2023-08-01 00:00:00,29.2,27.664988,26.5065668,28.8234092,26.053649,29.276327000000002,25.58257375,29.74740225
2023-08-01 01:00:00,29.2,27.59725,26.4388288,28.7556712,25.985910999999998,29.208589,25.51483575,29.67966425
2023-08-01 02:00:00,29.1,27.494131,26.3357098,28.6525522,25.882792,29.10547,25.41171675,29.57654525
2023-08-01 03:00:00,28.9,27.432703,26.2742818,28.5911242,25.821364,29.044042,25.35028875,29.51511725
2023-08-01 04:00:00,28.4,27.287054,26.128632800000002,28.4454752,25.675715,28.898393000000002,25.204639750000002,29.36946825
2023-08-01 05:00:00,28.8,28.251635,27.0932138,29.4100562,26.640296,29.862974,26.16922075,30.33404925
2023-08-01 06:00:00,28.7,28.399574,27.241152800000002,29.5579952,26.788235,30.010913000000002,26.317159750000002,30.48198825
2023-08-01 07:00:00,29.4,29.118414,27.959992800000002,30.2768352,27.507075,30.729753000000002,27.035999750000002,31.20082825
2023-08-01 08:00:00,30.5,30.236858,29.078436800000002,31.3952792,28.625519,31.848197000000003,28.154443750000002,32.31927225
2023-08-01 09:00:00,31.6,31.594456,30.4360348,32.7528772,29.983117,33.205795,29.51204175,33.67687025
2023-08-01 10:00:00,32.6,32.22951,31.0710888,33.3879312,30.618170999999997,33.840849,30.14709575,34.31192425
2023-08-01 11:00:00,33.8,33.101585,31.9431638,34.2600062,31.490246,34.712924,31.01917075,35.18399925
2023-08-01 12:00:00,34.7,33.581573,32.4231518,34.7399942,31.970233999999998,35.192912,31.49915875,35.66398725
2023-08-01 13:00:00,35.5,33.921616,32.7631948,35.0800372,32.310277,35.532955,31.83920175,36.00403025
2023-08-01 14:00:00,36.0,33.816975,32.6585538,34.9753962,32.205636,35.428314,31.73456075,35.89938925
2023-08-01 15:00:00,36.0,33.008617,31.8501958,34.1670382,31.397278,34.619956,30.92620275,35.09103125
2023-08-01 16:00:00,35.9,31.81465,30.6562288,32.9730712,30.203311,33.425989,29.73223575,33.89706425
2023-08-01 17:00:00,34.7,30.135504,28.9770828,31.2939252,28.524165,31.746843000000002,28.05308975,32.21791825
2023-08-01 18:00:00,32.7,30.155983,28.9975618,31.3144042,28.544643999999998,31.767322,28.07356875,32.23839725
2023-08-01 19:00:00,32.3,29.210556,28.0521348,30.3689772,27.599217,30.821895,27.12814175,31.29297025
2023-08-01 20:00:00,31.4,29.311504,28.1530828,30.4699252,27.700165,30.922843,27.22908975,31.39391825
2023-08-01 21:00:00,30.7,29.542362,28.3839408,30.7007832,27.931023,31.153701,27.45994775,31.62477625
2023-08-01 22:00:00,30.3,29.053291,27.894869800000002,30.2117122,27.441952,30.664630000000002,26.970876750000002,31.13570525
2023-08-01 23:00:00,30.0,28.661964,27.5035428,29.8203852,27.050625,30.273303000000002,26.57954975,30.74437825
2023-08-02 00:00:00,30.1,28.377615,27.2191938,29.536036199999998,26.766275999999998,29.988954,26.29520075,30.460029249999998
2023-08-02 01:00:00,30.0,28.22369,27.065268800000002,29.3821112,26.612351,29.835029000000002,26.141275750000002,30.30610425
2023-08-02 02:00:00,29.6,28.215816,27.0573948,29.3742372,26.604477,29.827155,26.13340175,30.29823025
2023-08-02 03:00:00,29.2,28.064888,26.9064668,29.2233092,26.453549,29.676227,25.98247375,30.14730225
2023-08-02 04:00:00,28.5,27.835587,26.6771658,28.9940082,26.224248,29.446926,25.75317275,29.91800125
2023-08-02 05:00:00,28.7,28.13207,26.9736488,29.290491199999998,26.520730999999998,29.743409,26.04965575,30.214484249999998
2023-08-02 06:00:00,28.8,28.323421,27.1649998,29.4818422,26.712082,29.93476,26.24100675,30.40583525
2023-08-02 07:00:00,29.6,29.2693,28.110878800000002,30.4277212,27.657961,30.880639000000002,27.186885750000002,31.35171425
2023-08-02 08:00:00,31.0,30.517057,29.358635800000002,31.6754782,28.905718,32.128396,28.434642750000002,32.59947125
2023-08-02 09:00:00,32.3,32.101795,30.943373800000003,33.2602162,30.490456000000002,33.713134000000004,30.019380750000003,34.18420925
2023-08-02 10:00:00,33.6,32.904007,31.7455858,34.0624282,31.292668,34.515346,30.82159275,34.98642125
2023-08-02 11:00:00,34.6,33.708252,32.5498308,34.8666732,32.096913,35.319591,31.625837750000002,35.79066625
2023-08-02 12:00:00,35.8,35.02714,33.8687188,36.1855612,33.415801,36.638479000000004,32.94472575,37.10955425
2023-08-02 13:00:00,36.7,35.456257,34.2978358,36.6146782,33.844918,37.067596,33.37384275,37.53867125
2023-08-02 14:00:00,37.0,34.95651,33.7980888,36.1149312,33.345171,36.567849,32.87409575,37.03892425
2023-08-02 15:00:00,36.8,34.29451,33.1360888,35.4529312,32.683171,35.905849,32.21209575,36.37692425
2023-08-02 16:00:00,35.3,32.626163,31.4677418,33.7845842,31.014823999999997,34.237502,30.54374875,34.70857725
2023-08-02 17:00:00,31.8,32.634987,31.476565800000003,33.7934082,31.023648,34.246326,30.552572750000003,34.71740125
2023-08-02 18:00:00,30.4,30.202562,29.0441408,31.3609832,28.591223,31.813901,28.12014775,32.28497625
2023-08-02 19:00:00,29.5,29.59857,28.4401488,30.756991199999998,27.987230999999998,31.209909,27.51615575,31.680984249999998
2023-08-02 20:00:00,29.5,29.530605,28.372183800000002,30.6890262,27.919266,31.141944000000002,27.448190750000002,31.61301925
2023-08-02 21:00:00,29.3,28.855621,27.6971998,30.0140422,27.244282,30.46696,26.77320675,30.93803525
2023-08-02 22:00:00,29.2,28.769613,27.6111918,29.9280342,27.158274,30.380952,26.68719875,30.85202725
2023-08-02 23:00:00,29.0,28.607784,27.4493628,29.766205199999998,26.996444999999998,30.219123,26.52536975,30.690198249999998
2023-08-03 00:00:00,28.5,28.29904,27.140618800000002,29.4574612,26.687701,29.910379000000002,26.216625750000002,30.38145425
2023-08-03 01:00:00,28.1,28.653734,27.4953128,29.8121552,27.042395,30.265073,26.57131975,30.73614825
2023-08-03 02:00:00,27.7,28.644484,27.4860628,29.802905199999998,27.033144999999998,30.255823,26.56206975,30.726898249999998
2023-08-03 03:00:00,27.6,28.362734,27.2043128,29.5211552,26.751395,29.974073,26.28031975,30.44514825
2023-08-03 04:00:00,28.3,28.017784,26.8593628,29.1762052,26.406444999999998,29.629123,25.93536975,30.10019825
2023-08-03 05:00:00,28.2,28.307837,27.1494158,29.4662582,26.696498,29.919176,26.22542275,30.39025125
2023-08-03 06:00:00,28.0,28.334454,27.1760328,29.4928752,26.723115,29.945793000000002,26.25203975,30.41686825
2023-08-03 07:00:00,29.1,29.379375,28.2209538,30.5377962,27.768036,30.990714,27.29696075,31.46178925
2023-08-03 08:00:00,30.7,30.687872,29.5294508,31.846293199999998,29.076532999999998,32.299211,28.60545775,32.77028625
2023-08-03 09:00:00,31.9,32.24376,31.085338800000002,33.4021812,30.632421,33.855099,30.161345750000002,34.32617425
2023-08-03 10:00:00,33.2,33.52445,32.3660288,34.6828712,31.913111,35.135789,31.442035750000002,35.60686425
2023-08-03 11:00:00,34.9,34.22067,33.0622488,35.3790912,32.609331,35.832009,32.13825575,36.30308425
2023-08-03 12:00:00,35.9,35.56224,34.4038188,36.7206612,33.950901,37.173579000000004,33.47982575,37.64465425
2023-08-03 13:00:00,36.8,35.84212,34.6836988,37.0005412,34.230781,37.453459,33.75970575,37.92453425
2023-08-03 14:00:00,35.4,35.302437,34.1440158,36.4608582,33.691098,36.913776,33.22002275,37.38485125
2023-08-03 15:00:00,31.4,34.537254,33.3788328,35.6956752,32.925914999999996,36.148593,32.45483975,36.61966825
2023-08-03 16:00:00,31.2,32.939594,31.7811728,34.0980152,31.328255,34.550933,30.85717975,35.02200825
2023-08-03 17:00:00,31.9,31.931368,30.7729468,33.0897892,30.320028999999998,33.542707,29.84895375,34.01378225
2023-08-03 18:00:00,31.0,29.94848,28.7900588,31.1069012,28.337141,31.559819,27.86606575,32.030894249999996
2023-08-03 19:00:00,30.4,29.717436,28.5590148,30.8758572,28.106097,31.328775,27.63502175,31.79985025
2023-08-03 20:00:00,30.0,29.313545,28.155123800000002,30.4719662,27.702206,30.924884000000002,27.231130750000002,31.39595925
2023-08-03 21:00:00,29.9,29.461346,28.3029248,30.6197672,27.850006999999998,31.072685,27.37893175,31.54376025
2023-08-03 22:00:00,29.7,29.317448,28.1590268,30.475869199999998,27.706108999999998,30.928787,27.23503375,31.399862249999998
2023-08-03 23:00:00,29.4,29.151644,27.9932228,30.3100652,27.540305,30.762983000000002,27.06922975,31.23405825
2023-08-04 00:00:00,29.3,28.832624,27.6742028,29.9910452,27.221284999999998,30.443963,26.75020975,30.91503825
2023-08-04 01:00:00,29.1,28.652937,27.494515800000002,29.8113582,27.041598,30.264276000000002,26.570522750000002,30.73535125
2023-08-04 02:00:00,28.9,28.284653,27.1262318,29.443074199999998,26.673313999999998,29.895992,26.20223875,30.367067249999998
2023-08-04 03:00:00,28.7,28.175922,27.0175008,29.3343432,26.564583,29.787261,26.09350775,30.25833625
2023-08-04 04:00:00,28.3,27.842432,26.6840108,29.000853199999998,26.231092999999998,29.453771,25.76001775,29.924846249999998
2023-08-04 05:00:00,29.3,27.798523,26.6401018,28.9569442,26.187184,29.409862,25.71610875,29.88093725
2023-08-04 06:00:00,29.2,27.928785,26.770363800000002,29.0872062,26.317446,29.540124000000002,25.846370750000002,30.01119925
2023-08-04 07:00:00,30.5,28.787935,27.6295138,29.9463562,27.176596,30.399274000000002,26.70552075,30.87034925
2023-08-04 08:00:00,31.9,30.24843,29.0900088,31.4068512,28.637090999999998,31.859769,28.16601575,32.33084425
2023-08-04 09:00:00,33.0,31.58185,30.4234288,32.740271199999995,29.970511,33.193189,29.49943575,33.664264249999995
2023-08-04 10:00:00,34.3,33.04736,31.8889388,34.2057812,31.436020999999997,34.658699,30.96494575,35.12977425
2023-08-04 11:00:00,35.2,35.017258,33.8588368,36.1756792,33.405919,36.628597,32.93484375,37.09967225
2023-08-04 12:00:00,36.1,35.649174,34.4907528,36.8075952,34.037835,37.260513,33.56675975,37.73158825
2023-08-04 13:00:00,36.4,35.669426,34.5110048,36.8278472,34.058087,37.280765,33.58701175,37.75184025
2023-08-04 14:00:00,35.4,34.06514,32.9067188,35.2235612,32.453801,35.676479,31.98272575,36.14755425
2023-08-04 15:00:00,32.9,32.100945,30.942523800000004,33.2593662,30.489606000000002,33.712284000000004,30.018530750000004,34.18335925
2023-08-04 16:00:00,31.7,31.65191,30.4934888,32.8103312,30.040571,33.263249,29.56949575,33.73432425
2023-08-04 17:00:00,31.5,31.093035,29.9346138,32.2514562,29.481696,32.704374,29.01062075,33.17544925
2023-08-04 18:00:00,30.5,29.85393,28.6955088,31.012351199999998,28.242590999999997,31.465269,27.77151575,31.936344249999998
2023-08-04 19:00:00,29.8,29.761034,28.6026128,30.919455199999998,28.149694999999998,31.372373,27.67861975,31.843448249999998
2023-08-04 20:00:00,29.6,29.61756,28.4591388,30.7759812,28.006221,31.228899000000002,27.53514575,31.69997425
2023-08-04 21:00:00,29.4,29.400356,28.2419348,30.558777199999998,27.789016999999998,31.011695,27.31794175,31.482770249999998
2023-08-04 22:00:00,29.2,29.260527,28.1021058,30.4189482,27.649188,30.871866,27.17811275,31.34294125
2023-08-04 23:00:00,29.1,28.898787,27.7403658,30.057208199999998,27.287447999999998,30.510126,26.81637275,30.981201249999998
2023-08-05 00:00:00,28.9,28.524118,27.365696800000002,29.6825392,26.912779,30.135457000000002,26.441703750000002,30.60653225
2023-08-05 01:00:00,27.2,28.191526,27.0331048,29.3499472,26.580187,29.802865,26.10911175,30.27394025
2023-08-05 02:00:00,25.9,28.401815,27.2433938,29.5602362,26.790475999999998,30.013154,26.31940075,30.48422925
2023-08-05 03:00:00,25.0,28.160578,27.0021568,29.3189992,26.549239,29.771917000000002,26.07816375,30.24299225
2023-08-05 04:00:00,24.3,28.008383,26.8499618,29.166804199999998,26.397043999999998,29.619722,25.92596875,30.090797249999998
2023-08-05 05:00:00,27.2,28.757788,27.599366800000002,29.9162092,27.146449,30.369127000000002,26.675373750000002,30.84020225
2023-08-05 06:00:00,26.0,28.621319,27.4628978,29.7797402,27.00998,30.232658,26.53890475,30.70373325
2023-08-05 07:00:00,27.0,29.815134,28.6567128,30.9735552,28.203795,31.426473,27.73271975,31.89754825
2023-08-05 08:00:00,29.5,31.419952,30.2615308,32.578373199999994,29.808612999999998,33.031290999999996,29.33753775,33.502366249999994
2023-08-05 09:00:00,32.0,32.762188,31.603766800000002,33.9206092,31.150849,34.373527,30.679773750000003,34.84460225
2023-08-05 10:00:00,33.7,33.89168,32.7332588,35.0501012,32.280341,35.503019,31.80926575,35.97409425
2023-08-05 11:00:00,35.1,35.17758,34.0191588,36.3360012,33.566241,36.788919,33.09516575,37.25999425
2023-08-05 12:00:00,35.8,35.7995,34.6410788,36.9579212,34.188161,37.410839,33.71708575,37.88191425
2023-08-05 13:00:00,36.0,35.684536,34.5261148,36.8429572,34.073197,37.295875,33.60212175,37.76695025
2023-08-05 14:00:00,35.2,34.736263,33.5778418,35.8946842,33.124924,36.347602,32.65384875,36.81867725
2023-08-05 15:00:00,33.6,33.080704,31.922282799999998,34.2391252,31.469364999999996,34.692043,30.998289749999998,35.16311825
2023-08-05 16:00:00,33.2,31.70215,30.5437288,32.860571199999995,30.090811,33.313489,29.61973575,33.784564249999995
2023-08-05 17:00:00,32.7,30.936073,29.7776518,32.0944942,29.324734,32.547412,28.85365875,33.01848725
2023-08-05 18:00:00,31.5,30.19671,29.0382888,31.3551312,28.585371,31.808049,28.11429575,32.279124249999995
2023-08-05 19:00:00,30.9,29.727472,28.5690508,30.885893199999998,28.116132999999998,31.338811,27.64505775,31.809886249999998
2023-08-05 20:00:00,30.4,29.512014,28.3535928,30.6704352,27.900675,31.123353,27.42959975,31.59442825
2023-08-05 21:00:00,30.1,29.249329,28.0909078,30.4077502,27.63799,30.860668,27.16691475,31.33174325
2023-08-05 22:00:00,29.1,29.105988,27.9475668,30.2644092,27.494649,30.717327,27.02357375,31.18840225
2023-08-05 23:00:00,28.4,28.993738,27.8353168,30.1521592,27.382399,30.605077,26.91132375,31.07615225
2023-08-06 00:00:00,28.1,28.912066,27.7536448,30.0704872,27.300727,30.523405,26.82965175,30.99448025
2023-08-06 01:00:00,27.5,27.794666,26.6362448,28.9530872,26.183327,29.406005,25.71225175,29.87708025
2023-08-06 02:00:00,27.1,27.44454,26.2861188,28.6029612,25.833201,29.055879,25.36212575,29.52695425
2023-08-06 03:00:00,26.2,26.7334,25.5749788,27.8918212,25.122061,28.344739,24.65098575,28.81581425
2023-08-06 04:00:00,26.4,26.004547,24.8461258,27.162968199999998,24.393207999999998,27.615886,23.92213275,28.086961249999998
2023-08-06 05:00:00,26.8,27.18583,26.0274088,28.3442512,25.574491,28.797169,25.10341575,29.26824425
2023-08-06 06:00:00,27.2,27.412783,26.2543618,28.5712042,25.801444,29.024122000000002,25.33036875,29.49519725
2023-08-06 07:00:00,27.4,28.527966,27.3695448,29.6863872,26.916627,30.139305,26.44555175,30.61038025
2023-08-06 08:00:00,29.3,29.859875,28.7014538,31.018296199999998,28.248535999999998,31.471214,27.77746075,31.942289249999998
2023-08-06 09:00:00,31.4,31.769468,30.6110468,32.927889199999996,30.158129,33.380807,29.68705375,33.851882249999996
2023-08-06 10:00:00,33.7,33.23028,32.0718588,34.3887012,31.618941,34.841619,31.14786575,35.31269425
2023-08-06 11:00:00,35.1,34.4505,33.2920788,35.6089212,32.839161,36.061839,32.36808575,36.53291425
2023-08-06 12:00:00,35.6,35.0267,33.8682788,36.1851212,33.415361,36.638039,32.94428575,37.10911425
2023-08-06 13:00:00,35.6,34.509926,33.3515048,35.6683472,32.898587,36.121265,32.42751175,36.59234025
2023-08-06 14:00:00,35.3,33.59098,32.4325588,34.7494012,31.979641,35.202319,31.508565750000002,35.67339425
2023-08-06 15:00:00,33.1,32.518017,31.3595958,33.6764382,30.906678,34.129356,30.43560275,34.60043125
2023-08-06 16:00:00,32.0,31.949066,30.7906448,33.107487199999994,30.337726999999997,33.560404999999996,29.86665175,34.031480249999994
2023-08-06 17:00:00,30.3,31.536192,30.3777708,32.6946132,29.924853,33.147531,29.45377775,33.61860625
2023-08-06 18:00:00,30.2,30.057484,28.8990628,31.215905199999998,28.446144999999998,31.668823,27.97506975,32.139898249999995
2023-08-06 19:00:00,29.6,29.70588,28.5474588,30.8643012,28.094541,31.317219,27.62346575,31.78829425
2023-08-06 20:00:00,29.3,29.692347,28.533925800000002,30.8507682,28.081008,31.303686000000003,27.609932750000002,31.77476125
2023-08-06 21:00:00,29.1,29.326365,28.1679438,30.4847862,27.715025999999998,30.937704,27.24395075,31.40877925
2023-08-06 22:00:00,28.8,28.9454,27.7869788,30.1038212,27.334061,30.556739,26.86298575,31.02781425
2023-08-06 23:00:00,28.7,28.748667,27.5902458,29.9070882,27.137328,30.360006000000002,26.66625275,30.83108125
2023-08-07 00:00:00,28.6,28.423285,27.2648638,29.5817062,26.811946,30.034624,26.34087075,30.50569925
2023-08-07 01:00:00,28.7,27.402452,26.2440308,28.5608732,25.791113,29.013791,25.32003775,29.48486625
2023-08-07 02:00:00,28.7,27.324036,26.1656148,28.4824572,25.712697,28.935375,25.24162175,29.40645025
2023-08-07 03:00:00,28.1,26.712809,25.5543878,27.8712302,25.10147,28.324148,24.63039475,28.79522325
2023-08-07 04:00:00,27.9,26.609135,25.4507138,27.767556199999998,24.997795999999997,28.220474,24.52672075,28.691549249999998
2023-08-07 05:00:00,24.4,26.70462,25.5461988,27.863041199999998,25.093280999999998,28.315959,24.62220575,28.787034249999998
2023-08-07 06:00:00,25.3,27.137407,25.9789858,28.2958282,25.526068,28.748746,25.05499275,29.21982125
2023-08-07 07:00:00,26.7,27.515432,26.3570108,28.6738532,25.904093,29.126771,25.43301775,29.59784625
2023-08-07 08:00:00,28.5,29.072447,27.9140258,30.2308682,27.461108,30.683786,26.99003275,31.15486125
2023-08-07 09:00:00,30.9,30.917965,29.7595438,32.076386199999995,29.306625999999998,32.529303999999996,28.83555075,33.000379249999995
2023-08-07 10:00:00,32.8,32.939133,31.7807118,34.0975542,31.327793999999997,34.550472,30.85671875,35.02154725
2023-08-07 11:00:00,34.0,34.19153,33.0331088,35.3499512,32.580191,35.802869,32.10911575,36.27394425
2023-08-07 12:00:00,34.9,34.673534,33.5151128,35.831955199999996,33.062194999999996,36.284873,32.59111975,36.755948249999996
2023-08-07 13:00:00,35.1,34.580444,33.4220228,35.7388652,32.969105,36.191783,32.49802975,36.66285825
2023-08-07 14:00:00,34.1,33.379417,32.2209958,34.537838199999996,31.768077999999996,34.990756,31.297002749999997,35.461831249999996
2023-08-07 15:00:00,32.6,32.51695,31.358528800000002,33.6753712,30.905611,34.128289,30.434535750000002,34.59936425
2023-08-07 16:00:00,31.3,32.006126,30.847704800000002,33.1645472,30.394787,33.617465,29.923711750000002,34.08854025
2023-08-07 17:00:00,31.6,30.574606,29.4161848,31.7330272,28.963267,32.185945,28.49219175,32.657020249999995
2023-08-07 18:00:00,30.5,30.206457,29.0480358,31.3648782,28.595118,31.817796,28.12404275,32.28887125
2023-08-07 19:00:00,29.7,29.73743,28.5790088,30.8958512,28.126091,31.348769,27.65501575,31.81984425
2023-08-07 20:00:00,29.4,29.402868,28.244446800000002,30.5612892,27.791529,31.014207000000003,27.320453750000002,31.48528225
2023-08-07 21:00:00,29.1,29.048689,27.8902678,30.2071102,27.43735,30.660028,26.96627475,31.13110325
2023-08-07 22:00:00,28.9,28.52269,27.3642688,29.6811112,26.911351,30.134029,26.44027575,30.60510425
2023-08-07 23:00:00,28.7,28.271479,27.1130578,29.4299002,26.66014,29.882818,26.18906475,30.35389325
2023-08-08 00:00:00,28.6,28.163113,27.0046918,29.3215342,26.551773999999998,29.774452,26.08069875,30.24552725
2023-08-08 01:00:00,28.2,28.038303,26.8798818,29.1967242,26.426963999999998,29.649642,25.95588875,30.12071725
2023-08-08 02:00:00,27.5,28.11591,26.9574888,29.2743312,26.504571,29.727249,26.03349575,30.19832425
2023-08-08 03:00:00,27.2,27.81381,26.6553888,28.9722312,26.202471,29.425149,25.73139575,29.89622425
2023-08-08 04:00:00,27.1,27.349064,26.1906428,28.507485199999998,25.737724999999998,28.960403,25.26664975,29.431478249999998
2023-08-08 05:00:00,26.7,25.976395,24.8179738,27.1348162,24.365056,27.587734,23.89398075,28.05880925
2023-08-08 06:00:00,27.2,26.18715,25.0287288,27.3455712,24.575810999999998,27.798489,24.10473575,28.26956425
2023-08-08 07:00:00,28.4,27.028955,25.8705338,28.1873762,25.417616,28.640294,24.94654075,29.11136925
2023-08-08 08:00:00,29.0,28.929111,27.7706898,30.0875322,27.317771999999998,30.54045,26.84669675,31.01152525
2023-08-08 09:00:00,30.7,30.419695,29.2612738,31.5781162,28.808356,32.031034,28.33728075,32.50210925
2023-08-08 10:00:00,32.4,32.519283,31.360861800000002,33.6777042,30.907944,34.130622,30.436868750000002,34.60169725
2023-08-08 11:00:00,33.6,33.1505,31.9920788,34.3089212,31.539161,34.761839,31.06808575,35.23291425
2023-08-08 12:00:00,34.4,34.273525,33.1151038,35.4319462,32.662186,35.884864,32.19111075,36.35593925
2023-08-08 13:00:00,34.3,32.738102,31.5796808,33.8965232,31.126762999999997,34.349441,30.65568775,34.82051625
2023-08-08 14:00:00,32.7,32.800686,31.6422648,33.9591072,31.189346999999998,34.412025,30.71827175,34.88310025
2023-08-08 15:00:00,31.9,32.13329,30.974868800000003,33.2917112,30.521951,33.744629,30.050875750000003,34.21570425
2023-08-08 16:00:00,31.9,31.267822,30.1094008,32.426243199999995,29.656482999999998,32.879160999999996,29.18540775,33.350236249999995
2023-08-08 17:00:00,31.8,30.640682,29.482260800000002,31.7991032,29.029343,32.252021,28.558267750000002,32.72309625
2023-08-08 18:00:00,30.7,30.11153,28.9531088,31.269951199999998,28.500190999999997,31.722869,28.02911575,32.193944249999994
2023-08-08 19:00:00,29.9,29.684933,28.5265118,30.8433542,28.073594,31.296272000000002,27.60251875,31.76734725
2023-08-08 20:00:00,29.5,29.015953,27.8575318,30.1743742,27.404614,30.627292,26.93353875,31.09836725
2023-08-08 21:00:00,29.2,28.759588,27.6011668,29.9180092,27.148249,30.370927000000002,26.67717375,30.84200225
2023-08-08 22:00:00,28.9,28.582357,27.4239358,29.740778199999998,26.971017999999997,30.193696,26.49994275,30.664771249999998
2023-08-08 23:00:00,28.7,28.25648,27.0980588,29.4149012,26.645141,29.867819,26.17406575,30.33889425
2023-08-09 00:00:00,28.5,28.225729,27.067307800000002,29.3841502,26.61439,29.837068000000002,26.143314750000002,30.30814325
2023-08-09 01:00:00,28.4,28.050209,26.8917878,29.208630199999998,26.438869999999998,29.661548,25.96779475,30.132623249999998
2023-08-09 02:00:00,28.2,27.802828,26.644406800000002,28.9612492,26.191489,29.414167000000003,25.720413750000002,29.88524225
2023-08-09 03:00:00,28.0,27.364206,26.2057848,28.5226272,25.752867,28.975545,25.28179175,29.44662025
2023-08-09 04:00:00,27.8,27.289562,26.1311408,28.4479832,25.678223,28.900901,25.20714775,29.37197625
2023-08-09 05:00:00,25.3,26.698067,25.539645800000002,27.8564882,25.086728,28.309406000000003,24.615652750000002,28.78048125
2023-08-09 06:00:00,25.9,27.001299,25.8428778,28.1597202,25.38996,28.612638,24.91888475,29.08371325
2023-08-09 07:00:00,27.0,28.02662,26.868198800000002,29.1850412,26.415281,29.637959000000002,25.944205750000002,30.10903425
2023-08-09 08:00:00,29.1,28.740639,27.582217800000002,29.8990602,27.1293,30.351978000000003,26.658224750000002,30.82305325
2023-08-09 09:00:00,31.5,30.58588,29.4274588,31.7443012,28.974541,32.197219,28.50346575,32.668294249999995
2023-08-09 10:00:00,33.2,32.3106,31.1521788,33.4690212,30.699261,33.921939,30.22818575,34.39301425
2023-08-09 11:00:00,34.3,33.319782,32.1613608,34.478203199999996,31.708442999999995,34.931121,31.237367749999997,35.402196249999996
2023-08-09 12:00:00,35.0,32.917416,31.758994800000004,34.0758372,31.306077000000002,34.528755000000004,30.835001750000004,34.99983025
2023-08-09 13:00:00,34.7,32.713387,31.554965799999998,33.8718082,31.102047999999996,34.324726,30.630972749999998,34.79580125
2023-08-09 14:00:00,32.9,32.444542,31.2861208,33.6029632,30.833202999999997,34.055881,30.36212775,34.52695625
2023-08-09 15:00:00,31.5,31.802294,30.6438728,32.960715199999996,30.190955,33.413633,29.71987975,33.884708249999996
2023-08-09 16:00:00,30.9,30.856808,29.6983868,32.0152292,29.245469,32.468147,28.77439375,32.93922225
2023-08-09 17:00:00,29.5,30.565401,29.406979800000002,31.7238222,28.954062,32.17674,28.482986750000002,32.64781525
2023-08-09 18:00:00,29.5,29.631199,28.4727778,30.789620199999998,28.019859999999998,31.242538,27.54878475,31.713613249999998
2023-08-09 19:00:00,29.1,29.291843,28.1334218,30.4502642,27.680504,30.903182,27.20942875,31.37425725
2023-08-09 20:00:00,28.9,29.061285,27.902863800000002,30.2197062,27.449946,30.672624000000003,26.978870750000002,31.14369925
2023-08-09 21:00:00,28.3,28.822372,27.663950800000002,29.9807932,27.211033,30.433711000000002,26.739957750000002,30.90478625
2023-08-09 22:00:00,27.6,28.602373,27.4439518,29.7607942,26.991034,30.213712,26.51995875,30.68478725
2023-08-09 23:00:00,27.3,28.115982,26.9575608,29.2744032,26.504642999999998,29.727321,26.03356775,30.19839625
2023-08-10 00:00:00,27.2,28.032244,26.8738228,29.190665199999998,26.420904999999998,29.643583,25.94982975,30.114658249999998
2023-08-10 01:00:00,27.2,27.945621,26.7871998,29.1040422,26.334281999999998,29.55696,25.86320675,30.02803525
2023-08-10 02:00:00,27.1,27.654398,26.4959768,28.8128192,26.043059,29.265737,25.57198375,29.73681225
2023-08-10 03:00:00,26.9,27.540413,26.3819918,28.6988342,25.929074,29.151752000000002,25.45799875,29.62282725
2023-08-10 04:00:00,26.6,27.318207,26.1597858,28.4766282,25.706868,28.929546000000002,25.23579275,29.40062125
2023-08-10 05:00:00,26.7,26.062174,24.9037528,27.220595199999998,24.450834999999998,27.673513,23.97975975,28.144588249999998
2023-08-10 06:00:00,26.6,26.410913,25.2524918,27.5693342,24.799574,28.022252,24.32849875,28.49332725
2023-08-10 07:00:00,26.9,27.717857,26.5594358,28.876278199999998,26.106517999999998,29.329196,25.63544275,29.800271249999998
2023-08-10 08:00:00,29.7,28.972544,27.8141228,30.1309652,27.361204999999998,30.583883,26.89012975,31.05495825
2023-08-10 09:00:00,32.1,30.512638,29.3542168,31.6710592,28.901298999999998,32.123977,28.43022375,32.595052249999995
2023-08-10 10:00:00,33.3,32.312428,31.154006799999998,33.470849199999996,30.701088999999996,33.923767,30.230013749999998,34.394842249999996
2023-08-10 11:00:00,33.7,32.949444,31.7910228,34.1078652,31.338105,34.560783,30.86702975,35.03185825
2023-08-10 12:00:00,33.9,32.806393,31.6479718,33.9648142,31.195054,34.417732,30.72397875,34.88880725
2023-08-10 13:00:00,31.3,33.417473,32.2590518,34.5758942,31.806134,35.028812,31.33505875,35.49988725
2023-08-10 14:00:00,31.4,32.595623,31.437201800000004,33.7540442,30.984284000000002,34.206962000000004,30.513208750000004,34.67803725
2023-08-10 15:00:00,32.1,31.592358,30.4339368,32.7507792,29.981019,33.203697,29.50994375,33.67477225
2023-08-10 16:00:00,31.5,30.509708,29.3512868,31.6681292,28.898369,32.121047,28.42729375,32.592122249999996
2023-08-10 17:00:00,28.6,30.01211,28.8536888,31.1705312,28.400771,31.623449,27.92969575,32.09452425
2023-08-10 18:00:00,28.0,29.592928,28.4345068,30.7513492,27.981589,31.204267,27.51051375,31.67534225
2023-08-10 19:00:00,27.6,29.157595,27.9991738,30.3160162,27.546256,30.768934,27.07518075,31.24000925
2023-08-10 20:00:00,27.3,28.926273,27.7678518,30.084694199999998,27.314933999999997,30.537612,26.84385875,31.008687249999998
2023-08-10 21:00:00,27.1,28.38572,27.2272988,29.5441412,26.774380999999998,29.997059,26.30330575,30.46813425
2023-08-10 22:00:00,27.0,28.12657,26.9681488,29.2849912,26.515231,29.737909000000002,26.04415575,30.20898425
2023-08-10 23:00:00,26.9,27.908352,26.7499308,29.0667732,26.297013,29.519691,25.82593775,29.99076625
2023-08-11 00:00:00,26.9,27.545734,26.3873128,28.7041552,25.934395,29.157073,25.46331975,29.62814825
2023-08-11 01:00:00,26.5,27.527859,26.3694378,28.6862802,25.91652,29.139198,25.44544475,29.61027325
2023-08-11 02:00:00,25.9,27.39614,26.2377188,28.5545612,25.784800999999998,29.007479,25.31372575,29.47855425
2023-08-11 03:00:00,25.5,26.934687,25.7762658,28.0931082,25.323348,28.546026,24.85227275,29.01710125
2023-08-11 04:00:00,25.3,26.906889,25.7484678,28.0653102,25.29555,28.518228,24.82447475,28.98930325
2023-08-11 05:00:00,25.2,26.62635,25.4679288,27.784771199999998,25.015010999999998,28.237689,24.54393575,28.708764249999998
2023-08-11 06:00:00,25.9,26.878973,25.7205518,28.037394199999998,25.267633999999997,28.490312,24.79655875,28.961387249999998
2023-08-11 07:00:00,27.0,27.285936,26.1275148,28.4443572,25.674597,28.897275,25.20352175,29.36835025
2023-08-11 08:00:00,29.3,29.526205,28.3677838,30.6846262,27.914866,31.137544000000002,27.44379075,31.60861925
2023-08-11 09:00:00,31.4,31.572155,30.4137338,32.730576199999994,29.960815999999998,33.183493999999996,29.48974075,33.654569249999994
2023-08-11 10:00:00,33.4,32.718132,31.559710799999998,33.8765532,31.106792999999996,34.329471,30.635717749999998,34.80054625
2023-08-11 11:00:00,34.5,33.275665,32.1172438,34.434086199999996,31.664325999999996,34.887004,31.193250749999997,35.358079249999996
2023-08-11 12:00:00,35.2,32.74616,31.587738800000004,33.9045812,31.134821000000002,34.357499000000004,30.663745750000004,34.82857425
2023-08-11 13:00:00,35.3,32.58513,31.4267088,33.7435512,30.973791,34.196469,30.50271575,34.66754425
2023-08-11 14:00:00,35.0,31.49786,30.3394388,32.656281199999995,29.886521,33.109199,29.41544575,33.580274249999995
2023-08-11 15:00:00,33.1,31.305954,30.1475328,32.4643752,29.694615,32.917293,29.22353975,33.38836825
2023-08-11 16:00:00,31.8,30.546875,29.3884538,31.7052962,28.935536,32.158214,28.46446075,32.62928925
2023-08-11 17:00:00,27.5,29.66405,28.5056288,30.8224712,28.052711,31.275389,27.58163575,31.74646425
2023-08-11 18:00:00,27.7,28.526348,27.3679268,29.684769199999998,26.915008999999998,30.137687,26.44393375,30.608762249999998
2023-08-11 19:00:00,26.1,28.364382,27.2059608,29.5228032,26.753042999999998,29.975721,26.28196775,30.44679625
2023-08-11 20:00:00,26.4,28.046112,26.8876908,29.2045332,26.434773,29.657451000000002,25.96369775,30.12852625
2023-08-11 21:00:00,26.5,27.704473,26.5460518,28.8628942,26.093134,29.315812,25.62205875,29.78688725
2023-08-11 22:00:00,26.3,27.474426,26.3160048,28.6328472,25.863087,29.085765000000002,25.39201175,29.55684025
2023-08-11 23:00:00,26.0,27.165808,26.0073868,28.324229199999998,25.554468999999997,28.777147,25.08339375,29.248222249999998
2023-08-12 00:00:00,25.8,27.03784,25.8794188,28.1962612,25.426501,28.649179,24.95542575,29.12025425
2023-08-12 01:00:00,25.6,26.77283,25.6144088,27.9312512,25.161490999999998,28.384169,24.69041575,28.85524425
2023-08-12 02:00:00,25.5,26.497894,25.3394728,27.656315199999998,24.886554999999998,28.109233,24.41547975,28.580308249999998
2023-08-12 03:00:00,25.5,26.180088,25.021666800000002,27.3385092,24.568749,27.791427000000002,24.097673750000002,28.26250225
2023-08-12 04:00:00,25.6,25.86229,24.703868800000002,27.0207112,24.250951,27.473629000000003,23.779875750000002,27.94470425
2023-08-12 05:00:00,26.3,26.013723,24.8553018,27.172144199999998,24.402383999999998,27.625062,23.93130875,28.096137249999998
2023-08-12 06:00:00,25.2,26.43097,25.2725488,27.589391199999998,24.819630999999998,28.042309,24.34855575,28.513384249999998
2023-08-12 07:00:00,26.5,27.353725,26.1953038,28.5121462,25.742386,28.965064,25.27131075,29.43613925
2023-08-12 08:00:00,27.8,29.03789,27.8794688,30.1963112,27.426551,30.649229000000002,26.95547575,31.12030425
2023-08-12 09:00:00,29.8,30.624743,29.4663218,31.783164199999998,29.013403999999998,32.236081999999996,28.54232875,32.707157249999995
2023-08-12 10:00:00,32.0,31.942884,30.7844628,33.1013052,30.331545,33.554223,29.86046975,34.02529825
2023-08-12 11:00:00,33.5,33.34465,32.1862288,34.5030712,31.733311,34.955989,31.262235750000002,35.42706425
2023-08-12 12:00:00,34.1,33.841133,32.6827118,34.9995542,32.229794,35.452472,31.75871875,35.92354725
2023-08-12 13:00:00,34.5,33.452312,32.2938908,34.6107332,31.840972999999998,35.063651,31.36989775,35.53472625
2023-08-12 14:00:00,34.5,33.608818,32.4503968,34.7672392,31.997479,35.220157,31.52640375,35.69123225
2023-08-12 15:00:00,34.1,32.48517,31.326748799999997,33.643591199999996,30.873830999999996,34.096509,30.402755749999997,34.567584249999996
2023-08-12 16:00:00,32.4,31.341024,30.1826028,32.4994452,29.729685,32.952363,29.25860975,33.42343825
2023-08-12 17:00:00,30.7,29.00089,27.8424688,30.159311199999998,27.389550999999997,30.612229,26.91847575,31.083304249999998
2023-08-12 18:00:00,29.9,28.249514,27.091092800000002,29.4079352,26.638175,29.860853000000002,26.167099750000002,30.33192825
2023-08-12 19:00:00,29.1,27.84428,26.685858800000002,29.0027012,26.232941,29.455619000000002,25.761865750000002,29.92669425
2023-08-12 20:00:00,28.4,27.556356,26.3979348,28.7147772,25.945017,29.167695000000002,25.47394175,29.63877025
2023-08-12 21:00:00,28.3,27.595396,26.4369748,28.7538172,25.984057,29.206735000000002,25.51298175,29.67781025
2023-08-12 22:00:00,27.9,27.211983,26.0535618,28.3704042,25.600644,28.823322,25.12956875,29.29439725
2023-08-12 23:00:00,27.8,26.967781,25.8093598,28.126202199999998,25.356441999999998,28.57912,24.88536675,29.050195249999998
2023-08-13 00:00:00,27.6,26.748205,25.5897838,27.906626199999998,25.136865999999998,28.359544,24.66579075,28.830619249999998
2023-08-13 01:00:00,27.0,26.459003,25.3005818,27.6174242,24.847663999999998,28.070342,24.37658875,28.54141725
2023-08-13 02:00:00,26.5,26.257334,25.0989128,27.4157552,24.645995,27.868673,24.17491975,28.33974825
2023-08-13 03:00:00,26.3,25.965446,24.8070248,27.1238672,24.354107,27.576785,23.88303175,28.04786025
2023-08-13 04:00:00,26.6,25.881762,24.7233408,27.040183199999998,24.270422999999997,27.493101,23.79934775,27.964176249999998
2023-08-13 05:00:00,26.1,26.180336,25.0219148,27.3387572,24.568997,27.791675,24.09792175,28.26275025
2023-08-13 06:00:00,26.1,25.856985,24.698563800000002,27.0154062,24.245646,27.468324000000003,23.774570750000002,27.93939925
2023-08-13 07:00:00,26.8,26.685234,25.526812800000002,27.8436552,25.073895,28.296573000000002,24.602819750000002,28.76764825
2023-08-13 08:00:00,28.1,28.101288,26.9428668,29.2597092,26.489949,29.712627,26.01887375,30.18370225
2023-08-13 09:00:00,29.5,29.79571,28.6372888,30.9541312,28.184371,31.407049,27.71329575,31.87812425
2023-08-13 10:00:00,31.3,31.003025,29.8446038,32.1614462,29.391686,32.614364,28.92061075,33.08543925
2023-08-13 11:00:00,32.5,32.737953,31.579531799999998,33.8963742,31.126613999999996,34.349292,30.655538749999998,34.82036725
2023-08-13 12:00:00,33.4,33.079147,31.9207258,34.2375682,31.467807999999998,34.690486,30.99673275,35.16156125
2023-08-13 13:00:00,33.5,33.30991,32.1514888,34.4683312,31.698571,34.921249,31.227495750000003,35.39232425
2023-08-13 14:00:00,32.6,32.669388,31.5109668,33.8278092,31.058048999999997,34.280727,30.58697375,34.75180225
2023-08-13 15:00:00,31.0,31.578156,30.4197348,32.7365772,29.966817,33.189495,29.49574175,33.66057025
2023-08-13 16:00:00,30.8,30.493307,29.334885800000002,31.6517282,28.881968,32.104646,28.410892750000002,32.57572125
2023-08-13 17:00:00,26.2,29.86726,28.708838800000002,31.0256812,28.255921,31.478599000000003,27.784845750000002,31.94967425
2023-08-13 18:00:00,25.8,29.280054,28.1216328,30.4384752,27.668715,30.891393,27.19763975,31.36246825
2023-08-13 19:00:00,26.7,29.106678,27.9482568,30.265099199999998,27.495338999999998,30.718017,27.02426375,31.189092249999998
2023-08-13 20:00:00,26.8,28.406126,27.2477048,29.5645472,26.794787,30.017465,26.32371175,30.48854025
2023-08-13 21:00:00,26.7,28.278273,27.1198518,29.436694199999998,26.666933999999998,29.889612,26.19585875,30.360687249999998
2023-08-13 22:00:00,26.7,27.809315,26.650893800000002,28.9677362,26.197976,29.420654000000003,25.726900750000002,29.89172925
2023-08-13 23:00:00,26.9,27.637491,26.4790698,28.7959122,26.026152,29.24883,25.55507675,29.71990525
2023-08-14 00:00:00,27.2,27.462835,26.3044138,28.621256199999998,25.851495999999997,29.074174,25.38042075,29.545249249999998
2023-08-14 01:00:00,27.3,27.250288,26.091866800000002,28.4087092,25.638949,28.861627000000002,25.167873750000002,29.33270225
2023-08-14 02:00:00,27.1,26.968239,25.8098178,28.1266602,25.3569,28.579578,24.88582475,29.05065325
2023-08-14 03:00:00,26.8,26.511072,25.3526508,27.669493199999998,24.899732999999998,28.122411,24.42865775,28.593486249999998
2023-08-14 04:00:00,26.6,26.634499,25.476077800000002,27.7929202,25.02316,28.245838000000003,24.552084750000002,28.71691325
2023-08-14 05:00:00,25.4,26.457844,25.299422800000002,27.6162652,24.846505,28.069183000000002,24.375429750000002,28.54025825
2023-08-14 06:00:00,26.0,26.506134,25.3477128,27.6645552,24.894795,28.117473,24.42371975,28.58854825
2023-08-14 07:00:00,26.9,27.130379,25.971957800000002,28.2888002,25.51904,28.741718000000002,25.047964750000002,29.21279325
2023-08-14 08:00:00,27.3,28.353783,27.1953618,29.5122042,26.742444,29.965122,26.27136875,30.43619725
2023-08-14 09:00:00,29.0,29.84053,28.6821088,30.9989512,28.229191,31.451869000000002,27.75811575,31.92294425
2023-08-14 10:00:00,30.4,31.022669,29.8642478,32.1810902,29.41133,32.634008,28.94025475,33.10508325
2023-08-14 11:00:00,31.9,32.265648,31.1072268,33.4240692,30.654308999999998,33.876987,30.18323375,34.34806225
2023-08-14 12:00:00,33.1,33.075195,31.9167738,34.2336162,31.463856,34.686534,30.99278075,35.15760925
2023-08-14 13:00:00,33.5,32.847668,31.6892468,34.0060892,31.236328999999998,34.459007,30.76525375,34.93008225
2023-08-14 14:00:00,33.5,32.070927,30.912505799999998,33.2293482,30.459587999999997,33.682266,29.988512749999998,34.15334125
2023-08-14 15:00:00,33.0,31.781385,30.6229638,32.9398062,30.170046,33.392724,29.69897075,33.86379925
2023-08-14 16:00:00,31.4,30.362152,29.2037308,31.520573199999998,28.750812999999997,31.973491,28.27973775,32.444566249999994
2023-08-14 17:00:00,28.9,28.533525,27.3751038,29.6919462,26.922186,30.144864000000002,26.45111075,30.61593925
2023-08-14 18:00:00,29.5,27.71374,26.555318800000002,28.8721612,26.102401,29.325079000000002,25.631325750000002,29.79615425
2023-08-14 19:00:00,28.8,28.088247,26.9298258,29.2466682,26.476907999999998,29.699586,26.00583275,30.17066125
2023-08-14 20:00:00,29.0,27.528791,26.3703698,28.687212199999998,25.917451999999997,29.14013,25.44637675,29.611205249999998
2023-08-14 21:00:00,28.7,27.275131,26.1167098,28.433552199999998,25.663791999999997,28.88647,25.19271675,29.357545249999998
2023-08-14 22:00:00,28.5,27.203188,26.0447668,28.3616092,25.591849,28.814527000000002,25.12077375,29.28560225
2023-08-14 23:00:00,28.3,27.046165,25.8877438,28.204586199999998,25.434825999999997,28.657504,24.96375075,29.128579249999998
2023-08-15 00:00:00,28.0,27.05965,25.901228800000002,28.2180712,25.448311,28.670989000000002,24.977235750000002,29.14206425
2023-08-15 01:00:00,27.7,27.16823,26.009808800000002,28.3266512,25.556891,28.779569000000002,25.085815750000002,29.25064425
2023-08-15 02:00:00,27.4,26.926136,25.7677148,28.0845572,25.314797,28.537475,24.84372175,29.00855025
2023-08-15 03:00:00,27.1,26.639673,25.4812518,27.798094199999998,25.028333999999997,28.251012,24.55725875,28.722087249999998
2023-08-15 04:00:00,26.9,26.640236,25.481814800000002,27.7986572,25.028897,28.251575000000003,24.557821750000002,28.72265025
2023-08-15 05:00:00,26.5,25.955845,24.7974238,27.1142662,24.344506,27.567184,23.87343075,28.03825925
2023-08-15 06:00:00,26.6,26.329449,25.1710278,27.4878702,24.71811,27.940788,24.24703475,28.41186325
2023-08-15 07:00:00,27.9,27.565594,26.4071728,28.7240152,25.954255,29.176933000000002,25.48317975,29.64800825
2023-08-15 08:00:00,29.3,27.718462,26.5600408,28.876883199999998,26.107122999999998,29.329801,25.63604775,29.800876249999998
2023-08-15 09:00:00,31.0,29.319336,28.1609148,30.4777572,27.707997,30.930675,27.23692175,31.40175025
2023-08-15 10:00:00,32.5,30.484972,29.3265508,31.6433932,28.873632999999998,32.096311,28.40255775,32.56738625
2023-08-15 11:00:00,33.5,31.214111,30.0556898,32.372532199999995,29.602771999999998,32.82545,29.13169675,33.296525249999995
2023-08-15 12:00:00,34.2,32.579323,31.420901800000003,33.7377442,30.967984,34.190662,30.496908750000003,34.66173725
2023-08-15 13:00:00,34.3,32.743866,31.585444799999998,33.902287199999996,31.132526999999996,34.355205,30.661451749999998,34.826280249999996
2023-08-15 14:00:00,34.2,32.624313,31.4658918,33.7827342,31.012974,34.235652,30.54189875,34.70672725
2023-08-15 15:00:00,32.5,32.04839,30.8899688,33.2068112,30.437050999999997,33.659729,29.96597575,34.13080425
2023-08-15 16:00:00,31.5,30.966242,29.807820800000002,32.1246632,29.354903,32.577581,28.883827750000002,33.04865625
2023-08-15 17:00:00,30.3,29.677557,28.5191358,30.8359782,28.066218,31.288896,27.59514275,31.75997125
2023-08-15 18:00:00,29.3,29.083546,27.9251248,30.241967199999998,27.472206999999997,30.694885,27.00113175,31.165960249999998
2023-08-15 19:00:00,28.6,28.565062,27.4066408,29.7234832,26.953723,30.176401000000002,26.48264775,30.64747625
2023-08-15 20:00:00,28.2,28.539114,27.380692800000002,29.6975352,26.927775,30.150453000000002,26.456699750000002,30.62152825
2023-08-15 21:00:00,28.4,28.53825,27.379828800000002,29.6966712,26.926911,30.149589000000002,26.455835750000002,30.62066425
2023-08-15 22:00:00,28.5,28.219727,27.0613058,29.3781482,26.608387999999998,29.831066,26.13731275,30.30214125
2023-08-15 23:00:00,28.3,28.042892,26.8844708,29.201313199999998,26.431552999999997,29.654231,25.96047775,30.125306249999998
2023-08-16 00:00:00,28.2,27.7924,26.6339788,28.9508212,26.181061,29.403739,25.70998575,29.87481425
2023-08-16 01:00:00,27.7,27.56393,26.4055088,28.7223512,25.952590999999998,29.175269,25.48151575,29.64634425
2023-08-16 02:00:00,27.5,27.334698,26.1762768,28.4931192,25.723359,28.946037,25.25228375,29.41711225
2023-08-16 03:00:00,27.1,27.129925,25.9715038,28.2883462,25.518586,28.741264,25.04751075,29.21233925
2023-08-16 04:00:00,26.7,26.859268,25.7008468,28.0176892,25.247929,28.470607,24.77685375,28.94168225
2023-08-16 05:00:00,27.4,26.6458,25.487378800000002,27.8042212,25.034461,28.257139000000002,24.563385750000002,28.72821425
2023-08-16 06:00:00,27.6,26.64441,25.4859888,27.8028312,25.033071,28.255749,24.56199575,28.72682425
2023-08-16 07:00:00,28.2,27.57275,26.4143288,28.7311712,25.961411,29.184089,25.49033575,29.65516425
2023-08-16 08:00:00,29.4,28.83379,27.6753688,29.9922112,27.222451,30.445129,26.75137575,30.91620425
2023-08-16 09:00:00,31.1,30.22805,29.0696288,31.3864712,28.616711,31.839389,28.14563575,32.310464249999995
2023-08-16 10:00:00,32.4,31.959671,30.8012498,33.1180922,30.348332,33.57101,29.87725675,34.04208525
2023-08-16 11:00:00,33.7,32.819508,31.6610868,33.9779292,31.208168999999998,34.430847,30.73709375,34.90192225
2023-08-16 12:00:00,34.5,33.34516,32.1867388,34.5035812,31.733821,34.956499,31.26274575,35.42757425
2023-08-16 13:00:00,35.1,33.482704,32.3242828,34.6411252,31.871364999999997,35.094043,31.40028975,35.56511825
2023-08-16 14:00:00,35.4,32.90742,31.748998800000003,34.0658412,31.296081,34.518759,30.825005750000003,34.98983425
2023-08-16 15:00:00,35.2,32.029808,30.871386800000003,33.1882292,30.418469,33.641147000000004,29.947393750000003,34.11222225
2023-08-16 16:00:00,32.6,31.335636,30.1772148,32.4940572,29.724297,32.946975,29.25322175,33.41805025
2023-08-16 17:00:00,31.2,30.246502,29.0880808,31.4049232,28.635163,31.857841,28.16408775,32.32891625
2023-08-16 18:00:00,29.5,29.294954,28.1365328,30.4533752,27.683615,30.906293,27.21253975,31.37736825
2023-08-16 19:00:00,27.7,28.723349,27.5649278,29.8817702,27.112009999999998,30.334688,26.64093475,30.80576325
2023-08-16 20:00:00,26.1,28.40306,27.2446388,29.5614812,26.791721,30.014399,26.32064575,30.48547425
2023-08-16 21:00:00,25.4,28.326925,27.1685038,29.4853462,26.715586,29.938264,26.24451075,30.40933925
2023-08-16 22:00:00,25.8,28.236366,27.0779448,29.3947872,26.625027,29.847705,26.15395175,30.31878025
2023-08-16 23:00:00,24.9,27.99722,26.8387988,29.155641199999998,26.385880999999998,29.608559,25.91480575,30.079634249999998
2023-08-17 00:00:00,24.4,27.779509,26.6210878,28.9379302,26.16817,29.390848000000002,25.69709475,29.86192325
2023-08-17 01:00:00,24.9,27.585497,26.4270758,28.7439182,25.974158,29.196836,25.50308275,29.66791125
2023-08-17 02:00:00,25.1,27.281462,26.123040800000002,28.4398832,25.670123,28.892801000000002,25.199047750000002,29.36387625
2023-08-17 03:00:00,25.0,27.046404,25.8879828,28.2048252,25.435064999999998,28.657743,24.96398975,29.12881825
2023-08-17 04:00:00,24.9,26.782421,25.6239998,27.9408422,25.171082,28.39376,24.70000675,28.86483525
2023-08-17 05:00:00,26.7,27.00046,25.8420388,28.1588812,25.389121,28.611799,24.91804575,29.08287425
2023-08-17 06:00:00,27.4,27.1885,26.030078800000002,28.3469212,25.577161,28.799839000000002,25.106085750000002,29.27091425
2023-08-17 07:00:00,28.1,28.065672,26.9072508,29.2240932,26.454333,29.677011,25.98325775,30.14808625
2023-08-17 08:00:00,29.2,29.274427,28.1160058,30.4328482,27.663088,30.885766,27.19201275,31.35684125
2023-08-17 09:00:00,30.7,30.468628,29.3102068,31.6270492,28.857288999999998,32.079966999999996,28.38621375,32.551042249999995
2023-08-17 10:00:00,32.1,32.028805,30.8703838,33.1872262,30.417465999999997,33.640144,29.94639075,34.11121925
2023-08-17 11:00:00,33.1,33.17214,32.0137188,34.3305612,31.560800999999998,34.783479,31.08972575,35.25455425
2023-08-17 12:00:00,34.0,33.867764,32.7093428,35.0261852,32.256425,35.479103,31.78534975,35.95017825
2023-08-17 13:00:00,34.6,33.93785,32.7794288,35.0962712,32.326510999999996,35.549189,31.855435749999998,36.02026425
2023-08-17 14:00:00,35.4,33.5985,32.4400788,34.7569212,31.987161,35.209839,31.516085750000002,35.68091425
2023-08-17 15:00:00,35.1,33.65015,32.4917288,34.808571199999996,32.038810999999995,35.261489,31.567735749999997,35.732564249999996
2023-08-17 16:00:00,33.3,31.858614,30.7001928,33.017035199999995,30.247275,33.469953,29.77619975,33.941028249999995
2023-08-17 17:00:00,29.7,30.6828,29.5243788,31.8412212,29.071461,32.294139,28.60038575,32.76521425
2023-08-17 18:00:00,27.9,29.88902,28.7305988,31.047441199999998,28.277680999999998,31.500359,27.80660575,31.971434249999998
2023-08-17 19:00:00,28.0,28.250975,27.0925538,29.4093962,26.639636,29.862314,26.16856075,30.33338925
2023-08-17 20:00:00,27.8,27.755884,26.5974628,28.914305199999998,26.144544999999997,29.367223,25.67346975,29.838298249999998
2023-08-17 21:00:00,28.0,26.802439,25.6440178,27.9608602,25.1911,28.413778,24.72002475,28.88485325
2023-08-17 22:00:00,28.2,26.895634,25.737212800000002,28.0540552,25.284295,28.506973000000002,24.813219750000002,28.97804825
2023-08-17 23:00:00,28.1,26.482656,25.3242348,27.641077199999998,24.871316999999998,28.093995,24.40024175,28.565070249999998
2023-08-18 00:00:00,27.4,25.650799,24.4923778,26.8092202,24.03946,27.262138,23.56838475,27.73321325
2023-08-18 01:00:00,27.4,25.802206,24.643784800000002,26.9606272,24.190867,27.413545000000003,23.719791750000002,27.88462025
2023-08-18 02:00:00,27.6,25.758339,24.5999178,26.9167602,24.147,27.369678,23.67592475,27.84075325
2023-08-18 03:00:00,27.4,25.68827,24.5298488,26.8466912,24.076931,27.299609,23.60585575,27.77068425
2023-08-18 04:00:00,27.4,25.64694,24.4885188,26.8053612,24.035601,27.258279,23.56452575,27.72935425
2023-08-18 05:00:00,28.2,25.867136,24.7087148,27.025557199999998,24.255796999999998,27.478475,23.78472175,27.949550249999998
2023-08-18 06:00:00,28.0,26.997227,25.8388058,28.155648199999998,25.385887999999998,28.608566,24.91481275,29.079641249999998
2023-08-18 07:00:00,28.8,27.676426,26.5180048,28.8348472,26.065087,29.287765,25.59401175,29.75884025
2023-08-18 08:00:00,30.2,28.933002,27.7745808,30.091423199999998,27.321662999999997,30.544341,26.85058775,31.015416249999998
2023-08-18 09:00:00,31.5,30.142326,28.9839048,31.3007472,28.530987,31.753665,28.05991175,32.224740249999996
2023-08-18 10:00:00,32.6,31.460066,30.301644800000002,32.6184872,29.848727,33.071405,29.377651750000002,33.54248025
2023-08-18 11:00:00,33.7,32.960506,31.802084800000003,34.1189272,31.349167,34.571845,30.878091750000003,35.04292025
2023-08-18 12:00:00,34.7,33.50954,32.3511188,34.6679612,31.898201,35.120879,31.427125750000002,35.59195425
2023-08-18 13:00:00,35.6,33.63856,32.4801388,34.7969812,32.027221,35.249899,31.55614575,35.72097425
2023-08-18 14:00:00,35.0,34.040318,32.8818968,35.1987392,32.428979,35.651657,31.95790375,36.12273225
2023-08-18 15:00:00,33.0,33.344337,32.185915800000004,34.5027582,31.732998000000002,34.955676000000004,31.261922750000004,35.42675125
2023-08-18 16:00:00,31.4,31.367743,30.2093218,32.5261642,29.756404,32.979082,29.28532875,33.45015725
2023-08-18 17:00:00,31.3,30.490559,29.3321378,31.6489802,28.87922,32.101898,28.40814475,32.57297325
2023-08-18 18:00:00,30.0,28.761925,27.603503800000002,29.9203462,27.150586,30.373264000000002,26.679510750000002,30.84433925
2023-08-18 19:00:00,29.6,28.268362,27.1099408,29.4267832,26.657023,29.879701,26.18594775,30.35077625
2023-08-18 20:00:00,28.5,27.951063,26.792641800000002,29.1094842,26.339724,29.562402000000002,25.868648750000002,30.03347725
2023-08-18 21:00:00,27.8,27.998865,26.8404438,29.157286199999998,26.387525999999998,29.610204,25.91645075,30.081279249999998
2023-08-18 22:00:00,27.5,28.048565,26.8901438,29.2069862,26.437226,29.659904,25.96615075,30.13097925
2023-08-18 23:00:00,27.1,27.89437,26.7359488,29.052791199999998,26.283030999999998,29.505709,25.81195575,29.976784249999998
2023-08-19 00:00:00,26.9,27.408129,26.2497078,28.5665502,25.796789999999998,29.019468,25.32571475,29.490543249999998
2023-08-19 01:00:00,26.9,27.420712,26.262290800000002,28.5791332,25.809373,29.032051000000003,25.338297750000002,29.50312625
2023-08-19 02:00:00,26.6,27.408459,26.2500378,28.5668802,25.79712,29.019798,25.32604475,29.49087325
2023-08-19 03:00:00,26.7,27.519632,26.361210800000002,28.6780532,25.908293,29.130971000000002,25.437217750000002,29.60204625
2023-08-19 04:00:00,26.8,27.350195,26.1917738,28.5086162,25.738856,28.961534,25.26778075,29.43260925
2023-08-19 05:00:00,26.9,27.456623,26.2982018,28.6150442,25.845284,29.067962,25.37420875,29.53903725
2023-08-19 06:00:00,27.3,27.643194,26.484772800000002,28.8016152,26.031855,29.254533000000002,25.560779750000002,29.72560825
2023-08-19 07:00:00,28.2,28.306417,27.1479958,29.4648382,26.695078,29.917756,26.22400275,30.38883125
2023-08-19 08:00:00,30.0,29.430868,28.2724468,30.5892892,27.819529,31.042207,27.34845375,31.51328225
2023-08-19 09:00:00,31.2,30.728554,29.5701328,31.8869752,29.117214999999998,32.339893,28.64613975,32.810968249999995
2023-08-19 10:00:00,32.1,32.015244,30.856822800000003,33.1736652,30.403905,33.626583000000004,29.932829750000003,34.09765825
2023-08-19 11:00:00,33.1,33.18178,32.023358800000004,34.3402012,31.570441000000002,34.793119000000004,31.099365750000004,35.26419425
2023-08-19 12:00:00,34.0,33.74929,32.5908688,34.9077112,32.137951,35.360629,31.666875750000003,35.83170425
2023-08-19 13:00:00,34.1,33.98971,32.8312888,35.1481312,32.378371,35.601049,31.907295750000003,36.07212425
2023-08-19 14:00:00,33.7,33.45963,32.3012088,34.6180512,31.848290999999996,35.070969,31.377215749999998,35.54204425
2023-08-19 15:00:00,31.9,32.056656,30.898234799999997,33.215077199999996,30.445316999999996,33.667995,29.974241749999997,34.139070249999996
2023-08-19 16:00:00,30.8,31.47015,30.3117288,32.628571199999996,29.858811,33.081489,29.38773575,33.552564249999996
2023-08-19 17:00:00,30.2,30.43686,29.2784388,31.5952812,28.825521,32.048199,28.35444575,32.519274249999995
2023-08-19 18:00:00,29.7,29.702545,28.5441238,30.8609662,28.091206,31.313884,27.62013075,31.78495925
2023-08-19 19:00:00,29.2,29.091724,27.9333028,30.2501452,27.480385,30.703063,27.00930975,31.17413825
2023-08-19 20:00:00,29.0,28.389805,27.2313838,29.5482262,26.778465999999998,30.001144,26.30739075,30.47221925
2023-08-19 21:00:00,28.8,27.84254,26.6841188,29.0009612,26.231201,29.453879,25.76012575,29.92495425
2023-08-19 22:00:00,28.6,27.58614,26.4277188,28.7445612,25.974801,29.197479,25.50372575,29.66855425
2023-08-19 23:00:00,28.4,27.399376,26.2409548,28.5577972,25.788037,29.010715,25.31696175,29.48179025
2023-08-20 00:00:00,28.3,27.051964,25.893542800000002,28.2103852,25.440625,28.663303000000003,24.969549750000002,29.13437825
2023-08-20 01:00:00,28.5,27.094519,25.9360978,28.252940199999998,25.483179999999997,28.705858,25.01210475,29.176933249999998
2023-08-20 02:00:00,27.9,27.03381,25.8753888,28.1922312,25.422470999999998,28.645149,24.95139575,29.11622425
2023-08-20 03:00:00,27.7,26.901285,25.742863800000002,28.0597062,25.289946,28.512624000000002,24.818870750000002,28.98369925
2023-08-20 04:00:00,27.5,26.914593,25.7561718,28.0730142,25.303254,28.525932,24.83217875,28.99700725
2023-08-20 05:00:00,27.7,26.987936,25.829514800000002,28.1463572,25.376597,28.599275000000002,24.905521750000002,29.07035025
2023-08-20 06:00:00,27.9,27.414337,26.2559158,28.5727582,25.802998,29.025676,25.33192275,29.49675125
2023-08-20 07:00:00,28.9,28.379963,27.2215418,29.5383842,26.768624,29.991302,26.29754875,30.46237725
2023-08-20 08:00:00,30.6,29.414745,28.2563238,30.5731662,27.803406,31.026084,27.33233075,31.49715925
2023-08-20 09:00:00,32.3,30.903275,29.7448538,32.0616962,29.291936,32.514614,28.82086075,32.98568925
2023-08-20 10:00:00,33.3,31.783945,30.6255238,32.942366199999995,30.172606,33.395284,29.70153075,33.866359249999995
2023-08-20 11:00:00,33.9,32.83309,31.6746688,33.9915112,31.221750999999998,34.444429,30.75067575,34.91550425
2023-08-20 12:00:00,34.3,33.221836,32.063414800000004,34.3802572,31.610497000000002,34.833175000000004,31.139421750000004,35.30425025
2023-08-20 13:00:00,33.6,32.530445,31.3720238,33.6888662,30.919106,34.141784,30.44803075,34.61285925
2023-08-20 14:00:00,31.7,32.461086,31.302664800000002,33.6195072,30.849747,34.072425,30.378671750000002,34.54350025
2023-08-20 15:00:00,32.2,31.894474,30.7360528,33.052895199999995,30.283134999999998,33.505812999999996,29.81205975,33.976888249999995
2023-08-20 16:00:00,31.6,31.02878,29.8703588,32.1872012,29.417441,32.640119,28.946365750000002,33.11119425
2023-08-20 17:00:00,31.1,30.424074,29.2656528,31.5824952,28.812735,32.035413,28.34165975,32.50648825
2023-08-20 18:00:00,29.8,29.50136,28.3429388,30.659781199999998,27.890020999999997,31.112699,27.41894575,31.583774249999998
2023-08-20 19:00:00,29.2,29.18928,28.0308588,30.3477012,27.577941,30.800619,27.10686575,31.27169425
2023-08-20 20:00:00,29.0,28.85314,27.6947188,30.0115612,27.241801,30.464479,26.77072575,30.93555425
2023-08-20 21:00:00,28.8,28.527065,27.3686438,29.6854862,26.915726,30.138404,26.44465075,30.60947925
2023-08-20 22:00:00,28.6,28.24558,27.0871588,29.4040012,26.634241,29.856919,26.16316575,30.32799425
2023-08-20 23:00:00,28.5,28.082035,26.923613800000002,29.2404562,26.470696,29.693374000000002,25.999620750000002,30.16444925
2023-08-21 00:00:00,28.2,27.822212,26.6637908,28.9806332,26.210873,29.433551,25.73979775,29.90462625
2023-08-21 01:00:00,27.8,27.928791,26.7703698,29.0872122,26.317452,29.54013,25.84637675,30.01120525
2023-08-21 02:00:00,27.5,27.550451,26.3920298,28.7088722,25.939111999999998,29.16179,25.46803675,29.63286525
2023-08-21 03:00:00,27.3,27.248453,26.090031800000002,28.4068742,25.637114,28.859792000000002,25.166038750000002,29.33086725
2023-08-21 04:00:00,27.3,27.068386,25.9099648,28.2268072,25.457047,28.679725,24.98597175,29.15080025
2023-08-21 05:00:00,27.4,27.076057,25.9176358,28.234478199999998,25.464717999999998,28.687396,24.99364275,29.158471249999998
2023-08-21 06:00:00,25.5,27.238363,26.0799418,28.3967842,25.627024,28.849702,25.15594875,29.32077725
2023-08-21 07:00:00,27.2,28.482538,27.324116800000002,29.6409592,26.871199,30.093877000000003,26.400123750000002,30.56495225
2023-08-21 08:00:00,28.6,29.731232,28.5728108,30.889653199999998,28.119892999999998,31.342571,27.64881775,31.813646249999998
2023-08-21 09:00:00,30.1,30.92718,29.7687588,32.0856012,29.315841,32.538519,28.84476575,33.00959425
2023-08-21 10:00:00,31.4,32.009377,30.8509558,33.1677982,30.398038,33.620716,29.92696275,34.09179125
2023-08-21 11:00:00,32.2,32.53962,31.3811988,33.6980412,30.928281,34.150959,30.45720575,34.62203425
2023-08-21 12:00:00,32.8,33.085148,31.926726799999997,34.243569199999996,31.473808999999996,34.696487,31.002733749999997,35.167562249999996
2023-08-21 13:00:00,32.9,33.25228,32.0938588,34.4107012,31.640940999999998,34.863619,31.16986575,35.33469425
2023-08-21 14:00:00,32.0,32.559742,31.4013208,33.7181632,30.948403,34.171081,30.47732775,34.64215625
2023-08-21 15:00:00,32.4,31.500446,30.3420248,32.658867199999996,29.889107,33.111785,29.41803175,33.582860249999996
2023-08-21 16:00:00,31.7,30.891865,29.7334438,32.050286199999995,29.280526,32.503204,28.80945075,32.974279249999995
2023-08-21 17:00:00,31.0,30.475555,29.3171338,31.6339762,28.864216,32.086894,28.39314075,32.55796925
2023-08-21 18:00:00,29.6,29.669796,28.511374800000002,30.8282172,28.058457,31.281135000000003,27.587381750000002,31.75221025
2023-08-21 19:00:00,29.1,28.969044,27.8106228,30.1274652,27.357705,30.580383,26.88662975,31.05145825
2023-08-21 20:00:00,29.1,28.56016,27.4017388,29.7185812,26.948821,30.171499,26.47774575,30.64257425
2023-08-21 21:00:00,28.8,28.352802,27.1943808,29.5112232,26.741463,29.964141,26.27038775,30.43521625
2023-08-21 22:00:00,28.5,28.275167,27.1167458,29.4335882,26.663828,29.886506,26.19275275,30.35758125
2023-08-21 23:00:00,28.0,28.174242,27.0158208,29.3326632,26.562903,29.785581,26.09182775,30.25665625
2023-08-22 00:00:00,27.5,27.893179,26.7347578,29.0516002,26.28184,29.504518,25.81076475,29.97559325
2023-08-22 01:00:00,26.4,27.603409,26.4449878,28.7618302,25.99207,29.214748,25.52099475,29.68582325
2023-08-22 02:00:00,26.4,27.091377,25.932955800000002,28.2497982,25.480038,28.702716000000002,25.008962750000002,29.17379125
2023-08-22 03:00:00,26.2,26.96784,25.8094188,28.1262612,25.356500999999998,28.579179,24.88542575,29.05025425
2023-08-22 04:00:00,26.2,26.971039,25.8126178,28.1294602,25.3597,28.582378000000002,24.88862475,29.05345325
2023-08-22 05:00:00,26.3,27.044565,25.8861438,28.202986199999998,25.433225999999998,28.655904,24.96215075,29.126979249999998
2023-08-22 06:00:00,26.3,26.604078,25.445656800000002,27.7624992,24.992739,28.215417000000002,24.521663750000002,28.68649225
2023-08-22 07:00:00,27.0,27.73268,26.5742588,28.891101199999998,26.121340999999997,29.344019,25.65026575,29.815094249999998
2023-08-22 08:00:00,28.6,29.104244,27.945822800000002,30.2626652,27.492905,30.715583000000002,27.021829750000002,31.18665825
2023-08-22 09:00:00,30.3,30.624636,29.4662148,31.7830572,29.013296999999998,32.235974999999996,28.54222175,32.707050249999995
2023-08-22 10:00:00,31.9,32.145855,30.987433799999998,33.3042762,30.534515999999996,33.757194,30.063440749999998,34.22826925
2023-08-22 11:00:00,33.0,32.756367,31.597945799999998,33.9147882,31.145027999999996,34.367706,30.673952749999998,34.83878125
2023-08-22 12:00:00,33.5,33.024345,31.865923799999997,34.182766199999996,31.413005999999996,34.635684,30.941930749999997,35.106759249999996
2023-08-22 13:00:00,33.2,32.99796,31.8395388,34.1563812,31.386620999999998,34.609299,30.91554575,35.08037425
2023-08-22 14:00:00,32.4,32.09785,30.9394288,33.2562712,30.486511,33.709189,30.01543575,34.18026425
2023-08-22 15:00:00,31.7,31.631367,30.4729458,32.7897882,30.020028,33.242706,29.54895275,33.71378125
2023-08-22 16:00:00,31.0,31.195799,30.0373778,32.3542202,29.58446,32.807138,29.11338475,33.27821325
2023-08-22 17:00:00,30.7,30.438057,29.2796358,31.5964782,28.826718,32.049396,28.35564275,32.52047125
2023-08-22 18:00:00,28.9,29.530748,28.3723268,30.6891692,27.919408999999998,31.142087,27.44833375,31.61316225
2023-08-22 19:00:00,28.9,28.959566,27.8011448,30.117987199999998,27.348226999999998,30.570905,26.87715175,31.041980249999998
2023-08-22 20:00:00,28.8,28.796679,27.6382578,29.9551002,27.18534,30.408018000000002,26.71426475,30.87909325
2023-08-22 21:00:00,28.5,28.534216,27.3757948,29.6926372,26.922877,30.145555,26.45180175,30.61663025
2023-08-22 22:00:00,28.4,28.25458,27.0961588,29.4130012,26.643241,29.865919,26.17216575,30.33699425
2023-08-22 23:00:00,28.3,27.863974,26.7055528,29.0223952,26.252634999999998,29.475313,25.78155975,29.94638825
2023-08-23 00:00:00,28.1,27.423014,26.2645928,28.581435199999998,25.811674999999997,29.034353,25.34059975,29.505428249999998
2023-08-23 01:00:00,28.0,26.972656,25.8142348,28.1310772,25.361317,28.583995,24.89024175,29.05507025
2023-08-23 02:00:00,28.1,26.650179,25.491757800000002,27.8086002,25.03884,28.261518000000002,24.567764750000002,28.73259325
2023-08-23 03:00:00,28.1,26.590248,25.4318268,27.7486692,24.978908999999998,28.201587,24.50783375,28.67266225
2023-08-23 04:00:00,27.8,26.493355,25.3349338,27.6517762,24.882016,28.104694000000002,24.41094075,28.57576925
2023-08-23 05:00:00,26.5,26.467266,25.3088448,27.625687199999998,24.855926999999998,28.078605,24.38485175,28.549680249999998
2023-08-23 06:00:00,26.6,26.355629,25.1972078,27.5140502,24.74429,27.966968,24.27321475,28.43804325
2023-08-23 07:00:00,27.3,27.27949,26.1210688,28.4379112,25.668150999999998,28.890829,25.19707575,29.36190425
2023-08-23 08:00:00,28.5,28.423082,27.2646608,29.5815032,26.811743,30.034421000000002,26.34066775,30.50549625
2023-08-23 09:00:00,29.8,29.892563,28.7341418,31.0509842,28.281223999999998,31.503902,27.81014875,31.97497725
2023-08-23 10:00:00,31.0,31.38425,30.225828800000002,32.5426712,29.772911,32.995589,29.301835750000002,33.46666425
2023-08-23 11:00:00,32.2,32.485847,31.3274258,33.6442682,30.874508,34.097186,30.40343275,34.56826125
2023-08-23 12:00:00,33.3,32.888172,31.729750799999998,34.0465932,31.276832999999996,34.499511,30.805757749999998,34.97058625
2023-08-23 13:00:00,33.7,32.77063,31.612208799999998,33.929051199999996,31.159290999999996,34.381969,30.688215749999998,34.853044249999996
2023-08-23 14:00:00,33.6,32.09088,30.9324588,33.2493012,30.479540999999998,33.702219,30.00846575,34.17329425
2023-08-23 15:00:00,33.0,31.337507,30.1790858,32.495928199999994,29.726167999999998,32.948845999999996,29.25509275,33.419921249999994
2023-08-23 16:00:00,31.5,30.820763,29.6623418,31.9791842,29.209424,32.432102,28.73834875,32.90317725
2023-08-23 17:00:00,30.6,30.460426,29.3020048,31.618847199999998,28.849086999999997,32.071765,28.37801175,32.54284025
2023-08-23 18:00:00,28.9,29.332117,28.1736958,30.4905382,27.720778,30.943456,27.24970275,31.41453125
2023-08-23 19:00:00,28.8,28.884287,27.7258658,30.0427082,27.272948,30.495626,26.80187275,30.96670125
2023-08-23 20:00:00,28.8,28.665361,27.5069398,29.8237822,27.054022,30.2767,26.58294675,30.74777525
2023-08-23 21:00:00,28.7,28.43064,27.2722188,29.5890612,26.819301,30.041979,26.34822575,30.51305425
2023-08-23 22:00:00,28.4,28.150234,26.9918128,29.3086552,26.538895,29.761573000000002,26.06781975,30.23264825
2023-08-23 23:00:00,28.2,27.989014,26.8305928,29.1474352,26.377675,29.600353000000002,25.90659975,30.07142825
2023-08-24 00:00:00,27.9,27.762697,26.6042758,28.9211182,26.151358,29.374036,25.68028275,29.84511125
2023-08-24 01:00:00,27.6,27.588217,26.4297958,28.7466382,25.976878,29.199556,25.50580275,29.67063125
2023-08-24 02:00:00,27.5,27.51245,26.354028800000002,28.6708712,25.901111,29.123789000000002,25.430035750000002,29.59486425
2023-08-24 03:00:00,27.4,27.48946,26.3310388,28.6478812,25.878121,29.100799000000002,25.40704575,29.57187425
2023-08-24 04:00:00,26.9,27.206297,26.0478758,28.3647182,25.594958,28.817636,25.12388275,29.28871125
2023-08-24 05:00:00,27.3,26.603973,25.4455518,27.7623942,24.992634,28.215312,24.52155875,28.68638725
2023-08-24 06:00:00,27.6,26.570536,25.4121148,27.7289572,24.959197,28.181875,24.48812175,28.65295025
2023-08-24 07:00:00,28.7,27.223698,26.0652768,28.382119199999998,25.612358999999998,28.835037,25.14128375,29.306112249999998
2023-08-24 08:00:00,30.0,28.472141,27.3137198,29.6305622,26.860802,30.08348,26.38972675,30.55455525
2023-08-24 09:00:00,31.5,30.020748,28.8623268,31.1791692,28.409409,31.632087000000002,27.93833375,32.10316225
2023-08-24 10:00:00,33.1,30.94039,29.7819688,32.0988112,29.329051,32.551729,28.85797575,33.02280425
2023-08-24 11:00:00,34.5,32.041935,30.883513800000003,33.2003562,30.430596,33.653274,29.959520750000003,34.12434925
2023-08-24 12:00:00,35.1,32.95663,31.798208799999998,34.115051199999996,31.345290999999996,34.567969,30.874215749999998,35.039044249999996
2023-08-24 13:00:00,34.8,32.75602,31.5975988,33.9144412,31.144681,34.367359,30.67360575,34.83843425
2023-08-24 14:00:00,33.3,32.32604,31.1676188,33.4844612,30.714700999999998,33.937379,30.24362575,34.40845425
2023-08-24 15:00:00,32.5,32.04356,30.8851388,33.2019812,30.432221,33.654899,29.96114575,34.12597425
2023-08-24 16:00:00,31.4,31.15213,29.9937088,32.3105512,29.540791,32.763469,29.06971575,33.23454425
2023-08-24 17:00:00,30.2,30.48949,29.3310688,31.6479112,28.878151,32.100829,28.40707575,32.571904249999996
2023-08-24 18:00:00,29.5,29.276884,28.1184628,30.4353052,27.665544999999998,30.888223,27.19446975,31.35929825
2023-08-24 19:00:00,29.2,28.602383,27.4439618,29.7608042,26.991044,30.213722,26.51996875,30.68479725
2023-08-24 20:00:00,29.0,28.631105,27.472683800000002,29.7895262,27.019766,30.242444000000003,26.548690750000002,30.71351925
2023-08-24 21:00:00,28.8,28.422144,27.2637228,29.5805652,26.810805,30.033483,26.33972975,30.50455825
2023-08-24 22:00:00,28.6,28.174173,27.0157518,29.3325942,26.562834,29.785512,26.09175875,30.25658725
2023-08-24 23:00:00,28.5,28.040579,26.8821578,29.1990002,26.42924,29.651918000000002,25.95816475,30.12299325
2023-08-25 00:00:00,28.4,27.626387,26.4679658,28.7848082,26.015048,29.237726000000002,25.543972750000002,29.70880125
2023-08-25 01:00:00,28.3,27.433203,26.2747818,28.5916242,25.821863999999998,29.044542,25.35078875,29.51561725
2023-08-25 02:00:00,28.0,27.251062,26.0926408,28.4094832,25.639723,28.862401000000002,25.16864775,29.33347625
2023-08-25 03:00:00,27.7,27.307535,26.149113800000002,28.4659562,25.696196,28.918874000000002,25.225120750000002,29.38994925
2023-08-25 04:00:00,27.6,26.978893,25.8204718,28.1373142,25.367554,28.590232,24.89647875,29.06130725
2023-08-25 05:00:00,28.3,26.866718,25.7082968,28.025139199999998,25.255378999999998,28.478057,24.78430375,28.949132249999998
2023-08-25 06:00:00,28.0,27.05194,25.8935188,28.210361199999998,25.440600999999997,28.663279,24.96952575,29.134354249999998
2023-08-25 07:00:00,28.8,28.070942,26.9125208,29.229363199999998,26.459602999999998,29.682281,25.98852775,30.153356249999998
2023-08-25 08:00:00,30.1,29.347523,28.1891018,30.5059442,27.736183999999998,30.958862,27.26510875,31.42993725
2023-08-25 09:00:00,31.5,30.79096,29.6325388,31.949381199999998,29.179620999999997,32.402299,28.70854575,32.87337425
2023-08-25 10:00:00,32.9,32.401615,31.2431938,33.5600362,30.790276,34.012954,30.31920075,34.48402925
2023-08-25 11:00:00,33.8,33.306416,32.1479948,34.4648372,31.695076999999998,34.917755,31.22400175,35.38883025
2023-08-25 12:00:00,34.3,33.58681,32.4283888,34.7452312,31.975471,35.198149,31.50439575,35.66922425
2023-08-25 13:00:00,34.1,33.393776,32.2353548,34.5521972,31.782437,35.005115,31.311361750000003,35.47619025
2023-08-25 14:00:00,32.2,32.795906,31.637484800000003,33.9543272,31.184567,34.407245,30.713491750000003,34.87832025
2023-08-25 15:00:00,32.0,31.95671,30.7982888,33.1151312,30.345371,33.568049,29.87429575,34.03912425
2023-08-25 16:00:00,31.7,31.259983,30.1015618,32.4184042,29.648643999999997,32.871322,29.17756875,33.34239725
2023-08-25 17:00:00,31.0,30.267324,29.1089028,31.425745199999998,28.655984999999998,31.878663,28.18490975,32.349738249999994
2023-08-25 18:00:00,29.5,29.396683,28.2382618,30.5551042,27.785344,31.008022,27.31426875,31.47909725
2023-08-25 19:00:00,27.4,28.905981,27.7475598,30.0644022,27.294642,30.51732,26.82356675,30.98839525
2023-08-25 20:00:00,27.6,28.642088,27.4836668,29.8005092,27.030749,30.253427000000002,26.55967375,30.72450225
2023-08-25 21:00:00,27.7,28.400036,27.2416148,29.5584572,26.788697,30.011375,26.31762175,30.48245025
2023-08-25 22:00:00,27.5,28.165224,27.0068028,29.323645199999998,26.553884999999998,29.776563,26.08280975,30.247638249999998
2023-08-25 23:00:00,27.7,28.195686,27.0372648,29.354107199999998,26.584346999999998,29.807025,26.11327175,30.278100249999998
2023-08-26 00:00:00,26.4,27.998384,26.839962800000002,29.1568052,26.387045,29.609723000000002,25.915969750000002,30.08079825
2023-08-26 01:00:00,26.0,27.981115,26.8226938,29.1395362,26.369775999999998,29.592454,25.89870075,30.06352925
2023-08-26 02:00:00,25.7,27.633476,26.475054800000002,28.7918972,26.022137,29.244815000000003,25.551061750000002,29.71589025
2023-08-26 03:00:00,25.9,27.445524,26.2871028,28.6039452,25.834184999999998,29.056863,25.36310975,29.52793825
2023-08-26 04:00:00,26.0,27.233704,26.0752828,28.3921252,25.622365,28.845043,25.15128975,29.31611825
2023-08-26 05:00:00,26.1,27.757162,26.5987408,28.9155832,26.145823,29.368501000000002,25.67474775,29.83957625
2023-08-26 06:00:00,26.1,27.651947,26.4935258,28.8103682,26.040608,29.263286,25.56953275,29.73436125
2023-08-26 07:00:00,26.7,28.642174,27.4837528,29.8005952,27.030835,30.253513,26.55975975,30.72458825
2023-08-26 08:00:00,27.3,29.762325,28.6039038,30.9207462,28.150986,31.373664,27.67991075,31.84473925
2023-08-26 09:00:00,29.3,30.80265,29.6442288,31.9610712,29.191311,32.413989,28.72023575,32.88506425
2023-08-26 10:00:00,31.3,32.63763,31.479208800000002,33.7960512,31.026291,34.248969,30.555215750000002,34.72004425
2023-08-26 11:00:00,32.3,33.05687,31.898448800000004,34.2152912,31.445531000000003,34.668209000000004,30.974455750000004,35.13928425
2023-08-26 12:00:00,32.7,32.84974,31.691318799999998,34.008161199999996,31.238400999999996,34.461079,30.767325749999998,34.932154249999996
2023-08-26 13:00:00,32.9,32.736385,31.5779638,33.8948062,31.125045999999998,34.347724,30.65397075,34.81879925
2023-08-26 14:00:00,32.9,32.20885,31.0504288,33.3672712,30.597510999999997,33.820189,30.12643575,34.29126425
2023-08-26 15:00:00,33.0,31.605143,30.446721800000002,32.7635642,29.993804,33.216482,29.522728750000002,33.68755725
2023-08-26 16:00:00,31.9,31.229395,30.0709738,32.387816199999996,29.618056,32.840734,29.14698075,33.311809249999996
2023-08-26 17:00:00,31.5,30.581413,29.422991800000002,31.7398342,28.970074,32.192752,28.498998750000002,32.66382725
2023-08-26 18:00:00,29.7,29.229061,28.070639800000002,30.3874822,27.617722,30.840400000000002,27.146646750000002,31.31147525
2023-08-26 19:00:00,29.2,28.044653,26.8862318,29.2030742,26.433314,29.655992,25.96223875,30.12706725
2023-08-26 20:00:00,29.1,27.994095,26.835673800000002,29.1525162,26.382756,29.605434000000002,25.911680750000002,30.07650925
2023-08-26 21:00:00,29.0,28.002954,26.8445328,29.1613752,26.391614999999998,29.614293,25.92053975,30.08536825
2023-08-26 22:00:00,28.8,27.676918,26.5184968,28.8353392,26.065579,29.288257,25.59450375,29.75933225
2023-08-26 23:00:00,28.6,27.623232,26.464810800000002,28.7816532,26.011893,29.234571000000003,25.540817750000002,29.70564625
2023-08-27 00:00:00,28.5,27.098976,25.9405548,28.2573972,25.487637,28.710315,25.01656175,29.18139025
2023-08-27 01:00:00,28.4,26.890522,25.7321008,28.0489432,25.279183,28.501861,24.80810775,28.97293625
2023-08-27 02:00:00,28.3,26.162788,25.0043668,27.3212092,24.551448999999998,27.774127,24.08037375,28.24520225
2023-08-27 03:00:00,28.0,26.177193,25.0187718,27.3356142,24.565853999999998,27.788532,24.09477875,28.25960725
2023-08-27 04:00:00,27.7,26.336628,25.1782068,27.4950492,24.725289,27.947967000000002,24.25421375,28.41904225
2023-08-27 05:00:00,28.1,26.717194,25.5587728,27.8756152,25.105855,28.328533,24.63477975,28.79960825
2023-08-27 06:00:00,27.9,26.699358,25.5409368,27.8577792,25.088019,28.310697,24.61694375,28.78177225
2023-08-27 07:00:00,28.5,27.44994,26.291518800000002,28.6083612,25.838601,29.061279000000003,25.367525750000002,29.53235425
2023-08-27 08:00:00,30.2,28.50809,27.3496688,29.6665112,26.896751,30.119429,26.42567575,30.59050425
2023-08-27 09:00:00,32.0,29.445986,28.287564800000002,30.6044072,27.834647,31.057325000000002,27.363571750000002,31.52840025
2023-08-27 10:00:00,33.1,30.804121,29.6456998,31.962542199999998,29.192781999999998,32.415459999999996,28.72170675,32.886535249999994
2023-08-27 11:00:00,33.8,31.963076,30.8046548,33.1214972,30.351737,33.574415,29.88066175,34.04549025
2023-08-27 12:00:00,34.3,32.0905,30.9320788,33.2489212,30.479160999999998,33.701839,30.00808575,34.17291425
2023-08-27 13:00:00,34.5,32.43788,31.2794588,33.5963012,30.826541,34.049219,30.35546575,34.52029425
2023-08-27 14:00:00,34.9,31.992857,30.8344358,33.1512782,30.381518,33.604196,29.91044275,34.07527125
2023-08-27 15:00:00,34.0,31.849247,30.6908258,33.0076682,30.237907999999997,33.460586,29.76683275,33.93166125
2023-08-27 16:00:00,33.2,30.809126,29.6507048,31.9675472,29.197786999999998,32.420465,28.72671175,32.89154025
2023-08-27 17:00:00,31.7,30.31978,29.161358800000002,31.4782012,28.708441,31.931119000000002,28.237365750000002,32.40219425
2023-08-27 18:00:00,30.1,29.50019,28.3417688,30.6586112,27.888851,31.111529,27.41777575,31.58260425
2023-08-27 19:00:00,26.9,28.807108,27.6486868,29.9655292,27.195769,30.418447,26.72469375,30.88952225
2023-08-27 20:00:00,26.8,28.664005,27.5055838,29.8224262,27.052666,30.275344,26.58159075,30.74641925
2023-08-27 21:00:00,27.1,28.595224,27.436802800000002,29.7536452,26.983885,30.206563000000003,26.512809750000002,30.67763825
2023-08-27 22:00:00,27.2,28.283554,27.1251328,29.441975199999998,26.672214999999998,29.894893,26.20113975,30.365968249999998
2023-08-27 23:00:00,26.7,28.086557,26.9281358,29.2449782,26.475217999999998,29.697896,26.00414275,30.16897125
2023-08-28 00:00:00,26.7,27.977995,26.8195738,29.1364162,26.366656,29.589334,25.89558075,30.06040925
2023-08-28 01:00:00,26.9,27.985634,26.8272128,29.1440552,26.374295,29.596973000000002,25.90321975,30.06804825
2023-08-28 02:00:00,26.7,27.809002,26.6505808,28.9674232,26.197663,29.420341,25.72658775,29.89141625
2023-08-28 03:00:00,26.5,27.51162,26.3531988,28.6700412,25.900281,29.122959,25.42920575,29.59403425
2023-08-28 04:00:00,26.4,27.241932,26.0835108,28.400353199999998,25.630592999999998,28.853271,25.15951775,29.324346249999998
2023-08-28 05:00:00,25.5,27.433716,26.2752948,28.5921372,25.822377,29.045055,25.35130175,29.51613025
2023-08-28 06:00:00,26.0,27.382538,26.2241168,28.5409592,25.771199,28.993877,25.30012375,29.46495225
2023-08-28 07:00:00,26.8,28.092594,26.9341728,29.251015199999998,26.481254999999997,29.703933,26.01017975,30.175008249999998
2023-08-28 08:00:00,28.6,29.77551,28.6170888,30.9339312,28.164171,31.386849,27.69309575,31.85792425
2023-08-28 09:00:00,30.5,32.038986,30.880564800000002,33.1974072,30.427647,33.650325,29.956571750000002,34.12140025
2023-08-28 10:00:00,31.9,32.915054,31.7566328,34.0734752,31.303714999999997,34.526393,30.83263975,34.99746825
2023-08-28 11:00:00,33.6,33.387123,32.2287018,34.5455442,31.775784,34.998462,31.304708750000003,35.46953725
2023-08-28 12:00:00,34.2,33.3202,32.1617788,34.4786212,31.708861,34.931539,31.23778575,35.40261425
2023-08-28 13:00:00,33.6,33.570053,32.4116318,34.7284742,31.958714,35.181392,31.487638750000002,35.65246725
2023-08-28 14:00:00,30.7,33.222275,32.063853800000004,34.3806962,31.610936000000002,34.833614000000004,31.139860750000004,35.30468925
2023-08-28 15:00:00,29.8,32.232697,31.074275800000002,33.3911182,30.621358,33.844036,30.150282750000002,34.31511125
2023-08-28 16:00:00,30.5,31.712496,30.554074800000002,32.8709172,30.101157,33.323835,29.630081750000002,33.79491025
2023-08-28 17:00:00,32.6,30.720736,29.5623148,31.879157199999998,29.109396999999998,32.332074999999996,28.63832175,32.803150249999995
2023-08-28 18:00:00,30.6,29.468634,28.310212800000002,30.6270552,27.857295,31.079973000000003,27.386219750000002,31.55104825
2023-08-28 19:00:00,29.6,28.70554,27.5471188,29.8639612,27.094200999999998,30.316879,26.62312575,30.78795425
2023-08-28 20:00:00,29.0,27.973404,26.8149828,29.131825199999998,26.362064999999998,29.584743,25.89098975,30.055818249999998
2023-08-28 21:00:00,28.6,27.987347,26.8289258,29.1457682,26.376008,29.598686,25.90493275,30.06976125
2023-08-28 22:00:00,28.2,28.025545,26.8671238,29.1839662,26.414206,29.636884000000002,25.94313075,30.10795925
2023-08-28 23:00:00,27.7,27.28095,26.1225288,28.4393712,25.669611,28.892289,25.19853575,29.36336425
2023-08-29 00:00:00,25.1,27.221539,26.0631178,28.3799602,25.6102,28.832878,25.13912475,29.30395325
2023-08-29 01:00:00,25.4,27.144802,25.9863808,28.303223199999998,25.533462999999998,28.756141,25.06238775,29.227216249999998
2023-08-29 02:00:00,25.2,27.030054,25.8716328,28.1884752,25.418715,28.641393,24.94763975,29.11246825
2023-08-29 03:00:00,25.3,26.95102,25.7925988,28.1094412,25.339681,28.562359,24.86860575,29.03343425
2023-08-29 04:00:00,25.4,26.927507,25.7690858,28.085928199999998,25.316167999999998,28.538846,24.84509275,29.009921249999998
2023-08-29 05:00:00,26.6,26.007654,24.8492328,27.166075199999998,24.396314999999998,27.618993,23.92523975,28.090068249999998
2023-08-29 06:00:00,26.7,26.015163,24.8567418,27.1735842,24.403824,27.626502000000002,23.932748750000002,28.09757725
2023-08-29 07:00:00,28.0,27.183434,26.0250128,28.341855199999998,25.572094999999997,28.794773,25.10101975,29.265848249999998
2023-08-29 08:00:00,30.1,28.85361,27.6951888,30.0120312,27.242271,30.464949,26.77119575,30.93602425
2023-08-29 09:00:00,31.9,30.253876,29.095454800000002,31.4122972,28.642537,31.865215000000003,28.171461750000002,32.33629025
2023-08-29 10:00:00,33.7,31.556707,30.3982858,32.715128199999995,29.945368,33.168046,29.47429275,33.639121249999995
2023-08-29 11:00:00,33.7,32.93838,31.779958800000003,34.0968012,31.327041,34.549719,30.855965750000003,35.02079425
2023-08-29 12:00:00,34.3,32.585144,31.4267228,33.7435652,30.973805,34.196483,30.50272975,34.66755825
2023-08-29 13:00:00,34.1,33.040634,31.882212799999998,34.1990552,31.429294999999996,34.651973,30.958219749999998,35.12304825
2023-08-29 14:00:00,33.0,31.56002,30.401598800000002,32.7184412,29.948681,33.171359,29.477605750000002,33.64243425
2023-08-29 15:00:00,32.7,30.825157,29.6667358,31.9835782,29.213818,32.436496,28.74274275,32.90757125
2023-08-29 16:00:00,32.5,30.163631,29.0052098,31.322052199999998,28.552291999999998,31.77497,28.08121675,32.246045249999995
2023-08-29 17:00:00,31.3,29.907816,28.7493948,31.0662372,28.296477,31.519155,27.82540175,31.99023025
2023-08-29 18:00:00,29.7,29.541586,28.3831648,30.700007199999998,27.930246999999998,31.152925,27.45917175,31.624000249999998
2023-08-29 19:00:00,28.9,28.813515,27.6550938,29.9719362,27.202175999999998,30.424854,26.73110075,30.89592925
2023-08-29 20:00:00,28.3,28.744085,27.5856638,29.902506199999998,27.132745999999997,30.355424,26.66167075,30.826499249999998
2023-08-29 21:00:00,26.0,28.16351,27.0050888,29.321931199999998,26.552170999999998,29.774849,26.08109575,30.245924249999998
2023-08-29 22:00:00,26.1,27.799425,26.6410038,28.9578462,26.188086,29.410764,25.71701075,29.88183925
2023-08-29 23:00:00,25.8,27.704668,26.546246800000002,28.8630892,26.093329,29.316007000000003,25.622253750000002,29.78708225
2023-08-30 00:00:00,25.9,26.685139,25.5267178,27.8435602,25.0738,28.296478,24.60272475,28.76755325
2023-08-30 01:00:00,24.7,26.21316,25.0547388,27.371581199999998,24.601820999999997,27.824499,24.13074575,28.295574249999998
2023-08-30 02:00:00,24.8,25.960705,24.8022838,27.1191262,24.349366,27.572044,23.87829075,28.04311925
2023-08-30 03:00:00,24.8,25.92245,24.764028800000002,27.0808712,24.311111,27.533789000000002,23.840035750000002,28.00486425
2023-08-30 04:00:00,24.7,25.921926,24.7635048,27.0803472,24.310586999999998,27.533265,23.83951175,28.00434025
2023-08-30 05:00:00,25.7,26.138493,24.9800718,27.2969142,24.527154,27.749832,24.05607875,28.22090725
2023-08-30 06:00:00,26.1,26.550484,25.3920628,27.7089052,24.939145,28.161823000000002,24.46806975,28.63289825
2023-08-30 07:00:00,27.6,27.514841,26.3564198,28.6732622,25.903502,29.12618,25.43242675,29.59725525
2023-08-30 08:00:00,29.7,29.220991,28.062569800000002,30.3794122,27.609652,30.832330000000002,27.138576750000002,31.30340525
2023-08-30 09:00:00,31.7,30.651728,29.4933068,31.810149199999998,29.040388999999998,32.263067,28.56931375,32.73414225
2023-08-30 10:00:00,32.4,32.03092,30.872498800000002,33.1893412,30.419581,33.642259,29.948505750000002,34.11333425
2023-08-30 11:00:00,33.2,32.45984,31.3014188,33.6182612,30.848501,34.071179,30.37742575,34.54225425
2023-08-30 12:00:00,34.1,32.06922,30.910798800000002,33.2276412,30.457881,33.680559,29.986805750000002,34.15163425
2023-08-30 13:00:00,34.7,31.980423,30.8220018,33.138844199999994,30.369083999999997,33.591761999999996,29.89800875,34.062837249999994
2023-08-30 14:00:00,34.7,31.578825,30.4204038,32.737246199999994,29.967485999999997,33.190163999999996,29.49641075,33.661239249999994
2023-08-30 15:00:00,32.8,31.235796,30.0773748,32.3942172,29.624457,32.847135,29.15338175,33.31821025
2023-08-30 16:00:00,31.6,29.965841,28.8074198,31.1242622,28.354502,31.577180000000002,27.88342675,32.04825525
2023-08-30 17:00:00,31.2,30.215511,29.0570898,31.3739322,28.604172,31.82685,28.13309675,32.29792525
2023-08-30 18:00:00,29.9,29.61739,28.4589688,30.7758112,28.006051,31.228729,27.53497575,31.69980425
2023-08-30 19:00:00,29.3,28.727879,27.569457800000002,29.8863002,27.11654,30.339218000000002,26.645464750000002,30.81029325
2023-08-30 20:00:00,28.9,28.286308,27.1278868,29.444729199999998,26.674968999999997,29.897647,26.20389375,30.368722249999998
2023-08-30 21:00:00,28.2,27.516533,26.3581118,28.6749542,25.905193999999998,29.127872,25.43411875,29.59894725
2023-08-30 22:00:00,27.8,27.33603,26.1776088,28.4944512,25.724691,28.947369000000002,25.25361575,29.41844425
2023-08-30 23:00:00,27.4,26.860651,25.7022298,28.0190722,25.249312,28.47199,24.77823675,28.94306525
2023-08-31 00:00:00,26.8,26.53799,25.3795688,27.6964112,24.926651,28.149329,24.45557575,28.62040425
2023-08-31 01:00:00,25.8,25.805742,24.6473208,26.964163199999998,24.194402999999998,27.417081,23.72332775,27.888156249999998
2023-08-31 02:00:00,25.5,25.5883,24.4298788,26.7467212,23.976961,27.199639,23.50588575,27.67071425
2023-08-31 03:00:00,25.5,25.404566,24.2461448,26.5629872,23.793226999999998,27.015905,23.32215175,27.48698025
2023-08-31 04:00:00,25.5,25.326597,24.1681758,26.4850182,23.715258,26.937936,23.24418275,27.40901125
2023-08-31 05:00:00,27.0,25.765825,24.6074038,26.9242462,24.154486,27.377164,23.68341075,27.84823925
2023-08-31 06:00:00,27.1,26.365692,25.2072708,27.5241132,24.754353,27.977031,24.28327775,28.44810625
2023-08-31 07:00:00,28.2,27.470049,26.3116278,28.6284702,25.85871,29.081388,25.38763475,29.55246325
2023-08-31 08:00:00,29.8,28.927631,27.769209800000002,30.0860522,27.316292,30.538970000000003,26.845216750000002,31.01004525
2023-08-31 09:00:00,31.6,30.416914,29.2584928,31.575335199999998,28.805574999999997,32.028253,28.33449975,32.49932825
2023-08-31 10:00:00,32.9,32.05374,30.8953188,33.2121612,30.442400999999997,33.665079,29.97132575,34.13615425
2023-08-31 11:00:00,33.4,33.086723,31.9283018,34.2451442,31.475384,34.698062,31.00430875,35.16913725
2023-08-31 12:00:00,32.4,33.28816,32.1297388,34.4465812,31.676820999999997,34.899499,31.20574575,35.37057425
2023-08-31 13:00:00,31.5,33.693764,32.5353428,34.8521852,32.082425,35.305103,31.611349750000002,35.77617825
2023-08-31 14:00:00,31.7,33.21743,32.0590088,34.3758512,31.606091,34.828769,31.13501575,35.29984425
2023-08-31 15:00:00,31.2,31.476826,30.3184048,32.635247199999995,29.865486999999998,33.088165,29.39441175,33.559240249999995
2023-08-31 16:00:00,31.1,30.942026,29.7836048,32.1004472,29.330686999999998,32.553365,28.85961175,33.02444025
2023-08-31 17:00:00,30.6,29.570538,28.4121168,30.7289592,27.959198999999998,31.181877,27.48812375,31.65295225
2023-08-31 18:00:00,29.3,29.259964,28.1015428,30.4183852,27.648625,30.871303,27.17754975,31.34237825
2023-08-31 19:00:00,28.8,28.89695,27.7385288,30.0553712,27.285611,30.508289,26.81453575,30.97936425
2023-08-31 20:00:00,28.7,28.7923,27.6338788,29.9507212,27.180961,30.403639000000002,26.70988575,30.87471425
2023-08-31 21:00:00,28.5,28.305767,27.1473458,29.4641882,26.694428,29.917106,26.22335275,30.38818125
2023-08-31 22:00:00,28.4,27.775974,26.617552800000002,28.9343952,26.164635,29.387313000000002,25.693559750000002,29.85838825
2023-08-31 23:00:00,28.5,27.421751,26.2633298,28.5801722,25.810412,29.03309,25.33933675,29.50416525
2023-09-01 00:00:00,28.2,27.080286,25.9218648,28.2387072,25.468947,28.691625000000002,24.99787175,29.16270025
2023-09-01 01:00:00,27.9,26.570791,25.4123698,27.7292122,24.959452,28.18213,24.48837675,28.65320525
2023-09-01 02:00:00,27.4,26.143515,24.9850938,27.3019362,24.532176,27.754854,24.06110075,28.22592925
2023-09-01 03:00:00,27.1,25.86806,24.7096388,27.0264812,24.256721,27.479399,23.78564575,27.95047425
2023-09-01 04:00:00,26.8,25.707354,24.5489328,26.865775199999998,24.096014999999998,27.318693,23.62493975,27.789768249999998
2023-09-01 05:00:00,27.4,25.925354,24.7669328,27.083775199999998,24.314014999999998,27.536693,23.84293975,28.007768249999998
2023-09-01 06:00:00,27.6,27.05431,25.8958888,28.2127312,25.442971,28.665649000000002,24.97189575,29.13672425
2023-09-01 07:00:00,28.6,27.780602,26.6221808,28.939023199999998,26.169262999999997,29.391941,25.69818775,29.863016249999998
2023-09-01 08:00:00,30.3,29.14464,27.9862188,30.3030612,27.533300999999998,30.755979,27.06222575,31.22705425
2023-09-01 09:00:00,31.9,30.551872,29.3934508,31.7102932,28.940533,32.163211,28.46945775,32.634286249999995
2023-09-01 10:00:00,33.1,32.10115,30.942728799999998,33.259571199999996,30.489810999999996,33.712489,30.018735749999998,34.183564249999996
2023-09-01 11:00:00,33.5,33.11921,31.960788800000003,34.2776312,31.507871,34.730549,31.036795750000003,35.20162425
2023-09-01 12:00:00,34.0,32.636192,31.477770800000002,33.7946132,31.024853,34.247531,30.553777750000002,34.71860625
2023-09-01 13:00:00,34.1,32.014137,30.8557158,33.1725582,30.402797999999997,33.625476,29.93172275,34.09655125
2023-09-01 14:00:00,33.6,31.653269,30.494847800000002,32.8116902,30.04193,33.264608,29.570854750000002,33.73568325
2023-09-01 15:00:00,33.0,31.006536,29.8481148,32.164957199999996,29.395197,32.617875,28.92412175,33.088950249999996
2023-09-01 16:00:00,31.6,30.558638,29.4002168,31.717059199999998,28.947298999999997,32.169976999999996,28.47622375,32.641052249999994
2023-09-01 17:00:00,31.8,30.298132,29.1397108,31.4565532,28.686792999999998,31.909471,28.21571775,32.380546249999995
2023-09-01 18:00:00,30.3,29.293419,28.1349978,30.4518402,27.68208,30.904758,27.21100475,31.37583325
2023-09-01 19:00:00,28.8,28.903898,27.745476800000002,30.0623192,27.292559,30.515237000000003,26.821483750000002,30.98631225
2023-09-01 20:00:00,28.8,28.437582,27.2791608,29.5960032,26.826242999999998,30.048921,26.35516775,30.51999625
2023-09-01 21:00:00,28.5,28.231318,27.072896800000002,29.3897392,26.619979,29.842657000000003,26.148903750000002,30.31373225
2023-09-01 22:00:00,28.0,28.091005,26.9325838,29.2494262,26.479665999999998,29.702344,26.00859075,30.17341925
2023-09-01 23:00:00,27.7,28.024893,26.8664718,29.183314199999998,26.413553999999998,29.636232,25.94247875,30.107307249999998
2023-09-02 00:00:00,27.2,27.790226,26.6318048,28.9486472,26.178887,29.401565,25.70781175,29.87264025
2023-09-02 01:00:00,26.7,27.444302,26.2858808,28.6027232,25.832963,29.055641,25.36188775,29.52671625
2023-09-02 02:00:00,26.4,26.970545,25.812123800000002,28.1289662,25.359206,28.581884000000002,24.888130750000002,29.05295925
2023-09-02 03:00:00,26.1,26.756788,25.5983668,27.9152092,25.145449,28.368127,24.67437375,28.83920225
2023-09-02 04:00:00,25.9,26.550865,25.392443800000002,27.7092862,24.939526,28.162204000000003,24.468450750000002,28.63327925
2023-09-02 05:00:00,26.0,26.9136,25.7551788,28.0720212,25.302260999999998,28.524939,24.83118575,28.996014249999998
2023-09-02 06:00:00,26.4,27.041971,25.8835498,28.2003922,25.430632,28.65331,24.95955675,29.12438525
2023-09-02 07:00:00,27.7,28.302517,27.144095800000002,29.4609382,26.691178,29.913856000000003,26.220102750000002,30.38493125
2023-09-02 08:00:00,29.2,29.861637,28.703215800000002,31.0200582,28.250298,31.472976000000003,27.779222750000002,31.94405125
2023-09-02 09:00:00,30.8,31.001886,29.8434648,32.1603072,29.390546999999998,32.613225,28.91947175,33.08430025
2023-09-02 10:00:00,31.8,32.459904,31.301482800000002,33.6183252,30.848565,34.071243,30.377489750000002,34.54231825
2023-09-02 11:00:00,32.5,33.032608,31.874186800000004,34.1910292,31.421269000000002,34.643947000000004,30.950193750000004,35.11502225
2023-09-02 12:00:00,33.5,32.915714,31.757292800000002,34.0741352,31.304375,34.527053,30.833299750000002,34.99812825
2023-09-02 13:00:00,34.0,32.880207,31.7217858,34.0386282,31.268867999999998,34.491546,30.79779275,34.96262125
2023-09-02 14:00:00,33.8,32.494137,31.335715800000003,33.6525582,30.882798,34.105476,30.411722750000003,34.57655125
2023-09-02 15:00:00,33.7,32.451622,31.2932008,33.6100432,30.840283,34.062961,30.36920775,34.53403625
2023-09-02 16:00:00,32.9,31.379534,30.2211128,32.5379552,29.768195,32.990873,29.29711975,33.46194825
2023-09-02 17:00:00,27.4,30.875505,29.7170838,32.033926199999996,29.264166,32.486844,28.79309075,32.957919249999996
2023-09-02 18:00:00,27.3,29.935741,28.7773198,31.0941622,28.324402,31.54708,27.85332675,32.01815525
2023-09-02 19:00:00,27.3,28.80956,27.651138800000002,29.9679812,27.198221,30.420899000000002,26.727145750000002,30.89197425
2023-09-02 20:00:00,27.0,28.406965,27.2485438,29.5653862,26.795626,30.018304,26.32455075,30.48937925
2023-09-02 21:00:00,26.8,28.294014,27.1355928,29.4524352,26.682675,29.905353,26.21159975,30.37642825
2023-09-02 22:00:00,26.4,27.983093,26.8246718,29.1415142,26.371754,29.594432,25.90067875,30.06550725
2023-09-02 23:00:00,26.1,27.892736,26.7343148,29.0511572,26.281397,29.504075,25.81032175,29.97515025
2023-09-03 00:00:00,26.2,27.240337,26.0819158,28.3987582,25.628998,28.851676,25.15792275,29.32275125
2023-09-03 01:00:00,26.1,27.016005,25.8575838,28.1744262,25.404666,28.627344,24.93359075,29.09841925
2023-09-03 02:00:00,26.1,26.466043,25.3076218,27.6244642,24.854703999999998,28.077382,24.38362875,28.54845725
2023-09-03 03:00:00,26.0,26.535954,25.3775328,27.6943752,24.924615,28.147293,24.45353975,28.61836825
2023-09-03 04:00:00,26.2,26.220484,25.0620628,27.3789052,24.609144999999998,27.831823,24.13806975,28.30289825
2023-09-03 05:00:00,26.6,26.37751,25.2190888,27.5359312,24.766171,27.988849000000002,24.29509575,28.45992425
2023-09-03 06:00:00,27.2,26.567282,25.4088608,27.725703199999998,24.955942999999998,28.178621,24.48486775,28.649696249999998
2023-09-03 07:00:00,28.2,27.75363,26.5952088,28.9120512,26.142291,29.364969000000002,25.67121575,29.83604425
2023-09-03 08:00:00,29.4,28.677588,27.5191668,29.8360092,27.066249,30.288927,26.59517375,30.76000225
2023-09-03 09:00:00,30.6,30.094044,28.9356228,31.2524652,28.482705,31.705383,28.01162975,32.176458249999996
2023-09-03 10:00:00,31.7,31.533024,30.3746028,32.6914452,29.921685,33.144363,29.45060975,33.61543825
2023-09-03 11:00:00,31.4,32.25978,31.1013588,33.4182012,30.648441,33.871119,30.17736575,34.34219425
2023-09-03 12:00:00,31.3,33.282368,32.1239468,34.4407892,31.671028999999997,34.893707,31.19995375,35.36478225
2023-09-03 13:00:00,32.0,32.991158,31.8327368,34.1495792,31.379818999999998,34.602497,30.90874375,35.07357225
2023-09-03 14:00:00,32.2,32.71952,31.561098800000003,33.8779412,31.108181000000002,34.330859000000004,30.637105750000003,34.80193425
2023-09-03 15:00:00,32.2,32.52688,31.3684588,33.6853012,30.915540999999997,34.138219,30.44446575,34.60929425
2023-09-03 16:00:00,30.9,31.770971,30.6125498,32.929392199999995,30.159632,33.38231,29.68855675,33.853385249999995
2023-09-03 17:00:00,30.5,29.9601,28.8016788,31.1185212,28.348761,31.571439,27.87768575,32.042514249999996
2023-09-03 18:00:00,29.2,28.694197,27.5357758,29.8526182,27.082857999999998,30.305536,26.61178275,30.77661125
2023-09-03 19:00:00,29.2,28.19829,27.0398688,29.3567112,26.586951,29.809629,26.11587575,30.28070425
2023-09-03 20:00:00,28.3,28.08069,26.9222688,29.2391112,26.469351,29.692029,25.99827575,30.16310425
2023-09-03 21:00:00,26.9,27.56606,26.4076388,28.7244812,25.954721,29.177399,25.48364575,29.64847425
2023-09-03 22:00:00,25.4,27.245317,26.0868958,28.4037382,25.633978,28.856656,25.16290275,29.32773125
2023-09-03 23:00:00,25.5,27.155043,25.9966218,28.3134642,25.543703999999998,28.766382,25.07262875,29.23745725
2023-09-04 00:00:00,25.7,26.958544,25.8001228,28.1169652,25.347205,28.569883,24.87612975,29.04095825
2023-09-04 01:00:00,25.9,26.575417,25.416995800000002,27.7338382,24.964078,28.186756000000003,24.493002750000002,28.65783125
2023-09-04 02:00:00,26.1,26.555096,25.3966748,27.7135172,24.943756999999998,28.166435,24.47268175,28.63751025
2023-09-04 03:00:00,26.3,26.455381,25.2969598,27.6138022,24.844041999999998,28.06672,24.37296675,28.53779525
2023-09-04 04:00:00,26.1,26.231424,25.0730028,27.3898452,24.620085,27.842763,24.14900975,28.31383825
2023-09-04 05:00:00,27.5,26.483751,25.325329800000002,27.6421722,24.872412,28.095090000000003,24.401336750000002,28.56616525
2023-09-04 06:00:00,26.8,27.068838,25.9104168,28.2272592,25.457499,28.680177,24.98642375,29.15125225
2023-09-04 07:00:00,27.0,27.859936,26.7015148,29.0183572,26.248597,29.471275000000002,25.777521750000002,29.94235025
2023-09-04 08:00:00,27.8,28.757458,27.5990368,29.9158792,27.146119,30.368797,26.67504375,30.83987225
2023-09-04 09:00:00,29.4,30.083416,28.9249948,31.2418372,28.472077,31.694755,28.00100175,32.16583025
2023-09-04 10:00:00,30.8,31.063719,29.9052978,32.2221402,29.452379999999998,32.675058,28.98130475,33.14613325
2023-09-04 11:00:00,29.7,31.99432,30.8358988,33.152741199999994,30.382980999999997,33.605658999999996,29.91190575,34.076734249999994
2023-09-04 12:00:00,29.8,31.730612,30.5721908,32.8890332,30.119273,33.341951,29.64819775,33.81302625
2023-09-04 13:00:00,31.2,31.639324,30.4809028,32.797745199999994,30.027984999999997,33.250662999999996,29.55690975,33.721738249999994
2023-09-04 14:00:00,31.3,31.83564,30.677218800000002,32.9940612,30.224301,33.446979,29.753225750000002,33.91805425
2023-09-04 15:00:00,32.0,31.89194,30.733518800000002,33.0503612,30.280601,33.503279,29.809525750000002,33.97435425
2023-09-04 16:00:00,32.3,31.071787,29.9133658,32.2302082,29.460448,32.683126,28.98937275,33.15420125
2023-09-04 17:00:00,26.1,30.047182,28.8887608,31.2056032,28.435843,31.658521,27.96476775,32.12959625
2023-09-04 18:00:00,26.3,29.020891,27.8624698,30.1793122,27.409551999999998,30.63223,26.93847675,31.10330525
2023-09-04 19:00:00,26.5,28.592955,27.4345338,29.7513762,26.981616,30.204294,26.51054075,30.67536925
2023-09-04 20:00:00,26.6,28.249453,27.0910318,29.4078742,26.638113999999998,29.860792,26.16703875,30.33186725
2023-09-04 21:00:00,26.4,27.635902,26.477480800000002,28.7943232,26.024563,29.247241000000002,25.553487750000002,29.71831625
2023-09-04 22:00:00,26.5,26.86423,25.7058088,28.0226512,25.252890999999998,28.475569,24.78181575,28.94664425
2023-09-04 23:00:00,26.4,26.774998,25.6165768,27.9334192,25.163659,28.386337,24.69258375,28.85741225
2023-09-05 00:00:00,26.0,26.536304,25.377882800000002,27.6947252,24.924965,28.147643000000002,24.453889750000002,28.61871825
2023-09-05 01:00:00,26.1,26.529036,25.370614800000002,27.6874572,24.917697,28.140375000000002,24.446621750000002,28.61145025
2023-09-05 02:00:00,26.1,26.42909,25.2706688,27.587511199999998,24.817750999999998,28.040429,24.34667575,28.511504249999998
2023-09-05 03:00:00,26.2,26.35105,25.1926288,27.5094712,24.739711,27.962389,24.26863575,28.43346425
2023-09-05 04:00:00,26.4,25.93311,24.7746888,27.0915312,24.321771,27.544449,23.85069575,28.01552425
2023-09-05 05:00:00,27.7,26.332472,25.1740508,27.4908932,24.721133,27.943811,24.25005775,28.41488625
2023-09-05 06:00:00,27.7,26.6991,25.540678800000002,27.8575212,25.087761,28.310439000000002,24.616685750000002,28.78151425
2023-09-05 07:00:00,28.2,27.088785,25.930363800000002,28.2472062,25.477446,28.700124000000002,25.006370750000002,29.17119925
2023-09-05 08:00:00,29.4,28.265541,27.1071198,29.4239622,26.654201999999998,29.87688,26.18312675,30.34795525
2023-09-05 09:00:00,30.7,29.521399,28.3629778,30.679820199999998,27.910059999999998,31.132738,27.43898475,31.603813249999998
2023-09-05 10:00:00,31.8,30.3576,29.199178800000002,31.5160212,28.746261,31.968939000000002,28.275185750000002,32.44001425
2023-09-05 11:00:00,32.3,30.822199,29.663777800000002,31.9806202,29.21086,32.433538,28.739784750000002,32.90461325
2023-09-05 12:00:00,32.8,31.37744,30.2190188,32.5358612,29.766101,32.988779,29.29502575,33.45985425
2023-09-05 13:00:00,33.0,31.778976,30.6205548,32.9373972,30.167637,33.390315,29.69656175,33.86139025
2023-09-05 14:00:00,31.1,31.823137,30.6647158,32.981558199999995,30.211797999999998,33.434476,29.74072275,33.905551249999995
2023-09-05 15:00:00,29.6,32.058094,30.899672799999998,33.216515199999996,30.446754999999996,33.669433,29.975679749999998,34.140508249999996
2023-09-05 16:00:00,28.9,30.693382,29.5349608,31.8518032,29.082043,32.304721,28.61096775,32.77579625
2023-09-05 17:00:00,31.2,28.299646,27.1412248,29.4580672,26.688307,29.910985,26.21723175,30.38206025
2023-09-05 18:00:00,29.9,27.519121,26.3606998,28.677542199999998,25.907781999999997,29.13046,25.43670675,29.601535249999998
2023-09-05 19:00:00,29.4,27.781605,26.6231838,28.9400262,26.170265999999998,29.392944,25.69919075,29.86401925
2023-09-05 20:00:00,29.1,27.283667,26.125245800000002,28.4420882,25.672328,28.895006000000002,25.201252750000002,29.36608125
2023-09-05 21:00:00,28.6,27.017193,25.8587718,28.1756142,25.405853999999998,28.628532,24.93477875,29.09960725
2023-09-05 22:00:00,28.4,26.860142,25.7017208,28.0185632,25.248803,28.471481,24.77772775,28.94255625
2023-09-05 23:00:00,28.2,26.66626,25.507838800000002,27.8246812,25.054921,28.277599000000002,24.583845750000002,28.74867425
2023-09-06 00:00:00,27.7,26.32786,25.169438800000002,27.4862812,24.716521,27.939199000000002,24.245445750000002,28.41027425
2023-09-06 01:00:00,27.4,26.325974,25.1675528,27.484395199999998,24.714634999999998,27.937313,24.24355975,28.408388249999998
2023-09-06 02:00:00,27.3,26.337019,25.178597800000002,27.4954402,24.72568,27.948358000000002,24.254604750000002,28.41943325
2023-09-06 03:00:00,27.1,26.261332,25.1029108,27.4197532,24.649993,27.872671,24.17891775,28.34374625
2023-09-06 04:00:00,26.9,26.374784,25.2163628,27.533205199999998,24.763444999999997,27.986123,24.29236975,28.457198249999998
2023-09-06 05:00:00,27.1,27.152239,25.993817800000002,28.3106602,25.5409,28.763578000000003,25.069824750000002,29.23465325
2023-09-06 06:00:00,27.2,27.132235,25.973813800000002,28.2906562,25.520896,28.743574000000002,25.049820750000002,29.21464925
2023-09-06 07:00:00,28.3,27.609066,26.4506448,28.767487199999998,25.997726999999998,29.220405,25.52665175,29.691480249999998
2023-09-06 08:00:00,29.8,28.97422,27.8157988,30.1326412,27.362880999999998,30.585559,26.89180575,31.05663425
2023-09-06 09:00:00,31.2,30.357948,29.1995268,31.5163692,28.746609,31.969287,28.27553375,32.44036225
2023-09-06 10:00:00,32.3,31.658924,30.5005028,32.8173452,30.047584999999998,33.270263,29.57650975,33.74133825
2023-09-06 11:00:00,33.1,32.11889,30.9604688,33.2773112,30.507551,33.730229,30.03647575,34.20130425
2023-09-06 12:00:00,33.7,32.479588,31.3211668,33.6380092,30.868249,34.090927,30.39717375,34.56200225
2023-09-06 13:00:00,33.3,32.372036,31.213614800000002,33.5304572,30.760697,33.983375,30.289621750000002,34.45445025
2023-09-06 14:00:00,32.4,31.607115,30.4486938,32.7655362,29.995776,33.218454,29.52470075,33.68952925
2023-09-06 15:00:00,31.6,31.202646,30.044224800000002,32.3610672,29.591307,32.813985,29.120231750000002,33.28506025
2023-09-06 16:00:00,30.3,30.268673,29.1102518,31.4270942,28.657334,31.880012,28.18625875,32.35108725
2023-09-06 17:00:00,29.1,29.631153,28.472731800000002,30.7895742,28.019814,31.242492000000002,27.548738750000002,31.71356725
2023-09-06 18:00:00,28.9,29.68522,28.5267988,30.8436412,28.073881,31.296559000000002,27.60280575,31.76763425
2023-09-06 19:00:00,28.1,28.97286,27.8144388,30.1312812,27.361521,30.584199,26.89044575,31.05527425
2023-09-06 20:00:00,26.1,28.715916,27.5574948,29.8743372,27.104577,30.327255,26.63350175,30.79833025
2023-09-06 21:00:00,26.4,28.313517,27.1550958,29.4719382,26.702178,29.924856000000002,26.23110275,30.39593125
2023-09-06 22:00:00,26.5,27.942593,26.7841718,29.101014199999998,26.331253999999998,29.553932,25.86017875,30.025007249999998
2023-09-06 23:00:00,26.0,27.751278,26.5928568,28.9096992,26.139939,29.362617,25.66886375,29.83369225
2023-09-07 00:00:00,25.9,27.451664,26.2932428,28.6100852,25.840325,29.063003000000002,25.36924975,29.53407825
2023-09-07 01:00:00,26.0,27.195614,26.0371928,28.3540352,25.584274999999998,28.806953,25.11319975,29.27802825
2023-09-07 02:00:00,26.0,26.96595,25.8075288,28.1243712,25.354611,28.577289,24.88353575,29.04836425
2023-09-07 03:00:00,26.3,26.854628,25.696206800000002,28.0130492,25.243289,28.465967000000003,24.772213750000002,28.93704225
2023-09-07 04:00:00,26.4,26.502575,25.3441538,27.6609962,24.891236,28.113914,24.42016075,28.58498925
2023-09-07 05:00:00,26.4,26.90011,25.741688800000002,28.0585312,25.288771,28.511449000000002,24.817695750000002,28.98252425
2023-09-07 06:00:00,26.6,27.063704,25.905282800000002,28.2221252,25.452365,28.675043000000002,24.981289750000002,29.14611825
2023-09-07 07:00:00,27.8,28.10217,26.9437488,29.2605912,26.490831,29.713509000000002,26.01975575,30.18458425
2023-09-07 08:00:00,29.5,29.590021,28.4315998,30.7484422,27.978682,31.20136,27.50760675,31.67243525
2023-09-07 09:00:00,31.0,31.269798,30.111376800000002,32.4282192,29.658459,32.881137,29.187383750000002,33.35221225
2023-09-07 10:00:00,32.1,32.497253,31.3388318,33.6556742,30.885914,34.108592,30.41483875,34.57966725
2023-09-07 11:00:00,33.1,33.118546,31.960124800000003,34.2769672,31.507207,34.729885,31.036131750000003,35.20096025
2023-09-07 12:00:00,33.6,33.532852,32.3744308,34.6912732,31.921512999999997,35.144191,31.45043775,35.61526625
2023-09-07 13:00:00,33.8,33.330692,32.1722708,34.4891132,31.719352999999998,34.942031,31.24827775,35.41310625
2023-09-07 14:00:00,33.2,32.118504,30.960082800000002,33.2769252,30.507165,33.729843,30.036089750000002,34.20091825
2023-09-07 15:00:00,32.7,31.548857,30.390435800000002,32.7072782,29.937518,33.160196,29.466442750000002,33.63127125
2023-09-07 16:00:00,31.6,30.45378,29.2953588,31.612201199999998,28.842440999999997,32.065118999999996,28.37136575,32.536194249999994
2023-09-07 17:00:00,31.4,29.624828,28.4664068,30.7832492,28.013489,31.236167000000002,27.54241375,31.70724225
2023-09-07 18:00:00,29.5,28.912407,27.753985800000002,30.0708282,27.301068,30.523746000000003,26.829992750000002,30.99482125
2023-09-07 19:00:00,29.3,28.519556,27.361134800000002,29.6779772,26.908217,30.130895000000002,26.437141750000002,30.60197025
2023-09-07 20:00:00,28.8,27.535374,26.3769528,28.6937952,25.924035,29.146713000000002,25.45295975,29.61778825
2023-09-07 21:00:00,28.9,27.351202,26.1927808,28.5096232,25.739863,28.962541,25.26878775,29.43361625
2023-09-07 22:00:00,28.7,27.153582,25.9951608,28.3120032,25.542243,28.764921,25.07116775,29.23599625
2023-09-07 23:00:00,28.1,26.83516,25.6767388,27.993581199999998,25.223820999999997,28.446499,24.75274575,28.917574249999998
2023-09-08 00:00:00,27.9,26.607985,25.4495638,27.7664062,24.996646,28.219324,24.52557075,28.69039925
2023-09-08 01:00:00,27.4,26.408443,25.2500218,27.566864199999998,24.797103999999997,28.019782,24.32602875,28.490857249999998
2023-09-08 02:00:00,27.0,26.181469,25.0230478,27.3398902,24.57013,27.792808,24.09905475,28.26388325
2023-09-08 03:00:00,26.6,26.1648,25.0063788,27.3232212,24.553461,27.776139,24.08238575,28.24721425
2023-09-08 04:00:00,26.4,26.221628,25.0632068,27.3800492,24.610288999999998,27.832967,24.13921375,28.30404225
2023-09-08 05:00:00,27.7,26.395872,25.2374508,27.5542932,24.784533,28.007211,24.31345775,28.47828625
2023-09-08 06:00:00,27.6,26.563068,25.404646800000002,27.7214892,24.951729,28.174407000000002,24.480653750000002,28.64548225
2023-09-08 07:00:00,28.4,27.758682,26.6002608,28.9171032,26.147343,29.370021,25.67626775,29.84109625
2023-09-08 08:00:00,29.8,29.258707,28.1002858,30.4171282,27.647368,30.870046000000002,27.17629275,31.34112125
2023-09-08 09:00:00,31.5,30.827736,29.669314800000002,31.9861572,29.216397,32.439075,28.745321750000002,32.91015025
2023-09-08 10:00:00,32.6,32.055256,30.8968348,33.2136772,30.443917,33.666595,29.97284175,34.13767025
2023-09-08 11:00:00,33.7,33.11825,31.959828800000004,34.2766712,31.506911000000002,34.729589000000004,31.035835750000004,35.20066425
2023-09-08 12:00:00,34.2,33.23533,32.0769088,34.3937512,31.623990999999997,34.846669,31.15291575,35.31774425
2023-09-08 13:00:00,34.1,33.135246,31.976824800000003,34.2936672,31.523907,34.746585,31.052831750000003,35.21766025
2023-09-08 14:00:00,33.7,32.5895,31.4310788,33.7479212,30.978161,34.200839,30.50708575,34.67191425
2023-09-08 15:00:00,32.0,31.912598,30.7541768,33.071019199999995,30.301258999999998,33.523937,29.83018375,33.995012249999995
2023-09-08 16:00:00,31.7,30.868692,29.7102708,32.027113199999995,29.257353,32.480031,28.78627775,32.951106249999995
2023-09-08 17:00:00,30.5,30.264133,29.1057118,31.4225542,28.652794,31.875472000000002,28.18171875,32.34654725
2023-09-08 18:00:00,30.0,29.376375,28.2179538,30.5347962,27.765036,30.987714,27.29396075,31.45878925
2023-09-08 19:00:00,29.5,28.893301,27.7348798,30.0517222,27.281962,30.504640000000002,26.81088675,30.97571525
2023-09-08 20:00:00,29.0,28.755526,27.5971048,29.9139472,27.144187,30.366865,26.67311175,30.83794025
2023-09-08 21:00:00,28.8,28.524261,27.3658398,29.6826822,26.912922,30.1356,26.44184675,30.60667525
2023-09-08 22:00:00,28.7,28.312656,27.1542348,29.4710772,26.701317,29.923995,26.23024175,30.39507025
2023-09-08 23:00:00,28.9,27.771812,26.6133908,28.9302332,26.160473,29.383151,25.68939775,29.85422625
2023-09-09 00:00:00,28.5,27.736189,26.5777678,28.8946102,26.12485,29.347528,25.65377475,29.81860325
2023-09-09 01:00:00,28.2,27.400232,26.2418108,28.5586532,25.788892999999998,29.011571,25.31781775,29.48264625
2023-09-09 02:00:00,27.9,27.069782,25.9113608,28.2282032,25.458443,28.681121,24.98736775,29.15219625
2023-09-09 03:00:00,27.6,26.662601,25.5041798,27.821022199999998,25.051261999999998,28.27394,24.58018675,28.745015249999998
2023-09-09 04:00:00,27.3,26.404766,25.2463448,27.563187199999998,24.793426999999998,28.016105,24.32235175,28.487180249999998
2023-09-09 05:00:00,28.4,26.819942,25.6615208,27.9783632,25.208603,28.431281000000002,24.73752775,28.90235625
2023-09-09 06:00:00,28.6,27.206112,26.0476908,28.3645332,25.594773,28.817451000000002,25.12369775,29.28852625
2023-09-09 07:00:00,29.4,28.045778,26.8873568,29.204199199999998,26.434438999999998,29.657117,25.96336375,30.128192249999998
2023-09-09 08:00:00,30.3,29.507797,28.3493758,30.6662182,27.896458,31.119136,27.42538275,31.59021125
2023-09-09 09:00:00,30.5,30.864271,29.7058498,32.022692199999995,29.252931999999998,32.475609999999996,28.78185675,32.946685249999994
2023-09-09 10:00:00,31.2,32.06842,30.909998800000004,33.2268412,30.457081000000002,33.679759000000004,29.986005750000004,34.15083425
2023-09-09 11:00:00,32.0,33.106613,31.948191800000004,34.2650342,31.495274000000002,34.717952000000004,31.024198750000004,35.18902725
2023-09-09 12:00:00,32.4,33.56151,32.4030888,34.7199312,31.950170999999997,35.172849,31.47909575,35.64392425
2023-09-09 13:00:00,33.2,33.038372,31.879950800000003,34.1967932,31.427033,34.649711,30.955957750000003,35.12078625
2023-09-09 14:00:00,33.5,32.589684,31.4312628,33.7481052,30.978344999999997,34.201023,30.50726975,34.67209825
2023-09-09 15:00:00,34.1,31.660917,30.502495800000002,32.8193382,30.049578,33.272256,29.578502750000002,33.74333125
2023-09-09 16:00:00,33.6,31.515203,30.3567818,32.6736242,29.903864,33.126542,29.43278875,33.59761725
2023-09-09 17:00:00,31.3,30.47086,29.3124388,31.629281199999998,28.859520999999997,32.082198999999996,28.38844575,32.553274249999994
2023-09-09 18:00:00,30.1,29.750671,28.5922498,30.9090922,28.139332,31.36201,27.66825675,31.83308525
2023-09-09 19:00:00,29.4,29.46577,28.3073488,30.6241912,27.854430999999998,31.077109,27.38335575,31.54818425
2023-09-09 20:00:00,29.3,29.072336,27.9139148,30.2307572,27.460997,30.683675,26.98992175,31.15475025
2023-09-09 21:00:00,29.0,28.609901,27.4514798,29.7683222,26.998562,30.22124,26.52748675,30.69231525
2023-09-09 22:00:00,28.8,28.445578,27.2871568,29.6039992,26.834239,30.056917000000002,26.363163750000002,30.52799225
2023-09-09 23:00:00,28.6,28.508083,27.3496618,29.6665042,26.896743999999998,30.119422,26.42566875,30.59049725
2023-09-10 00:00:00,28.4,28.14942,26.9909988,29.3078412,26.538081,29.760759,26.06700575,30.23183425
2023-09-10 01:00:00,28.0,27.76341,26.6049888,28.9218312,26.152071,29.374749,25.68099575,29.84582425
2023-09-10 02:00:00,27.7,27.524603,26.3661818,28.6830242,25.913263999999998,29.135942,25.44218875,29.60701725
2023-09-10 03:00:00,27.4,27.253607,26.0951858,28.412028199999998,25.642267999999998,28.864946,25.17119275,29.336021249999998
2023-09-10 04:00:00,27.2,26.982084,25.8236628,28.1405052,25.370745,28.593423,24.89966975,29.06449825
2023-09-10 05:00:00,27.9,27.841982,26.683560800000002,29.0004032,26.230643,29.453321000000003,25.759567750000002,29.92439625
2023-09-10 06:00:00,28.3,28.010223,26.8518018,29.1686442,26.398884,29.621562,25.92780875,30.09263725
2023-09-10 07:00:00,28.7,28.836773,27.6783518,29.9951942,27.225434,30.448112000000002,26.75435875,30.91918725
2023-09-10 08:00:00,30.0,29.78848,28.6300588,30.9469012,28.177141,31.399819,27.70606575,31.87089425
2023-09-10 09:00:00,31.5,30.710924,29.5525028,31.869345199999998,29.099584999999998,32.322263,28.62850975,32.79333825
2023-09-10 10:00:00,32.7,31.467768,30.3093468,32.6261892,29.856429,33.079107,29.38535375,33.55018225
2023-09-10 11:00:00,34.0,31.725283,30.5668618,32.8837042,30.113944,33.336622,29.64286875,33.80769725
2023-09-10 12:00:00,34.7,32.37943,31.2210088,33.5378512,30.768091,33.990769,30.29701575,34.46184425
2023-09-10 13:00:00,34.9,32.90117,31.7427488,34.0595912,31.289831,34.512509,30.81875575,34.98358425
2023-09-10 14:00:00,34.6,32.960384,31.8019628,34.1188052,31.349044999999997,34.571723,30.87796975,35.04279825
2023-09-10 15:00:00,34.1,32.291042,31.132620799999998,33.4494632,30.679702999999996,33.902381,30.208627749999998,34.37345625
2023-09-10 16:00:00,32.3,31.53368,30.3752588,32.692101199999996,29.922341,33.145019,29.45126575,33.616094249999996
2023-09-10 17:00:00,30.4,30.029774,28.8713528,31.1881952,28.418435,31.641113,27.94735975,32.112188249999996
2023-09-10 18:00:00,29.4,29.40034,28.2419188,30.5587612,27.789001,31.011679,27.31792575,31.48275425
2023-09-10 19:00:00,27.9,29.283258,28.1248368,30.4416792,27.671919,30.894597,27.20084375,31.36567225
2023-09-10 20:00:00,28.0,28.905329,27.7469078,30.063750199999998,27.293989999999997,30.516668,26.82291475,30.987743249999998
2023-09-10 21:00:00,27.8,28.752092,27.5936708,29.9105132,27.140753,30.363431000000002,26.66967775,30.83450625
2023-09-10 22:00:00,27.6,28.469551,27.3111298,29.6279722,26.858211999999998,30.08089,26.38713675,30.55196525
2023-09-10 23:00:00,27.2,28.305807,27.147385800000002,29.4642282,26.694468,29.917146000000002,26.223392750000002,30.38822125
2023-09-11 00:00:00,27.0,28.074663,26.9162418,29.2330842,26.463324,29.686002000000002,25.99224875,30.15707725
2023-09-11 01:00:00,26.9,27.809889,26.6514678,28.968310199999998,26.198549999999997,29.421228,25.72747475,29.892303249999998
2023-09-11 02:00:00,26.8,27.521109,26.3626878,28.6795302,25.909769999999998,29.132448,25.43869475,29.60352325
2023-09-11 03:00:00,26.9,27.29552,26.1370988,28.4539412,25.684181,28.906859,25.21310575,29.37793425
2023-09-11 04:00:00,27.0,26.980682,25.822260800000002,28.1391032,25.369343,28.592021000000003,24.898267750000002,29.06309625
2023-09-11 05:00:00,29.3,27.422478,26.264056800000002,28.5808992,25.811139,29.033817000000003,25.340063750000002,29.50489225
2023-09-11 06:00:00,29.3,27.647388,26.4889668,28.8058092,26.036049,29.258727,25.56497375,29.72980225
2023-09-11 07:00:00,29.6,28.389997,27.2315758,29.5484182,26.778658,30.001336000000002,26.30758275,30.47241125
2023-09-11 08:00:00,30.0,29.403498,28.2450768,30.5619192,27.792158999999998,31.014837,27.32108375,31.48591225
2023-09-11 09:00:00,31.4,30.541267,29.382845800000002,31.6996882,28.929928,32.152606,28.458852750000002,32.62368125
2023-09-11 10:00:00,33.2,32.091885,30.9334638,33.2503062,30.480545999999997,33.703224,30.00947075,34.17429925
2023-09-11 11:00:00,34.1,32.75439,31.5959688,33.9128112,31.143051,34.365729,30.67197575,34.83680425
2023-09-11 12:00:00,34.9,33.387417,32.2289958,34.5458382,31.776078,34.998756,31.30500275,35.46983125
2023-09-11 13:00:00,35.3,33.283817,32.1253958,34.4422382,31.672477999999998,34.895156,31.20140275,35.36623125
2023-09-11 14:00:00,35.0,32.606274,31.4478528,33.7646952,30.994934999999998,34.217613,30.52385975,34.68868825
2023-09-11 15:00:00,28.4,31.263632,30.105210800000002,32.4220532,29.652293,32.874971,29.181217750000002,33.34604625
2023-09-11 16:00:00,28.9,31.0989,29.9404788,32.2573212,29.487561,32.710239,29.01648575,33.18131425
2023-09-11 17:00:00,28.6,30.060776,28.9023548,31.2191972,28.449437,31.672115,27.97836175,32.143190249999996
2023-09-11 18:00:00,28.0,29.382881,28.2244598,30.5413022,27.771542,30.994220000000002,27.300466750000002,31.46529525
2023-09-11 19:00:00,27.6,28.580906,27.4224848,29.739327199999998,26.969566999999998,30.192245,26.49849175,30.663320249999998
2023-09-11 20:00:00,27.7,28.553543,27.395121800000002,29.7119642,26.942204,30.164882000000002,26.471128750000002,30.63595725
2023-09-11 21:00:00,27.4,28.244722,27.0863008,29.4031432,26.633383,29.856061,26.16230775,30.32713625
2023-09-11 22:00:00,27.3,28.015556,26.8571348,29.1739772,26.404217,29.626895,25.93314175,30.09797025
2023-09-11 23:00:00,27.6,27.500244,26.3418228,28.658665199999998,25.888904999999998,29.111583,25.41782975,29.582658249999998
2023-09-12 00:00:00,27.7,27.314816,26.1563948,28.4732372,25.703477,28.926155,25.23240175,29.39723025
2023-09-12 01:00:00,27.3,27.079756,25.9213348,28.2381772,25.468417,28.691095,24.99734175,29.16217025
2023-09-12 02:00:00,26.9,27.206158,26.0477368,28.364579199999998,25.594818999999998,28.817497,25.12374375,29.288572249999998
2023-09-12 03:00:00,26.7,27.162186,26.0037648,28.320607199999998,25.550846999999997,28.773525,25.07977175,29.244600249999998
2023-09-12 04:00:00,26.5,27.017136,25.8587148,28.1755572,25.405797,28.628475,24.93472175,29.09955025
2023-09-12 05:00:00,27.0,27.82288,26.664458800000002,28.9813012,26.211541,29.434219000000002,25.740465750000002,29.90529425
2023-09-12 06:00:00,27.6,28.43083,27.2724088,29.5892512,26.819491,30.042169,26.34841575,30.51324425
2023-09-12 07:00:00,28.5,28.787691,27.6292698,29.946112199999998,27.176351999999998,30.39903,26.70527675,30.870105249999998
2023-09-12 08:00:00,30.1,29.64658,28.4881588,30.8050012,28.035241,31.257919,27.56416575,31.72899425
2023-09-12 09:00:00,31.6,31.241776,30.083354800000002,32.4001972,29.630437,32.853115,29.159361750000002,33.32419025
2023-09-12 10:00:00,32.9,32.570915,31.4124938,33.7293362,30.959576,34.182254,30.48850075,34.65332925
2023-09-12 11:00:00,34.1,33.519985,32.3615638,34.6784062,31.908645999999997,35.131324,31.43757075,35.60239925
2023-09-12 12:00:00,34.8,33.955032,32.7966108,35.1134532,32.343693,35.566371000000004,31.872617750000003,36.03744625
2023-09-12 13:00:00,35.1,33.749943,32.5915218,34.9083642,32.138604,35.361282,31.667528750000002,35.83235725
2023-09-12 14:00:00,35.2,33.833992,32.6755708,34.9924132,32.222653,35.445331,31.751577750000003,35.91640625
2023-09-12 15:00:00,34.5,31.244425,30.0860038,32.4028462,29.633086,32.855764,29.16201075,33.32683925
2023-09-12 16:00:00,31.8,30.084957,28.9265358,31.2433782,28.473618,31.696296,28.00254275,32.167371249999995
2023-09-12 17:00:00,32.6,29.338295,28.1798738,30.496716199999998,27.726955999999998,30.949634,27.25588075,31.420709249999998
2023-09-12 18:00:00,30.2,28.532484,27.3740628,29.6909052,26.921145,30.143823,26.45006975,30.61489825
2023-09-12 19:00:00,29.1,27.934996,26.776574800000002,29.0934172,26.323657,29.546335000000003,25.852581750000002,30.01741025
2023-09-12 20:00:00,28.4,28.009563,26.8511418,29.1679842,26.398224,29.620902,25.92714875,30.09197725
2023-09-12 21:00:00,28.4,27.45322,26.294798800000002,28.6116412,25.841881,29.064559000000003,25.370805750000002,29.53563425
2023-09-12 22:00:00,28.4,27.393242,26.2348208,28.5516632,25.781903,29.004581,25.31082775,29.47565625
2023-09-12 23:00:00,28.2,27.30456,26.1461388,28.462981199999998,25.693220999999998,28.915899,25.22214575,29.386974249999998
2023-09-13 00:00:00,28.1,27.379301,26.220879800000002,28.5377222,25.767962,28.990640000000003,25.296886750000002,29.46171525
2023-09-13 01:00:00,27.7,27.379766,26.2213448,28.5381872,25.768427,28.991105,25.29735175,29.46218025
2023-09-13 02:00:00,27.4,27.087006,25.9285848,28.245427199999998,25.475666999999998,28.698345,25.00459175,29.169420249999998
2023-09-13 03:00:00,27.2,26.693537,25.5351158,27.8519582,25.082197999999998,28.304876,24.61112275,28.77595125
2023-09-13 04:00:00,27.1,26.557497,25.399075800000002,27.7159182,24.946158,28.168836000000002,24.475082750000002,28.63991125
2023-09-13 05:00:00,28.1,27.765469,26.6070478,28.9238902,26.15413,29.376808,25.68305475,29.84788325
2023-09-13 06:00:00,28.2,28.273724,27.115302800000002,29.4321452,26.662385,29.885063000000002,26.191309750000002,30.35613825
2023-09-13 07:00:00,29.0,28.61952,27.461098800000002,29.7779412,27.008181,30.230859000000002,26.537105750000002,30.70193425
2023-09-13 08:00:00,30.5,29.693876,28.5354548,30.8522972,28.082537,31.305215,27.61146175,31.77629025
2023-09-13 09:00:00,32.0,31.434204,30.2757828,32.5926252,29.822865,33.045543,29.351789750000002,33.51661825
2023-09-13 10:00:00,32.9,32.69241,31.533988800000003,33.8508312,31.081071,34.303749,30.609995750000003,34.77482425
2023-09-13 11:00:00,33.8,33.357807,32.1993858,34.5162282,31.746468,34.969146,31.27539275,35.44022125
2023-09-13 12:00:00,35.0,33.733803,32.5753818,34.8922242,32.122464,35.345142,31.651388750000002,35.81621725
2023-09-13 13:00:00,35.9,34.03612,32.8776988,35.194541199999996,32.424780999999996,35.647459,31.953705749999997,36.118534249999996
2023-09-13 14:00:00,36.1,33.85036,32.6919388,35.0087812,32.239021,35.461699,31.767945750000003,35.93277425
2023-09-13 15:00:00,35.0,31.981901,30.8234798,33.1403222,30.370562,33.59324,29.89948675,34.06431525
2023-09-13 16:00:00,32.5,30.728552,29.5701308,31.8869732,29.117213,32.339891,28.64613775,32.81096625
2023-09-13 17:00:00,29.3,30.589987,29.4315658,31.7484082,28.978648,32.201326,28.50757275,32.67240125
2023-09-13 18:00:00,27.8,29.809135,28.650713800000002,30.9675562,28.197796,31.420474000000002,27.726720750000002,31.89154925
2023-09-13 19:00:00,26.1,29.008364,27.8499428,30.1667852,27.397025,30.619703,26.92594975,31.09077825
2023-09-13 20:00:00,26.1,28.636751,27.4783298,29.7951722,27.025412,30.24809,26.55433675,30.71916525
2023-09-13 21:00:00,26.5,28.330194,27.1717728,29.488615199999998,26.718854999999998,29.941533,26.24777975,30.412608249999998
2023-09-13 22:00:00,26.5,28.06905,26.9106288,29.2274712,26.457711,29.680389,25.98663575,30.15146425
2023-09-13 23:00:00,26.0,27.889336,26.7309148,29.0477572,26.277997,29.500675,25.80692175,29.97175025
2023-09-14 00:00:00,26.0,28.03943,26.8810088,29.1978512,26.428091,29.650769,25.95701575,30.12184425
2023-09-14 01:00:00,25.9,27.73647,26.5780488,28.8948912,26.125131,29.347809,25.65405575,29.81888425
2023-09-14 02:00:00,25.8,27.62917,26.4707488,28.787591199999998,26.017830999999997,29.240509,25.54675575,29.711584249999998
2023-09-14 03:00:00,25.8,27.37029,26.2118688,28.5287112,25.758951,28.981629,25.28787575,29.45270425
2023-09-14 04:00:00,25.7,26.969696,25.8112748,28.1281172,25.358356999999998,28.581035,24.88728175,29.05211025
2023-09-14 05:00:00,26.9,27.518038,26.3596168,28.6764592,25.906699,29.129377,25.43562375,29.60045225
2023-09-14 06:00:00,27.1,27.626768,26.4683468,28.785189199999998,26.015428999999997,29.238107,25.54435375,29.709182249999998
2023-09-14 07:00:00,28.3,28.62147,27.4630488,29.779891199999998,27.010130999999998,30.232809,26.53905575,30.703884249999998
2023-09-14 08:00:00,30.2,29.819986,28.6615648,30.9784072,28.208647,31.431325,27.73757175,31.90240025
2023-09-14 09:00:00,31.7,31.606857,30.448435800000002,32.7652782,29.995518,33.218196,29.524442750000002,33.68927125
2023-09-14 10:00:00,32.7,32.602158,31.443736800000003,33.7605792,30.990819000000002,34.213497000000004,30.519743750000004,34.68457225
2023-09-14 11:00:00,33.8,33.285725,32.1273038,34.4441462,31.674386,34.897064,31.20331075,35.36813925
2023-09-14 12:00:00,34.5,34.194584,33.0361628,35.3530052,32.583245,35.805923,32.11216975,36.27699825
2023-09-14 13:00:00,34.8,34.71736,33.5589388,35.8757812,33.106021,36.328699,32.63494575,36.79977425
2023-09-14 14:00:00,34.1,34.05209,32.8936688,35.2105112,32.440751,35.663429,31.96967575,36.13450425
2023-09-14 15:00:00,32.7,33.174995,32.0165738,34.3334162,31.563656,34.786334000000004,31.092580750000003,35.25740925
2023-09-14 16:00:00,32.2,31.773632,30.6152108,32.9320532,30.162293,33.384971,29.69121775,33.85604625
2023-09-14 17:00:00,28.9,30.701614,29.5431928,31.8600352,29.090275,32.312953,28.61919975,32.78402825
2023-09-14 18:00:00,28.8,29.068758,27.9103368,30.2271792,27.457418999999998,30.680097,26.98634375,31.15117225
2023-09-14 19:00:00,28.7,27.62703,26.468608800000002,28.7854512,26.015691,29.238369000000002,25.544615750000002,29.70944425
2023-09-14 20:00:00,28.1,27.295816,26.1373948,28.454237199999998,25.684476999999998,28.907155,25.21340175,29.378230249999998
2023-09-14 21:00:00,27.5,27.545696,26.3872748,28.7041172,25.934357,29.157035,25.46328175,29.62811025
2023-09-14 22:00:00,27.0,27.277706,26.1192848,28.436127199999998,25.666366999999997,28.889045,25.19529175,29.360120249999998
2023-09-14 23:00:00,27.2,26.796785,25.6383638,27.9552062,25.185446,28.408124,24.71437075,28.87919925
2023-09-15 00:00:00,27.2,26.6842,25.5257788,27.8426212,25.072861,28.295539,24.60178575,28.76661425
2023-09-15 01:00:00,26.7,26.64532,25.486898800000002,27.8037412,25.033981,28.256659000000003,24.562905750000002,28.72773425
2023-09-15 02:00:00,26.3,26.517282,25.358860800000002,27.6757032,24.905943,28.128621000000003,24.434867750000002,28.59969625
2023-09-15 03:00:00,26.1,26.559736,25.4013148,27.7181572,24.948397,28.171075000000002,24.47732175,28.64215025
2023-09-15 04:00:00,26.0,26.25254,25.0941188,27.4109612,24.641201,27.863879,24.17012575,28.33495425
2023-09-15 05:00:00,26.9,26.304893,25.1464718,27.4633142,24.693554,27.916232,24.22247875,28.38730725
2023-09-15 06:00:00,27.3,27.130339,25.9719178,28.2887602,25.519,28.741678,25.04792475,29.21275325
2023-09-15 07:00:00,28.5,28.141813,26.9833918,29.3002342,26.530473999999998,29.753152,26.05939875,30.22422725
2023-09-15 08:00:00,30.5,29.70059,28.5421688,30.859011199999998,28.089250999999997,31.311929,27.61817575,31.783004249999998
2023-09-15 09:00:00,32.0,31.69039,30.5319688,32.8488112,30.079051,33.301729,29.60797575,33.77280425
2023-09-15 10:00:00,33.0,32.661278,31.502856800000004,33.8196992,31.049939000000002,34.272617000000004,30.578863750000004,34.74369225
2023-09-15 11:00:00,33.8,33.848427,32.6900058,35.0068482,32.237088,35.459766,31.76601275,35.93084125
2023-09-15 12:00:00,33.9,34.220604,33.0621828,35.3790252,32.609265,35.831943,32.13818975,36.30301825
2023-09-15 13:00:00,33.0,34.219418,33.0609968,35.3778392,32.608079,35.830757,32.13700375,36.30183225
2023-09-15 14:00:00,29.2,33.305176,32.146754800000004,34.4635972,31.693837000000002,34.916515000000004,31.222761750000004,35.38759025
2023-09-15 15:00:00,29.5,32.478096,31.3196748,33.6365172,30.866757,34.089435,30.39568175,34.56051025
2023-09-15 16:00:00,29.0,31.659498,30.5010768,32.8179192,30.048159,33.270837,29.57708375,33.74191225
2023-09-15 17:00:00,27.8,29.464088,28.3056668,30.6225092,27.852749,31.075427,27.38167375,31.54650225
2023-09-15 18:00:00,27.9,28.406853,27.248431800000002,29.5652742,26.795514,30.018192000000003,26.324438750000002,30.48926725
2023-09-15 19:00:00,27.8,28.411146,27.2527248,29.569567199999998,26.799806999999998,30.022485,26.32873175,30.493560249999998
2023-09-15 20:00:00,27.8,28.181889,27.023467800000002,29.3403102,26.57055,29.793228000000003,26.099474750000002,30.26430325
2023-09-15 21:00:00,27.6,27.7678,26.6093788,28.9262212,26.156461,29.379139000000002,25.685385750000002,29.85021425
2023-09-15 22:00:00,27.4,27.233746,26.0753248,28.3921672,25.622407,28.845085,25.15133175,29.31616025
2023-09-15 23:00:00,26.6,27.251585,26.0931638,28.410006199999998,25.640245999999998,28.862924,25.16917075,29.333999249999998
2023-09-16 00:00:00,25.6,27.348864,26.1904428,28.5072852,25.737524999999998,28.960203,25.26644975,29.43127825
2023-09-16 01:00:00,25.8,27.133265,25.974843800000002,28.2916862,25.521926,28.744604000000002,25.050850750000002,29.21567925
2023-09-16 02:00:00,25.8,26.56225,25.4038288,27.720671199999998,24.950910999999998,28.173589,24.47983575,28.644664249999998
2023-09-16 03:00:00,25.8,26.18255,25.0241288,27.3409712,24.571210999999998,27.793889,24.10013575,28.26496425
2023-09-16 04:00:00,25.8,26.164673,25.0062518,27.3230942,24.553334,27.776012,24.08225875,28.24708725
2023-09-16 05:00:00,25.6,26.779842,25.6214208,27.938263199999998,25.168502999999998,28.391181,24.69742775,28.862256249999998
2023-09-16 06:00:00,25.8,27.163239,26.0048178,28.3216602,25.5519,28.774578,25.08082475,29.24565325
2023-09-16 07:00:00,26.3,28.176342,27.017920800000002,29.3347632,26.565003,29.787681000000003,26.093927750000002,30.25875625
2023-09-16 08:00:00,27.5,29.670898,28.5124768,30.8293192,28.059559,31.282237000000002,27.58848375,31.75331225
2023-09-16 09:00:00,28.1,31.55197,30.3935488,32.7103912,29.940631,33.163309,29.46955575,33.63438425
2023-09-16 10:00:00,29.7,32.753136,31.5947148,33.9115572,31.141796999999997,34.364475,30.67072175,34.83555025
2023-09-16 11:00:00,31.1,33.505955,32.3475338,34.6643762,31.894616,35.117294,31.42354075,35.58836925
2023-09-16 12:00:00,32.0,33.264217,32.1057958,34.4226382,31.652878,34.875556,31.181802750000003,35.34663125
2023-09-16 13:00:00,32.5,32.793877,31.635455800000003,33.9522982,31.182538,34.405216,30.711462750000003,34.87629125
2023-09-16 14:00:00,32.6,31.81515,30.6567288,32.973571199999995,30.203810999999998,33.426489,29.73273575,33.897564249999995
2023-09-16 15:00:00,32.3,31.087425,29.9290038,32.245846199999995,29.476086,32.698764,29.00501075,33.169839249999995
2023-09-16 16:00:00,31.5,30.101608,28.9431868,31.260029199999998,28.490268999999998,31.712947,28.01919375,32.18402225
2023-09-16 17:00:00,25.7,28.268698,27.1102768,29.4271192,26.657359,29.880037,26.18628375,30.35111225
2023-09-16 18:00:00,26.5,28.330006,27.1715848,29.4884272,26.718667,29.941345000000002,26.24759175,30.41242025
2023-09-16 19:00:00,26.4,27.996536,26.8381148,29.1549572,26.385196999999998,29.607875,25.91412175,30.07895025
2023-09-16 20:00:00,26.5,27.708685,26.5502638,28.8671062,26.097345999999998,29.320024,25.62627075,29.79109925
2023-09-16 21:00:00,25.9,27.450739,26.2923178,28.609160199999998,25.839399999999998,29.062078,25.36832475,29.533153249999998
2023-09-16 22:00:00,25.9,27.36156,26.2031388,28.5199812,25.750221,28.972899,25.27914575,29.44397425
2023-09-16 23:00:00,25.8,26.973555,25.8151338,28.1319762,25.362216,28.584894000000002,24.89114075,29.05596925
2023-09-17 00:00:00,26.0,26.593561,25.4351398,27.7519822,24.982222,28.204900000000002,24.51114675,28.67597525
2023-09-17 01:00:00,25.9,26.212738,25.054316800000002,27.3711592,24.601399,27.824077000000003,24.130323750000002,28.29515225
2023-09-17 02:00:00,25.8,25.900826,24.7424048,27.059247199999998,24.289486999999998,27.512165,23.81841175,27.983240249999998
2023-09-17 03:00:00,25.3,25.814734,24.656312800000002,26.9731552,24.203395,27.426073000000002,23.732319750000002,27.89714825
2023-09-17 04:00:00,25.0,25.70641,24.547988800000002,26.8648312,24.095071,27.317749000000003,23.623995750000002,27.78882425
2023-09-17 05:00:00,26.2,25.99681,24.8383888,27.1552312,24.385471,27.608149,23.91439575,28.07922425
2023-09-17 06:00:00,26.6,26.166388,25.007966800000002,27.3248092,24.555049,27.777727000000002,24.083973750000002,28.24880225
2023-09-17 07:00:00,26.7,26.800701,25.6422798,27.9591222,25.189362,28.41204,24.71828675,28.88311525
2023-09-17 08:00:00,27.9,28.362003,27.203581800000002,29.5204242,26.750664,29.973342000000002,26.279588750000002,30.44441725
2023-09-17 09:00:00,29.8,28.924809,27.7663878,30.0832302,27.31347,30.536148,26.84239475,31.00722325
2023-09-17 10:00:00,31.0,30.486261,29.3278398,31.6446822,28.874921999999998,32.0976,28.40384675,32.56867525
2023-09-17 11:00:00,32.3,31.0688,29.9103788,32.227221199999995,29.457461,32.680139,28.98638575,33.151214249999995
2023-09-17 12:00:00,32.9,31.569239,30.4108178,32.727660199999995,29.9579,33.180578,29.48682475,33.651653249999995
2023-09-17 13:00:00,33.1,31.70311,30.5446888,32.861531199999995,30.091770999999998,33.314448999999996,29.62069575,33.785524249999995
2023-09-17 14:00:00,32.4,31.39173,30.2333088,32.550151199999995,29.780390999999998,33.003068999999996,29.30931575,33.474144249999995
2023-09-17 15:00:00,30.1,31.133844,29.9754228,32.292265199999996,29.522505,32.745183,29.05142975,33.216258249999996
2023-09-17 16:00:00,29.6,30.666168,29.5077468,31.8245892,29.054828999999998,32.277507,28.58375375,32.74858225
2023-09-17 17:00:00,26.2,28.19036,27.0319388,29.348781199999998,26.579020999999997,29.801699,26.10794575,30.272774249999998
2023-09-17 18:00:00,26.3,27.56828,26.409858800000002,28.7267012,25.956941,29.179619000000002,25.485865750000002,29.65069425
2023-09-17 19:00:00,26.8,27.61261,26.4541888,28.7710312,26.001271,29.223949,25.53019575,29.69502425
2023-09-17 20:00:00,27.2,27.264528,26.1061068,28.422949199999998,25.653188999999998,28.875867,25.18211375,29.346942249999998
2023-09-17 21:00:00,25.5,26.9863,25.8278788,28.1447212,25.374961,28.597639,24.90388575,29.06871425
2023-09-17 22:00:00,25.6,26.75319,25.5947688,27.9116112,25.141851,28.364529,24.67077575,28.83560425
2023-09-17 23:00:00,25.6,26.380365,25.221943800000002,27.5387862,24.769026,27.991704000000002,24.297950750000002,28.46277925
2023-09-18 00:00:00,25.6,26.165384,25.0069628,27.3238052,24.554045,27.776723,24.08296975,28.24779825
2023-09-18 01:00:00,25.5,26.069954,24.9115328,27.2283752,24.458614999999998,27.681293,23.98753975,28.15236825
2023-09-18 02:00:00,25.3,25.920137,24.7617158,27.0785582,24.308798,27.531476,23.83772275,28.00255125
2023-09-18 03:00:00,25.2,25.578754,24.4203328,26.7371752,23.967415,27.190093,23.49633975,27.66116825
2023-09-18 04:00:00,25.4,25.410751,24.252329800000002,26.5691722,23.799412,27.022090000000002,23.328336750000002,27.49316525
2023-09-18 05:00:00,26.2,25.723686,24.5652648,26.8821072,24.112347,27.335025,23.64127175,27.80610025
2023-09-18 06:00:00,26.4,26.603,25.444578800000002,27.7614212,24.991661,28.214339000000002,24.520585750000002,28.68541425
2023-09-18 07:00:00,27.6,26.837158,25.6787368,27.995579199999998,25.225818999999998,28.448497,24.75474375,28.919572249999998
2023-09-18 08:00:00,29.0,27.851864,26.6934428,29.0102852,26.240524999999998,29.463203,25.76944975,29.93427825
2023-09-18 09:00:00,30.5,28.98881,27.8303888,30.1472312,27.377471,30.600149000000002,26.90639575,31.07122425
2023-09-18 10:00:00,31.4,30.717728,29.5593068,31.8761492,29.106389,32.329067,28.63531375,32.80014225
2023-09-18 11:00:00,32.4,31.70849,30.550068800000002,32.8669112,30.097151,33.319829,29.626075750000002,33.79090425
2023-09-18 12:00:00,33.1,32.021294,30.862872799999998,33.1797152,30.409954999999997,33.632633,29.938879749999998,34.10370825
2023-09-18 13:00:00,33.7,32.544655,31.3862338,33.7030762,30.933315999999998,34.155994,30.46224075,34.62706925
2023-09-18 14:00:00,33.6,31.549704,30.3912828,32.7081252,29.938364999999997,33.161043,29.46728975,33.63211825
2023-09-18 15:00:00,32.6,31.390554,30.232132800000002,32.5489752,29.779215,33.001893,29.308139750000002,33.47296825
2023-09-18 16:00:00,31.5,29.933348,28.7749268,31.091769199999998,28.322008999999998,31.544687,27.85093375,32.015762249999995
2023-09-18 17:00:00,30.4,27.43244,26.2740188,28.5908612,25.821101,29.043779,25.35002575,29.51485425
2023-09-18 18:00:00,28.9,26.513689,25.3552678,27.6721102,24.90235,28.125028,24.43127475,28.59610325
2023-09-18 19:00:00,28.5,27.120329,25.961907800000002,28.2787502,25.50899,28.731668000000003,25.037914750000002,29.20274325
2023-09-18 20:00:00,28.3,27.522692,26.3642708,28.6811132,25.911353,29.134031,25.44027775,29.60510625
2023-09-18 21:00:00,28.4,26.498075,25.3396538,27.6564962,24.886736,28.109414,24.41566075,28.58048925
2023-09-18 22:00:00,28.2,26.375826,25.2174048,27.5342472,24.764487,27.987165,24.29341175,28.45824025
2023-09-18 23:00:00,27.9,26.152222,24.9938008,27.310643199999998,24.540882999999997,27.763561,24.06980775,28.234636249999998
2023-09-19 00:00:00,27.5,26.040632,24.8822108,27.199053199999998,24.429292999999998,27.651971,23.95821775,28.123046249999998
2023-09-19 01:00:00,27.2,25.96645,24.8080288,27.124871199999998,24.355110999999997,27.577789,23.88403575,28.048864249999998
2023-09-19 02:00:00,26.8,25.700867,24.5424458,26.859288199999998,24.089527999999998,27.312206,23.61845275,27.783281249999998
2023-09-19 03:00:00,26.3,25.5165,24.3580788,26.6749212,23.905161,27.127839,23.43408575,27.59891425
2023-09-19 04:00:00,26.0,25.299774,24.1413528,26.4581952,23.688435,26.911113,23.21735975,27.38218825
2023-09-19 05:00:00,26.8,25.823381,24.664959800000002,26.9818022,24.212042,27.434720000000002,23.740966750000002,27.90579525
2023-09-19 06:00:00,26.5,26.367224,25.2088028,27.5256452,24.755885,27.978563,24.28480975,28.44963825
2023-09-19 07:00:00,27.1,27.301687,26.1432658,28.4601082,25.690348,28.913026000000002,25.219272750000002,29.38410125
2023-09-19 08:00:00,28.3,28.640856,27.4824348,29.7992772,27.029517,30.252195,26.55844175,30.72327025
2023-09-19 09:00:00,30.0,30.11324,28.9548188,31.2716612,28.501901,31.724579000000002,28.03082575,32.19565425
2023-09-19 10:00:00,31.3,31.17909,30.0206688,32.337511199999994,29.567750999999998,32.790428999999996,29.09667575,33.261504249999994
2023-09-19 11:00:00,32.8,32.037807,30.8793858,33.1962282,30.426468,33.649146,29.95539275,34.12022125
2023-09-19 12:00:00,33.7,32.75863,31.600208799999997,33.917051199999996,31.147290999999996,34.369969,30.676215749999997,34.841044249999996
2023-09-19 13:00:00,34.0,32.97442,31.815998800000003,34.1328412,31.363081,34.585759,30.892005750000003,35.05683425
2023-09-19 14:00:00,33.8,32.668087,31.5096658,33.8265082,31.056748,34.279426,30.58567275,34.75050125
2023-09-19 15:00:00,32.7,31.049627,29.8912058,32.2080482,29.438288,32.660966,28.96721275,33.13204125
2023-09-19 16:00:00,31.0,30.398594,29.2401728,31.5570152,28.787255,32.009933,28.31617975,32.481008249999995
2023-09-19 17:00:00,30.0,29.683983,28.525561800000002,30.8424042,28.072644,31.295322000000002,27.601568750000002,31.76639725
2023-09-19 18:00:00,29.5,28.985098,27.8266768,30.1435192,27.373759,30.596437,26.90268375,31.06751225
2023-09-19 19:00:00,28.7,28.45192,27.293498800000002,29.6103412,26.840581,30.063259000000002,26.369505750000002,30.53433425
2023-09-19 20:00:00,27.9,28.180323,27.021901800000002,29.3387442,26.568984,29.791662000000002,26.097908750000002,30.26273725
2023-09-19 21:00:00,27.6,28.230536,27.0721148,29.3889572,26.619197,29.841875,26.14812175,30.31295025
2023-09-19 22:00:00,27.8,28.010191,26.8517698,29.1686122,26.398851999999998,29.62153,25.92777675,30.09260525
2023-09-19 23:00:00,27.7,27.651886,26.4934648,28.8103072,26.040547,29.263225000000002,25.56947175,29.73430025
2023-09-20 00:00:00,27.5,27.28672,26.1282988,28.4451412,25.675380999999998,28.898059,25.20430575,29.36913425
2023-09-20 01:00:00,27.6,27.077349,25.918927800000002,28.2357702,25.46601,28.688688000000003,24.994934750000002,29.15976325
2023-09-20 02:00:00,27.6,26.92685,25.768428800000002,28.0852712,25.315511,28.538189000000003,24.844435750000002,29.00926425
2023-09-20 03:00:00,26.7,26.387402,25.228980800000002,27.5458232,24.776063,27.998741000000003,24.304987750000002,28.46981625
2023-09-20 04:00:00,27.0,26.15819,24.999768800000002,27.3166112,24.546851,27.769529000000002,24.075775750000002,28.24060425
2023-09-20 05:00:00,26.1,26.332567,25.1741458,27.4909882,24.721228,27.943906000000002,24.25015275,28.41498125
2023-09-20 06:00:00,25.7,26.48773,25.3293088,27.6461512,24.876390999999998,28.099069,24.40531575,28.57014425
2023-09-20 07:00:00,25.6,27.49101,26.3325888,28.6494312,25.879671,29.102349,25.40859575,29.57342425
2023-09-20 08:00:00,26.1,28.525616,27.3671948,29.6840372,26.914277,30.136955,26.44320175,30.60803025
2023-09-20 09:00:00,27.7,29.724688,28.5662668,30.8831092,28.113349,31.336027,27.64227375,31.80710225
2023-09-20 10:00:00,29.4,30.861788,29.7033668,32.0202092,29.250449,32.473127,28.77937375,32.94420225
2023-09-20 11:00:00,31.1,32.540596,31.3821748,33.6990172,30.929257,34.151935,30.45818175,34.62301025
2023-09-20 12:00:00,31.7,33.32073,32.1623088,34.4791512,31.709390999999997,34.932069,31.238315749999998,35.40314425
2023-09-20 13:00:00,32.0,33.165405,32.0069838,34.3238262,31.554066,34.776744,31.08299075,35.24781925
2023-09-20 14:00:00,32.0,32.899666,31.741244800000004,34.0580872,31.288327000000002,34.511005000000004,30.817251750000004,34.98208025
2023-09-20 15:00:00,30.9,31.889425,30.7310038,33.047846199999995,30.278086,33.500764,29.80701075,33.971839249999995
2023-09-20 16:00:00,30.0,30.809883,29.6514618,31.9683042,29.198544,32.421222,28.72746875,32.89229725
2023-09-20 17:00:00,30.2,29.826157,28.6677358,30.984578199999998,28.214817999999998,31.437496,27.74374275,31.908571249999998
2023-09-20 18:00:00,28.9,29.17408,28.0156588,30.3325012,27.562741,30.785419,27.09166575,31.25649425
2023-09-20 19:00:00,28.6,28.531124,27.3727028,29.689545199999998,26.919784999999997,30.142463,26.44870975,30.613538249999998
2023-09-20 20:00:00,28.5,27.981703,26.8232818,29.1401242,26.370364,29.593042,25.89928875,30.06411725
2023-09-20 21:00:00,28.3,27.884201,26.7257798,29.0426222,26.272862,29.495540000000002,25.80178675,29.96661525
2023-09-20 22:00:00,28.1,27.678959,26.5205378,28.8373802,26.067619999999998,29.290298,25.59654475,29.76137325
2023-09-20 23:00:00,28.0,27.631702,26.4732808,28.7901232,26.020363,29.243041,25.54928775,29.71411625
2023-09-21 00:00:00,27.6,27.367582,26.2091608,28.526003199999998,25.756242999999998,28.978921,25.28516775,29.449996249999998
2023-09-21 01:00:00,26.8,27.126623,25.9682018,28.285044199999998,25.515283999999998,28.737962,25.04420875,29.209037249999998
2023-09-21 02:00:00,26.3,27.174809,26.0163878,28.3332302,25.56347,28.786148,25.09239475,29.25722325
2023-09-21 03:00:00,26.1,26.17791,25.0194888,27.3363312,24.566571,27.789249,24.09549575,28.26032425
2023-09-21 04:00:00,25.5,26.505314,25.3468928,27.663735199999998,24.893974999999998,28.116653,24.42289975,28.587728249999998
2023-09-21 05:00:00,27.0,26.455366,25.296944800000002,27.6137872,24.844027,28.066705000000002,24.372951750000002,28.53778025
2023-09-21 06:00:00,27.0,26.209826,25.0514048,27.3682472,24.598487,27.821165,24.12741175,28.29224025
2023-09-21 07:00:00,27.6,26.597492,25.4390708,27.7559132,24.986152999999998,28.208831,24.51507775,28.67990625
2023-09-21 08:00:00,29.0,27.175402,26.0169808,28.333823199999998,25.564062999999997,28.786741,25.09298775,29.257816249999998
2023-09-21 09:00:00,30.6,28.563633,27.4052118,29.7220542,26.952294,30.174972,26.48121875,30.64604725
2023-09-21 10:00:00,32.1,29.82708,28.6686588,30.985501199999998,28.215740999999998,31.438419,27.74466575,31.909494249999998
2023-09-21 11:00:00,32.8,30.919256,29.7608348,32.0776772,29.307917,32.530595,28.83684175,33.00167025
2023-09-21 12:00:00,32.8,31.517412,30.3589908,32.6758332,29.906073,33.128751,29.43499775,33.59982625
2023-09-21 13:00:00,31.4,31.700256,30.5418348,32.858677199999995,30.088917,33.311595,29.61784175,33.782670249999995
2023-09-21 14:00:00,30.3,31.48121,30.3227888,32.6396312,29.869871,33.092549,29.39879575,33.56362425
2023-09-21 15:00:00,30.9,30.809938,29.6515168,31.9683592,29.198598999999998,32.421276999999996,28.72752375,32.892352249999995
2023-09-21 16:00:00,30.1,30.012197,28.8537758,31.1706182,28.400858,31.623536,27.92978275,32.09461125
2023-09-21 17:00:00,30.0,29.738289,28.579867800000002,30.8967102,28.12695,31.349628000000003,27.655874750000002,31.82070325
2023-09-21 18:00:00,28.9,28.894089,27.7356678,30.0525102,27.28275,30.505428000000002,26.81167475,30.97650325
2023-09-21 19:00:00,28.6,28.386997,27.2285758,29.5454182,26.775658,29.998336000000002,26.30458275,30.46941125
2023-09-21 20:00:00,28.3,28.23653,27.0781088,29.394951199999998,26.625190999999997,29.847869,26.15411575,30.318944249999998
2023-09-21 21:00:00,28.2,28.046326,26.8879048,29.2047472,26.434987,29.657665,25.96391175,30.12874025
2023-09-21 22:00:00,28.1,27.832834,26.6744128,28.991255199999998,26.221494999999997,29.444173,25.75041975,29.915248249999998
2023-09-21 23:00:00,27.9,27.648281,26.4898598,28.8067022,26.036942,29.25962,25.56586675,29.73069525
2023-09-22 00:00:00,27.0,27.189943,26.0315218,28.3483642,25.578604,28.801282,25.10752875,29.27235725
2023-09-22 01:00:00,26.1,26.780375,25.6219538,27.9387962,25.169036,28.391714,24.69796075,28.86278925
2023-09-22 02:00:00,25.8,26.562262,25.4038408,27.7206832,24.950923,28.173601,24.47984775,28.64467625
2023-09-22 03:00:00,25.5,26.10471,24.9462888,27.2631312,24.493371,27.716049,24.02229575,28.18712425
2023-09-22 04:00:00,25.4,26.054836,24.896414800000002,27.2132572,24.443497,27.666175000000003,23.972421750000002,28.13725025
2023-09-22 05:00:00,27.0,26.212372,25.0539508,27.370793199999998,24.601032999999997,27.823711,24.12995775,28.294786249999998
2023-09-22 06:00:00,27.6,26.7906,25.632178800000002,27.9490212,25.179261,28.401939000000002,24.708185750000002,28.87301425
2023-09-22 07:00:00,28.7,27.284576,26.126154800000002,28.4429972,25.673237,28.895915000000002,25.202161750000002,29.36699025
2023-09-22 08:00:00,29.9,28.319656,27.1612348,29.478077199999998,26.708316999999997,29.930995,26.23724175,30.402070249999998
2023-09-22 09:00:00,31.0,30.045158,28.8867368,31.2035792,28.433819,31.656497,27.96274375,32.12757225
2023-09-22 10:00:00,31.8,31.432947,30.2745258,32.5913682,29.821607999999998,33.044286,29.35053275,33.51536125
2023-09-22 11:00:00,32.1,32.44219,31.283768799999997,33.600611199999996,30.830850999999996,34.053529,30.359775749999997,34.524604249999996
2023-09-22 12:00:00,32.0,32.33854,31.180118800000002,33.4969612,30.727201,33.949879,30.256125750000002,34.42095425
2023-09-22 13:00:00,31.0,31.897453,30.7390318,33.0558742,30.286113999999998,33.508792,29.81503875,33.97986725
2023-09-22 14:00:00,31.2,30.84414,29.6857188,32.002561199999995,29.232801,32.455479,28.76172575,32.926554249999995
2023-09-22 15:00:00,31.4,30.666079,29.5076578,31.8245002,29.05474,32.277418,28.58366475,32.748493249999996
2023-09-22 16:00:00,30.6,29.866034,28.7076128,31.0244552,28.254694999999998,31.477373,27.78361975,31.94844825
2023-09-22 17:00:00,30.3,29.661478,28.5030568,30.8198992,28.050138999999998,31.272817,27.57906375,31.74389225
2023-09-22 18:00:00,29.4,28.854362,27.6959408,30.012783199999998,27.243022999999997,30.465701,26.77194775,30.936776249999998
2023-09-22 19:00:00,28.8,28.415216,27.2567948,29.5736372,26.803877,30.026555000000002,26.33280175,30.49763025
2023-09-22 20:00:00,28.6,28.093208,26.9347868,29.2516292,26.481869,29.704547,26.01079375,30.17562225
2023-09-22 21:00:00,28.3,28.016205,26.8577838,29.1746262,26.404866,29.627544,25.93379075,30.09861925
2023-09-22 22:00:00,25.9,27.798002,26.6395808,28.9564232,26.186663,29.409341,25.71558775,29.88041625
2023-09-22 23:00:00,26.1,27.646322,26.487900800000002,28.8047432,26.034983,29.257661000000002,25.563907750000002,29.72873625
2023-09-23 00:00:00,25.6,27.155682,25.9972608,28.314103199999998,25.544342999999998,28.767021,25.07326775,29.238096249999998
2023-09-23 01:00:00,25.3,26.410513,25.252091800000002,27.5689342,24.799174,28.021852000000003,24.328098750000002,28.49292725
2023-09-23 02:00:00,24.6,25.974096,24.8156748,27.1325172,24.362757,27.585435,23.89168175,28.05651025
2023-09-23 03:00:00,24.7,25.800573,24.6421518,26.9589942,24.189234,27.411912,23.71815875,27.88298725
2023-09-23 04:00:00,24.8,25.6018,24.4433788,26.7602212,23.990461,27.213139,23.51938575,27.68421425
2023-09-23 05:00:00,25.1,26.041285,24.8828638,27.199706199999998,24.429945999999997,27.652624,23.95887075,28.123699249999998
2023-09-23 06:00:00,25.5,27.21266,26.0542388,28.3710812,25.601321,28.823999,25.13024575,29.29507425
2023-09-23 07:00:00,26.4,28.14361,26.9851888,29.3020312,26.532270999999998,29.754949,26.06119575,30.22602425
2023-09-23 08:00:00,27.5,29.304148,28.145726800000002,30.4625692,27.692809,30.915487000000002,27.221733750000002,31.38656225
2023-09-23 09:00:00,29.9,30.634092,29.4756708,31.7925132,29.022752999999998,32.245430999999996,28.55167775,32.716506249999995
2023-09-23 10:00:00,31.6,31.070847,29.9124258,32.2292682,29.459508,32.682186,28.98843275,33.15326125
2023-09-23 11:00:00,32.8,31.639038,30.4806168,32.7974592,30.027699,33.250377,29.55662375,33.72145225
2023-09-23 12:00:00,33.7,31.646364,30.4879428,32.8047852,30.035024999999997,33.257703,29.56394975,33.72877825
2023-09-23 13:00:00,33.8,31.204145,30.0457238,32.362566199999996,29.592806,32.815484,29.12173075,33.286559249999996
2023-09-23 14:00:00,33.1,30.895315,29.7368938,32.053736199999996,29.283976,32.506654,28.81290075,32.977729249999996
2023-09-23 15:00:00,31.4,30.747868,29.5894468,31.9062892,29.136529,32.359207,28.66545375,32.830282249999996
2023-09-23 16:00:00,30.0,30.213428,29.0550068,31.3718492,28.602089,31.824767,28.13101375,32.29584225
2023-09-23 17:00:00,30.6,29.880318,28.7218968,31.0387392,28.268978999999998,31.491657,27.79790375,31.96273225
2023-09-23 18:00:00,28.7,29.080467,27.9220458,30.238888199999998,27.469127999999998,30.691806,26.99805275,31.162881249999998
2023-09-23 19:00:00,28.3,28.58484,27.4264188,29.7432612,26.973501,30.196179,26.50242575,30.66725425
2023-09-23 20:00:00,27.4,28.2489,27.0904788,29.4073212,26.637560999999998,29.860239,26.16648575,30.33131425
2023-09-23 21:00:00,26.5,28.127306,26.9688848,29.2857272,26.515967,29.738645,26.04489175,30.20972025
2023-09-23 22:00:00,25.7,27.295639,26.137217800000002,28.4540602,25.6843,28.906978000000002,25.213224750000002,29.37805325
2023-09-23 23:00:00,25.4,26.87177,25.713348800000002,28.0301912,25.260431,28.483109000000002,24.789355750000002,28.95418425
2023-09-24 00:00:00,25.3,26.384535,25.2261138,27.5429562,24.773196,27.995874,24.30212075,28.46694925
2023-09-24 01:00:00,25.0,25.881088,24.7226668,27.039509199999998,24.269748999999997,27.492427,23.79867375,27.963502249999998
2023-09-24 02:00:00,25.3,25.420094,24.2616728,26.5785152,23.808754999999998,27.031433,23.33767975,27.502508249999998
2023-09-24 03:00:00,25.2,25.27465,24.116228800000002,26.4330712,23.663311,26.885989000000002,23.192235750000002,27.35706425
2023-09-24 04:00:00,25.2,25.172146,24.013724800000002,26.3305672,23.560807,26.783485000000002,23.089731750000002,27.25456025
2023-09-24 05:00:00,25.5,25.712032,24.5536108,26.8704532,24.100693,27.323371,23.62961775,27.79444625
2023-09-24 06:00:00,25.8,25.987185,24.8287638,27.1456062,24.375846,27.598524,23.90477075,28.06959925
2023-09-24 07:00:00,26.9,26.76961,25.6111888,27.9280312,25.158271,28.380949,24.68719575,28.85202425
2023-09-24 08:00:00,28.4,28.271133,27.1127118,29.4295542,26.659793999999998,29.882472,26.18871875,30.35354725
2023-09-24 09:00:00,30.0,29.756134,28.5977128,30.9145552,28.144795,31.367473,27.67371975,31.83854825
2023-09-24 10:00:00,31.5,30.520563,29.3621418,31.6789842,28.909224,32.131902,28.43814875,32.602977249999995
2023-09-24 11:00:00,32.7,31.501095,30.3426738,32.6595162,29.889756,33.112434,29.41868075,33.58350925
2023-09-24 12:00:00,33.2,32.478306,31.319884800000004,33.6367272,30.866967000000002,34.089645000000004,30.395891750000004,34.56072025
2023-09-24 13:00:00,32.9,32.309185,31.1507638,33.4676062,30.697846,33.920524,30.22677075,34.39159925
2023-09-24 14:00:00,32.4,31.77237,30.6139488,32.930791199999994,30.161030999999998,33.383708999999996,29.68995575,33.854784249999994
2023-09-24 15:00:00,31.0,30.929188,29.7707668,32.087609199999996,29.317849,32.540527,28.84677375,33.011602249999996
2023-09-24 16:00:00,30.4,30.125916,28.9674948,31.2843372,28.514577,31.737255,28.04350175,32.208330249999996
2023-09-24 17:00:00,30.8,29.808315,28.6498938,30.9667362,28.196976,31.419654,27.72590075,31.89072925
2023-09-24 18:00:00,29.1,28.42568,27.2672588,29.5841012,26.814341,30.037019,26.34326575,30.50809425
2023-09-24 19:00:00,28.4,28.301666,27.1432448,29.4600872,26.690327,29.913005000000002,26.21925175,30.38408025
2023-09-24 20:00:00,28.5,27.70549,26.5470688,28.8639112,26.094151,29.316829000000002,25.62307575,29.78790425
2023-09-24 21:00:00,28.0,27.275675,26.1172538,28.4340962,25.664336,28.887014,25.19326075,29.35808925
2023-09-24 22:00:00,28.1,26.546095,25.3876738,27.7045162,24.934756,28.157434000000002,24.46368075,28.62850925
2023-09-24 23:00:00,26.3,26.168314,25.0098928,27.326735199999998,24.556974999999998,27.779653,24.08589975,28.250728249999998
2023-09-25 00:00:00,26.1,25.879044,24.7206228,27.0374652,24.267705,27.490383,23.79662975,27.96145825
2023-09-25 01:00:00,25.6,25.675123,24.5167018,26.8335442,24.063784,27.286462,23.59270875,27.75753725
2023-09-25 02:00:00,25.4,25.72668,24.568258800000002,26.8851012,24.115341,27.338019000000003,23.644265750000002,27.80909425
2023-09-25 03:00:00,25.4,25.483562,24.3251408,26.6419832,23.872222999999998,27.094901,23.40114775,27.56597625
2023-09-25 04:00:00,25.4,25.376844,24.2184228,26.535265199999998,23.765504999999997,26.988183,23.29442975,27.459258249999998
2023-09-25 05:00:00,24.8,25.438139,24.2797178,26.5965602,23.8268,27.049478,23.35572475,27.52055325
2023-09-25 06:00:00,25.2,25.599457,24.4410358,26.7578782,23.988118,27.210796000000002,23.51704275,27.68187125
2023-09-25 07:00:00,25.9,26.649775,25.491353800000002,27.8081962,25.038436,28.261114000000003,24.567360750000002,28.73218925
2023-09-25 08:00:00,27.3,28.239027,27.0806058,29.3974482,26.627688,29.850366,26.15661275,30.32144125
2023-09-25 09:00:00,29.0,29.66096,28.5025388,30.8193812,28.049621,31.272299,27.57854575,31.74337425
2023-09-25 10:00:00,30.6,30.420698,29.262276800000002,31.5791192,28.809359,32.032037,28.338283750000002,32.50311225
2023-09-25 11:00:00,31.7,31.746891,30.588469800000002,32.9053122,30.135552,33.35823,29.664476750000002,33.82930525
2023-09-25 12:00:00,32.3,31.93873,30.7803088,33.0971512,30.327391,33.550069,29.85631575,34.02114425
2023-09-25 13:00:00,32.8,32.337444,31.1790228,33.4958652,30.726104999999997,33.948783,30.25502975,34.41985825
2023-09-25 14:00:00,32.5,31.685753,30.5273318,32.8441742,30.074413999999997,33.297092,29.60333875,33.76816725
2023-09-25 15:00:00,31.3,30.727568,29.569146800000002,31.8859892,29.116229,32.338907,28.645153750000002,32.80998225
2023-09-25 16:00:00,30.0,30.046228,28.8878068,31.2046492,28.434889,31.657567,27.96381375,32.12864225
2023-09-25 17:00:00,28.9,29.755285,28.5968638,30.9137062,28.143946,31.366624,27.67287075,31.83769925
2023-09-25 18:00:00,28.2,28.554228,27.3958068,29.712649199999998,26.942888999999997,30.165567,26.47181375,30.636642249999998
2023-09-25 19:00:00,27.5,28.13463,26.976208800000002,29.2930512,26.523291,29.745969000000002,26.052215750000002,30.21704425
2023-09-25 20:00:00,25.7,28.144878,26.9864568,29.303299199999998,26.533538999999998,29.756217,26.06246375,30.227292249999998
2023-09-25 21:00:00,25.4,27.89192,26.7334988,29.0503412,26.280580999999998,29.503259,25.80950575,29.97433425
2023-09-25 22:00:00,25.5,27.740694,26.582272800000002,28.8991152,26.129355,29.352033000000002,25.658279750000002,29.82310825
2023-09-25 23:00:00,25.1,26.871086,25.7126648,28.029507199999998,25.259746999999997,28.482425,24.78867175,28.953500249999998
2023-09-26 00:00:00,25.2,26.324743,25.166321800000002,27.4831642,24.713404,27.936082000000003,24.242328750000002,28.40715725
2023-09-26 01:00:00,25.1,26.003244,24.8448228,27.161665199999998,24.391904999999998,27.614583,23.92082975,28.085658249999998
2023-09-26 02:00:00,25.2,25.70096,24.5425388,26.859381199999998,24.089620999999998,27.312299,23.61854575,27.783374249999998
2023-09-26 03:00:00,25.0,25.524817,24.3663958,26.683238199999998,23.913477999999998,27.136156,23.44240275,27.607231249999998
2023-09-26 04:00:00,25.2,25.555311,24.3968898,26.7137322,23.943972,27.16665,23.47289675,27.63772525
2023-09-26 05:00:00,25.8,25.197351,24.038929800000002,26.3557722,23.586012,26.808690000000002,23.114936750000002,27.27976525
2023-09-26 06:00:00,26.1,25.628702,24.4702808,26.7871232,24.017363,27.240041,23.54628775,27.71111625
2023-09-26 07:00:00,27.3,26.463863,25.3054418,27.6222842,24.852524,28.075202,24.38144875,28.54627725
2023-09-26 08:00:00,28.9,27.761217,26.6027958,28.919638199999998,26.149877999999998,29.372556,25.67880275,29.843631249999998
2023-09-26 09:00:00,30.6,28.858515,27.7000938,30.0169362,27.247176,30.469854,26.77610075,30.94092925
2023-09-26 10:00:00,31.8,30.169668,29.011246800000002,31.3280892,28.558329,31.781007000000002,28.087253750000002,32.25208225
2023-09-26 11:00:00,32.8,31.397766,30.2393448,32.5561872,29.786427,33.009105,29.31535175,33.48018025
2023-09-26 12:00:00,33.1,31.293566,30.1351448,32.4519872,29.682226999999997,32.904905,29.21115175,33.37598025
2023-09-26 13:00:00,32.1,31.967602,30.8091808,33.1260232,30.356263,33.578941,29.88518775,34.05001625
2023-09-26 14:00:00,30.2,31.430262,30.2718408,32.5886832,29.818922999999998,33.041601,29.34784775,33.51267625
2023-09-26 15:00:00,30.5,30.969078,29.8106568,32.127499199999995,29.357739,32.580417,28.88666375,33.051492249999995
2023-09-26 16:00:00,30.2,30.263222,29.1048008,31.4216432,28.651882999999998,31.874561,28.18080775,32.34563625
2023-09-26 17:00:00,27.9,29.549456,28.3910348,30.7078772,27.938117,31.160795,27.46704175,31.63187025
2023-09-26 18:00:00,27.6,28.37211,27.2136888,29.5305312,26.760771,29.983449,26.28969575,30.45452425
2023-09-26 19:00:00,27.0,27.851608,26.6931868,29.010029199999998,26.240268999999998,29.462947,25.76919375,29.934022249999998
2023-09-26 20:00:00,26.5,27.076378,25.9179568,28.234799199999998,25.465038999999997,28.687717,24.99396375,29.158792249999998
2023-09-26 21:00:00,26.5,26.743216,25.5847948,27.9016372,25.131877,28.354555,24.66080175,28.82563025
2023-09-26 22:00:00,26.6,26.427383,25.2689618,27.5858042,24.816043999999998,28.038722,24.34496875,28.50979725
2023-09-26 23:00:00,26.5,26.221912,25.0634908,27.3803332,24.610573,27.833251,24.13949775,28.30432625
2023-09-27 00:00:00,26.6,25.97317,24.8147488,27.1315912,24.361831,27.584509,23.89075575,28.05558425
2023-09-27 01:00:00,26.2,25.765194,24.6067728,26.9236152,24.153855,27.376533000000002,23.68277975,27.84760825
2023-09-27 02:00:00,26.0,25.512783,24.3543618,26.6712042,23.901443999999998,27.124122,23.43036875,27.59519725
2023-09-27 03:00:00,25.8,25.26662,24.1081988,26.4250412,23.655281,26.877959,23.18420575,27.34903425
2023-09-27 04:00:00,25.7,25.443537,24.2851158,26.6019582,23.832197999999998,27.054876,23.36112275,27.52595125
2023-09-27 05:00:00,26.5,25.67064,24.5122188,26.829061199999998,24.059300999999998,27.281979,23.58822575,27.753054249999998
2023-09-27 06:00:00,26.6,26.050253,24.891831800000002,27.2086742,24.438914,27.661592000000002,23.967838750000002,28.13266725
2023-09-27 07:00:00,27.8,27.053802,25.8953808,28.2122232,25.442463,28.665141000000002,24.97138775,29.13621625
2023-09-27 08:00:00,29.5,28.318005,27.1595838,29.4764262,26.706666,29.929344,26.23559075,30.40041925
2023-09-27 09:00:00,30.9,29.430756,28.2723348,30.589177199999998,27.819416999999998,31.042095,27.34834175,31.513170249999998
2023-09-27 10:00:00,31.9,31.004086,29.8456648,32.1625072,29.392747,32.615425,28.92167175,33.08650025
2023-09-27 11:00:00,32.9,31.897078,30.7386568,33.0554992,30.285739,33.508417,29.81466375,33.97949225
2023-09-27 12:00:00,33.5,32.115627,30.957205800000004,33.2740482,30.504288000000003,33.726966000000004,30.033212750000004,34.19804125
2023-09-27 13:00:00,33.7,31.52539,30.366968800000002,32.6838112,29.914051,33.136729,29.442975750000002,33.60780425
2023-09-27 14:00:00,31.8,30.947624,29.7892028,32.1060452,29.336285,32.558963,28.86520975,33.03003825
2023-09-27 15:00:00,32.1,30.662642,29.504220800000002,31.8210632,29.051303,32.273981,28.580227750000002,32.74505625
2023-09-27 16:00:00,31.4,29.903734,28.7453128,31.0621552,28.292395,31.515073,27.82131975,31.98614825
2023-09-27 17:00:00,30.7,28.096754,26.9383328,29.2551752,26.485415,29.708093,26.01433975,30.17916825
2023-09-27 18:00:00,27.9,27.040722,25.8823008,28.199143199999998,25.429382999999998,28.652061,24.95830775,29.123136249999998
2023-09-27 19:00:00,27.5,27.410316,26.251894800000002,28.5687372,25.798977,29.021655000000003,25.327901750000002,29.49273025
2023-09-27 20:00:00,27.9,26.678843,25.5204218,27.8372642,25.067504,28.290182,24.59642875,28.76125725
2023-09-27 21:00:00,26.5,26.63655,25.4781288,27.7949712,25.025211,28.247889,24.55413575,28.71896425
2023-09-27 22:00:00,26.3,26.791073,25.6326518,27.9494942,25.179734,28.402412,24.70865875,28.87348725
2023-09-27 23:00:00,26.7,26.583197,25.4247758,27.741618199999998,24.971857999999997,28.194536,24.50078275,28.665611249999998
2023-09-28 00:00:00,26.6,26.726707,25.5682858,27.8851282,25.115368,28.338046000000002,24.64429275,28.80912125
2023-09-28 01:00:00,26.5,26.266575,25.1081538,27.4249962,24.655236,27.877914,24.18416075,28.34898925
2023-09-28 02:00:00,26.5,25.960747,24.802325800000002,27.1191682,24.349408,27.572086000000002,23.878332750000002,28.04316125
2023-09-28 03:00:00,26.6,25.908255,24.7498338,27.0666762,24.296916,27.519594,23.82584075,27.99066925
2023-09-28 04:00:00,26.5,25.83565,24.6772288,26.9940712,24.224311,27.446989000000002,23.75323575,27.91806425
2023-09-28 05:00:00,26.3,26.181334,25.0229128,27.3397552,24.569995,27.792673,24.09891975,28.26374825
2023-09-28 06:00:00,26.7,26.557863,25.3994418,27.7162842,24.946524,28.169202000000002,24.47544875,28.64027725
2023-09-28 07:00:00,28.1,27.492626,26.334204800000002,28.6510472,25.881287,29.103965000000002,25.410211750000002,29.57504025
2023-09-28 08:00:00,29.8,28.68077,27.5223488,29.8391912,27.069430999999998,30.292109,26.59835575,30.76318425
2023-09-28 09:00:00,30.9,30.194101,29.0356798,31.3525222,28.582762,31.80544,28.11168675,32.276515249999996
2023-09-28 10:00:00,31.8,31.83307,30.6746488,32.9914912,30.221731,33.444409,29.75065575,33.91548425
2023-09-28 11:00:00,32.5,32.580303,31.4218818,33.7387242,30.968964,34.191642,30.49788875,34.66271725
2023-09-28 12:00:00,32.8,33.1109,31.9524788,34.2693212,31.499561,34.722239,31.02848575,35.19331425
2023-09-28 13:00:00,33.0,32.412457,31.254035800000004,33.5708782,30.801118000000002,34.023796000000004,30.330042750000004,34.49487125
2023-09-28 14:00:00,32.0,31.572617,30.4141958,32.7310382,29.961278,33.183956,29.49020275,33.65503125
2023-09-28 15:00:00,29.2,31.399858,30.2414368,32.558279199999994,29.788518999999997,33.011196999999996,29.31744375,33.482272249999994
2023-09-28 16:00:00,29.2,30.876667,29.718245800000002,32.0350882,29.265328,32.488006,28.794252750000002,32.95908125
2023-09-28 17:00:00,27.9,30.211653,29.0532318,31.370074199999998,28.600313999999997,31.822992,28.12923875,32.29406725
2023-09-28 18:00:00,27.4,28.031633,26.8732118,29.1900542,26.420294,29.642972,25.94921875,30.11404725
2023-09-28 19:00:00,27.2,27.710232,26.551810800000002,28.8686532,26.098893,29.321571000000002,25.627817750000002,29.79264625
2023-09-28 20:00:00,27.1,27.514713,26.3562918,28.6731342,25.903374,29.126052,25.43229875,29.59712725
2023-09-28 21:00:00,26.6,26.826975,25.6685538,27.9853962,25.215636,28.438314000000002,24.74456075,28.90938925
2023-09-28 22:00:00,26.6,26.60292,25.4444988,27.7613412,24.991581,28.214259000000002,24.52050575,28.68533425
2023-09-28 23:00:00,26.6,26.843046,25.6846248,28.0014672,25.231707,28.454385000000002,24.76063175,28.92546025
2023-09-29 00:00:00,26.7,26.790123,25.631701800000002,27.9485442,25.178784,28.401462000000002,24.707708750000002,28.87253725
2023-09-29 01:00:00,26.6,26.587513,25.429091800000002,27.7459342,24.976174,28.198852000000002,24.505098750000002,28.66992725
2023-09-29 02:00:00,26.3,26.42121,25.2627888,27.579631199999998,24.809870999999998,28.032549,24.33879575,28.503624249999998
2023-09-29 03:00:00,25.9,26.41017,25.2517488,27.5685912,24.798831,28.021509000000002,24.32775575,28.49258425
2023-09-29 04:00:00,25.7,26.278233,25.1198118,27.4366542,24.666894,27.889572,24.19581875,28.36064725
2023-09-29 05:00:00,27.0,26.216925,25.0585038,27.3753462,24.605586,27.828264,24.13451075,28.29933925
2023-09-29 06:00:00,27.2,26.596107,25.4376858,27.7545282,24.984768,28.207446,24.51369275,28.67852125
2023-09-29 07:00:00,27.8,27.766033,26.6076118,28.9244542,26.154694,29.377372,25.68361875,29.84844725
2023-09-29 08:00:00,29.3,29.327496,28.1690748,30.4859172,27.716157,30.938835,27.24508175,31.40991025
2023-09-29 09:00:00,30.6,30.806633,29.648211800000002,31.9650542,29.195294,32.417972,28.724218750000002,32.88904725
2023-09-29 10:00:00,31.3,31.854467,30.6960458,33.0128882,30.243128,33.465806,29.77205275,33.93688125
2023-09-29 11:00:00,31.9,32.913666,31.7552448,34.0720872,31.302327,34.525005,30.83125175,34.99608025
2023-09-29 12:00:00,32.3,32.816147,31.6577258,33.9745682,31.204808,34.427486,30.73373275,34.89856125
2023-09-29 13:00:00,32.4,32.528275,31.3698538,33.6866962,30.916936,34.139614,30.44586075,34.61068925
2023-09-29 14:00:00,31.9,31.287436,30.1290148,32.4458572,29.676097,32.898775,29.20502175,33.36985025
2023-09-29 15:00:00,30.3,31.149815,29.9913938,32.308236199999996,29.538476,32.761154,29.06740075,33.232229249999996
2023-09-29 16:00:00,29.9,29.941128,28.7827068,31.0995492,28.329788999999998,31.552467,27.85871375,32.02354225
2023-09-29 17:00:00,29.5,29.166475,28.0080538,30.324896199999998,27.555135999999997,30.777814,27.08406075,31.248889249999998
2023-09-29 18:00:00,28.5,27.702469,26.5440478,28.8608902,26.09113,29.313808,25.62005475,29.78488325
2023-09-29 19:00:00,28.1,27.659851,26.5014298,28.8182722,26.048512,29.27119,25.57743675,29.74226525
2023-09-29 20:00:00,27.4,27.630106,26.471684800000002,28.7885272,26.018767,29.241445000000002,25.547691750000002,29.71252025
2023-09-29 21:00:00,27.5,27.099606,25.941184800000002,28.2580272,25.488267,28.710945000000002,25.017191750000002,29.18202025
2023-09-29 22:00:00,27.7,26.90788,25.7494588,28.066301199999998,25.296540999999998,28.519219,24.82546575,28.990294249999998
2023-09-29 23:00:00,27.8,26.645332,25.4869108,27.8037532,25.033993,28.256671,24.56291775,28.72774625
2023-09-30 00:00:00,27.5,26.770433,25.6120118,27.9288542,25.159094,28.381772,24.68801875,28.85284725
2023-09-30 01:00:00,27.1,26.687685,25.5292638,27.846106199999998,25.076345999999997,28.299024,24.60527075,28.770099249999998
2023-09-30 02:00:00,26.9,26.258673,25.100251800000002,27.4170942,24.647334,27.870012000000003,24.176258750000002,28.34108725
2023-09-30 03:00:00,26.6,26.022423,24.8640018,27.1808442,24.411084,27.633762,23.94000875,28.10483725
2023-09-30 04:00:00,26.2,25.92312,24.7646988,27.0815412,24.311781,27.534459000000002,23.84070575,28.00553425
2023-09-30 05:00:00,26.8,26.380783,25.2223618,27.5392042,24.769444,27.992122000000002,24.29836875,28.46319725
2023-09-30 06:00:00,26.8,27.064201,25.9057798,28.2226222,25.452862,28.67554,24.98178675,29.14661525
2023-09-30 07:00:00,27.7,27.76914,26.6107188,28.9275612,26.157801,29.380479,25.68672575,29.85155425
2023-09-30 08:00:00,29.0,29.044783,27.8863618,30.2032042,27.433443999999998,30.656122,26.96236875,31.12719725
2023-09-30 09:00:00,30.6,30.440914,29.2824928,31.5993352,28.829575,32.052253,28.35849975,32.52332825
2023-09-30 10:00:00,31.6,31.130636,29.9722148,32.289057199999995,29.519296999999998,32.741975,29.04822175,33.213050249999995
2023-09-30 11:00:00,32.4,31.649519,30.491097800000002,32.8079402,30.03818,33.260858,29.567104750000002,33.73193325
2023-09-30 12:00:00,32.7,32.082664,30.924242800000002,33.2410852,30.471325,33.694003,30.000249750000002,34.16507825
2023-09-30 13:00:00,32.6,31.977291,30.8188698,33.1357122,30.365952,33.58863,29.89487675,34.05970525
2023-09-30 14:00:00,31.8,31.224937,30.0665158,32.383358199999996,29.613598,32.836276,29.14252275,33.307351249999996
2023-09-30 15:00:00,30.6,30.70731,29.5488888,31.8657312,29.095971,32.318649,28.62489575,32.78972425
2023-09-30 16:00:00,30.0,29.862026,28.7036048,31.0204472,28.250687,31.473365,27.77961175,31.94444025
2023-09-30 17:00:00,29.6,29.13669,27.978268800000002,30.2951112,27.525351,30.748029000000002,27.054275750000002,31.21910425
2023-09-30 18:00:00,28.9,28.500381,27.3419598,29.6588022,26.889042,30.111720000000002,26.41796675,30.58279525
2023-09-30 19:00:00,29.1,28.02262,26.8641988,29.1810412,26.411281,29.633959,25.94020575,30.10503425
2023-09-30 20:00:00,29.0,27.469322,26.3109008,28.627743199999998,25.857982999999997,29.080661,25.38690775,29.551736249999998
2023-09-30 21:00:00,28.8,27.17524,26.0168188,28.333661199999998,25.563900999999998,28.786579,25.09282575,29.257654249999998
2023-09-30 22:00:00,28.7,27.343985,26.1855638,28.5024062,25.732646,28.955324,25.26157075,29.42639925
2023-09-30 23:00:00,28.3,27.315836,26.1574148,28.4742572,25.704497,28.927175000000002,25.23342175,29.39825025
2023-10-01 00:00:00,27.9,27.055265,25.8968438,28.213686199999998,25.443925999999998,28.666604,24.97285075,29.137679249999998
2023-10-01 01:00:00,27.6,26.754185,25.5957638,27.9126062,25.142846,28.365524,24.67177075,28.83659925
2023-10-01 02:00:00,27.3,26.52171,25.3632888,27.680131199999998,24.910370999999998,28.133049,24.43929575,28.604124249999998
2023-10-01 03:00:00,26.9,26.335634,25.1772128,27.4940552,24.724294999999998,27.946973,24.25321975,28.41804825
2023-10-01 04:00:00,26.5,26.104414,24.9459928,27.262835199999998,24.493074999999997,27.715753,24.02199975,28.186828249999998
2023-10-01 05:00:00,27.3,26.527407,25.3689858,27.6858282,24.916068,28.138746,24.44499275,28.60982125
2023-10-01 06:00:00,27.2,26.540178,25.3817568,27.6985992,24.928839,28.151517000000002,24.45776375,28.62259225
2023-10-01 07:00:00,28.1,27.613869,26.4554478,28.7722902,26.00253,29.225208000000002,25.53145475,29.69628325
2023-10-01 08:00:00,29.6,29.12048,27.9620588,30.2789012,27.509141,30.731819,27.03806575,31.20289425
2023-10-01 09:00:00,31.1,30.346935,29.1885138,31.505356199999998,28.735595999999997,31.958274,28.26452075,32.429349249999994
2023-10-01 10:00:00,32.3,31.261051,30.1026298,32.419472199999994,29.649711999999997,32.872389999999996,29.17863675,33.343465249999994
2023-10-01 11:00:00,33.1,32.090572,30.932150800000002,33.2489932,30.479233,33.701911,30.008157750000002,34.17298625
2023-10-01 12:00:00,33.4,32.381123,31.222701800000003,33.5395442,30.769784,33.992462,30.298708750000003,34.46353725
2023-10-01 13:00:00,33.2,32.232975,31.074553800000004,33.3913962,30.621636000000002,33.844314000000004,30.150560750000004,34.31538925
2023-10-01 14:00:00,33.1,31.15359,29.995168800000002,32.3120112,29.542251,32.764929,29.071175750000002,33.23600425
2023-10-01 15:00:00,31.9,30.946474,29.7880528,32.104895199999994,29.335134999999998,32.557812999999996,28.86405975,33.028888249999994
2023-10-01 16:00:00,29.9,30.167091,29.0086698,31.3255122,28.555752,31.77843,28.08467675,32.24950525
2023-10-01 17:00:00,30.4,29.392218,28.2337968,30.5506392,27.780879,31.003557,27.30980375,31.47463225
2023-10-01 18:00:00,29.2,28.824478,27.6660568,29.9828992,27.213138999999998,30.435817,26.74206375,30.90689225
2023-10-01 19:00:00,29.0,28.65268,27.4942588,29.8111012,27.041341,30.264019,26.57026575,30.73509425
2023-10-01 20:00:00,28.7,28.521446,27.3630248,29.6798672,26.910107,30.132785000000002,26.43903175,30.60386025
2023-10-01 21:00:00,28.5,28.34907,27.1906488,29.5074912,26.737731,29.960409000000002,26.26665575,30.43148425
2023-10-01 22:00:00,28.8,28.123121,26.9646998,29.2815422,26.511782,29.734460000000002,26.040706750000002,30.20553525
2023-10-01 23:00:00,28.7,27.64237,26.4839488,28.8007912,26.031031,29.253709,25.55995575,29.72478425
2023-10-02 00:00:00,28.3,27.392271,26.2338498,28.5506922,25.780932,29.003610000000002,25.30985675,29.47468525
2023-10-02 01:00:00,27.9,27.167664,26.0092428,28.326085199999998,25.556324999999998,28.779003,25.08524975,29.250078249999998
2023-10-02 02:00:00,27.4,26.959972,25.8015508,28.1183932,25.348633,28.571311,24.87755775,29.04238625
2023-10-02 03:00:00,27.0,26.541767,25.3833458,27.7001882,24.930428,28.153106,24.45935275,28.62418125
2023-10-02 04:00:00,26.7,26.260359,25.1019378,27.4187802,24.64902,27.871698000000002,24.17794475,28.34277325
2023-10-02 05:00:00,27.5,26.788717,25.6302958,27.947138199999998,25.177377999999997,28.400056,24.70630275,28.871131249999998
2023-10-02 06:00:00,27.5,26.930807,25.772385800000002,28.0892282,25.319468,28.542146000000002,24.848392750000002,29.01322125
2023-10-02 07:00:00,28.6,27.870344,26.7119228,29.0287652,26.259005,29.481683,25.78792975,29.95275825
2023-10-02 08:00:00,30.0,29.305174,28.1467528,30.4635952,27.693835,30.916513000000002,27.22275975,31.38758825
2023-10-02 09:00:00,31.5,30.877611,29.719189800000002,32.0360322,29.266272,32.48895,28.795196750000002,32.96002525
2023-10-02 10:00:00,32.5,32.485867,31.3274458,33.6442882,30.874527999999998,34.097206,30.40345275,34.56828125
2023-10-02 11:00:00,33.7,33.246357,32.087935800000004,34.4047782,31.635018000000002,34.857696000000004,31.163942750000004,35.32877125
2023-10-02 12:00:00,34.3,33.7799,32.6214788,34.9383212,32.168561,35.391239,31.69748575,35.86231425
2023-10-02 13:00:00,34.5,33.200825,32.0424038,34.3592462,31.589486,34.812164,31.118410750000002,35.28323925
2023-10-02 14:00:00,34.4,32.769085,31.610663799999998,33.927506199999996,31.157745999999996,34.380424,30.686670749999998,34.851499249999996
2023-10-02 15:00:00,33.8,31.662281,30.5038598,32.8207022,30.050942,33.27362,29.57986675,33.74469525
2023-10-02 16:00:00,32.4,30.103085,28.9446638,31.2615062,28.491746,31.714424,28.02067075,32.18549925
2023-10-02 17:00:00,29.8,29.562794,28.4043728,30.7212152,27.951455,31.174133,27.48037975,31.64520825
2023-10-02 18:00:00,29.3,29.06517,27.9067488,30.223591199999998,27.453830999999997,30.676509,26.98275575,31.147584249999998
2023-10-02 19:00:00,28.8,28.574589,27.4161678,29.7330102,26.96325,30.185928,26.49217475,30.65700325
2023-10-02 20:00:00,28.6,28.57096,27.4125388,29.7293812,26.959621,30.182299,26.48854575,30.65337425
2023-10-02 21:00:00,28.5,28.433954,27.2755328,29.5923752,26.822615,30.045293,26.35153975,30.51636825
2023-10-02 22:00:00,28.3,28.302288,27.1438668,29.4607092,26.690949,29.913627,26.21987375,30.38470225
2023-10-02 23:00:00,27.9,28.221817,27.063395800000002,29.3802382,26.610478,29.833156000000002,26.139402750000002,30.30423125
2023-10-03 00:00:00,27.6,27.807077,26.6486558,28.9654982,26.195738,29.418416,25.72466275,29.88949125
2023-10-03 01:00:00,27.2,27.39498,26.2365588,28.5534012,25.783641,29.006319,25.31256575,29.47739425
2023-10-03 02:00:00,26.8,27.039383,25.8809618,28.1978042,25.428044,28.650722000000002,24.95696875,29.12179725
2023-10-03 03:00:00,26.6,26.725729,25.567307800000002,27.8841502,25.11439,28.337068000000002,24.643314750000002,28.80814325
2023-10-03 04:00:00,26.4,26.365757,25.2073358,27.524178199999998,24.754417999999998,27.977096,24.28334275,28.448171249999998
2023-10-03 05:00:00,27.3,26.878166,25.7197448,28.0365872,25.266827,28.489505,24.79575175,28.96058025
2023-10-03 06:00:00,27.5,26.916475,25.7580538,28.074896199999998,25.305135999999997,28.527814,24.83406075,28.998889249999998
2023-10-03 07:00:00,28.6,28.130703,26.9722818,29.2891242,26.519364,29.742042,26.04828875,30.21311725
2023-10-03 08:00:00,30.0,29.567926,28.4095048,30.7263472,27.956587,31.179265,27.48551175,31.65034025
2023-10-03 09:00:00,31.6,30.782345,29.6239238,31.9407662,29.171006,32.393684,28.69993075,32.86475925
2023-10-03 10:00:00,32.7,32.281796,31.1233748,33.4402172,30.670457,33.893135,30.19938175,34.36421025
2023-10-03 11:00:00,33.6,33.335392,32.1769708,34.4938132,31.724052999999998,34.946731,31.25297775,35.41780625
2023-10-03 12:00:00,33.9,33.629963,32.4715418,34.788384199999996,32.018623999999996,35.241302,31.547548749999997,35.712377249999996
2023-10-03 13:00:00,33.8,33.64184,32.4834188,34.8002612,32.030501,35.253179,31.559425750000003,35.72425425
2023-10-03 14:00:00,33.7,33.078735,31.920313800000002,34.2371562,31.467396,34.690074,30.996320750000002,35.16114925
2023-10-03 15:00:00,33.4,31.85653,30.6981088,33.0149512,30.245191,33.467869,29.77411575,33.93894425
2023-10-03 16:00:00,31.7,30.782999,29.6245778,31.9414202,29.17166,32.394338,28.70058475,32.865413249999996
2023-10-03 17:00:00,27.8,29.822136,28.6637148,30.9805572,28.210797,31.433475,27.73972175,31.90455025
2023-10-03 18:00:00,26.5,29.154993,27.9965718,30.3134142,27.543654,30.766332000000002,27.07257875,31.23740725
2023-10-03 19:00:00,26.7,28.836735,27.6783138,29.9951562,27.225396,30.448074000000002,26.75432075,30.91914925
2023-10-03 20:00:00,26.7,28.492258,27.3338368,29.6506792,26.880919,30.103597,26.40984375,30.57467225
2023-10-03 21:00:00,26.6,28.27827,27.1198488,29.4366912,26.666930999999998,29.889609,26.19585575,30.36068425
2023-10-03 22:00:00,26.4,28.260906,27.1024848,29.419327199999998,26.649566999999998,29.872245,26.17849175,30.343320249999998
2023-10-03 23:00:00,26.3,27.77466,26.6162388,28.9330812,26.163321,29.385999,25.69224575,29.85707425
2023-10-04 00:00:00,26.1,27.60806,26.4496388,28.766481199999998,25.996720999999997,29.219399,25.52564575,29.690474249999998
2023-10-04 01:00:00,25.7,27.277372,26.1189508,28.4357932,25.666033,28.888711,25.19495775,29.35978625
2023-10-04 02:00:00,25.5,26.94022,25.7817988,28.0986412,25.328881,28.551559,24.85780575,29.02263425
2023-10-04 03:00:00,25.5,26.529852,25.371430800000002,27.6882732,24.918513,28.141191000000003,24.447437750000002,28.61226625
2023-10-04 04:00:00,25.2,26.269335,25.110913800000002,27.4277562,24.657996,27.880674000000003,24.186920750000002,28.35174925
2023-10-04 05:00:00,26.5,26.948408,25.7899868,28.1068292,25.337069,28.559747,24.86599375,29.03082225
2023-10-04 06:00:00,27.1,27.152103,25.9936818,28.3105242,25.540764,28.763442,25.06968875,29.23451725
2023-10-04 07:00:00,28.1,28.241055,27.0826338,29.3994762,26.629716,29.852394,26.15864075,30.32346925
2023-10-04 08:00:00,29.6,29.559078,28.4006568,30.7174992,27.947739,31.170417,27.47666375,31.64149225
2023-10-04 09:00:00,31.3,30.963335,29.8049138,32.1217562,29.351996,32.574674,28.88092075,33.04574925
2023-10-04 10:00:00,32.9,32.321354,31.1629328,33.4797752,30.710015,33.932693,30.23893975,34.40376825
2023-10-04 11:00:00,33.9,33.22043,32.0620088,34.3788512,31.609091,34.831769,31.13801575,35.30284425
2023-10-04 12:00:00,34.4,33.247433,32.0890118,34.4058542,31.636094,34.858772,31.16501875,35.32984725
2023-10-04 13:00:00,34.0,33.107193,31.948771800000003,34.2656142,31.495854,34.718532,31.024778750000003,35.18960725
2023-10-04 14:00:00,33.7,32.41594,31.2575188,33.5743612,30.804600999999998,34.027279,30.33352575,34.49835425
2023-10-04 15:00:00,30.1,32.10426,30.945838799999997,33.262681199999996,30.492920999999996,33.715599,30.021845749999997,34.186674249999996
2023-10-04 16:00:00,28.1,30.729816,29.5713948,31.8882372,29.118477,32.341155,28.64740175,32.81223025
2023-10-04 17:00:00,28.0,29.179424,28.0210028,30.3378452,27.568085,30.790763000000002,27.09700975,31.26183825
2023-10-04 18:00:00,27.6,27.76034,26.6019188,28.9187612,26.149001,29.371679,25.67792575,29.84275425
2023-10-04 19:00:00,27.3,27.938673,26.780251800000002,29.0970942,26.327334,29.550012000000002,25.856258750000002,30.02108725
2023-10-04 20:00:00,27.1,27.58176,26.4233388,28.7401812,25.970420999999998,29.193099,25.49934575,29.66417425
2023-10-04 21:00:00,27.1,27.460995,26.3025738,28.6194162,25.849656,29.072334,25.37858075,29.54340925
2023-10-04 22:00:00,26.9,26.98284,25.8244188,28.1412612,25.371501,28.594179,24.90042575,29.06525425
2023-10-04 23:00:00,27.1,26.742937,25.584515800000002,27.9013582,25.131598,28.354276000000002,24.660522750000002,28.82535125
2023-10-05 00:00:00,27.8,26.578625,25.4202038,27.737046199999998,24.967285999999998,28.189964,24.49621075,28.661039249999998
2023-10-05 01:00:00,27.6,26.160425,25.0020038,27.3188462,24.549086,27.771764,24.07801075,28.24283925
2023-10-05 02:00:00,27.0,25.713251,24.5548298,26.8716722,24.101912,27.32459,23.63083675,27.79566525
2023-10-05 03:00:00,26.3,25.704763,24.5463418,26.8631842,24.093424,27.316102,23.62234875,27.78717725
2023-10-05 04:00:00,26.1,25.382158,24.2237368,26.5405792,23.770819,26.993497,23.29974375,27.46457225
2023-10-05 05:00:00,26.6,25.690569,24.5321478,26.8489902,24.07923,27.301908,23.60815475,27.77298325
2023-10-05 06:00:00,27.0,27.016981,25.858559800000002,28.1754022,25.405642,28.628320000000002,24.934566750000002,29.09939525
2023-10-05 07:00:00,27.7,27.911856,26.7534348,29.0702772,26.300517,29.523195,25.82944175,29.99427025
2023-10-05 08:00:00,28.6,29.218475,28.060053800000002,30.3768962,27.607136,30.829814000000002,27.136060750000002,31.30088925
2023-10-05 09:00:00,30.0,30.645752,29.487330800000002,31.8041732,29.034413,32.257091,28.563337750000002,32.72816625
2023-10-05 10:00:00,31.6,31.98777,30.8293488,33.1461912,30.376431,33.599109,29.905355750000002,34.07018425
2023-10-05 11:00:00,33.5,32.815544,31.657122800000003,33.9739652,31.204205,34.426883000000004,30.733129750000003,34.89795825
2023-10-05 12:00:00,34.2,33.256027,32.097605800000004,34.4144482,31.644688000000002,34.867366000000004,31.173612750000004,35.33844125
2023-10-05 13:00:00,33.9,32.420856,31.2624348,33.5792772,30.809517,34.032195,30.33844175,34.50327025
2023-10-05 14:00:00,32.5,32.2958,31.1373788,33.4542212,30.684461,33.907139,30.21338575,34.37821425
2023-10-05 15:00:00,30.7,30.81466,29.6562388,31.9730812,29.203321,32.425999,28.73224575,32.897074249999996
2023-10-05 16:00:00,30.3,30.374708,29.2162868,31.533129199999998,28.763368999999997,31.986047,28.29229375,32.45712225
2023-10-05 17:00:00,28.7,27.632126,26.4737048,28.7905472,26.020787,29.243465,25.54971175,29.71454025
2023-10-05 18:00:00,27.7,27.828308,26.6698868,28.9867292,26.216969,29.439647,25.74589375,29.91072225
2023-10-05 19:00:00,27.3,27.651087,26.4926658,28.8095082,26.039748,29.262426,25.56867275,29.73350125
2023-10-05 20:00:00,27.3,27.334892,26.1764708,28.4933132,25.723553,28.946231,25.25247775,29.41730625
2023-10-05 21:00:00,27.3,27.361908,26.2034868,28.5203292,25.750569,28.973247,25.27949375,29.44432225
2023-10-05 22:00:00,27.3,27.01977,25.861348800000002,28.1781912,25.408431,28.631109000000002,24.937355750000002,29.10218425
2023-10-05 23:00:00,27.0,26.951433,25.793011800000002,28.1098542,25.340094,28.562772000000002,24.869018750000002,29.03384725
2023-10-06 00:00:00,26.6,27.267601,26.1091798,28.4260222,25.656261999999998,28.87894,25.18518675,29.35001525
2023-10-06 01:00:00,26.4,27.304787,26.1463658,28.4632082,25.693448,28.916126000000002,25.22237275,29.38720125
2023-10-06 02:00:00,26.2,26.808308,25.6498868,27.9667292,25.196969,28.419647,24.72589375,28.89072225
2023-10-06 03:00:00,26.2,26.363136,25.2047148,27.5215572,24.751797,27.974475,24.28072175,28.44555025
2023-10-06 04:00:00,26.0,26.113386,24.9549648,27.271807199999998,24.502046999999997,27.724725,24.03097175,28.195800249999998
2023-10-06 05:00:00,27.1,26.416487,25.2580658,27.5749082,24.805148,28.027826,24.33407275,28.49890125
2023-10-06 06:00:00,27.9,26.866909,25.7084878,28.0253302,25.25557,28.478248,24.78449475,28.94932325
2023-10-06 07:00:00,29.2,27.735594,26.5771728,28.8940152,26.124254999999998,29.346933,25.65317975,29.81800825
2023-10-06 08:00:00,30.4,28.659966,27.5015448,29.8183872,27.048627,30.271305,26.57755175,30.74238025
2023-10-06 09:00:00,31.7,30.178598,29.0201768,31.3370192,28.567259,31.789937000000002,28.09618375,32.26101225
2023-10-06 10:00:00,32.7,31.07978,29.9213588,32.2382012,29.468441,32.691119,28.99736575,33.16219425
2023-10-06 11:00:00,33.1,33.094376,31.935954799999998,34.252797199999996,31.483036999999996,34.705715,31.011961749999998,35.176790249999996
2023-10-06 12:00:00,32.5,33.400204,32.2417828,34.5586252,31.788865,35.011543,31.317789750000003,35.48261825
2023-10-06 13:00:00,30.4,32.467915,31.3094938,33.6263362,30.856575999999997,34.079254,30.38550075,34.55032925
2023-10-06 14:00:00,31.0,31.551235,30.3928138,32.7096562,29.939895999999997,33.162574,29.46882075,33.63364925
2023-10-06 15:00:00,30.8,31.17476,30.0163388,32.3331812,29.563420999999998,32.786099,29.09234575,33.25717425
2023-10-06 16:00:00,30.7,29.918314,28.7598928,31.076735199999998,28.306974999999998,31.529653,27.83589975,32.000728249999995
2023-10-06 17:00:00,30.2,28.776,27.6175788,29.9344212,27.164661,30.387339,26.69358575,30.85841425
2023-10-06 18:00:00,28.9,27.978916,26.820494800000002,29.1373372,26.367577,29.590255000000003,25.896501750000002,30.06133025
2023-10-06 19:00:00,28.5,27.6552,26.4967788,28.8136212,26.043861,29.266539,25.57278575,29.73761425
2023-10-06 20:00:00,28.4,27.520538,26.3621168,28.678959199999998,25.909198999999997,29.131877,25.43812375,29.602952249999998
2023-10-06 21:00:00,28.1,27.32563,26.1672088,28.4840512,25.714291,28.936969,25.24321575,29.40804425
2023-10-06 22:00:00,27.9,27.331762,26.173340800000002,28.4901832,25.720423,28.943101000000002,25.249347750000002,29.41417625
2023-10-06 23:00:00,27.7,27.123604,25.9651828,28.2820252,25.512265,28.734943,25.04118975,29.20601825
2023-10-07 00:00:00,27.1,27.034496,25.8760748,28.1929172,25.423157,28.645835,24.95208175,29.11691025
2023-10-07 01:00:00,26.7,26.776388,25.6179668,27.9348092,25.165049,28.387727,24.69397375,28.85880225
2023-10-07 02:00:00,26.3,26.373241,25.2148198,27.5316622,24.761902,27.98458,24.29082675,28.45565525
2023-10-07 03:00:00,26.1,26.01486,24.8564388,27.173281199999998,24.403520999999998,27.626199,23.93244575,28.097274249999998
2023-10-07 04:00:00,25.9,25.979912,24.8214908,27.138333199999998,24.368572999999998,27.591251,23.89749775,28.062326249999998
2023-10-07 05:00:00,27.4,26.492695,25.334273800000002,27.6511162,24.881356,28.104034000000002,24.410280750000002,28.57510925
2023-10-07 06:00:00,27.7,27.325756,26.1673348,28.484177199999998,25.714416999999997,28.937095,25.24334175,29.408170249999998
2023-10-07 07:00:00,28.6,28.57805,27.4196288,29.7364712,26.966711,30.189389000000002,26.49563575,30.66046425
2023-10-07 08:00:00,29.8,29.448606,28.290184800000002,30.6070272,27.837267,31.059945000000003,27.366191750000002,31.53102025
2023-10-07 09:00:00,31.2,30.946133,29.7877118,32.104554199999995,29.334794,32.557472,28.86371875,33.028547249999995
2023-10-07 10:00:00,32.2,31.657864,30.4994428,32.816285199999996,30.046525,33.269203,29.57544975,33.740278249999996
2023-10-07 11:00:00,32.7,32.166363,31.007941799999998,33.324784199999996,30.555023999999996,33.777702,30.083948749999998,34.248777249999996
2023-10-07 12:00:00,32.6,32.04106,30.882638800000002,33.1994812,30.429721,33.652399,29.958645750000002,34.12347425
2023-10-07 13:00:00,32.0,31.747871,30.5894498,32.906292199999996,30.136532,33.35921,29.66545675,33.830285249999996
2023-10-07 14:00:00,31.6,30.849373,29.6909518,32.0077942,29.238034,32.460712,28.76695875,32.93178725
2023-10-07 15:00:00,31.2,30.109335,28.950913800000002,31.2677562,28.497996,31.720674000000002,28.026920750000002,32.19174925
2023-10-07 16:00:00,30.2,29.830381,28.6719598,30.9888022,28.219041999999998,31.44172,27.74796675,31.91279525
2023-10-07 17:00:00,29.2,28.82349,27.6650688,29.9819112,27.212151,30.434829,26.74107575,30.90590425
2023-10-07 18:00:00,28.4,28.592821,27.4343998,29.7512422,26.981482,30.20416,26.51040675,30.67523525
2023-10-07 19:00:00,28.2,28.28382,27.1253988,29.442241199999998,26.672480999999998,29.895159,26.20140575,30.366234249999998
2023-10-07 20:00:00,28.0,28.166817,27.008395800000002,29.3252382,26.555478,29.778156000000003,26.084402750000002,30.24923125
2023-10-07 21:00:00,27.7,27.8735,26.7150788,29.0319212,26.262161,29.484839,25.79108575,29.95591425
2023-10-07 22:00:00,27.4,27.515844,26.357422800000002,28.6742652,25.904505,29.127183000000002,25.433429750000002,29.59825825
2023-10-07 23:00:00,27.3,27.258749,26.100327800000002,28.4171702,25.64741,28.870088000000003,25.176334750000002,29.34116325
2023-10-08 00:00:00,26.9,26.897995,25.739573800000002,28.0564162,25.286656,28.509334000000003,24.815580750000002,28.98040925
2023-10-08 01:00:00,26.6,26.453138,25.2947168,27.6115592,24.841798999999998,28.064477,24.37072375,28.53555225
2023-10-08 02:00:00,26.5,26.148415,24.9899938,27.3068362,24.537076,27.759754,24.06600075,28.23082925
2023-10-08 03:00:00,26.4,25.970259,24.8118378,27.128680199999998,24.358919999999998,27.581598,23.88784475,28.052673249999998
2023-10-08 04:00:00,26.2,25.867567,24.7091458,27.0259882,24.256228,27.478906000000002,23.78515275,27.94998125
2023-10-08 05:00:00,27.4,26.4937,25.3352788,27.6521212,24.882361,28.105039,24.41128575,28.57611425
2023-10-08 06:00:00,27.4,27.216799,26.058377800000002,28.3752202,25.60546,28.828138000000003,25.134384750000002,29.29921325
2023-10-08 07:00:00,28.5,28.561768,27.4033468,29.7201892,26.950429,30.173107,26.47935375,30.64418225
2023-10-08 08:00:00,29.6,29.609522,28.4511008,30.767943199999998,27.998182999999997,31.220861,27.52710775,31.691936249999998
2023-10-08 09:00:00,30.9,30.531357,29.3729358,31.6897782,28.920018,32.142696,28.44894275,32.61377125
2023-10-08 10:00:00,31.8,31.453371,30.2949498,32.6117922,29.842032,33.06471,29.37095675,33.535785249999996
2023-10-08 11:00:00,32.3,31.925524,30.7671028,33.083945199999995,30.314185,33.536863,29.84310975,34.007938249999995
2023-10-08 12:00:00,32.4,31.928383,30.7699618,33.086804199999996,30.317044,33.539722,29.84596875,34.010797249999996
2023-10-08 13:00:00,31.3,31.739384,30.580962800000002,32.8978052,30.128045,33.350723,29.656969750000002,33.82179825
2023-10-08 14:00:00,31.5,31.153809,29.9953878,32.312230199999995,29.542469999999998,32.765147999999996,29.07139475,33.236223249999995
2023-10-08 15:00:00,30.8,30.90978,29.751358800000002,32.0682012,29.298441,32.521119,28.827365750000002,32.99219425
2023-10-08 16:00:00,30.2,30.0195,28.8610788,31.1779212,28.408161,31.630839,27.93708575,32.10191425
2023-10-08 17:00:00,29.8,29.325176,28.1667548,30.4835972,27.713836999999998,30.936515,27.24276175,31.40759025
2023-10-08 18:00:00,28.6,28.48139,27.3229688,29.6398112,26.870051,30.092729000000002,26.39897575,30.56380425
2023-10-08 19:00:00,28.2,28.158253,26.9998318,29.316674199999998,26.546913999999997,29.769592,26.07583875,30.240667249999998
2023-10-08 20:00:00,27.9,27.977383,26.8189618,29.1358042,26.366044,29.588722,25.89496875,30.05979725
2023-10-08 21:00:00,27.6,27.629787,26.4713658,28.7882082,26.018448,29.241126,25.54737275,29.71220125
2023-10-08 22:00:00,27.3,27.44734,26.2889188,28.6057612,25.836001,29.058679,25.36492575,29.52975425
2023-10-08 23:00:00,27.0,27.278727,26.1203058,28.4371482,25.667388,28.890066,25.19631275,29.36114125
2023-10-09 00:00:00,26.5,26.735964,25.5775428,27.8943852,25.124624999999998,28.347303,24.65354975,28.81837825
2023-10-09 01:00:00,26.1,26.452625,25.294203800000002,27.6110462,24.841286,28.063964000000002,24.370210750000002,28.53503925
2023-10-09 02:00:00,25.9,26.218079,25.0596578,27.3765002,24.60674,27.829418,24.13566475,28.30049325
2023-10-09 03:00:00,25.7,26.15219,24.9937688,27.3106112,24.540851,27.763529000000002,24.06977575,28.23460425
2023-10-09 04:00:00,25.9,25.915455,24.757033800000002,27.0738762,24.304116,27.526794000000002,23.833040750000002,27.99786925
2023-10-09 05:00:00,25.3,26.85526,25.696838800000002,28.0136812,25.243921,28.466599000000002,24.772845750000002,28.93767425
2023-10-09 06:00:00,25.8,27.079685,25.921263800000002,28.2381062,25.468346,28.691024000000002,24.997270750000002,29.16209925
2023-10-09 07:00:00,27.1,28.140533,26.982111800000002,29.2989542,26.529194,29.751872000000002,26.058118750000002,30.22294725
2023-10-09 08:00:00,28.8,29.283901,28.1254798,30.4423222,27.672562,30.89524,27.20148675,31.36631525
2023-10-09 09:00:00,30.6,30.19265,29.0342288,31.3510712,28.581311,31.803989,28.11023575,32.27506425
2023-10-09 10:00:00,31.7,31.131939,29.9735178,32.290360199999995,29.520599999999998,32.743278,29.04952475,33.214353249999995
2023-10-09 11:00:00,32.3,31.744057,30.585635800000002,32.9024782,30.132718,33.355396,29.661642750000002,33.82647125
2023-10-09 12:00:00,32.0,31.683828,30.5254068,32.8422492,30.072488999999997,33.295167,29.60141375,33.76624225
2023-10-09 13:00:00,31.1,31.240078,30.0816568,32.398499199999996,29.628739,32.851417,29.15766375,33.322492249999996
2023-10-09 14:00:00,30.9,30.965763,29.8073418,32.124184199999995,29.354423999999998,32.577102,28.88334875,33.048177249999995
2023-10-09 15:00:00,31.2,30.156424,28.998002800000002,31.3148452,28.545085,31.767763000000002,28.074009750000002,32.23883825
2023-10-09 16:00:00,30.4,29.706984,28.5485628,30.865405199999998,28.095644999999998,31.318323,27.62456975,31.789398249999998
2023-10-09 17:00:00,29.4,29.319788,28.1613668,30.4782092,27.708448999999998,30.931127,27.23737375,31.40220225
2023-10-09 18:00:00,28.4,28.66485,27.506428800000002,29.8232712,27.053511,30.276189000000002,26.582435750000002,30.74726425
2023-10-09 19:00:00,28.1,28.093626,26.9352048,29.2520472,26.482287,29.704965,26.01121175,30.17604025
2023-10-09 20:00:00,28.0,27.80493,26.6465088,28.963351199999998,26.193590999999998,29.416269,25.72251575,29.887344249999998
2023-10-09 21:00:00,27.8,27.543692,26.3852708,28.7021132,25.932353,29.155031,25.46127775,29.62610625
2023-10-09 22:00:00,27.6,27.241392,26.082970800000002,28.3998132,25.630053,28.852731000000002,25.158977750000002,29.32380625
2023-10-09 23:00:00,26.9,27.09236,25.9339388,28.2507812,25.481021,28.703699,25.00994575,29.17477425
2023-10-10 00:00:00,26.2,26.488441,25.330019800000002,27.6468622,24.877102,28.099780000000003,24.406026750000002,28.57085525
2023-10-10 01:00:00,25.6,26.009592,24.851170800000002,27.1680132,24.398253,27.620931000000002,23.927177750000002,28.09200625
2023-10-10 02:00:00,25.3,25.852139,24.6937178,27.0105602,24.2408,27.463478000000002,23.76972475,27.93455325
2023-10-10 03:00:00,25.1,25.510891,24.3524698,26.6693122,23.899552,27.122230000000002,23.42847675,27.59330525
2023-10-10 04:00:00,24.8,25.711754,24.5533328,26.8701752,24.100414999999998,27.323093,23.62933975,27.79416825
2023-10-10 05:00:00,23.9,25.804628,24.6462068,26.9630492,24.193289,27.415967000000002,23.72221375,27.88704225
2023-10-10 06:00:00,25.3,26.07428,24.915858800000002,27.2327012,24.462941,27.685619000000003,23.991865750000002,28.15669425
2023-10-10 07:00:00,26.3,27.477484,26.3190628,28.6359052,25.866145,29.088823,25.39506975,29.55989825
2023-10-10 08:00:00,28.0,28.689112,27.530690800000002,29.8475332,27.077773,30.300451000000002,26.606697750000002,30.77152625
2023-10-10 09:00:00,29.9,29.941256,28.7828348,31.0996772,28.329917,31.552595,27.85884175,32.023670249999995
2023-10-10 10:00:00,31.2,30.684864,29.5264428,31.8432852,29.073525,32.296203,28.60244975,32.76727825
2023-10-10 11:00:00,32.0,31.23246,30.0740388,32.390881199999995,29.621121,32.843799,29.15004575,33.314874249999995
2023-10-10 12:00:00,32.0,31.189775,30.0313538,32.3481962,29.578436,32.801114,29.10736075,33.27218925
2023-10-10 13:00:00,31.9,30.559366,29.4009448,31.7177872,28.948027,32.170705,28.47695175,32.64178025
2023-10-10 14:00:00,31.5,30.192165,29.0337438,31.3505862,28.580826,31.803504,28.10975075,32.274579249999995
2023-10-10 15:00:00,30.7,30.466454,29.3080328,31.624875199999998,28.855114999999998,32.077793,28.38403975,32.54886825
2023-10-10 16:00:00,29.8,29.81344,28.6550188,30.9718612,28.202101,31.424779,27.73102575,31.89585425
2023-10-10 17:00:00,30.0,29.04004,27.881618800000002,30.1984612,27.428701,30.651379000000002,26.957625750000002,31.12245425
2023-10-10 18:00:00,28.9,28.151264,26.992842800000002,29.3096852,26.539925,29.762603000000002,26.068849750000002,30.23367825
2023-10-10 19:00:00,28.3,27.899418,26.7409968,29.0578392,26.288079,29.510757,25.81700375,29.98183225
2023-10-10 20:00:00,27.8,27.796886,26.6384648,28.9553072,26.185547,29.408225,25.71447175,29.87930025
2023-10-10 21:00:00,27.6,27.543863,26.385441800000002,28.7022842,25.932524,29.155202000000003,25.461448750000002,29.62627725
2023-10-10 22:00:00,27.6,27.388071,26.2296498,28.5464922,25.776732,28.99941,25.30565675,29.47048525
2023-10-10 23:00:00,27.5,26.97873,25.8203088,28.137151199999998,25.367390999999998,28.590069,24.89631575,29.061144249999998
2023-10-11 00:00:00,27.3,26.296062,25.1376408,27.4544832,24.684722999999998,27.907401,24.21364775,28.37847625
2023-10-11 01:00:00,27.0,25.263317,24.1048958,26.4217382,23.651978,26.874656,23.18090275,27.34573125
2023-10-11 02:00:00,26.4,25.17117,24.0127488,26.3295912,23.559831,26.782509,23.08875575,27.25358425
2023-10-11 03:00:00,26.0,25.153883,23.9954618,26.3123042,23.542544,26.765222,23.07146875,27.23629725
2023-10-11 04:00:00,25.4,24.962627,23.804205800000002,26.1210482,23.351288,26.573966000000002,22.880212750000002,27.04504125
2023-10-11 05:00:00,26.7,24.772095,23.6136738,25.9305162,23.160756,26.383434,22.68968075,26.85450925
2023-10-11 06:00:00,26.9,24.863419,23.7049978,26.0218402,23.25208,26.474758,22.78100475,26.94583325
2023-10-11 07:00:00,28.0,26.359667,25.201245800000002,27.5180882,24.748328,27.971006000000003,24.277252750000002,28.44208125
2023-10-11 08:00:00,29.4,28.296934,27.1385128,29.4553552,26.685595,29.908273,26.21451975,30.37934825
2023-10-11 09:00:00,30.3,29.601791,28.4433698,30.760212199999998,27.990451999999998,31.21313,27.51937675,31.684205249999998
2023-10-11 10:00:00,30.8,30.700937,29.5425158,31.8593582,29.089598,32.312276,28.61852275,32.783351249999996
2023-10-11 11:00:00,31.2,31.486847,30.3284258,32.6452682,29.875508,33.098186,29.40443275,33.56926125
2023-10-11 12:00:00,31.1,31.283365,30.1249438,32.441786199999996,29.672026,32.894704,29.20095075,33.365779249999996
2023-10-11 13:00:00,31.1,31.201733,30.0433118,32.3601542,29.590394,32.813072,29.11931875,33.28414725
2023-10-11 14:00:00,30.7,30.778997,29.6205758,31.9374182,29.167658,32.390336,28.69658275,32.861411249999996
2023-10-11 15:00:00,30.0,30.011835,28.853413800000002,31.1702562,28.400496,31.623174000000002,27.929420750000002,32.09424925
2023-10-11 16:00:00,29.3,29.583033,28.4246118,30.7414542,27.971694,31.194372,27.50061875,31.66544725
2023-10-11 17:00:00,29.2,29.343185,28.1847638,30.501606199999998,27.731845999999997,30.954524,27.26077075,31.425599249999998
2023-10-11 18:00:00,28.2,28.618681,27.4602598,29.777102199999998,27.007341999999998,30.23002,26.53626675,30.701095249999998
2023-10-11 19:00:00,27.7,28.00228,26.8438588,29.1607012,26.390940999999998,29.613619,25.91986575,30.08469425
2023-10-11 20:00:00,27.3,27.645748,26.4873268,28.8041692,26.034409,29.257087000000002,25.56333375,29.72816225
2023-10-11 21:00:00,26.8,27.33156,26.1731388,28.4899812,25.720221,28.942899,25.24914575,29.41397425
2023-10-11 22:00:00,26.0,27.240507,26.0820858,28.3989282,25.629168,28.851846000000002,25.15809275,29.32292125
2023-10-11 23:00:00,26.5,27.005472,25.8470508,28.1638932,25.394133,28.616811000000002,24.92305775,29.08788625
2023-10-12 00:00:00,26.9,26.962887,25.8044658,28.121308199999998,25.351547999999998,28.574226,24.88047275,29.045301249999998
2023-10-12 01:00:00,25.2,26.788801,25.6303798,27.9472222,25.177462,28.40014,24.70638675,28.87121525
2023-10-12 02:00:00,25.0,26.297894,25.1394728,27.4563152,24.686555,27.909233,24.21547975,28.38030825
2023-10-12 03:00:00,24.8,25.864532,24.7061108,27.0229532,24.253193,27.475871,23.78211775,27.94694625
2023-10-12 04:00:00,24.7,25.476582,24.3181608,26.6350032,23.865243,27.087921,23.39416775,27.55899625
2023-10-12 05:00:00,25.7,25.542841,24.3844198,26.7012622,23.931502,27.15418,23.46042675,27.62525525
2023-10-12 06:00:00,26.4,26.165804,25.007382800000002,27.3242252,24.554465,27.777143000000002,24.083389750000002,28.24821825
2023-10-12 07:00:00,26.7,26.942377,25.7839558,28.1007982,25.331038,28.553716,24.85996275,29.02479125
2023-10-12 08:00:00,28.2,28.3148,27.156378800000002,29.4732212,26.703461,29.926139000000003,26.232385750000002,30.39721425
2023-10-12 09:00:00,29.4,29.616499,28.4580778,30.7749202,28.00516,31.227838000000002,27.53408475,31.69891325
2023-10-12 10:00:00,30.0,30.051811,28.8933898,31.2102322,28.440472,31.66315,27.96939675,32.13422525
2023-10-12 11:00:00,30.2,30.43328,29.2748588,31.5917012,28.821941,32.044619,28.35086575,32.515694249999996
2023-10-12 12:00:00,30.1,30.702995,29.544573800000002,31.8614162,29.091656,32.314334,28.620580750000002,32.78540925
2023-10-12 13:00:00,29.9,30.509504,29.3510828,31.6679252,28.898165,32.120843,28.42708975,32.59191825
2023-10-12 14:00:00,29.7,30.164072,29.0056508,31.3224932,28.552733,31.775411000000002,28.08165775,32.24648625
2023-10-12 15:00:00,29.5,29.621807,28.4633858,30.7802282,28.010468,31.233146,27.53939275,31.70422125
2023-10-12 16:00:00,28.9,29.07324,27.9148188,30.231661199999998,27.461900999999997,30.684579,26.99082575,31.155654249999998
2023-10-12 17:00:00,27.7,28.851257,27.6928358,30.0096782,27.239918,30.462596,26.76884275,30.93367125
2023-10-12 18:00:00,27.3,27.970894,26.812472800000002,29.1293152,26.359555,29.582233000000002,25.888479750000002,30.05330825
2023-10-12 19:00:00,27.1,27.499704,26.341282800000002,28.6581252,25.888365,29.111043000000002,25.417289750000002,29.58211825
2023-10-12 20:00:00,27.6,27.149786,25.9913648,28.3082072,25.538446999999998,28.761125,25.06737175,29.232200249999998
2023-10-12 21:00:00,27.6,26.658323,25.4999018,27.8167442,25.046984,28.269662,24.57590875,28.74073725
2023-10-12 22:00:00,26.7,26.258308,25.0998868,27.4167292,24.646969,27.869647,24.17589375,28.34072225
2023-10-12 23:00:00,26.9,26.407196,25.2487748,27.5656172,24.795856999999998,28.018535,24.32478175,28.48961025
2023-10-13 00:00:00,26.7,25.746964,24.5885428,26.905385199999998,24.135624999999997,27.358303,23.66454975,27.829378249999998
2023-10-13 01:00:00,26.1,25.236328,24.0779068,26.3947492,23.624989,26.847667,23.15391375,27.31874225
2023-10-13 02:00:00,25.6,25.009184,23.850762800000002,26.1676052,23.397845,26.620523000000002,22.926769750000002,27.09159825
2023-10-13 03:00:00,24.7,24.826609,23.668187800000002,25.9850302,23.21527,26.437948000000002,22.744194750000002,26.90902325
2023-10-13 04:00:00,24.2,24.562551,23.4041298,25.7209722,22.951211999999998,26.17389,22.48013675,26.64496525
2023-10-13 05:00:00,24.3,24.925434,23.7670128,26.0838552,23.314095,26.536773,22.84301975,27.00784825
2023-10-13 06:00:00,23.8,25.765255,24.6068338,26.9236762,24.153916,27.376594,23.68284075,27.84766925
2023-10-13 07:00:00,24.0,26.636692,25.4782708,27.7951132,25.025353,28.248031,24.55427775,28.71910625
2023-10-13 08:00:00,24.5,28.522478,27.3640568,29.6808992,26.911139,30.133817,26.44006375,30.60489225
2023-10-13 09:00:00,25.2,28.985388,27.8269668,30.1438092,27.374049,30.596727,26.90297375,31.06780225
2023-10-13 10:00:00,26.8,29.390415,28.2319938,30.5488362,27.779076,31.001754000000002,27.30800075,31.47282925
2023-10-13 11:00:00,28.3,29.712624,28.554202800000002,30.8710452,28.101285,31.323963000000003,27.630209750000002,31.79503825
2023-10-13 12:00:00,29.2,29.970541,28.8121198,31.1289622,28.359202,31.58188,27.88812675,32.05295525
2023-10-13 13:00:00,29.2,29.823574,28.6651528,30.9819952,28.212235,31.434913,27.74115975,31.90598825
2023-10-13 14:00:00,29.1,29.400782,28.2423608,30.5592032,27.789443,31.012121,27.31836775,31.48319625
2023-10-13 15:00:00,28.7,29.226286,28.067864800000002,30.3847072,27.614947,30.837625000000003,27.143871750000002,31.30870025
2023-10-13 16:00:00,28.1,28.803305,27.644883800000002,29.9617262,27.191966,30.414644000000003,26.720890750000002,30.88571925
2023-10-13 17:00:00,28.9,28.024593,26.8661718,29.1830142,26.413254,29.635932,25.94217875,30.10700725
2023-10-13 18:00:00,28.2,27.420559,26.2621378,28.5789802,25.80922,29.031898,25.33814475,29.50297325
2023-10-13 19:00:00,27.9,27.211246,26.0528248,28.3696672,25.599906999999998,28.822585,25.12883175,29.29366025
2023-10-13 20:00:00,27.7,27.049906,25.8914848,28.2083272,25.438567,28.661245,24.96749175,29.13232025
2023-10-13 21:00:00,27.4,26.954689,25.7962678,28.113110199999998,25.343349999999997,28.566028,24.87227475,29.037103249999998
2023-10-13 22:00:00,27.3,26.367613,25.2091918,27.526034199999998,24.756273999999998,27.978952,24.28519875,28.450027249999998
2023-10-13 23:00:00,26.7,26.11442,24.9559988,27.2728412,24.503080999999998,27.725759,24.03200575,28.19683425
2023-10-14 00:00:00,26.2,26.12769,24.969268800000002,27.2861112,24.516351,27.739029000000002,24.045275750000002,28.21010425
2023-10-14 01:00:00,25.8,25.694265,24.535843800000002,26.8526862,24.082926,27.305604000000002,23.611850750000002,27.77667925
2023-10-14 02:00:00,25.4,25.459059,24.3006378,26.6174802,23.84772,27.070398,23.37664475,27.54147325
2023-10-14 03:00:00,24.9,25.079908,23.9214868,26.2383292,23.468569,26.691247,22.99749375,27.16232225
2023-10-14 04:00:00,25.1,24.755474,23.5970528,25.9138952,23.144135,26.366813,22.67305975,26.83788825
2023-10-14 05:00:00,25.0,24.610157,23.4517358,25.7685782,22.998818,26.221496000000002,22.52774275,26.69257125
2023-10-14 06:00:00,25.3,24.71034,23.5519188,25.868761199999998,23.099000999999998,26.321679,22.62792575,26.792754249999998
2023-10-14 07:00:00,25.9,25.219103,24.0606818,26.3775242,23.607764,26.830442,23.13668875,27.30151725
2023-10-14 08:00:00,26.7,25.839977,24.6815558,26.9983982,24.228638,27.451316000000002,23.75756275,27.92239125
2023-10-14 09:00:00,27.7,27.839674,26.6812528,28.998095199999998,26.228334999999998,29.451013,25.75725975,29.922088249999998
2023-10-14 10:00:00,28.2,28.021738,26.8633168,29.1801592,26.410398999999998,29.633077,25.93932375,30.10415225
2023-10-14 11:00:00,28.4,28.607973,27.449551800000002,29.7663942,26.996634,30.219312000000002,26.525558750000002,30.69038725
2023-10-14 12:00:00,29.1,28.964025,27.8056038,30.1224462,27.352686,30.575364,26.88161075,31.04643925
2023-10-14 13:00:00,29.0,29.046003,27.8875818,30.2044242,27.434663999999998,30.657342,26.96358875,31.12841725
2023-10-14 14:00:00,29.0,28.915855,27.7574338,30.0742762,27.304516,30.527194,26.83344075,30.99826925
2023-10-14 15:00:00,28.9,28.456604,27.2981828,29.615025199999998,26.845264999999998,30.067943,26.37418975,30.539018249999998
2023-10-14 16:00:00,28.6,27.938166,26.7797448,29.0965872,26.326826999999998,29.549505,25.85575175,30.02058025
2023-10-14 17:00:00,29.1,28.16141,27.0029888,29.3198312,26.550071,29.772749,26.07899575,30.24382425
2023-10-14 18:00:00,28.3,27.862762,26.7043408,29.0211832,26.251423,29.474101,25.78034775,29.94517625
2023-10-14 19:00:00,28.0,27.387867,26.2294458,28.5462882,25.776528,28.999206,25.30545275,29.47028125
2023-10-14 20:00:00,27.8,27.290163,26.1317418,28.4485842,25.678824,28.901502,25.20774875,29.37257725
2023-10-14 21:00:00,27.6,27.075354,25.9169328,28.2337752,25.464015,28.686693,24.99293975,29.15776825
2023-10-14 22:00:00,27.5,26.748524,25.5901028,27.9069452,25.137185,28.359863,24.66610975,28.83093825
2023-10-14 23:00:00,27.0,26.484602,25.3261808,27.6430232,24.873262999999998,28.095941,24.40218775,28.567016249999998
2023-10-15 00:00:00,26.9,25.974686,24.8162648,27.133107199999998,24.363346999999997,27.586025,23.89227175,28.057100249999998
2023-10-15 01:00:00,27.1,25.650799,24.4923778,26.8092202,24.03946,27.262138,23.56838475,27.73321325
2023-10-15 02:00:00,26.7,25.304544,24.1461228,26.4629652,23.693205,26.915883,23.22212975,27.38695825
2023-10-15 03:00:00,26.8,25.009142,23.8507208,26.1675632,23.397803,26.620481,22.92672775,27.09155625
2023-10-15 04:00:00,25.8,25.009354,23.8509328,26.167775199999998,23.398014999999997,26.620693,22.92693975,27.091768249999998
2023-10-15 05:00:00,24.9,24.963196,23.8047748,26.1216172,23.351857,26.574535,22.88078175,27.04561025
2023-10-15 06:00:00,25.0,25.131395,23.972973800000002,26.2898162,23.520056,26.742734000000002,23.048980750000002,27.21380925
2023-10-15 07:00:00,25.3,25.761473,24.6030518,26.919894199999998,24.150133999999998,27.372812,23.67905875,27.843887249999998
2023-10-15 08:00:00,25.9,26.857006,25.6985848,28.015427199999998,25.245666999999997,28.468345,24.77459175,28.939420249999998
2023-10-15 09:00:00,27.0,27.254763,26.0963418,28.4131842,25.643424,28.866102,25.17234875,29.33717725
2023-10-15 10:00:00,28.1,27.919176,26.7607548,29.0775972,26.307837,29.530515,25.83676175,30.00159025
2023-10-15 11:00:00,29.3,28.141245,26.982823800000002,29.2996662,26.529906,29.752584000000002,26.058830750000002,30.22365925
2023-10-15 12:00:00,29.5,28.823496,27.6650748,29.981917199999998,27.212156999999998,30.434835,26.74108175,30.905910249999998
2023-10-15 13:00:00,29.6,28.686926,27.5285048,29.8453472,27.075587,30.298265,26.60451175,30.76934025
2023-10-15 14:00:00,29.3,28.685167,27.5267458,29.8435882,27.073828,30.296506,26.60275275,30.76758125
2023-10-15 15:00:00,28.7,28.493404,27.334982800000002,29.6518252,26.882065,30.104743000000003,26.410989750000002,30.57581825
2023-10-15 16:00:00,28.1,28.039509,26.8810878,29.1979302,26.428169999999998,29.650848,25.95709475,30.12192325
2023-10-15 17:00:00,27.4,28.345629,27.1872078,29.5040502,26.734289999999998,29.956968,26.26321475,30.428043249999998
2023-10-15 18:00:00,27.4,27.877224,26.7188028,29.035645199999998,26.265884999999997,29.488563,25.79480975,29.959638249999998
2023-10-15 19:00:00,27.1,27.673986,26.5155648,28.8324072,26.062647,29.285325,25.59157175,29.75640025
2023-10-15 20:00:00,26.9,27.478992,26.320570800000002,28.6374132,25.867653,29.090331000000003,25.396577750000002,29.56140625
2023-10-15 21:00:00,26.5,27.11628,25.9578588,28.2747012,25.504941,28.727619,25.03386575,29.19869425
2023-10-15 22:00:00,26.2,26.865034,25.706612800000002,28.0234552,25.253695,28.476373000000002,24.782619750000002,28.94744825
2023-10-15 23:00:00,26.0,26.635328,25.476906800000002,27.7937492,25.023989,28.246667000000002,24.552913750000002,28.71774225
2023-10-16 00:00:00,26.1,26.155056,24.9966348,27.313477199999998,24.543716999999997,27.766395,24.07264175,28.237470249999998
2023-10-16 01:00:00,25.8,26.305508,25.1470868,27.4639292,24.694169,27.916847,24.22309375,28.38792225
2023-10-16 02:00:00,25.1,26.083084,24.9246628,27.2415052,24.471745,27.694423,24.00066975,28.16549825
2023-10-16 03:00:00,25.2,26.147593,24.9891718,27.3060142,24.536254,27.758932,24.06517875,28.23000725
2023-10-16 04:00:00,25.0,25.845179,24.686757800000002,27.0036002,24.23384,27.456518000000003,23.762764750000002,27.92759325
2023-10-16 05:00:00,26.0,25.14478,23.9863588,26.3032012,23.533441,26.756119,23.06236575,27.22719425
2023-10-16 06:00:00,26.7,25.203636,24.0452148,26.3620572,23.592297,26.814975,23.12122175,27.28605025
2023-10-16 07:00:00,27.8,26.115149,24.9567278,27.273570199999998,24.503809999999998,27.726488,24.03273475,28.197563249999998
2023-10-16 08:00:00,29.2,26.779495,25.6210738,27.9379162,25.168156,28.390834,24.69708075,28.86190925
2023-10-16 09:00:00,30.5,27.830965,26.6725438,28.9893862,26.219625999999998,29.442304,25.74855075,29.91337925
2023-10-16 10:00:00,31.3,28.485878,27.3274568,29.6442992,26.874539,30.097217,26.40346375,30.56829225
2023-10-16 11:00:00,31.5,28.814035,27.6556138,29.9724562,27.202696,30.425374,26.73162075,30.89644925
2023-10-16 12:00:00,31.5,29.284184,28.1257628,30.4426052,27.672845,30.895523,27.20176975,31.36659825
2023-10-16 13:00:00,31.3,29.230394,28.0719728,30.3888152,27.619055,30.841733,27.14797975,31.31280825
2023-10-16 14:00:00,31.1,28.943737,27.7853158,30.102158199999998,27.332397999999998,30.555076,26.86132275,31.026151249999998
2023-10-16 15:00:00,30.4,28.501333,27.3429118,29.6597542,26.889993999999998,30.112672,26.41891875,30.58374725
2023-10-16 16:00:00,29.6,27.932743,26.7743218,29.091164199999998,26.321403999999998,29.544082,25.85032875,30.015157249999998
2023-10-16 17:00:00,29.1,27.983885,26.8254638,29.1423062,26.372546,29.595224,25.90147075,30.06629925
2023-10-16 18:00:00,28.2,27.315552,26.1571308,28.4739732,25.704213,28.926891,25.23313775,29.39796625
2023-10-16 19:00:00,27.5,27.0924,25.933978800000002,28.2508212,25.481061,28.703739000000002,25.009985750000002,29.17481425
2023-10-16 20:00:00,27.2,26.643343,25.484921800000002,27.8017642,25.032004,28.254682000000003,24.560928750000002,28.72575725
2023-10-16 21:00:00,27.1,26.547802,25.3893808,27.7062232,24.936463,28.159141,24.46538775,28.63021625
2023-10-16 22:00:00,27.0,26.373705,25.2152838,27.5321262,24.762366,27.985044000000002,24.29129075,28.45611925
2023-10-16 23:00:00,27.0,26.071196,24.9127748,27.2296172,24.459857,27.682535,23.98878175,28.15361025
2023-10-17 00:00:00,27.0,25.878418,24.7199968,27.0368392,24.267079,27.489757,23.79600375,27.96083225
2023-10-17 01:00:00,27.0,25.798975,24.6405538,26.957396199999998,24.187635999999998,27.410314,23.71656075,27.881389249999998
2023-10-17 02:00:00,26.8,25.29834,24.1399188,26.4567612,23.687001,26.909679,23.21592575,27.38075425
2023-10-17 03:00:00,25.9,25.241163,24.0827418,26.3995842,23.629824,26.852502,23.15874875,27.32357725
2023-10-17 04:00:00,25.0,24.828382,23.669960800000002,25.9868032,23.217043,26.439721000000002,22.745967750000002,26.91079625
2023-10-17 05:00:00,26.9,25.135967,23.9775458,26.2943882,23.524628,26.747306000000002,23.05355275,27.21838125
2023-10-17 06:00:00,27.2,26.138695,24.9802738,27.297116199999998,24.527355999999997,27.750034,24.05628075,28.221109249999998
2023-10-17 07:00:00,28.9,27.041033,25.8826118,28.199454199999998,25.429693999999998,28.652372,24.95861875,29.123447249999998
2023-10-17 08:00:00,29.8,27.846588,26.6881668,29.0050092,26.235249,29.457927,25.76417375,29.92900225
2023-10-17 09:00:00,30.4,29.567308,28.4088868,30.7257292,27.955969,31.178647,27.48489375,31.64972225
2023-10-17 10:00:00,30.9,30.732037,29.5736158,31.890458199999998,29.120697999999997,32.343376,28.64962275,32.81445125
2023-10-17 11:00:00,31.0,31.036795,29.878373800000002,32.1952162,29.425456,32.648134,28.954380750000002,33.11920925
2023-10-17 12:00:00,31.2,30.848703,29.6902818,32.0071242,29.237364,32.460042,28.76628875,32.93111725
2023-10-17 13:00:00,31.1,30.806664,29.648242800000002,31.9650852,29.195325,32.418003,28.724249750000002,32.88907825
2023-10-17 14:00:00,30.8,30.636065,29.4776438,31.794486199999998,29.024725999999998,32.247403999999996,28.55365075,32.718479249999994
2023-10-17 15:00:00,30.2,29.616043,28.457621800000002,30.7744642,28.004704,31.227382000000002,27.533628750000002,31.69845725
2023-10-17 16:00:00,29.6,28.897648,27.7392268,30.0560692,27.286309,30.508987,26.81523375,30.98006225
2023-10-17 17:00:00,29.2,28.461939,27.3035178,29.6203602,26.8506,30.073278000000002,26.37952475,30.54435325
2023-10-17 18:00:00,28.5,27.682083,26.5236618,28.840504199999998,26.070743999999998,29.293422,25.59966875,29.764497249999998
2023-10-17 19:00:00,28.0,27.224586,26.0661648,28.383007199999998,25.613246999999998,28.835925,25.14217175,29.307000249999998
2023-10-17 20:00:00,27.5,27.061424,25.9030028,28.219845199999998,25.450084999999998,28.672763,24.97900975,29.143838249999998
2023-10-17 21:00:00,26.9,26.829262,25.6708408,27.9876832,25.217923,28.440601,24.74684775,28.91167625
2023-10-17 22:00:00,26.4,26.58043,25.4220088,27.7388512,24.969091,28.191769,24.49801575,28.66284425
2023-10-17 23:00:00,26.1,26.460045,25.3016238,27.6184662,24.848706,28.071384000000002,24.37763075,28.54245925
2023-10-18 00:00:00,26.5,26.291597,25.1331758,27.4500182,24.680258,27.902936,24.20918275,28.37401125
2023-10-18 01:00:00,25.6,26.123188,24.9647668,27.2816092,24.511848999999998,27.734527,24.04077375,28.20560225
2023-10-18 02:00:00,25.2,26.069458,24.9110368,27.2278792,24.458119,27.680797000000002,23.98704375,28.15187225
2023-10-18 03:00:00,25.0,25.573872,24.415450800000002,26.7322932,23.962533,27.185211000000002,23.491457750000002,27.65628625
2023-10-18 04:00:00,24.7,25.03457,23.8761488,26.192991199999998,23.423230999999998,26.645909,22.95215575,27.116984249999998
2023-10-18 05:00:00,25.4,25.383816,24.2253948,26.5422372,23.772477,26.995155,23.30140175,27.46623025
2023-10-18 06:00:00,26.0,26.133383,24.9749618,27.291804199999998,24.522043999999998,27.744722,24.05096875,28.215797249999998
2023-10-18 07:00:00,27.6,27.975758,26.8173368,29.1341792,26.364418999999998,29.587097,25.89334375,30.05817225
2023-10-18 08:00:00,29.4,28.665518,27.5070968,29.823939199999998,27.054178999999998,30.276857,26.58310375,30.747932249999998
2023-10-18 09:00:00,30.4,29.49858,28.3401588,30.6570012,27.887241,31.109919,27.41616575,31.58099425
2023-10-18 10:00:00,31.1,30.158901,29.0004798,31.3173222,28.547562,31.77024,28.07648675,32.24131525
2023-10-18 11:00:00,31.5,30.714037,29.5556158,31.8724582,29.102698,32.325376,28.631622750000002,32.79645125
2023-10-18 12:00:00,31.8,30.903297,29.7448758,32.061718199999994,29.291957999999997,32.514635999999996,28.82088275,32.985711249999994
2023-10-18 13:00:00,31.9,30.631882,29.4734608,31.7903032,29.020543,32.243221,28.54946775,32.71429625
2023-10-18 14:00:00,31.4,30.19997,29.0415488,31.3583912,28.588631,31.811309,28.11755575,32.28238425
2023-10-18 15:00:00,30.5,29.668692,28.5102708,30.8271132,28.057353,31.280031,27.58627775,31.75110625
2023-10-18 16:00:00,29.5,29.015331,27.8569098,30.1737522,27.403992,30.62667,26.93291675,31.09774525
2023-10-18 17:00:00,29.6,28.412758,27.2543368,29.5711792,26.801419,30.024097,26.33034375,30.49517225
2023-10-18 18:00:00,28.7,27.531797,26.3733758,28.6902182,25.920458,29.143136000000002,25.44938275,29.61421125
2023-10-18 19:00:00,28.1,27.358654,26.200232800000002,28.5170752,25.747315,28.969993000000002,25.276239750000002,29.44106825
2023-10-18 20:00:00,27.0,26.877441,25.7190198,28.0358622,25.266102,28.488780000000002,24.79502675,28.95985525
2023-10-18 21:00:00,26.3,26.621403,25.4629818,27.7798242,25.010064,28.232742000000002,24.53898875,28.70381725
2023-10-18 22:00:00,26.2,26.146393,24.9879718,27.3048142,24.535054,27.757732,24.06397875,28.22880725
2023-10-18 23:00:00,25.6,25.999895,24.8414738,27.158316199999998,24.388555999999998,27.611234,23.91748075,28.082309249999998
2023-10-19 00:00:00,25.9,25.911612,24.753190800000002,27.0700332,24.300273,27.522951000000003,23.829197750000002,27.99402625
2023-10-19 01:00:00,25.2,25.601337,24.4429158,26.7597582,23.989998,27.212676000000002,23.51892275,27.68375125
2023-10-19 02:00:00,25.1,25.114653,23.9562318,26.2730742,23.503314,26.725992,23.03223875,27.19706725
2023-10-19 03:00:00,25.0,25.134287,23.9758658,26.2927082,23.522948,26.745626,23.05187275,27.21670125
2023-10-19 04:00:00,25.0,24.782356,23.6239348,25.9407772,23.171017,26.393695,22.69994175,26.86477025
2023-10-19 05:00:00,24.6,25.259703,24.1012818,26.418124199999998,23.648363999999997,26.871042,23.17728875,27.342117249999998
2023-10-19 06:00:00,25.4,25.83083,24.6724088,26.989251199999998,24.219490999999998,27.442169,23.74841575,27.913244249999998
2023-10-19 07:00:00,27.7,27.66808,26.5096588,28.8265012,26.056741,29.279419,25.58566575,29.75049425
2023-10-19 08:00:00,29.4,28.516178,27.3577568,29.6745992,26.904839,30.127517,26.43376375,30.59859225
2023-10-19 09:00:00,30.3,28.926275,27.7678538,30.0846962,27.314936,30.537614,26.84386075,31.00868925
2023-10-19 10:00:00,31.2,30.34318,29.1847588,31.5016012,28.731841,31.954519,28.26076575,32.425594249999996
2023-10-19 11:00:00,31.6,30.908304,29.7498828,32.0667252,29.296965,32.519643,28.82588975,32.99071825
2023-10-19 12:00:00,31.5,31.212185,30.053763800000002,32.3706062,29.600846,32.823524,29.129770750000002,33.29459925
2023-10-19 13:00:00,31.3,31.350906,30.1924848,32.509327199999994,29.739566999999997,32.962244999999996,29.26849175,33.433320249999994
2023-10-19 14:00:00,30.7,30.87263,29.7142088,32.0310512,29.261291,32.483969,28.79021575,32.95504425
2023-10-19 15:00:00,30.2,29.965935,28.807513800000002,31.1243562,28.354596,31.577274000000003,27.883520750000002,32.04834925
2023-10-19 16:00:00,29.5,29.440514,28.2820928,30.5989352,27.829175,31.051853,27.35809975,31.52292825
2023-10-19 17:00:00,29.7,28.806347,27.6479258,29.964768199999998,27.195007999999998,30.417686,26.72393275,30.888761249999998
2023-10-19 18:00:00,29.0,28.129946,26.9715248,29.2883672,26.518607,29.741285,26.04753175,30.21236025
2023-10-19 19:00:00,28.5,27.614014,26.4555928,28.7724352,26.002675,29.225353000000002,25.53159975,29.69642825
2023-10-19 20:00:00,28.1,27.205881,26.047459800000002,28.3643022,25.594542,28.817220000000002,25.123466750000002,29.28829525
2023-10-19 21:00:00,27.8,26.19814,25.0397188,27.356561199999998,24.586800999999998,27.809479,24.11572575,28.280554249999998
2023-10-19 22:00:00,26.9,25.919024,24.7606028,27.0774452,24.307685,27.530363,23.83660975,28.00143825
2023-10-19 23:00:00,26.3,25.609707,24.4512858,26.7681282,23.998368,27.221046,23.52729275,27.69212125
2023-10-20 00:00:00,26.1,25.582508,24.4240868,26.7409292,23.971169,27.193847,23.50009375,27.66492225
2023-10-20 01:00:00,26.2,25.398605,24.2401838,26.5570262,23.787266,27.009944,23.31619075,27.48101925
2023-10-20 02:00:00,26.0,24.923983,23.7655618,26.0824042,23.312644,26.535322,22.84156875,27.00639725
2023-10-20 03:00:00,25.0,24.74337,23.5849488,25.901791199999998,23.132030999999998,26.354709,22.66095575,26.825784249999998
2023-10-20 04:00:00,24.3,24.600069,23.441647800000002,25.7584902,22.98873,26.211408000000002,22.517654750000002,26.68248325
2023-10-20 05:00:00,25.1,24.687338,23.5289168,25.8457592,23.075999,26.298677,22.60492375,26.76975225
2023-10-20 06:00:00,24.7,25.273207,24.1147858,26.4316282,23.661868,26.884546,23.19079275,27.35562125
2023-10-20 07:00:00,25.6,27.333988,26.175566800000002,28.4924092,25.722649,28.945327000000002,25.251573750000002,29.41640225
2023-10-20 08:00:00,26.8,28.46465,27.3062288,29.6230712,26.853310999999998,30.075989,26.38223575,30.54706425
2023-10-20 09:00:00,28.9,28.996479,27.8380578,30.1549002,27.38514,30.607818,26.91406475,31.07889325
2023-10-20 10:00:00,29.1,30.408915,29.2504938,31.5673362,28.797576,32.020254,28.32650075,32.49132925
2023-10-20 11:00:00,30.7,31.089909,29.9314878,32.2483302,29.478569999999998,32.701248,29.00749475,33.17232325
2023-10-20 12:00:00,31.3,31.209833,30.0514118,32.368254199999996,29.598494,32.821172,29.12741875,33.292247249999996
2023-10-20 13:00:00,30.0,31.019222,29.8608008,32.1776432,29.407882999999998,32.630561,28.93680775,33.10163625
2023-10-20 14:00:00,28.5,30.441608,29.2831868,31.600029199999998,28.830268999999998,32.052946999999996,28.35919375,32.524022249999994
2023-10-20 15:00:00,28.6,29.821505,28.6630838,30.979926199999998,28.210165999999997,31.432844,27.73909075,31.903919249999998
2023-10-20 16:00:00,28.0,29.04056,27.8821388,30.1989812,27.429221,30.651899,26.95814575,31.12297425
2023-10-20 17:00:00,28.4,28.82272,27.6642988,29.9811412,27.211381,30.434059,26.74030575,30.90513425
2023-10-20 18:00:00,27.7,28.27276,27.114338800000002,29.4311812,26.661421,29.884099000000003,26.190345750000002,30.35517425
2023-10-20 19:00:00,27.6,27.930595,26.7721738,29.0890162,26.319256,29.541934,25.84818075,30.01300925
2023-10-20 20:00:00,27.4,27.670485,26.5120638,28.8289062,26.059146,29.281824,25.58807075,29.75289925
2023-10-20 21:00:00,27.5,27.374329,26.2159078,28.5327502,25.76299,28.985668,25.29191475,29.45674325
2023-10-20 22:00:00,27.4,26.797915,25.6394938,27.9563362,25.186576,28.409254,24.71550075,28.88032925
2023-10-20 23:00:00,27.3,26.248096,25.0896748,27.4065172,24.636757,27.859435,24.16568175,28.33051025
2023-10-21 00:00:00,27.0,25.870275,24.7118538,27.0286962,24.258936,27.481614,23.78786075,27.95268925
2023-10-21 01:00:00,26.6,25.78299,24.624568800000002,26.9414112,24.171651,27.394329000000003,23.700575750000002,27.86540425
2023-10-21 02:00:00,25.9,25.704155,24.5457338,26.8625762,24.092816,27.315494,23.62174075,27.78656925
2023-10-21 03:00:00,25.6,24.960167,23.8017458,26.118588199999998,23.348827999999997,26.571506,22.87775275,27.042581249999998
2023-10-21 04:00:00,25.3,24.5339,23.3754788,25.6923212,22.922560999999998,26.145239,22.45148575,26.61631425
2023-10-21 05:00:00,25.0,25.102541,23.9441198,26.260962199999998,23.491201999999998,26.71388,23.02012675,27.184955249999998
2023-10-21 06:00:00,25.8,24.817123,23.6587018,25.975544199999998,23.205783999999998,26.428462,22.73470875,26.899537249999998
2023-10-21 07:00:00,27.0,25.716433,24.5580118,26.874854199999998,24.105093999999998,27.327772,23.63401875,27.798847249999998
2023-10-21 08:00:00,29.1,27.135357,25.9769358,28.2937782,25.524017999999998,28.746696,25.05294275,29.21777125
2023-10-21 09:00:00,29.3,27.740976,26.5825548,28.8993972,26.129637,29.352315,25.65856175,29.82339025
2023-10-21 10:00:00,30.0,29.31505,28.1566288,30.4734712,27.703711,30.926389,27.23263575,31.39746425
2023-10-21 11:00:00,31.3,30.082462,28.9240408,31.2408832,28.471123,31.693801,28.00004775,32.16487625
2023-10-21 12:00:00,31.7,30.689219,29.530797800000002,31.8476402,29.07788,32.300558,28.606804750000002,32.77163325
2023-10-21 13:00:00,31.7,29.930178,28.771756800000002,31.0885992,28.318839,31.541517000000002,27.847763750000002,32.01259225
2023-10-21 14:00:00,31.0,29.238117,28.0796958,30.3965382,27.626777999999998,30.849456,27.15570275,31.32053125
2023-10-21 15:00:00,30.7,28.731009,27.5725878,29.8894302,27.11967,30.342348,26.64859475,30.81342325
2023-10-21 16:00:00,29.9,28.138716,26.9802948,29.297137199999998,26.527376999999998,29.750055,26.05630175,30.221130249999998
2023-10-21 17:00:00,29.5,28.435822,27.277400800000002,29.5942432,26.824483,30.047161000000003,26.353407750000002,30.51823625
2023-10-21 18:00:00,28.2,27.797184,26.638762800000002,28.9556052,26.185845,29.408523000000002,25.714769750000002,29.87959825
2023-10-21 19:00:00,27.5,27.496735,26.3383138,28.6551562,25.885396,29.108074000000002,25.41432075,29.57914925
2023-10-21 20:00:00,26.7,27.21822,26.0597988,28.376641199999998,25.606880999999998,28.829559,25.13580575,29.300634249999998
2023-10-21 21:00:00,26.7,27.077976,25.9195548,28.2363972,25.466637,28.689315,24.99556175,29.16039025
2023-10-21 22:00:00,27.0,26.613104,25.4546828,27.7715252,25.001765,28.224443,24.53068975,28.69551825
2023-10-21 23:00:00,27.0,26.720993,25.5625718,27.8794142,25.109654,28.332332,24.63857875,28.80340725
2023-10-22 00:00:00,24.7,26.35416,25.1957388,27.5125812,24.742821,27.965499,24.27174575,28.43657425
2023-10-22 01:00:00,24.6,26.12623,24.9678088,27.2846512,24.514891,27.737569,24.04381575,28.20864425
2023-10-22 02:00:00,24.5,25.734507,24.5760858,26.8929282,24.123168,27.345846,23.65209275,27.81692125
2023-10-22 03:00:00,24.6,25.405878,24.247456800000002,26.5642992,23.794539,27.017217000000002,23.323463750000002,27.48829225
2023-10-22 04:00:00,24.5,25.173908,24.0154868,26.3323292,23.562569,26.785247000000002,23.09149375,27.25632225
2023-10-22 05:00:00,24.0,24.877344,23.7189228,26.0357652,23.266005,26.488683,22.79492975,26.95975825
2023-10-22 06:00:00,24.5,25.539045,24.380623800000002,26.6974662,23.927706,27.150384000000003,23.456630750000002,27.62145925
2023-10-22 07:00:00,26.2,26.775442,25.617020800000002,27.9338632,25.164103,28.386781000000003,24.693027750000002,28.85785625
2023-10-22 08:00:00,28.9,28.229261,27.0708398,29.3876822,26.617922,29.840600000000002,26.14684675,30.31167525
2023-10-22 09:00:00,30.4,29.031237,27.8728158,30.1896582,27.419898,30.642576000000002,26.94882275,31.11365125
2023-10-22 10:00:00,32.1,29.085207,27.9267858,30.2436282,27.473868,30.696546,27.00279275,31.16762125
2023-10-22 11:00:00,33.0,30.391567,29.2331458,31.549988199999998,28.780227999999997,32.002905999999996,28.30915275,32.473981249999994
2023-10-22 12:00:00,33.5,31.108067,29.9496458,32.2664882,29.496727999999997,32.719406,29.02565275,33.19048125
2023-10-22 13:00:00,33.7,31.073479,29.9150578,32.2319002,29.462139999999998,32.684818,28.99106475,33.15589325
2023-10-22 14:00:00,32.2,30.542316,29.3838948,31.7007372,28.930977,32.153655,28.45990175,32.62473025
2023-10-22 15:00:00,30.7,29.53183,28.3734088,30.6902512,27.920491,31.143169,27.44941575,31.61424425
2023-10-22 16:00:00,30.4,28.773516,27.6150948,29.9319372,27.162177,30.384855,26.69110175,30.85593025
2023-10-22 17:00:00,29.0,27.81588,26.6574588,28.9743012,26.204541,29.427219,25.73346575,29.89829425
2023-10-22 18:00:00,28.1,27.80009,26.6416688,28.9585112,26.188751,29.411429000000002,25.71767575,29.88250425
2023-10-22 19:00:00,27.2,27.054062,25.8956408,28.212483199999998,25.442722999999997,28.665401,24.97164775,29.136476249999998
2023-10-22 20:00:00,26.0,26.611511,25.4530898,27.7699322,25.000172,28.22285,24.52909675,28.69392525
2023-10-22 21:00:00,25.9,26.513641,25.3552198,27.6720622,24.902302,28.12498,24.43122675,28.59605525
2023-10-22 22:00:00,25.0,26.578444,25.4200228,27.7368652,24.967105,28.189783000000002,24.49602975,28.66085825
2023-10-22 23:00:00,24.3,26.438454,25.2800328,27.5968752,24.827115,28.049793,24.35603975,28.52086825
2023-10-23 00:00:00,24.2,25.391811,24.2333898,26.5502322,23.780472,27.00315,23.30939675,27.47422525
2023-10-23 01:00:00,23.8,25.016443,23.8580218,26.1748642,23.405103999999998,26.627782,22.93402875,27.09885725
2023-10-23 02:00:00,23.5,24.894936,23.736514800000002,26.0533572,23.283597,26.506275000000002,22.812521750000002,26.97735025
2023-10-23 03:00:00,23.3,24.783113,23.6246918,25.9415342,23.171774,26.394452,22.70069875,26.86552725
2023-10-23 04:00:00,23.2,24.715023,23.5566018,25.873444199999998,23.103683999999998,26.326362,22.63260875,26.797437249999998
2023-10-23 05:00:00,23.5,24.57723,23.4188088,25.7356512,22.965891,26.188569,22.49481575,26.65964425
2023-10-23 06:00:00,24.3,24.709768,23.5513468,25.8681892,23.098429,26.321107,22.62735375,26.79218225
2023-10-23 07:00:00,26.4,26.371044,25.212622800000002,27.5294652,24.759705,27.982383000000002,24.288629750000002,28.45345825
2023-10-23 08:00:00,28.9,28.8474,27.6889788,30.0058212,27.236061,30.458739,26.76498575,30.92981425
2023-10-23 09:00:00,30.6,29.361977,28.2035558,30.5203982,27.750638,30.973316,27.27956275,31.44439125
2023-10-23 10:00:00,32.0,30.957485,29.7990638,32.1159062,29.346145999999997,32.568824,28.87507075,33.03989925
2023-10-23 11:00:00,32.9,31.468487,30.3100658,32.626908199999995,29.857148,33.079826,29.38607275,33.550901249999995
2023-10-23 12:00:00,33.2,31.185886,30.0274648,32.344307199999996,29.574547,32.797225,29.10347175,33.268300249999996
2023-10-23 13:00:00,33.3,32.482513,31.324091799999998,33.6409342,30.871173999999996,34.093852,30.400098749999998,34.56492725
2023-10-23 14:00:00,31.9,31.467049,30.3086278,32.625470199999995,29.85571,33.078388,29.38463475,33.549463249999995
2023-10-23 15:00:00,30.7,30.326605,29.1681838,31.4850262,28.715266,31.937944,28.24419075,32.40901925
2023-10-23 16:00:00,30.2,29.265314,28.1068928,30.4237352,27.653975,30.876653,27.18289975,31.34772825
2023-10-23 17:00:00,29.1,28.829649,27.6712278,29.9880702,27.21831,30.440988,26.74723475,30.91206325
2023-10-23 18:00:00,28.6,27.823265,26.6648438,28.9816862,26.211926,29.434604,25.74085075,29.90567925
2023-10-23 19:00:00,27.8,27.236061,26.0776398,28.3944822,25.624722,28.8474,25.15364675,29.31847525
2023-10-23 20:00:00,27.5,26.32104,25.1626188,27.4794612,24.709701,27.932379,24.23862575,28.40345425
2023-10-23 21:00:00,26.8,26.040943,24.8825218,27.199364199999998,24.429603999999998,27.652282,23.95852875,28.123357249999998
2023-10-23 22:00:00,26.3,25.660046,24.501624800000002,26.8184672,24.048707,27.271385000000002,23.577631750000002,27.74246025
2023-10-23 23:00:00,25.0,24.949873,23.7914518,26.1082942,23.338534,26.561212,22.86745875,27.03228725
2023-10-24 00:00:00,24.7,24.456852,23.298430800000002,25.6152732,22.845513,26.068191000000002,22.374437750000002,26.53926625
2023-10-24 01:00:00,24.4,24.201109,23.0426878,25.3595302,22.589769999999998,25.812448,22.11869475,26.28352325
2023-10-24 02:00:00,24.2,23.638144,22.4797228,24.7965652,22.026805,25.249483,21.55572975,25.72055825
2023-10-24 03:00:00,23.8,23.51779,22.359368800000002,24.6762112,21.906451,25.129129000000002,21.435375750000002,25.60020425
2023-10-24 04:00:00,23.7,23.51803,22.3596088,24.6764512,21.906691,25.129369,21.43561575,25.60044425
2023-10-24 05:00:00,23.8,23.59852,22.4400988,24.7569412,21.987181,25.209859,21.51610575,25.68093425
2023-10-24 06:00:00,25.4,23.814384,22.6559628,24.9728052,22.203045,25.425723,21.73196975,25.89679825
2023-10-24 07:00:00,26.4,26.410347,25.251925800000002,27.5687682,24.799008,28.021686000000003,24.327932750000002,28.49276125
2023-10-24 08:00:00,28.1,28.61705,27.4586288,29.7754712,27.005710999999998,30.228389,26.53463575,30.69946425
2023-10-24 09:00:00,30.1,29.947704,28.789282800000002,31.1061252,28.336365,31.559043000000003,27.865289750000002,32.03011825
2023-10-24 10:00:00,31.7,31.460161,30.3017398,32.6185822,29.848822,33.0715,29.37774675,33.54257525
2023-10-24 11:00:00,32.6,31.839058,30.680636800000002,32.9974792,30.227719,33.450397,29.756643750000002,33.92147225
2023-10-24 12:00:00,33.4,32.375614,31.2171928,33.5340352,30.764274999999998,33.986953,30.29319975,34.45802825
2023-10-24 13:00:00,33.9,32.850258,31.691836799999997,34.008679199999996,31.238918999999996,34.461597,30.767843749999997,34.932672249999996
2023-10-24 14:00:00,32.9,31.294704,30.1362828,32.453125199999995,29.683365,32.906043,29.21228975,33.377118249999995
2023-10-24 15:00:00,31.4,30.39636,29.237938800000002,31.5547812,28.785021,32.007699,28.313945750000002,32.47877425
2023-10-24 16:00:00,30.7,29.661022,28.5026008,30.8194432,28.049682999999998,31.272361,27.57860775,31.74343625
2023-10-24 17:00:00,29.0,28.931719,27.7732978,30.0901402,27.32038,30.543058000000002,26.84930475,31.01413325
2023-10-24 18:00:00,28.0,28.000278,26.841856800000002,29.1586992,26.388939,29.611617000000003,25.917863750000002,30.08269225
2023-10-24 19:00:00,27.8,27.636272,26.477850800000002,28.7946932,26.024933,29.247611000000003,25.553857750000002,29.71868625
2023-10-24 20:00:00,27.6,27.250696,26.092274800000002,28.4091172,25.639357,28.862035000000002,25.168281750000002,29.33311025
2023-10-24 21:00:00,27.5,26.892532,25.7341108,28.0509532,25.281193,28.503871,24.81011775,28.97494625
2023-10-24 22:00:00,27.0,26.17009,25.0116688,27.328511199999998,24.558750999999997,27.781429,24.08767575,28.252504249999998
2023-10-24 23:00:00,25.8,25.585154,24.4267328,26.7435752,23.973815,27.196493,23.50273975,27.66756825
2023-10-25 00:00:00,26.3,25.212076,24.0536548,26.3704972,23.600737,26.823415,23.12966175,27.29449025
2023-10-25 01:00:00,25.2,24.981178,23.8227568,26.1395992,23.369839,26.592517,22.89876375,27.06359225
2023-10-25 02:00:00,24.2,24.669552,23.5111308,25.8279732,23.058213,26.280891,22.58713775,26.75196625
2023-10-25 03:00:00,24.2,24.245132,23.086710800000002,25.4035532,22.633793,25.856471000000003,22.162717750000002,26.32754625
2023-10-25 04:00:00,23.9,24.379961,23.221539800000002,25.5383822,22.768622,25.991300000000003,22.297546750000002,26.46237525
2023-10-25 05:00:00,23.9,24.254187,23.095765800000002,25.4126082,22.642848,25.865526000000003,22.171772750000002,26.33660125
2023-10-25 06:00:00,25.2,24.80859,23.6501688,25.967011199999998,23.197250999999998,26.419929,22.72617575,26.891004249999998
2023-10-25 07:00:00,25.9,26.549932,25.3915108,27.708353199999998,24.938592999999997,28.161271,24.46751775,28.632346249999998
2023-10-25 08:00:00,27.2,28.178581,27.020159800000002,29.3370022,26.567242,29.789920000000002,26.096166750000002,30.26099525
2023-10-25 09:00:00,29.2,29.553675,28.3952538,30.712096199999998,27.942335999999997,31.165014,27.47126075,31.636089249999998
2023-10-25 10:00:00,30.1,31.221062,30.0626408,32.379483199999996,29.609723,32.832401,29.13864775,33.303476249999996
2023-10-25 11:00:00,30.6,32.374786,31.2163648,33.5332072,30.763447,33.986125,30.29237175,34.45720025
2023-10-25 12:00:00,30.5,31.637527,30.4791058,32.7959482,30.026187999999998,33.248866,29.55511275,33.71994125
2023-10-25 13:00:00,30.5,32.380833,31.222411800000003,33.5392542,30.769494,33.992172000000004,30.298418750000003,34.46324725
2023-10-25 14:00:00,30.1,31.382217,30.2237958,32.5406382,29.770878,32.993556,29.29980275,33.46463125
2023-10-25 15:00:00,29.7,30.675486,29.5170648,31.8339072,29.064147,32.286825,28.59307175,32.75790025
2023-10-25 16:00:00,29.2,30.094707,28.9362858,31.2531282,28.483368,31.706046,28.01229275,32.17712125
2023-10-25 17:00:00,28.3,29.038647,27.8802258,30.1970682,27.427308,30.649986000000002,26.95623275,31.12106125
2023-10-25 18:00:00,28.6,27.891747,26.7333258,29.050168199999998,26.280407999999998,29.503086,25.80933275,29.974161249999998
2023-10-25 19:00:00,28.3,27.493145,26.3347238,28.651566199999998,25.881805999999997,29.104484,25.41073075,29.575559249999998
2023-10-25 20:00:00,28.2,27.361773,26.2033518,28.5201942,25.750434,28.973112,25.27935875,29.44418725
2023-10-25 21:00:00,28.1,27.106224,25.9478028,28.2646452,25.494885,28.717563000000002,25.02380975,29.18863825
2023-10-25 22:00:00,27.8,26.82282,25.6643988,27.9812412,25.211481,28.434159,24.74040575,28.90523425
2023-10-25 23:00:00,27.0,26.14183,24.9834088,27.300251199999998,24.530490999999998,27.753169,24.05941575,28.224244249999998
2023-10-26 00:00:00,26.1,25.963362,24.8049408,27.1217832,24.352023,27.574701,23.88094775,28.04577625
2023-10-26 01:00:00,25.8,25.511631,24.353209800000002,26.6700522,23.900292,27.122970000000002,23.429216750000002,27.59404525
2023-10-26 02:00:00,25.5,24.539667,23.381245800000002,25.6980882,22.928328,26.151006000000002,22.457252750000002,26.62208125
2023-10-26 03:00:00,26.8,24.436283,23.2778618,25.5947042,22.824944,26.047622,22.35386875,26.51869725
2023-10-26 04:00:00,25.6,24.306206,23.1477848,25.4646272,22.694867,25.917545,22.22379175,26.38862025
2023-10-26 05:00:00,24.6,24.330608,23.172186800000002,25.4890292,22.719269,25.941947000000003,22.248193750000002,26.41302225
2023-10-26 06:00:00,25.7,24.449697,23.2912758,25.6081182,22.838358,26.061036,22.36728275,26.53211125
2023-10-26 07:00:00,26.2,26.536203,25.3777818,27.6946242,24.924864,28.147542,24.45378875,28.61861725
2023-10-26 08:00:00,27.6,27.70995,26.5515288,28.8683712,26.098611,29.321289,25.62753575,29.79236425
2023-10-26 09:00:00,29.3,28.822092,27.663670800000002,29.9805132,27.210753,30.433431000000002,26.739677750000002,30.90450625
2023-10-26 10:00:00,29.7,29.60155,28.4431288,30.7599712,27.990211,31.212889,27.51913575,31.68396425
2023-10-26 11:00:00,30.1,30.41095,29.2525288,31.5693712,28.799611,32.022289,28.32853575,32.49336425
2023-10-26 12:00:00,30.5,30.291348,29.1329268,31.4497692,28.680009,31.902687,28.20893375,32.37376225
2023-10-26 13:00:00,30.7,30.584705,29.4262838,31.7431262,28.973366,32.196044,28.50229075,32.66711925
2023-10-26 14:00:00,30.5,30.450392,29.2919708,31.6088132,28.839053,32.061731,28.36797775,32.53280625
2023-10-26 15:00:00,30.3,29.751156,28.592734800000002,30.9095772,28.139817,31.362495000000003,27.668741750000002,31.83357025
2023-10-26 16:00:00,29.7,29.201834,28.043412800000002,30.3602552,27.590495,30.813173000000003,27.119419750000002,31.28424825
2023-10-26 17:00:00,28.9,28.131947,26.9735258,29.2903682,26.520608,29.743286,26.04953275,30.21436125
2023-10-26 18:00:00,27.6,28.03019,26.8717688,29.1886112,26.418851,29.641529000000002,25.94777575,30.11260425
2023-10-26 19:00:00,27.4,27.764853,26.6064318,28.923274199999998,26.153513999999998,29.376192,25.68243875,29.847267249999998
2023-10-26 20:00:00,27.2,27.659477,26.5010558,28.8178982,26.048137999999998,29.270816,25.57706275,29.74189125
2023-10-26 21:00:00,27.4,27.488852,26.330430800000002,28.6472732,25.877513,29.100191000000002,25.406437750000002,29.57126625
2023-10-26 22:00:00,26.5,27.287828,26.1294068,28.4462492,25.676489,28.899167000000002,25.20541375,29.37024225
2023-10-26 23:00:00,25.4,26.621851,25.4634298,27.7802722,25.010512,28.23319,24.53943675,28.70426525
2023-10-27 00:00:00,25.3,26.150467,24.9920458,27.3088882,24.539127999999998,27.761806,24.06805275,28.23288125
2023-10-27 01:00:00,25.5,25.590672,24.432250800000002,26.7490932,23.979333,27.202011000000002,23.508257750000002,27.67308625
2023-10-27 02:00:00,24.6,25.314568,24.156146800000002,26.4729892,23.703229,26.925907000000002,23.232153750000002,27.39698225
2023-10-27 03:00:00,24.6,25.617016,24.4585948,26.7754372,24.005677,27.228355,23.53460175,27.69943025
2023-10-27 04:00:00,24.6,25.343136,24.184714800000002,26.5015572,23.731797,26.954475000000002,23.260721750000002,27.42555025
2023-10-27 05:00:00,24.5,24.960857,23.8024358,26.1192782,23.349518,26.572196,22.87844275,27.04327125
2023-10-27 06:00:00,25.7,25.312162,24.1537408,26.4705832,23.700823,26.923501,23.22974775,27.39457625
2023-10-27 07:00:00,27.0,26.331476,25.1730548,27.489897199999998,24.720136999999998,27.942815,24.24906175,28.413890249999998
2023-10-27 08:00:00,28.4,27.482508,26.3240868,28.6409292,25.871169,29.093847,25.40009375,29.56492225
2023-10-27 09:00:00,29.1,28.665703,27.5072818,29.8241242,27.054364,30.277042,26.58328875,30.74811725
2023-10-27 10:00:00,27.4,29.302132,28.1437108,30.4605532,27.690793,30.913471,27.21971775,31.38454625
2023-10-27 11:00:00,28.7,29.63375,28.4753288,30.7921712,28.022410999999998,31.245089,27.55133575,31.71616425
2023-10-27 12:00:00,29.6,29.807846,28.649424800000002,30.9662672,28.196507,31.419185000000002,27.725431750000002,31.89026025
2023-10-27 13:00:00,30.2,30.15162,28.993198800000002,31.3100412,28.540281,31.762959000000002,28.069205750000002,32.23403425
2023-10-27 14:00:00,29.7,29.862991,28.7045698,31.0214122,28.251652,31.474330000000002,27.78057675,31.94540525
2023-10-27 15:00:00,29.3,29.769205,28.6107838,30.9276262,28.157866,31.380544,27.68679075,31.85161925
2023-10-27 16:00:00,28.7,29.194801,28.0363798,30.353222199999998,27.583461999999997,30.80614,27.11238675,31.277215249999998
2023-10-27 17:00:00,28.0,28.477655,27.3192338,29.636076199999998,26.866315999999998,30.088994,26.39524075,30.560069249999998
2023-10-27 18:00:00,28.1,27.691216,26.5327948,28.8496372,26.079877,29.302555,25.60880175,29.77363025
2023-10-27 19:00:00,28.1,27.515015,26.3565938,28.673436199999998,25.903675999999997,29.126354,25.43260075,29.597429249999998
2023-10-27 20:00:00,28.1,27.273048,26.1146268,28.4314692,25.661709,28.884387,25.19063375,29.35546225
2023-10-27 21:00:00,27.9,27.131792,25.9733708,28.2902132,25.520453,28.743131,25.04937775,29.21420625
2023-10-27 22:00:00,27.9,26.703735,25.545313800000002,27.8621562,25.092396,28.315074000000003,24.621320750000002,28.78614925
2023-10-27 23:00:00,27.5,25.728174,24.5697528,26.8865952,24.116835,27.339513,23.64575975,27.81058825
2023-10-28 00:00:00,27.3,25.20635,24.0479288,26.3647712,23.595011,26.817689,23.12393575,27.28876425
2023-10-28 01:00:00,27.1,24.8772,23.7187788,26.035621199999998,23.265860999999997,26.488539,22.79478575,26.959614249999998
2023-10-28 02:00:00,26.9,24.39205,23.2336288,25.5504712,22.780711,26.003389000000002,22.30963575,26.47446425
2023-10-28 03:00:00,26.9,24.639477,23.4810558,25.7978982,23.028138,26.250816,22.55706275,26.72189125
2023-10-28 04:00:00,26.1,24.600344,23.4419228,25.7587652,22.989005,26.211683,22.51792975,26.68275825
2023-10-28 05:00:00,24.9,24.59638,23.4379588,25.7548012,22.985041,26.207719,22.51396575,26.67879425
2023-10-28 06:00:00,24.8,25.106005,23.9475838,26.2644262,23.494666,26.717344,23.02359075,27.18841925
2023-10-28 07:00:00,24.4,26.249878,25.0914568,27.4082992,24.638538999999998,27.861217,24.16746375,28.33229225
2023-10-28 08:00:00,26.8,27.801508,26.6430868,28.959929199999998,26.190168999999997,29.412847,25.71909375,29.883922249999998
2023-10-28 09:00:00,28.6,28.56248,27.4040588,29.7209012,26.951141,30.173819,26.48006575,30.64489425
2023-10-28 10:00:00,29.4,29.034304,27.8758828,30.192725199999998,27.422964999999998,30.645643,26.95188975,31.116718249999998
2023-10-28 11:00:00,29.2,28.89583,27.7374088,30.0542512,27.284491,30.507169,26.81341575,30.97824425
2023-10-28 12:00:00,29.8,29.540356,28.3819348,30.6987772,27.929016999999998,31.151695,27.45794175,31.62277025
2023-10-28 13:00:00,29.8,29.575232,28.4168108,30.7336532,27.963893,31.186571,27.49281775,31.65764625
2023-10-28 14:00:00,29.7,29.423244,28.2648228,30.5816652,27.811905,31.034583,27.34082975,31.50565825
2023-10-28 15:00:00,29.0,29.147472,27.9890508,30.3058932,27.536133,30.758811,27.06505775,31.22988625
2023-10-28 16:00:00,28.4,28.580173,27.4217518,29.738594199999998,26.968833999999998,30.191512,26.49775875,30.662587249999998
2023-10-28 17:00:00,28.0,27.888565,26.7301438,29.0469862,26.277226,29.499904,25.80615075,29.97097925
2023-10-28 18:00:00,27.8,27.54214,26.3837188,28.7005612,25.930801,29.153479,25.45972575,29.62455425
2023-10-28 19:00:00,27.5,27.547583,26.3891618,28.7060042,25.936244,29.158922,25.46516875,29.62999725
2023-10-28 20:00:00,27.9,27.396765,26.2383438,28.555186199999998,25.785425999999998,29.008104,25.31435075,29.479179249999998
2023-10-28 21:00:00,27.8,27.186079,26.0276578,28.3445002,25.57474,28.797418,25.10366475,29.26849325
2023-10-28 22:00:00,27.4,27.15533,25.9969088,28.3137512,25.543991,28.766669,25.07291575,29.23774425
2023-10-28 23:00:00,27.3,26.727955,25.569533800000002,27.8863762,25.116616,28.339294000000002,24.645540750000002,28.81036925
2023-10-29 00:00:00,27.0,26.596155,25.4377338,27.7545762,24.984816,28.207494,24.51374075,28.67856925
2023-10-29 01:00:00,25.7,26.491158,25.3327368,27.649579199999998,24.879818999999998,28.102497,24.40874375,28.573572249999998
2023-10-29 02:00:00,25.3,26.087337,24.928915800000002,27.2457582,24.475998,27.698676000000003,24.004922750000002,28.16975125
2023-10-29 03:00:00,24.9,26.006433,24.848011800000002,27.1648542,24.395094,27.617772000000002,23.924018750000002,28.08884725
2023-10-29 04:00:00,24.6,25.605396,24.4469748,26.7638172,23.994056999999998,27.216735,23.52298175,27.68781025
2023-10-29 05:00:00,24.3,25.220575,24.0621538,26.3789962,23.609236,26.831914,23.13816075,27.30298925
2023-10-29 06:00:00,24.4,25.204184,24.045762800000002,26.3626052,23.592845,26.815523000000002,23.121769750000002,27.28659825
2023-10-29 07:00:00,25.5,25.66108,24.5026588,26.819501199999998,24.049740999999997,27.272419,23.57866575,27.743494249999998
2023-10-29 08:00:00,25.7,28.074198,26.9157768,29.2326192,26.462858999999998,29.685537,25.99178375,30.15661225
2023-10-29 09:00:00,26.3,28.230711,27.0722898,29.3891322,26.619372,29.84205,26.14829675,30.31312525
2023-10-29 10:00:00,27.8,29.157967,27.9995458,30.3163882,27.546628,30.769306,27.07555275,31.24038125
2023-10-29 11:00:00,29.1,28.93127,27.772848800000002,30.0896912,27.319931,30.542609000000002,26.848855750000002,31.01368425
2023-10-29 12:00:00,29.7,29.364643,28.2062218,30.5230642,27.753304,30.975982000000002,27.28222875,31.44705725
2023-10-29 13:00:00,29.8,29.371483,28.213061800000002,30.5299042,27.760144,30.982822000000002,27.289068750000002,31.45389725
2023-10-29 14:00:00,30.0,29.287603,28.1291818,30.4460242,27.676264,30.898942,27.20518875,31.37001725
2023-10-29 15:00:00,29.4,28.848413,27.6899918,30.0068342,27.237074,30.459752,26.76599875,30.93082725
2023-10-29 16:00:00,29.3,28.126524,26.9681028,29.2849452,26.515185,29.737863,26.04410975,30.20893825
2023-10-29 17:00:00,28.7,27.7219,26.563478800000002,28.8803212,26.110561,29.333239000000003,25.639485750000002,29.80431425
2023-10-29 18:00:00,26.3,27.17777,26.0193488,28.3361912,25.566430999999998,28.789109,25.09535575,29.26018425
2023-10-29 19:00:00,26.2,27.38455,26.2261288,28.5429712,25.773211,28.995889000000002,25.30213575,29.46696425
2023-10-29 20:00:00,25.9,27.562517,26.4040958,28.7209382,25.951178,29.173856,25.48010275,29.64493125
2023-10-29 21:00:00,25.7,27.322083,26.1636618,28.4805042,25.710744,28.933422,25.23966875,29.40449725
2023-10-29 22:00:00,25.4,27.116446,25.9580248,28.2748672,25.505107,28.727785,25.03403175,29.19886025
2023-10-29 23:00:00,25.2,26.831072,25.6726508,27.9894932,25.219732999999998,28.442411,24.74865775,28.91348625
2023-10-30 00:00:00,25.2,26.725878,25.567456800000002,27.8842992,25.114539,28.337217000000003,24.643463750000002,28.80829225
2023-10-30 01:00:00,26.1,25.865442,24.707020800000002,27.0238632,24.254103,27.476781000000003,23.783027750000002,27.94785625
2023-10-30 02:00:00,26.1,25.400204,24.2417828,26.558625199999998,23.788864999999998,27.011543,23.31778975,27.482618249999998
2023-10-30 03:00:00,26.0,25.180576,24.0221548,26.338997199999998,23.569236999999998,26.791915,23.09816175,27.262990249999998
2023-10-30 04:00:00,25.9,24.932894,23.7744728,26.0913152,23.321555,26.544233000000002,22.85047975,27.01530825
2023-10-30 05:00:00,25.1,24.779242,23.6208208,25.9376632,23.167903,26.390581,22.69682775,26.86165625
2023-10-30 06:00:00,25.2,24.669535,23.5111138,25.8279562,23.058196,26.280874,22.58712075,26.75194925
2023-10-30 07:00:00,26.5,25.891062,24.732640800000002,27.0494832,24.279723,27.502401000000003,23.808647750000002,27.97347625
2023-10-30 08:00:00,28.1,26.59845,25.4400288,27.7568712,24.987111,28.209789,24.51603575,28.68086425
2023-10-30 09:00:00,30.2,27.296083,26.1376618,28.4545042,25.684744,28.907422,25.21366875,29.37849725
2023-10-30 10:00:00,30.7,27.865555,26.7071338,29.0239762,26.254216,29.476894,25.78314075,29.94796925
2023-10-30 11:00:00,31.0,28.883316,27.7248948,30.0417372,27.271977,30.494655,26.80090175,30.96573025
2023-10-30 12:00:00,30.9,29.146633,27.988211800000002,30.3050542,27.535294,30.757972000000002,27.064218750000002,31.22904725
2023-10-30 13:00:00,30.6,29.043444,27.8850228,30.2018652,27.432105,30.654783000000002,26.96102975,31.12585825
2023-10-30 14:00:00,30.2,29.281748,28.1233268,30.4401692,27.670409,30.893087,27.19933375,31.36416225
2023-10-30 15:00:00,29.7,28.928104,27.769682800000002,30.0865252,27.316765,30.539443000000002,26.845689750000002,31.01051825
2023-10-30 16:00:00,29.1,28.423153,27.2647318,29.5815742,26.811814,30.034492,26.34073875,30.50556725
2023-10-30 17:00:00,28.5,27.942976,26.784554800000002,29.1013972,26.331637,29.554315000000003,25.860561750000002,30.02539025
2023-10-30 18:00:00,27.4,26.799461,25.6410398,27.9578822,25.188122,28.410800000000002,24.71704675,28.88187525
2023-10-30 19:00:00,27.2,26.705994,25.5475728,27.8644152,25.094655,28.317333,24.62357975,28.78840825
2023-10-30 20:00:00,27.6,26.897398,25.7389768,28.0558192,25.286058999999998,28.508737,24.81498375,28.97981225
2023-10-30 21:00:00,27.9,26.547861,25.3894398,27.7062822,24.936522,28.159200000000002,24.46544675,28.63027525
2023-10-30 22:00:00,28.0,25.973871,24.8154498,27.1322922,24.362531999999998,27.58521,23.89145675,28.05628525
2023-10-30 23:00:00,27.7,25.17645,24.0180288,26.3348712,23.565110999999998,26.787789,23.09403575,27.25886425
2023-10-31 00:00:00,27.5,25.11283,23.9544088,26.2712512,23.501490999999998,26.724169,23.03041575,27.19524425
2023-10-31 01:00:00,27.3,25.217772,24.0593508,26.3761932,23.606433,26.829111,23.13535775,27.30018625
2023-10-31 02:00:00,26.9,25.435015,24.2765938,26.5934362,23.823676,27.046354,23.35260075,27.51742925
2023-10-31 03:00:00,26.7,25.394335,24.235913800000002,26.5527562,23.782996,27.005674000000003,23.311920750000002,27.47674925
2023-10-31 04:00:00,26.4,25.3629,24.2044788,26.5213212,23.751561,26.974239,23.28048575,27.44531425
2023-10-31 05:00:00,26.3,25.09653,23.938108800000002,26.2549512,23.485191,26.707869000000002,23.014115750000002,27.17894425
2023-10-31 06:00:00,27.4,25.131071,23.9726498,26.289492199999998,23.519731999999998,26.74241,23.04865675,27.213485249999998
2023-10-31 07:00:00,27.9,26.43539,25.276968800000002,27.5938112,24.824051,28.046729000000003,24.352975750000002,28.51780425
2023-10-31 08:00:00,28.9,27.608946,26.4505248,28.7673672,25.997607,29.220285,25.52653175,29.69136025
2023-10-31 09:00:00,29.7,28.97551,27.8170888,30.1339312,27.364171,30.586849,26.89309575,31.05792425
2023-10-31 10:00:00,29.9,29.945194,28.7867728,31.1036152,28.333855,31.556533,27.86277975,32.02760825
2023-10-31 11:00:00,30.4,30.142397,28.9839758,31.3008182,28.531057999999998,31.753736,28.05998275,32.224811249999995
2023-10-31 12:00:00,28.4,29.814892,28.6564708,30.9733132,28.203553,31.426231,27.73247775,31.89730625
2023-10-31 13:00:00,29.2,29.61336,28.4549388,30.7717812,28.002021,31.224699,27.53094575,31.69577425
2023-10-31 14:00:00,28.6,29.053144,27.8947228,30.2115652,27.441805,30.664483,26.97072975,31.13555825
2023-10-31 15:00:00,28.0,28.624516,27.4660948,29.7829372,27.013177,30.235855,26.54210175,30.70693025
2023-10-31 16:00:00,26.2,28.360731,27.202309800000002,29.5191522,26.749392,29.972070000000002,26.278316750000002,30.44314525
2023-10-31 17:00:00,26.2,27.89943,26.7410088,29.057851199999998,26.288090999999998,29.510769,25.81701575,29.981844249999998
2023-10-31 18:00:00,26.1,26.994442,25.8360208,28.1528632,25.383103,28.605781,24.91202775,29.07685625
2023-10-31 19:00:00,26.4,26.642094,25.4836728,27.8005152,25.030755,28.253433,24.55967975,28.72450825
2023-10-31 20:00:00,26.5,26.814096,25.6556748,27.9725172,25.202757,28.425435,24.73168175,28.89651025
2023-10-31 21:00:00,26.6,26.943548,25.7851268,28.1019692,25.332209,28.554887,24.86113375,29.02596225
2023-10-31 22:00:00,25.2,26.925247,25.7668258,28.083668199999998,25.313907999999998,28.536586,24.84283275,29.007661249999998
2023-10-31 23:00:00,25.3,26.847025,25.6886038,28.005446199999998,25.235685999999998,28.458364,24.76461075,28.929439249999998
2023-11-01 00:00:00,25.5,26.454544,25.2961228,27.612965199999998,24.843204999999998,28.065883,24.37212975,28.536958249999998
2023-11-01 01:00:00,25.3,26.30616,25.1477388,27.464581199999998,24.694820999999997,27.917499,24.22374575,28.388574249999998
2023-11-01 02:00:00,25.5,26.055351,24.896929800000002,27.2137722,24.444012,27.666690000000003,23.972936750000002,28.13776525
2023-11-01 03:00:00,25.3,25.839346,24.6809248,26.9977672,24.228006999999998,27.450685,23.75693175,27.92176025
2023-11-01 04:00:00,25.2,25.656713,24.4982918,26.8151342,24.045374,27.268052,23.57429875,27.73912725
2023-11-01 05:00:00,25.1,25.40469,24.2462688,26.563111199999998,23.793350999999998,27.016029,23.32227575,27.487104249999998
2023-11-01 06:00:00,24.2,26.042616,24.8841948,27.2010372,24.431276999999998,27.653955,23.96020175,28.12503025
2023-11-01 07:00:00,25.2,26.489687,25.3312658,27.6481082,24.878348,28.101026,24.40727275,28.57210125
2023-11-01 08:00:00,26.5,27.858866,26.7004448,29.0172872,26.247526999999998,29.470205,25.77645175,29.94128025
2023-11-01 09:00:00,27.6,28.347874,27.1894528,29.5062952,26.736535,29.959213000000002,26.26545975,30.43028825
2023-11-01 10:00:00,28.4,28.973228,27.8148068,30.1316492,27.361888999999998,30.584567,26.89081375,31.05564225
2023-11-01 11:00:00,29.0,29.531586,28.3731648,30.6900072,27.920247,31.142925,27.44917175,31.61400025
2023-11-01 12:00:00,29.2,29.365248,28.2068268,30.5236692,27.753909,30.976587000000002,27.28283375,31.44766225
2023-11-01 13:00:00,29.1,28.395565,27.237143800000002,29.5539862,26.784226,30.006904000000002,26.313150750000002,30.47797925
2023-11-01 14:00:00,29.1,28.009567,26.8511458,29.1679882,26.398228,29.620906,25.92715275,30.09198125
2023-11-01 15:00:00,28.9,28.31073,27.1523088,29.4691512,26.699391,29.922069,26.22831575,30.39314425
2023-11-01 16:00:00,28.3,26.930079,25.7716578,28.0885002,25.31874,28.541418,24.84766475,29.01249325
2023-11-01 17:00:00,27.6,26.2188,25.060378800000002,27.3772212,24.607461,27.830139000000003,24.136385750000002,28.30121425
2023-11-01 18:00:00,26.5,26.153538,24.9951168,27.3119592,24.542199,27.764877000000002,24.07112375,28.23595225
2023-11-01 19:00:00,25.8,25.895563,24.7371418,27.0539842,24.284224,27.506902,23.81314875,27.97797725
2023-11-01 20:00:00,25.9,26.238482,25.080060800000002,27.3969032,24.627143,27.849821000000002,24.156067750000002,28.32089625
2023-11-01 21:00:00,26.2,26.37776,25.2193388,27.536181199999998,24.766420999999998,27.989099,24.29534575,28.460174249999998
2023-11-01 22:00:00,24.6,25.824982,24.6665608,26.983403199999998,24.213642999999998,27.436321,23.74256775,27.907396249999998
2023-11-01 23:00:00,25.2,25.816023,24.657601800000002,26.9744442,24.204684,27.427362000000002,23.733608750000002,27.89843725
2023-11-02 00:00:00,24.9,25.494257,24.3358358,26.6526782,23.882918,27.105596000000002,23.41184275,27.57667125
2023-11-02 01:00:00,24.9,25.198502,24.040080800000002,26.3569232,23.587163,26.809841000000002,23.116087750000002,27.28091625
2023-11-02 02:00:00,24.8,25.29159,24.1331688,26.4500112,23.680251,26.902929,23.20917575,27.37400425
2023-11-02 03:00:00,24.5,25.039528,23.8811068,26.1979492,23.428189,26.650867,22.95711375,27.12194225
2023-11-02 04:00:00,24.5,24.844007,23.685585800000002,26.0024282,23.232668,26.455346000000002,22.761592750000002,26.92642125
2023-11-02 05:00:00,24.6,24.917885,23.7594638,26.076306199999998,23.306545999999997,26.529224,22.83547075,27.000299249999998
2023-11-02 06:00:00,25.5,24.568216,23.4097948,25.7266372,22.956877,26.179555,22.48580175,26.65063025
2023-11-02 07:00:00,24.3,25.377148,24.2187268,26.535569199999998,23.765808999999997,26.988487,23.29473375,27.459562249999998
2023-11-02 08:00:00,25.5,26.446133,25.2877118,27.6045542,24.834794,28.057472,24.36371875,28.52854725
2023-11-02 09:00:00,27.5,27.814829,26.6564078,28.9732502,26.20349,29.426168,25.73241475,29.89724325
2023-11-02 10:00:00,28.0,28.234386,27.0759648,29.3928072,26.623047,29.845725,26.15197175,30.31680025
2023-11-02 11:00:00,28.7,28.64947,27.4910488,29.8078912,27.038131,30.260809000000002,26.56705575,30.73188425
2023-11-02 12:00:00,29.1,28.35469,27.196268800000002,29.5131112,26.743351,29.966029000000002,26.272275750000002,30.43710425
2023-11-02 13:00:00,28.4,28.36251,27.2040888,29.5209312,26.751171,29.973849,26.28009575,30.44492425
2023-11-02 14:00:00,28.2,28.435131,27.2767098,29.593552199999998,26.823791999999997,30.04647,26.35271675,30.517545249999998
2023-11-02 15:00:00,28.2,28.24238,27.0839588,29.4008012,26.631041,29.853719,26.15996575,30.32479425
2023-11-02 16:00:00,28.0,27.783451,26.6250298,28.9418722,26.172112,29.39479,25.70103675,29.86586525
2023-11-02 17:00:00,27.4,27.316408,26.1579868,28.4748292,25.705068999999998,28.927747,25.23399375,29.39882225
2023-11-02 18:00:00,27.3,26.577442,25.419020800000002,27.7358632,24.966103,28.188781000000002,24.495027750000002,28.65985625
2023-11-02 19:00:00,26.7,26.054184,24.8957628,27.2126052,24.442845,27.665523,23.97176975,28.13659825
2023-11-02 20:00:00,25.6,26.148005,24.989583800000002,27.3064262,24.536666,27.759344000000002,24.065590750000002,28.23041925
2023-11-02 21:00:00,25.5,25.959057,24.800635800000002,27.1174782,24.347718,27.570396000000002,23.876642750000002,28.04147125
2023-11-02 22:00:00,25.2,25.109955,23.9515338,26.2683762,23.498616,26.721294,23.02754075,27.19236925
2023-11-02 23:00:00,25.1,25.127396,23.9689748,26.2858172,23.516057,26.738735000000002,23.04498175,27.20981025
2023-11-03 00:00:00,25.2,25.016817,23.8583958,26.1752382,23.405478,26.628156,22.93440275,27.09923125
2023-11-03 01:00:00,25.0,24.74556,23.5871388,25.9039812,23.134221,26.356899000000002,22.66314575,26.82797425
2023-11-03 02:00:00,25.1,24.671337,23.512915800000002,25.8297582,23.059998,26.282676000000002,22.588922750000002,26.75375125
2023-11-03 03:00:00,24.9,24.536484,23.378062800000002,25.6949052,22.925145,26.147823000000002,22.454069750000002,26.61889825
2023-11-03 04:00:00,24.7,24.460972,23.302550800000002,25.6193932,22.849633,26.072311000000003,22.378557750000002,26.54338625
2023-11-03 05:00:00,24.8,24.430983,23.272561800000002,25.5894042,22.819644,26.042322000000002,22.348568750000002,26.51339725
2023-11-03 06:00:00,25.0,24.904396,23.7459748,26.062817199999998,23.293056999999997,26.515735,22.82198175,26.986810249999998
2023-11-03 07:00:00,25.1,25.304825,24.1464038,26.4632462,23.693486,26.916164000000002,23.22241075,27.38723925
2023-11-03 08:00:00,25.6,25.695747,24.5373258,26.8541682,24.084408,27.307086,23.61333275,27.77816125
2023-11-03 09:00:00,26.2,26.763874,25.605452800000002,27.9222952,25.152535,28.375213000000002,24.681459750000002,28.84628825
2023-11-03 10:00:00,27.5,27.760233,26.6018118,28.9186542,26.148894,29.371572,25.67781875,29.84264725
2023-11-03 11:00:00,26.4,27.988888,26.8304668,29.1473092,26.377549,29.600227,25.90647375,30.07130225
2023-11-03 12:00:00,27.5,28.300993,27.1425718,29.459414199999998,26.689653999999997,29.912332,26.21857875,30.383407249999998
2023-11-03 13:00:00,27.7,27.837715,26.6792938,28.9961362,26.226376,29.449054,25.75530075,29.92012925
2023-11-03 14:00:00,26.6,27.737402,26.5789808,28.8958232,26.126063,29.348741,25.65498775,29.81981625
2023-11-03 15:00:00,26.6,27.767736,26.6093148,28.9261572,26.156397,29.379075,25.68532175,29.85015025
2023-11-03 16:00:00,26.2,27.543688,26.3852668,28.7021092,25.932349,29.155027,25.46127375,29.62610225
2023-11-03 17:00:00,25.9,26.999384,25.8409628,28.1578052,25.388044999999998,28.610723,24.91696975,29.08179825
2023-11-03 18:00:00,25.9,26.752,25.5935788,27.9104212,25.140660999999998,28.363339,24.66958575,28.83441425
2023-11-03 19:00:00,25.2,26.32154,25.1631188,27.479961199999998,24.710200999999998,27.932879,24.23912575,28.403954249999998
2023-11-03 20:00:00,25.2,25.852915,24.6944938,27.0113362,24.241576,27.464254,23.77050075,27.93532925
2023-11-03 21:00:00,25.0,25.602356,24.4439348,26.7607772,23.991017,27.213695,23.51994175,27.68477025
2023-11-03 22:00:00,25.1,25.365341,24.2069198,26.5237622,23.754002,26.97668,23.28292675,27.44775525
2023-11-03 23:00:00,25.3,25.213968,24.055546800000002,26.3723892,23.602629,26.825307000000002,23.131553750000002,27.29638225
2023-11-04 00:00:00,25.1,25.042994,23.8845728,26.2014152,23.431655,26.654333,22.96057975,27.12540825
2023-11-04 01:00:00,25.2,24.944834,23.7864128,26.1032552,23.333495,26.556173,22.86241975,27.02724825
2023-11-04 02:00:00,24.8,24.648787,23.4903658,25.807208199999998,23.037447999999998,26.260126,22.56637275,26.731201249999998
2023-11-04 03:00:00,24.6,24.511784,23.3533628,25.670205199999998,22.900444999999998,26.123123,22.42936975,26.594198249999998
2023-11-04 04:00:00,24.4,24.485899,23.3274778,25.6443202,22.87456,26.097238,22.40348475,26.56831325
2023-11-04 05:00:00,24.4,24.695942,23.5375208,25.854363199999998,23.084602999999998,26.307281,22.61352775,26.778356249999998
2023-11-04 06:00:00,24.7,24.8483,23.6898788,26.006721199999998,23.236960999999997,26.459639,22.76588575,26.930714249999998
2023-11-04 07:00:00,25.0,25.58132,24.422898800000002,26.7397412,23.969981,27.192659000000003,23.498905750000002,27.66373425
2023-11-04 08:00:00,25.7,26.134068,24.9756468,27.2924892,24.522728999999998,27.745407,24.05165375,28.21648225
2023-11-04 09:00:00,26.6,26.537899,25.3794778,27.6963202,24.92656,28.149238,24.45548475,28.62031325
2023-11-04 10:00:00,27.8,27.390505,26.2320838,28.5489262,25.779166,29.001844000000002,25.30809075,29.47291925
2023-11-04 11:00:00,28.8,27.150757,25.9923358,28.309178199999998,25.539417999999998,28.762096,25.06834275,29.233171249999998
2023-11-04 12:00:00,28.4,27.742243,26.5838218,28.900664199999998,26.130903999999997,29.353582,25.65982875,29.824657249999998
2023-11-04 13:00:00,26.6,27.629147,26.4707258,28.7875682,26.017808,29.240486,25.54673275,29.71156125
2023-11-04 14:00:00,26.4,27.459185,26.300763800000002,28.6176062,25.847846,29.070524000000002,25.376770750000002,29.54159925
2023-11-04 15:00:00,26.5,27.157383,25.9989618,28.3158042,25.546044,28.768722,25.07496875,29.23979725
2023-11-04 16:00:00,26.6,26.787483,25.629061800000002,27.9459042,25.176144,28.398822000000003,24.705068750000002,28.86989725
2023-11-04 17:00:00,26.6,26.538275,25.3798538,27.696696199999998,24.926935999999998,28.149614,24.45586075,28.620689249999998
2023-11-04 18:00:00,26.0,26.32632,25.1678988,27.4847412,24.714980999999998,27.937659,24.24390575,28.40873425
2023-11-04 19:00:00,24.9,25.93162,24.7731988,27.090041199999998,24.320280999999998,27.542959,23.84920575,28.014034249999998
2023-11-04 20:00:00,24.8,25.419432,24.2610108,26.5778532,23.808093,27.030771,23.33701775,27.50184625
2023-11-04 21:00:00,24.9,25.276749,24.1183278,26.435170199999998,23.665409999999998,26.888088,23.19433475,27.359163249999998
2023-11-04 22:00:00,24.3,25.269382,24.1109608,26.4278032,23.658043,26.880721,23.18696775,27.35179625
2023-11-04 23:00:00,23.9,25.164762,24.0063408,26.3231832,23.553423,26.776101,23.08234775,27.24717625
2023-11-05 00:00:00,23.9,24.901737,23.7433158,26.0601582,23.290398,26.513076,22.81932275,26.98415125
2023-11-05 01:00:00,24.0,24.83426,23.6758388,25.9926812,23.222921,26.445599,22.75184575,26.91667425
2023-11-05 02:00:00,24.0,24.656485,23.4980638,25.8149062,23.045146,26.267824,22.57407075,26.73889925
2023-11-05 03:00:00,24.0,24.500896,23.3424748,25.6593172,22.889557,26.112235000000002,22.41848175,26.58331025
2023-11-05 04:00:00,23.9,24.13905,22.9806288,25.2974712,22.527711,25.750389000000002,22.05663575,26.22146425
2023-11-05 05:00:00,23.8,24.406172,23.247750800000002,25.5645932,22.794833,26.017511000000002,22.323757750000002,26.48858625
2023-11-05 06:00:00,25.1,24.570047,23.4116258,25.7284682,22.958707999999998,26.181386,22.48763275,26.652461249999998
2023-11-05 07:00:00,25.7,25.15755,23.9991288,26.3159712,23.546211,26.768889,23.07513575,27.23996425
2023-11-05 08:00:00,26.5,25.9308,24.772378800000002,27.0892212,24.319461,27.542139000000002,23.848385750000002,28.01321425
2023-11-05 09:00:00,27.4,26.617945,25.4595238,27.7763662,25.006605999999998,28.229284,24.53553075,28.700359249999998
2023-11-05 10:00:00,28.3,27.451878,26.2934568,28.6102992,25.840539,29.063217,25.36946375,29.53429225
2023-11-05 11:00:00,28.8,28.0873,26.9288788,29.2457212,26.475960999999998,29.698639,26.00488575,30.16971425
2023-11-05 12:00:00,29.1,28.098692,26.9402708,29.2571132,26.487353,29.710031,26.01627775,30.18110625
2023-11-05 13:00:00,28.0,28.122278,26.963856800000002,29.2806992,26.510939,29.733617000000002,26.039863750000002,30.20469225
2023-11-05 14:00:00,28.4,27.041203,25.8827818,28.1996242,25.429864,28.652542,24.95878875,29.12361725
2023-11-05 15:00:00,28.0,26.820871,25.6624498,27.9792922,25.209532,28.43221,24.73845675,28.90328525
2023-11-05 16:00:00,27.7,26.437462,25.2790408,27.5958832,24.826123,28.048801,24.35504775,28.51987625
2023-11-05 17:00:00,27.3,26.279371,25.1209498,27.4377922,24.668032,27.890710000000002,24.196956750000002,28.36178525
2023-11-05 18:00:00,26.4,25.96308,24.804658800000002,27.1215012,24.351741,27.574419000000002,23.880665750000002,28.04549425
2023-11-05 19:00:00,25.6,25.73528,24.5768588,26.8937012,24.123941,27.346619,23.65286575,27.81769425
2023-11-05 20:00:00,25.4,25.646717,24.4882958,26.8051382,24.035377999999998,27.258056,23.56430275,27.72913125
2023-11-05 21:00:00,25.1,25.713037,24.5546158,26.8714582,24.101698,27.324376,23.63062275,27.79545125
2023-11-05 22:00:00,25.0,25.423563,24.265141800000002,26.5819842,23.812224,27.034902000000002,23.341148750000002,27.50597725
2023-11-05 23:00:00,25.0,24.830725,23.6723038,25.9891462,23.219386,26.442064000000002,22.74831075,26.91313925
2023-11-06 00:00:00,24.7,24.694038,23.5356168,25.8524592,23.082698999999998,26.305377,22.61162375,26.77645225
2023-11-06 01:00:00,24.4,24.680208,23.5217868,25.8386292,23.068869,26.291547,22.59779375,26.76262225
2023-11-06 02:00:00,24.2,24.247179,23.0887578,25.4056002,22.635839999999998,25.858518,22.16476475,26.32959325
2023-11-06 03:00:00,24.2,24.012512,22.8540908,25.1709332,22.401173,25.623851000000002,21.93009775,26.09492625
2023-11-06 04:00:00,24.3,23.94428,22.7858588,25.1027012,22.332940999999998,25.555619,21.86186575,26.02669425
2023-11-06 05:00:00,24.2,24.039085,22.8806638,25.1975062,22.427746,25.650424,21.95667075,26.12149925
2023-11-06 06:00:00,24.7,24.56393,23.4055088,25.7223512,22.952590999999998,26.175269,22.48151575,26.64634425
2023-11-06 07:00:00,25.6,25.355968,24.1975468,26.5143892,23.744629,26.967307,23.27355375,27.43838225
2023-11-06 08:00:00,26.9,26.67885,25.5204288,27.8372712,25.067511,28.290189,24.59643575,28.76126425
2023-11-06 09:00:00,27.8,27.150923,25.9925018,28.309344199999998,25.539583999999998,28.762262,25.06850875,29.233337249999998
2023-11-06 10:00:00,27.6,27.808228,26.6498068,28.9666492,26.196889,29.419567,25.72581375,29.89064225
2023-11-06 11:00:00,28.1,28.280659,27.1222378,29.4390802,26.66932,29.891998,26.19824475,30.36307325
2023-11-06 12:00:00,28.5,28.360132,27.2017108,29.5185532,26.748793,29.971471,26.27771775,30.44254625
2023-11-06 13:00:00,28.9,27.949793,26.7913718,29.1082142,26.338454,29.561132,25.86737875,30.03220725
2023-11-06 14:00:00,28.5,27.620201,26.461779800000002,28.7786222,26.008862,29.231540000000003,25.537786750000002,29.70261525
2023-11-06 15:00:00,28.3,27.467775,26.3093538,28.6261962,25.856436,29.079114,25.38536075,29.55018925
2023-11-06 16:00:00,28.0,27.144583,25.9861618,28.3030042,25.533244,28.755922,25.06216875,29.22699725
2023-11-06 17:00:00,26.6,26.805883,25.647461800000002,27.9643042,25.194544,28.417222000000002,24.723468750000002,28.88829725
2023-11-06 18:00:00,25.8,26.131603,24.9731818,27.290024199999998,24.520263999999997,27.742942,24.04918875,28.214017249999998
2023-11-06 19:00:00,26.0,25.674147,24.515725800000002,26.8325682,24.062808,27.285486000000002,23.591732750000002,27.75656125
2023-11-06 20:00:00,25.6,25.723082,24.564660800000002,26.8815032,24.111743,27.334421000000003,23.640667750000002,27.80549625
2023-11-06 21:00:00,25.6,25.498814,24.3403928,26.6572352,23.887475,27.110153,23.41639975,27.58122825
2023-11-06 22:00:00,25.1,25.317938,24.159516800000002,26.4763592,23.706599,26.929277000000003,23.235523750000002,27.40035225
2023-11-06 23:00:00,24.7,25.08298,23.9245588,26.2414012,23.471640999999998,26.694319,23.00056575,27.16539425
2023-11-07 00:00:00,24.8,25.05548,23.8970588,26.2139012,23.444141,26.666819,22.97306575,27.13789425
2023-11-07 01:00:00,24.5,24.971449,23.8130278,26.1298702,23.36011,26.582788,22.88903475,27.05386325
2023-11-07 02:00:00,24.6,24.396511,23.2380898,25.5549322,22.785172,26.00785,22.31409675,26.47892525
2023-11-07 03:00:00,24.9,24.2039,23.0454788,25.3623212,22.592561,25.815239000000002,22.12148575,26.28631425
2023-11-07 04:00:00,24.8,24.221462,23.0630408,25.3798832,22.610122999999998,25.832801,22.13904775,26.30387625
2023-11-07 05:00:00,24.5,24.335337,23.1769158,25.4937582,22.723997999999998,25.946676,22.25292275,26.41775125
2023-11-07 06:00:00,25.2,24.268692,23.110270800000002,25.4271132,22.657353,25.880031000000002,22.186277750000002,26.35110625
2023-11-07 07:00:00,25.8,25.478403,24.3199818,26.6368242,23.867064,27.089742,23.39598875,27.56081725
2023-11-07 08:00:00,26.8,26.365217,25.206795800000002,27.5236382,24.753878,27.976556000000002,24.282802750000002,28.44763125
2023-11-07 09:00:00,28.0,27.479776,26.3213548,28.6381972,25.868437,29.091115000000002,25.39736175,29.56219025
2023-11-07 10:00:00,28.8,28.141037,26.9826158,29.2994582,26.529698,29.752376,26.05862275,30.22345125
2023-11-07 11:00:00,28.1,28.664219,27.5057978,29.8226402,27.05288,30.275558,26.58180475,30.74663325
2023-11-07 12:00:00,26.9,28.2736,27.1151788,29.432021199999998,26.662260999999997,29.884939,26.19118575,30.356014249999998
2023-11-07 13:00:00,26.5,28.495539,27.3371178,29.6539602,26.8842,30.106878000000002,26.41312475,30.57795325
2023-11-07 14:00:00,27.5,28.214613,27.0561918,29.3730342,26.603274,29.825952,26.13219875,30.29702725
2023-11-07 15:00:00,27.9,27.9369,26.778478800000002,29.0953212,26.325561,29.548239000000002,25.854485750000002,30.01931425
2023-11-07 16:00:00,27.8,27.639626,26.4812048,28.7980472,26.028287,29.250965,25.55721175,29.72204025
2023-11-07 17:00:00,27.2,26.663464,25.505042800000002,27.8218852,25.052125,28.274803000000002,24.581049750000002,28.74587825
2023-11-07 18:00:00,26.4,26.07516,24.9167388,27.2335812,24.463821,27.686499,23.99274575,28.15757425
2023-11-07 19:00:00,25.3,25.9669,24.8084788,27.1253212,24.355560999999998,27.578239,23.88448575,28.04931425
2023-11-07 20:00:00,25.0,25.877508,24.7190868,27.035929199999998,24.266168999999998,27.488847,23.79509375,27.959922249999998
2023-11-07 21:00:00,25.0,25.63906,24.4806388,26.7974812,24.027721,27.250399,23.55664575,27.72147425
2023-11-07 22:00:00,24.7,25.749683,24.5912618,26.9081042,24.138344,27.361022000000002,23.66726875,27.83209725
2023-11-07 23:00:00,24.3,25.350552,24.1921308,26.5089732,23.739213,26.961891,23.26813775,27.43296625
2023-11-08 00:00:00,24.3,24.821356,23.662934800000002,25.9797772,23.210017,26.432695000000002,22.738941750000002,26.90377025
2023-11-08 01:00:00,24.0,24.904549,23.7461278,26.0629702,23.29321,26.515888,22.82213475,26.98696325
2023-11-08 02:00:00,23.7,24.407238,23.2488168,25.5656592,22.795899,26.018577,22.32482375,26.48965225
2023-11-08 03:00:00,23.5,24.6794,23.5209788,25.8378212,23.068061,26.290739000000002,22.59698575,26.76181425
2023-11-08 04:00:00,23.6,24.6918,23.5333788,25.8502212,23.080461,26.303139,22.60938575,26.77421425
2023-11-08 05:00:00,23.5,24.757133,23.5987118,25.9155542,23.145794,26.368472,22.67471875,26.83954725
2023-11-08 06:00:00,24.7,25.02131,23.8628888,26.1797312,23.409971,26.632649,22.93889575,27.10372425
2023-11-08 07:00:00,25.3,25.334963,24.1765418,26.493384199999998,23.723623999999997,26.946302,23.25254875,27.417377249999998
2023-11-08 08:00:00,26.2,26.79675,25.6383288,27.9551712,25.185411,28.408089,24.71433575,28.87916425
2023-11-08 09:00:00,27.1,27.747223,26.588801800000002,28.9056442,26.135884,29.358562000000003,25.664808750000002,29.82963725
2023-11-08 10:00:00,28.0,28.468304,27.3098828,29.6267252,26.856965,30.079643,26.38588975,30.55071825
2023-11-08 11:00:00,28.6,28.257036,27.0986148,29.4154572,26.645697,29.868375,26.17462175,30.33945025
2023-11-08 12:00:00,26.7,27.678465,26.5200438,28.8368862,26.067126,29.289804,25.59605075,29.76087925
2023-11-08 13:00:00,26.9,27.46691,26.3084888,28.625331199999998,25.855570999999998,29.078249,25.38449575,29.549324249999998
2023-11-08 14:00:00,27.4,27.928144,26.7697228,29.0865652,26.316805,29.539483,25.84572975,30.01055825
2023-11-08 15:00:00,27.3,27.843863,26.6854418,29.0022842,26.232523999999998,29.455202,25.76144875,29.92627725
2023-11-08 16:00:00,26.9,27.723516,26.5650948,28.8819372,26.112177,29.334855,25.64110175,29.80593025
2023-11-08 17:00:00,26.6,26.802473,25.6440518,27.9608942,25.191133999999998,28.413812,24.72005875,28.88488725
2023-11-08 18:00:00,25.5,26.410835,25.2524138,27.569256199999998,24.799495999999998,28.022174,24.32842075,28.493249249999998
2023-11-08 19:00:00,25.6,25.824451,24.6660298,26.9828722,24.213112,27.43579,23.74203675,27.90686525
2023-11-08 20:00:00,25.6,25.548513,24.3900918,26.7069342,23.937174,27.159852,23.46609875,27.63092725
2023-11-08 21:00:00,25.5,25.43898,24.2805588,26.5974012,23.827641,27.050319000000002,23.35656575,27.52139425
2023-11-08 22:00:00,24.9,25.143122,23.984700800000002,26.3015432,23.531783,26.754461000000003,23.060707750000002,27.22553625
2023-11-08 23:00:00,25.0,24.909035,23.7506138,26.0674562,23.297696,26.520374,22.82662075,26.99144925
2023-11-09 00:00:00,24.6,24.77476,23.6163388,25.9331812,23.163421,26.386099,22.69234575,26.85717425
2023-11-09 01:00:00,24.0,24.657938,23.499516800000002,25.8163592,23.046599,26.269277000000002,22.575523750000002,26.74035225
2023-11-09 02:00:00,24.0,24.09726,22.9388388,25.255681199999998,22.485920999999998,25.708599,22.01484575,26.179674249999998
2023-11-09 03:00:00,23.8,24.110134,22.9517128,25.268555199999998,22.498794999999998,25.721473,22.02771975,26.192548249999998
2023-11-09 04:00:00,23.6,23.954197,22.7957758,25.1126182,22.342858,25.565536,21.87178275,26.03661125
2023-11-09 05:00:00,23.3,23.787767,22.6293458,24.946188199999998,22.176427999999998,25.399106,21.70535275,25.870181249999998
2023-11-09 06:00:00,26.4,24.249187,23.0907658,25.4076082,22.637847999999998,25.860526,22.16677275,26.33160125
2023-11-09 07:00:00,28.0,25.340508,24.1820868,26.4989292,23.729169,26.951847,23.25809375,27.42292225
2023-11-09 08:00:00,29.1,26.023918,24.8654968,27.182339199999998,24.412578999999997,27.635257,23.94150375,28.106332249999998
2023-11-09 09:00:00,29.7,27.341227,26.1828058,28.4996482,25.729888,28.952566,25.25881275,29.42364125
2023-11-09 10:00:00,29.9,27.961393,26.8029718,29.1198142,26.350054,29.572732000000002,25.87897875,30.04380725
2023-11-09 11:00:00,30.0,28.113901,26.9554798,29.272322199999998,26.502561999999998,29.72524,26.03148675,30.196315249999998
2023-11-09 12:00:00,30.0,28.10592,26.9474988,29.2643412,26.494581,29.717259000000002,26.02350575,30.18833425
2023-11-09 13:00:00,29.8,27.42047,26.262048800000002,28.5788912,25.809131,29.031809000000003,25.338055750000002,29.50288425
2023-11-09 14:00:00,29.7,27.55123,26.3928088,28.7096512,25.939891,29.162569,25.46881575,29.63364425
2023-11-09 15:00:00,29.2,27.304144,26.1457228,28.4625652,25.692805,28.915483000000002,25.22172975,29.38655825
2023-11-09 16:00:00,28.5,27.015,25.8565788,28.1734212,25.403661,28.626339,24.93258575,29.09741425
2023-11-09 17:00:00,27.7,26.417593,25.2591718,27.5760142,24.806254,28.028932,24.33517875,28.50000725
2023-11-09 18:00:00,27.8,25.648746,24.4903248,26.8071672,24.037406999999998,27.260085,23.56633175,27.73116025
2023-11-09 19:00:00,27.5,25.482365,24.323943800000002,26.6407862,23.871026,27.093704000000002,23.399950750000002,27.56477925
2023-11-09 20:00:00,27.3,25.561499,24.403077800000002,26.7199202,23.95016,27.172838000000002,23.479084750000002,27.64391325
2023-11-09 21:00:00,27.0,25.4735,24.315078800000002,26.6319212,23.862161,27.084839000000002,23.391085750000002,27.55591425
2023-11-09 22:00:00,27.1,25.526878,24.3684568,26.6852992,23.915539,27.138217,23.44446375,27.60929225
2023-11-09 23:00:00,26.9,25.565296,24.4068748,26.7237172,23.953957,27.176635,23.48288175,27.64771025
2023-11-10 00:00:00,26.7,24.894592,23.7361708,26.0530132,23.283253,26.505931,22.81217775,26.97700625
2023-11-10 01:00:00,26.5,24.9386,23.7801788,26.0970212,23.327261,26.549939000000002,22.85618575,27.02101425
2023-11-10 02:00:00,26.2,24.37815,23.219728800000002,25.5365712,22.766811,25.989489000000003,22.295735750000002,26.46056425
2023-11-10 03:00:00,25.8,24.138899,22.9804778,25.297320199999998,22.527559999999998,25.750238,22.05648475,26.221313249999998
2023-11-10 04:00:00,25.6,23.859148,22.7007268,25.0175692,22.247809,25.470487000000002,21.776733750000002,25.94156225
2023-11-10 05:00:00,25.3,23.53791,22.3794888,24.6963312,21.926571,25.149249,21.45549575,25.62032425
2023-11-10 06:00:00,26.3,25.022352,23.863930800000002,26.1807732,23.411013,26.633691000000002,22.939937750000002,27.10476625
2023-11-10 07:00:00,27.8,26.731512,25.5730908,27.889933199999998,25.120172999999998,28.342851,24.64909775,28.813926249999998
2023-11-10 08:00:00,28.6,27.841293,26.6828718,28.9997142,26.229954,29.452632,25.75887875,29.92370725
2023-11-10 09:00:00,29.2,28.695835,27.5374138,29.8542562,27.084495999999998,30.307174,26.61342075,30.77824925
2023-11-10 10:00:00,29.7,29.144312,27.9858908,30.3027332,27.532973,30.755651,27.06189775,31.22672625
2023-11-10 11:00:00,30.0,29.251884,28.0934628,30.4103052,27.640545,30.863223,27.16946975,31.33429825
2023-11-10 12:00:00,29.9,29.172228,28.0138068,30.3306492,27.560889,30.783567,27.08981375,31.25464225
2023-11-10 13:00:00,29.8,29.054361,27.8959398,30.2127822,27.443022,30.6657,26.97194675,31.13677525
2023-11-10 14:00:00,29.5,28.981403,27.8229818,30.1398242,27.370064,30.592742,26.89898875,31.06381725
2023-11-10 15:00:00,29.0,28.68818,27.5297588,29.8466012,27.076840999999998,30.299519,26.60576575,30.77059425
2023-11-10 16:00:00,28.4,27.961933,26.8035118,29.120354199999998,26.350593999999997,29.573272,25.87951875,30.044347249999998
2023-11-10 17:00:00,27.7,27.591377,26.432955800000002,28.7497982,25.980038,29.202716000000002,25.508962750000002,29.67379125
2023-11-10 18:00:00,27.9,27.337772,26.1793508,28.4961932,25.726433,28.949111000000002,25.25535775,29.42018625
2023-11-10 19:00:00,27.6,27.183945,26.025523800000002,28.3423662,25.572606,28.795284000000002,25.101530750000002,29.26635925
2023-11-10 20:00:00,27.5,26.927752,25.769330800000002,28.0861732,25.316413,28.539091000000003,24.845337750000002,29.01016625
2023-11-10 21:00:00,27.3,26.767363,25.6089418,27.9257842,25.156024,28.378702,24.68494875,28.84977725
2023-11-10 22:00:00,27.0,26.594273,25.435851800000002,27.7526942,24.982934,28.205612000000002,24.511858750000002,28.67668725
2023-11-10 23:00:00,26.9,26.268183,25.1097618,27.4266042,24.656844,27.879522,24.18576875,28.35059725
2023-11-11 00:00:00,26.7,26.1291,24.9706788,27.2875212,24.517761,27.740439000000002,24.04668575,28.21151425
2023-11-11 01:00:00,26.5,25.901955,24.7435338,27.0603762,24.290616,27.513294000000002,23.81954075,27.98436925
2023-11-11 02:00:00,26.2,25.622095,24.463673800000002,26.7805162,24.010756,27.233434000000003,23.539680750000002,27.70450925
2023-11-11 03:00:00,25.8,25.296238,24.1378168,26.4546592,23.684898999999998,26.907577,23.21382375,27.37865225
2023-11-11 04:00:00,25.3,25.024858,23.8664368,26.183279199999998,23.413518999999997,26.636197,22.94244375,27.107272249999998
2023-11-11 05:00:00,25.3,24.620047,23.4616258,25.7784682,23.008708,26.231386,22.53763275,26.70246125
2023-11-11 06:00:00,26.3,25.10912,23.9506988,26.2675412,23.497781,26.720459,23.02670575,27.19153425
2023-11-11 07:00:00,27.5,26.813238,25.6548168,27.971659199999998,25.201898999999997,28.424577,24.73082375,28.895652249999998
2023-11-11 08:00:00,28.8,27.419872,26.261450800000002,28.5782932,25.808533,29.031211000000003,25.337457750000002,29.50228625
2023-11-11 09:00:00,29.3,28.16484,27.006418800000002,29.3232612,26.553501,29.776179000000003,26.082425750000002,30.24725425
2023-11-11 10:00:00,29.7,28.435331,27.276909800000002,29.5937522,26.823992,30.046670000000002,26.352916750000002,30.51774525
2023-11-11 11:00:00,29.9,28.61208,27.4536588,29.770501199999998,27.000740999999998,30.223419,26.52966575,30.694494249999998
2023-11-11 12:00:00,29.9,28.582088,27.4236668,29.740509199999998,26.970748999999998,30.193427,26.49967375,30.664502249999998
2023-11-11 13:00:00,29.8,28.39957,27.2411488,29.5579912,26.788231,30.010909,26.31715575,30.48198425
2023-11-11 14:00:00,29.5,28.094404,26.9359828,29.2528252,26.483065,29.705743000000002,26.01198975,30.17681825
2023-11-11 15:00:00,29.2,27.864664,26.706242800000002,29.0230852,26.253325,29.476003000000002,25.782249750000002,29.94707825
2023-11-11 16:00:00,28.6,27.634706,26.476284800000002,28.7931272,26.023367,29.246045000000002,25.552291750000002,29.71712025
2023-11-11 17:00:00,27.6,27.26675,26.1083288,28.425171199999998,25.655410999999997,28.878089,25.18433575,29.349164249999998
2023-11-11 18:00:00,27.6,26.5883,25.4298788,27.7467212,24.976961,28.199639,24.50588575,28.67071425
2023-11-11 19:00:00,27.3,26.421028,25.2626068,27.5794492,24.809689,28.032367,24.33861375,28.50344225
2023-11-11 20:00:00,27.4,26.30283,25.1444088,27.4612512,24.691491,27.914169,24.22041575,28.38524425
2023-11-11 21:00:00,27.5,26.186405,25.0279838,27.3448262,24.575066,27.797744,24.10399075,28.26881925
2023-11-11 22:00:00,27.4,26.174992,25.0165708,27.3334132,24.563653,27.786331,24.09257775,28.25740625
2023-11-11 23:00:00,27.2,26.008276,24.8498548,27.166697199999998,24.396936999999998,27.619615,23.92586175,28.090690249999998
2023-11-12 00:00:00,27.0,25.732939,24.5745178,26.891360199999998,24.121599999999997,27.344278,23.65052475,27.815353249999998
2023-11-12 01:00:00,26.7,25.472412,24.3139908,26.630833199999998,23.861072999999998,27.083751,23.38999775,27.554826249999998
2023-11-12 02:00:00,26.5,25.239298,24.080876800000002,26.3977192,23.627959,26.850637000000003,23.156883750000002,27.32171225
2023-11-12 03:00:00,26.4,25.001747,23.843325800000002,26.1601682,23.390408,26.613086000000003,22.919332750000002,27.08416125
2023-11-12 04:00:00,26.1,24.718761,23.5603398,25.8771822,23.107422,26.3301,22.63634675,26.80117525
2023-11-12 05:00:00,25.7,24.533487,23.3750658,25.6919082,22.922148,26.144826000000002,22.45107275,26.61590125
2023-11-12 06:00:00,26.4,24.99838,23.8399588,26.1568012,23.387041,26.609719000000002,22.91596575,27.08079425
2023-11-12 07:00:00,27.6,26.361757,25.2033358,27.5201782,24.750418,27.973096,24.27934275,28.44417125
2023-11-12 08:00:00,28.7,27.051529,25.8931078,28.209950199999998,25.440189999999998,28.662868,24.96911475,29.133943249999998
2023-11-12 09:00:00,29.3,27.300436,26.142014800000002,28.4588572,25.689097,28.911775000000002,25.218021750000002,29.38285025
2023-11-12 10:00:00,29.6,27.910288,26.751866800000002,29.0687092,26.298949,29.521627000000002,25.827873750000002,29.99270225
2023-11-12 11:00:00,29.9,28.173208,27.0147868,29.3316292,26.561868999999998,29.784547,26.09079375,30.25562225
2023-11-12 12:00:00,29.9,28.172913,27.014491800000002,29.3313342,26.561574,29.784252000000002,26.090498750000002,30.25532725
2023-11-12 13:00:00,29.6,28.371319,27.2128978,29.5297402,26.75998,29.982658,26.28890475,30.45373325
2023-11-12 14:00:00,29.2,27.659477,26.5010558,28.8178982,26.048137999999998,29.270816,25.57706275,29.74189125
2023-11-12 15:00:00,28.7,27.32778,26.1693588,28.4862012,25.716441,28.939119,25.24536575,29.41019425
2023-11-12 16:00:00,28.0,27.299719,26.1412978,28.4581402,25.68838,28.911058,25.21730475,29.38213325
2023-11-12 17:00:00,27.7,27.107864,25.9494428,28.2662852,25.496525,28.719203,25.02544975,29.19027825
2023-11-12 18:00:00,26.6,26.292044,25.1336228,27.4504652,24.680705,27.903383,24.20962975,28.37445825
2023-11-12 19:00:00,25.2,26.697996,25.5395748,27.8564172,25.086657,28.309335,24.61558175,28.78041025
2023-11-12 20:00:00,25.4,26.366016,25.2075948,27.524437199999998,24.754676999999997,27.977355,24.28360175,28.448430249999998
2023-11-12 21:00:00,25.5,26.352547,25.194125800000002,27.5109682,24.741208,27.963886000000002,24.270132750000002,28.43496125
2023-11-12 22:00:00,25.1,26.330397,25.171975800000002,27.4888182,24.719058,27.941736000000002,24.247982750000002,28.41281125
2023-11-12 23:00:00,24.9,26.219528,25.0611068,27.3779492,24.608189,27.830867,24.13711375,28.30194225
2023-11-13 00:00:00,24.7,25.873802,24.715380800000002,27.0322232,24.262463,27.485141000000002,23.791387750000002,27.95621625
2023-11-13 01:00:00,25.1,25.63386,24.4754388,26.792281199999998,24.022520999999998,27.245199,23.55144575,27.716274249999998
2023-11-13 02:00:00,25.5,25.373686,24.2152648,26.5321072,23.762347,26.985025,23.29127175,27.45610025
2023-11-13 03:00:00,25.2,25.123964,23.9655428,26.2823852,23.512625,26.735303000000002,23.04154975,27.20637825
2023-11-13 04:00:00,25.2,24.944366,23.7859448,26.102787199999998,23.333026999999998,26.555705,22.86195175,27.026780249999998
2023-11-13 05:00:00,25.0,24.713375,23.5549538,25.8717962,23.102036,26.324714,22.63096075,26.79578925
2023-11-13 06:00:00,25.0,25.036564,23.8781428,26.194985199999998,23.425224999999998,26.647903,22.95414975,27.118978249999998
2023-11-13 07:00:00,25.3,26.065592,24.9071708,27.224013199999998,24.454252999999998,27.676931,23.98317775,28.148006249999998
2023-11-13 08:00:00,26.2,27.052496,25.894074800000002,28.2109172,25.441157,28.663835000000002,24.970081750000002,29.13491025
2023-11-13 09:00:00,27.7,27.269625,26.111203800000002,28.4280462,25.658286,28.880964000000002,25.187210750000002,29.35203925
2023-11-13 10:00:00,27.7,27.594898,26.4364768,28.7533192,25.983559,29.206237,25.51248375,29.67731225
2023-11-13 11:00:00,27.7,28.270905,27.1124838,29.4293262,26.659565999999998,29.882244,26.18849075,30.35331925
2023-11-13 12:00:00,27.4,28.520884,27.3624628,29.679305199999998,26.909544999999998,30.132223,26.43846975,30.603298249999998
2023-11-13 13:00:00,26.8,27.787708,26.6292868,28.946129199999998,26.176368999999998,29.399047,25.70529375,29.870122249999998
2023-11-13 14:00:00,25.6,27.328016,26.169594800000002,28.4864372,25.716677,28.939355000000003,25.245601750000002,29.41043025
2023-11-13 15:00:00,25.3,26.769497,25.611075800000002,27.9279182,25.158158,28.380836000000002,24.687082750000002,28.85191125
2023-11-13 16:00:00,25.5,26.596764,25.4383428,27.7551852,24.985425,28.208103,24.51434975,28.67917825
2023-11-13 17:00:00,25.5,26.141293,24.9828718,27.2997142,24.529954,27.752632000000002,24.05887875,28.22370725
2023-11-13 18:00:00,23.7,26.034414,24.875992800000002,27.1928352,24.423075,27.645753000000003,23.951999750000002,28.11682825
2023-11-13 19:00:00,22.6,25.816092,24.6576708,26.9745132,24.204753,27.427431000000002,23.733677750000002,27.89850625
2023-11-13 20:00:00,24.1,25.444788,24.2863668,26.6032092,23.833448999999998,27.056127,23.36237375,27.52720225
2023-11-13 21:00:00,25.0,25.725628,24.5672068,26.8840492,24.114289,27.336967,23.64321375,27.80804225
2023-11-13 22:00:00,25.2,25.635017,24.476595800000002,26.7934382,24.023678,27.246356000000002,23.552602750000002,27.71743125
2023-11-13 23:00:00,24.9,25.455538,24.2971168,26.6139592,23.844199,27.066877,23.37312375,27.53795225
2023-11-14 00:00:00,24.9,25.05598,23.897558800000002,26.2144012,23.444641,26.667319000000003,22.973565750000002,27.13839425
2023-11-14 01:00:00,24.9,25.242565,24.0841438,26.4009862,23.631225999999998,26.853904,23.16015075,27.32497925
2023-11-14 02:00:00,25.0,25.284712,24.1262908,26.4431332,23.673372999999998,26.896051,23.20229775,27.36712625
2023-11-14 03:00:00,25.0,24.97153,23.813108800000002,26.1299512,23.360191,26.582869000000002,22.889115750000002,27.05394425
2023-11-14 04:00:00,24.4,24.976912,23.8184908,26.135333199999998,23.365572999999998,26.588251,22.89449775,27.059326249999998
2023-11-14 05:00:00,24.3,24.993624,23.8352028,26.1520452,23.382285,26.604963,22.91120975,27.07603825
2023-11-14 06:00:00,24.7,24.93306,23.7746388,26.0914812,23.321721,26.544399000000002,22.85064575,27.01547425
2023-11-14 07:00:00,24.1,25.35495,24.1965288,26.513371199999998,23.743610999999998,26.966289,23.27253575,27.437364249999998
2023-11-14 08:00:00,24.4,26.46035,25.3019288,27.618771199999998,24.849010999999997,28.071689,24.37793575,28.542764249999998
2023-11-14 09:00:00,24.4,27.657265,26.4988438,28.8156862,26.045925999999998,29.268604,25.57485075,29.73967925
2023-11-14 10:00:00,25.1,28.183994,27.0255728,29.342415199999998,26.572654999999997,29.795333,26.10157975,30.266408249999998
2023-11-14 11:00:00,24.4,27.679462,26.5210408,28.8378832,26.068123,29.290801000000002,25.59704775,29.76187625
2023-11-14 12:00:00,23.8,27.224108,26.0656868,28.3825292,25.612769,28.835447000000002,25.14169375,29.30652225
2023-11-14 13:00:00,23.9,26.185635,25.027213800000002,27.3440562,24.574296,27.796974000000002,24.103220750000002,28.26804925
2023-11-14 14:00:00,23.5,25.70882,24.5503988,26.8672412,24.097481,27.320159,23.62640575,27.79123425
2023-11-14 15:00:00,24.0,25.949696,24.7912748,27.1081172,24.338357,27.561035,23.86728175,28.03211025
2023-11-14 16:00:00,23.9,25.959524,24.8011028,27.117945199999998,24.348184999999997,27.570863,23.87710975,28.041938249999998
2023-11-14 17:00:00,23.8,25.562439,24.404017800000002,26.7208602,23.9511,27.173778000000002,23.480024750000002,27.64485325
2023-11-14 18:00:00,24.1,24.680462,23.5220408,25.838883199999998,23.069122999999998,26.291801,22.59804775,26.762876249999998
2023-11-14 19:00:00,23.8,23.800089,22.6416678,24.9585102,22.18875,25.411428,21.71767475,25.88250325
2023-11-14 20:00:00,23.4,24.281223,23.1228018,25.4396442,22.669884,25.892562,22.19880875,26.36363725
2023-11-14 21:00:00,23.9,24.654364,23.4959428,25.8127852,23.043025,26.265703000000002,22.57194975,26.73677825
2023-11-14 22:00:00,24.2,25.21941,24.0609888,26.3778312,23.608071,26.830749,23.13699575,27.30182425
2023-11-14 23:00:00,23.7,25.173141,24.0147198,26.3315622,23.561802,26.784480000000002,23.09072675,27.25555525
2023-11-15 00:00:00,24.0,24.97274,23.814318800000002,26.1311612,23.361401,26.584079000000003,22.890325750000002,27.05515425
2023-11-15 01:00:00,24.2,25.150288,23.9918668,26.3087092,23.538949,26.761627,23.06787375,27.23270225
2023-11-15 02:00:00,24.3,24.743872,23.5854508,25.9022932,23.132533,26.355211,22.66145775,26.82628625
2023-11-15 03:00:00,23.7,24.660976,23.502554800000002,25.8193972,23.049637,26.272315000000003,22.578561750000002,26.74339025
2023-11-15 04:00:00,23.3,24.505596,23.3471748,25.6640172,22.894257,26.116935,22.42318175,26.58801025
2023-11-15 05:00:00,23.2,24.52166,23.3632388,25.6800812,22.910321,26.132999,22.43924575,26.60407425
2023-11-15 06:00:00,24.7,24.437185,23.2787638,25.5956062,22.825846,26.048524,22.35477075,26.51959925
2023-11-15 07:00:00,25.3,24.677156,23.5187348,25.8355772,23.065817,26.288495,22.59474175,26.75957025
2023-11-15 08:00:00,26.2,25.101055,23.9426338,26.259476199999998,23.489715999999998,26.712394,23.01864075,27.183469249999998
2023-11-15 09:00:00,27.8,25.773972,24.6155508,26.9323932,24.162633,27.385311,23.69155775,27.85638625
2023-11-15 10:00:00,28.9,26.844662,25.6862408,28.0030832,25.233323,28.456001,24.76224775,28.92707625
2023-11-15 11:00:00,29.1,26.068848,24.9104268,27.2272692,24.457508999999998,27.680187,23.98643375,28.15126225
2023-11-15 12:00:00,29.2,25.547598,24.3891768,26.7060192,23.936259,27.158937,23.46518375,27.63001225
2023-11-15 13:00:00,29.4,25.049103,23.8906818,26.207524199999998,23.437763999999998,26.660442,22.96668875,27.131517249999998
2023-11-15 14:00:00,28.5,24.56856,23.410138800000002,25.7269812,22.957221,26.179899000000002,22.486145750000002,26.65097425
2023-11-15 15:00:00,28.3,25.090357,23.9319358,26.2487782,23.479018,26.701696000000002,23.00794275,27.17277125
2023-11-15 16:00:00,27.9,24.85405,23.6956288,26.0124712,23.242711,26.465389000000002,22.77163575,26.93646425
2023-11-15 17:00:00,27.0,24.379068,23.2206468,25.5374892,22.767729,25.990407,22.29665375,26.46148225
2023-11-15 18:00:00,27.3,24.42073,23.2623088,25.5791512,22.809390999999998,26.032069,22.33831575,26.50314425
2023-11-15 19:00:00,27.2,24.539104,23.3806828,25.697525199999998,22.927764999999997,26.150443,22.45668975,26.621518249999998
2023-11-15 20:00:00,27.2,24.382753,23.2243318,25.5411742,22.771414,25.994092000000002,22.30033875,26.46516725
2023-11-15 21:00:00,27.2,24.153221,22.9947998,25.311642199999998,22.541881999999998,25.76456,22.07080675,26.235635249999998
2023-11-15 22:00:00,26.9,24.17429,23.0158688,25.3327112,22.562950999999998,25.785629,22.09187575,26.25670425
2023-11-15 23:00:00,26.7,24.24524,23.0868188,25.4036612,22.633900999999998,25.856579,22.16282575,26.32765425
2023-11-16 00:00:00,26.4,24.222223,23.0638018,25.3806442,22.610884,25.833562,22.13980875,26.30463725
2023-11-16 01:00:00,26.0,24.284006,23.125584800000002,25.4424272,22.672667,25.895345000000002,22.201591750000002,26.36642025
2023-11-16 02:00:00,25.3,24.184196,23.0257748,25.3426172,22.572857,25.795535,22.10178175,26.26661025
2023-11-16 03:00:00,25.2,23.983305,22.824883800000002,25.1417262,22.371966,25.594644000000002,21.900890750000002,26.06571925
2023-11-16 04:00:00,24.8,23.526659,22.3682378,24.685080199999998,21.915319999999998,25.137998,21.44424475,25.609073249999998
2023-11-16 05:00:00,24.3,23.552965,22.3945438,24.7113862,21.941626,25.164304,21.47055075,25.63537925
2023-11-16 06:00:00,25.6,24.111853,22.9534318,25.2702742,22.500514,25.723192,22.02943875,26.19426725
2023-11-16 07:00:00,26.7,25.115856,23.9574348,26.2742772,23.504517,26.727195000000002,23.03344175,27.19827025
2023-11-16 08:00:00,28.1,25.8367,24.6782788,26.9951212,24.225361,27.448039,23.75428575,27.91911425
2023-11-16 09:00:00,28.7,27.071625,25.9132038,28.2300462,25.460286,28.682964000000002,24.98921075,29.15403925
2023-11-16 10:00:00,29.2,27.488552,26.3301308,28.646973199999998,25.877212999999998,29.099891,25.40613775,29.570966249999998
2023-11-16 11:00:00,29.4,27.894484,26.7360628,29.052905199999998,26.283144999999998,29.505823,25.81206975,29.976898249999998
2023-11-16 12:00:00,29.5,27.777937,26.619515800000002,28.9363582,26.166598,29.389276000000002,25.695522750000002,29.86035125
2023-11-16 13:00:00,29.4,27.968248,26.8098268,29.1266692,26.356908999999998,29.579587,25.88583375,30.05066225
2023-11-16 14:00:00,29.3,27.85741,26.698988800000002,29.0158312,26.246071,29.468749000000003,25.774995750000002,29.93982425
2023-11-16 15:00:00,28.7,27.839407,26.680985800000002,28.9978282,26.228068,29.450746000000002,25.756992750000002,29.92182125
2023-11-16 16:00:00,28.3,27.571503,26.4130818,28.7299242,25.960164,29.182842,25.48908875,29.65391725
2023-11-16 17:00:00,27.6,26.665157,25.5067358,27.8235782,25.053818,28.276496,24.58274275,28.74757125
2023-11-16 18:00:00,27.9,26.624071,25.4656498,27.7824922,25.012732,28.23541,24.54165675,28.70648525
2023-11-16 19:00:00,27.7,26.764654,25.6062328,27.9230752,25.153315,28.375993,24.68223975,28.84706825
2023-11-16 20:00:00,27.6,26.664503,25.5060818,27.8229242,25.053164,28.275842,24.58208875,28.74691725
2023-11-16 21:00:00,27.5,26.687792,25.529370800000002,27.8462132,25.076453,28.299131000000003,24.605377750000002,28.77020625
2023-11-16 22:00:00,27.3,26.426493,25.2680718,27.5849142,24.815154,28.037832,24.34407875,28.50890725
2023-11-16 23:00:00,27.0,26.151382,24.992960800000002,27.3098032,24.540043,27.762721000000003,24.068967750000002,28.23379625
2023-11-17 00:00:00,26.6,25.871948,24.7135268,27.0303692,24.260609,27.483287,23.78953375,27.95436225
2023-11-17 01:00:00,26.4,25.605688,24.4472668,26.7641092,23.994349,27.217027,23.52327375,27.68810225
2023-11-17 02:00:00,25.9,25.331833,24.1734118,26.4902542,23.720494,26.943172,23.24941875,27.41424725
2023-11-17 03:00:00,25.7,24.894413,23.7359918,26.0528342,23.283074,26.505752,22.81199875,26.97682725
2023-11-17 04:00:00,25.4,24.787092,23.628670800000002,25.9455132,23.175753,26.398431000000002,22.704677750000002,26.86950625
2023-11-17 05:00:00,25.4,24.888533,23.7301118,26.0469542,23.277193999999998,26.499872,22.80611875,26.97094725
2023-11-17 06:00:00,26.0,24.916008,23.757586800000002,26.0744292,23.304669,26.527347000000002,22.833593750000002,26.99842225
2023-11-17 07:00:00,27.3,26.146976,24.9885548,27.305397199999998,24.535636999999998,27.758315,24.06456175,28.229390249999998
2023-11-17 08:00:00,28.3,27.192585,26.0341638,28.3510062,25.581246,28.803924000000002,25.11017075,29.27499925
2023-11-17 09:00:00,28.9,27.664978,26.506556800000002,28.8233992,26.053639,29.276317000000002,25.582563750000002,29.74739225
2023-11-17 10:00:00,29.5,27.769838,26.6114168,28.9282592,26.158499,29.381177,25.68742375,29.85225225
2023-11-17 11:00:00,29.6,27.801907,26.6434858,28.9603282,26.190568,29.413246,25.71949275,29.88432125
2023-11-17 12:00:00,29.7,28.099577,26.9411558,29.2579982,26.488238,29.710916,26.01716275,30.18199125
2023-11-17 13:00:00,29.7,27.898502,26.7400808,29.0569232,26.287163,29.509841,25.81608775,29.98091625
2023-11-17 14:00:00,29.4,28.379839,27.2214178,29.5382602,26.7685,29.991178,26.29742475,30.46225325
2023-11-17 15:00:00,28.9,28.076712,26.9182908,29.2351332,26.465373,29.688051,25.99429775,30.15912625
2023-11-17 16:00:00,28.3,27.859499,26.7010778,29.0179202,26.24816,29.470838,25.77708475,29.94191325
2023-11-17 17:00:00,27.4,27.399843,26.2414218,28.5582642,25.788504,29.011182,25.31742875,29.48225725
2023-11-17 18:00:00,26.9,26.884727,25.726305800000002,28.0431482,25.273388,28.496066000000003,24.802312750000002,28.96714125
2023-11-17 19:00:00,27.2,26.761032,25.6026108,27.9194532,25.149693,28.372371,24.67861775,28.84344625
2023-11-17 20:00:00,27.1,26.6369,25.4784788,27.7953212,25.025561,28.248239,24.55448575,28.71931425
2023-11-17 21:00:00,26.9,26.641212,25.4827908,27.7996332,25.029873,28.252551,24.55879775,28.72362625
2023-11-17 22:00:00,26.8,26.650587,25.492165800000002,27.8090082,25.039248,28.261926000000003,24.568172750000002,28.73300125
2023-11-17 23:00:00,26.9,26.421501,25.2630798,27.5799222,24.810162,28.03284,24.33908675,28.50391525
2023-11-18 00:00:00,26.8,26.011288,24.8528668,27.1697092,24.399949,27.622627,23.92887375,28.09370225
2023-11-18 01:00:00,26.4,25.687807,24.5293858,26.8462282,24.076468,27.299146,23.60539275,27.77022125
2023-11-18 02:00:00,26.1,25.380959,24.2225378,26.5393802,23.76962,26.992298,23.29854475,27.46337325
2023-11-18 03:00:00,25.9,25.24169,24.0832688,26.400111199999998,23.630350999999997,26.853029,23.15927575,27.324104249999998
2023-11-18 04:00:00,25.6,25.058784,23.9003628,26.2172052,23.447445,26.670123,22.97636975,27.14119825
2023-11-18 05:00:00,25.3,25.01221,23.8537888,26.1706312,23.400871,26.623549,22.92979575,27.09462425
2023-11-18 06:00:00,25.7,25.28907,24.1306488,26.447491199999998,23.677730999999998,26.900409,23.20665575,27.371484249999998
2023-11-18 07:00:00,27.1,26.314856,25.1564348,27.4732772,24.703516999999998,27.926195,24.23244175,28.39727025
2023-11-18 08:00:00,28.3,27.296766,26.138344800000002,28.4551872,25.685427,28.908105000000003,25.214351750000002,29.37918025
2023-11-18 09:00:00,29.0,27.218592,26.0601708,28.3770132,25.607253,28.829931000000002,25.13617775,29.30100625
2023-11-18 10:00:00,29.3,28.35028,27.191858800000002,29.5087012,26.738941,29.961619000000002,26.267865750000002,30.43269425
2023-11-18 11:00:00,29.5,28.382236,27.2238148,29.5406572,26.770896999999998,29.993575,26.29982175,30.46465025
2023-11-18 12:00:00,29.7,28.140965,26.982543800000002,29.2993862,26.529626,29.752304000000002,26.058550750000002,30.22337925
2023-11-18 13:00:00,29.5,28.058245,26.8998238,29.2166662,26.446906,29.669584,25.97583075,30.14065925
2023-11-18 14:00:00,29.2,28.103256,26.9448348,29.261677199999998,26.491916999999997,29.714595,26.02084175,30.185670249999998
2023-11-18 15:00:00,28.8,27.344946,26.1865248,28.5033672,25.733607,28.956285,25.26253175,29.42736025
2023-11-18 16:00:00,28.1,27.393757,26.2353358,28.5521782,25.782418,29.005096,25.31134275,29.47617125
2023-11-18 17:00:00,27.3,27.038708,25.8802868,28.1971292,25.427369,28.650047,24.95629375,29.12112225
2023-11-18 18:00:00,26.7,26.668356,25.5099348,27.8267772,25.057017,28.279695,24.58594175,28.75077025
2023-11-18 19:00:00,26.6,26.600143,25.4417218,27.7585642,24.988804,28.211482,24.51772875,28.68255725
2023-11-18 20:00:00,26.6,26.710524,25.5521028,27.8689452,25.099185,28.321863,24.62810975,28.79293825
2023-11-18 21:00:00,26.4,26.524376,25.3659548,27.6827972,24.913037,28.135715,24.44196175,28.60679025
2023-11-18 22:00:00,26.5,26.222437,25.0640158,27.3808582,24.611098,27.833776,24.14002275,28.30485125
2023-11-18 23:00:00,26.3,26.106049,24.9476278,27.264470199999998,24.494709999999998,27.717388,24.02363475,28.188463249999998
2023-11-19 00:00:00,25.9,25.945665,24.787243800000002,27.1040862,24.334326,27.557004000000003,23.863250750000002,28.02807925
2023-11-19 01:00:00,25.7,25.717976,24.5595548,26.8763972,24.106637,27.329315,23.63556175,27.80039025
2023-11-19 02:00:00,25.5,25.466515,24.3080938,26.6249362,23.855176,27.077854000000002,23.38410075,27.54892925
2023-11-19 03:00:00,25.4,25.360004,24.2015828,26.5184252,23.748665,26.971343,23.27758975,27.44241825
2023-11-19 04:00:00,25.3,25.077312,23.9188908,26.2357332,23.465972999999998,26.688651,22.99489775,27.15972625
2023-11-19 05:00:00,25.2,24.895483,23.7370618,26.053904199999998,23.284143999999998,26.506822,22.81306875,26.977897249999998
2023-11-19 06:00:00,25.9,25.231125,24.0727038,26.389546199999998,23.619785999999998,26.842464,23.14871075,27.313539249999998
2023-11-19 07:00:00,26.0,26.267916,25.1094948,27.4263372,24.656577,27.879255,24.18550175,28.35033025
2023-11-19 08:00:00,26.3,27.144812,25.986390800000002,28.3032332,25.533473,28.756151000000003,25.062397750000002,29.22722625
2023-11-19 09:00:00,26.0,27.871561,26.7131398,29.0299822,26.260222,29.4829,25.78914675,29.95397525
2023-11-19 10:00:00,26.5,27.690931,26.5325098,28.8493522,26.079591999999998,29.30227,25.60851675,29.77334525
2023-11-19 11:00:00,27.2,28.03316,26.8747388,29.191581199999998,26.421820999999998,29.644499,25.95074575,30.115574249999998
2023-11-19 12:00:00,26.3,27.974342,26.8159208,29.1327632,26.363003,29.585681,25.89192775,30.05675625
2023-11-19 13:00:00,25.8,28.56521,27.4067888,29.7236312,26.953871,30.176549,26.48279575,30.64762425
2023-11-19 14:00:00,25.7,28.029388,26.8709668,29.1878092,26.418049,29.640727000000002,25.94697375,30.11180225
2023-11-19 15:00:00,25.5,27.332788,26.1743668,28.4912092,25.721449,28.944127,25.25037375,29.41520225
2023-11-19 16:00:00,25.2,26.77475,25.6163288,27.9331712,25.163411,28.386089000000002,24.69233575,28.85716425
2023-11-19 17:00:00,24.9,26.586227,25.4278058,27.7446482,24.974888,28.197566000000002,24.50381275,28.66864125
2023-11-19 18:00:00,25.1,26.186378,25.027956800000002,27.3447992,24.575039,27.797717000000002,24.103963750000002,28.26879225
2023-11-19 19:00:00,25.2,26.06505,24.9066288,27.2234712,24.453711,27.676389,23.98263575,28.14746425
2023-11-19 20:00:00,25.0,26.091925,24.9335038,27.2503462,24.480586,27.703264,24.00951075,28.17433925
2023-11-19 21:00:00,24.8,26.097862,24.9394408,27.2562832,24.486523,27.709201,24.01544775,28.18027625
2023-11-19 22:00:00,24.9,26.024872,24.8664508,27.183293199999998,24.413532999999997,27.636211,23.94245775,28.107286249999998
2023-11-19 23:00:00,24.8,25.854065,24.6956438,27.012486199999998,24.242725999999998,27.465404,23.77165075,27.936479249999998
2023-11-20 00:00:00,24.9,25.711794,24.5533728,26.8702152,24.100455,27.323133000000002,23.629379750000002,27.79420825
2023-11-20 01:00:00,25.1,25.472881,24.3144598,26.6313022,23.861542,27.084220000000002,23.39046675,27.55529525
2023-11-20 02:00:00,25.0,25.037664,23.8792428,26.1960852,23.426325,26.649003,22.95524975,27.12007825
2023-11-20 03:00:00,24.7,24.691769,23.5333478,25.8501902,23.08043,26.303108,22.60935475,26.77418325
2023-11-20 04:00:00,24.6,24.85548,23.6970588,26.0139012,23.244141,26.466819,22.77306575,26.93789425
2023-11-20 05:00:00,24.2,24.769068,23.6106468,25.9274892,23.157729,26.380407,22.68665375,26.85148225
2023-11-20 06:00:00,24.4,25.168497,24.0100758,26.326918199999998,23.557157999999998,26.779836,23.08608275,27.250911249999998
2023-11-20 07:00:00,25.1,25.941093,24.7826718,27.099514199999998,24.329753999999998,27.552432,23.85867875,28.023507249999998
2023-11-20 08:00:00,26.1,26.091356,24.9329348,27.2497772,24.480017,27.702695000000002,24.00894175,28.17377025
2023-11-20 09:00:00,26.4,26.682266,25.5238448,27.840687199999998,25.070926999999998,28.293605,24.59985175,28.764680249999998
2023-11-20 10:00:00,27.0,26.625124,25.4667028,27.7835452,25.013785,28.236463,24.54270975,28.70753825
2023-11-20 11:00:00,27.5,26.287992,25.1295708,27.4464132,24.676652999999998,27.899331,24.20557775,28.37040625
2023-11-20 12:00:00,27.4,25.865692,24.7072708,27.0241132,24.254353,27.477031,23.78327775,27.94810625
2023-11-20 13:00:00,26.6,25.293264,24.1348428,26.4516852,23.681925,26.904603,23.21084975,27.37567825
2023-11-20 14:00:00,26.6,25.160568,24.002146800000002,26.3189892,23.549229,26.771907000000002,23.078153750000002,27.24298225
2023-11-20 15:00:00,26.7,25.209356,24.0509348,26.3677772,23.598017,26.820695,23.12694175,27.29177025
2023-11-20 16:00:00,26.4,25.493034,24.334612800000002,26.6514552,23.881695,27.104373000000002,23.410619750000002,27.57544825
2023-11-20 17:00:00,26.1,25.381054,24.2226328,26.5394752,23.769714999999998,26.992393,23.29863975,27.46346825
2023-11-20 18:00:00,25.3,25.443623,24.2852018,26.602044199999998,23.832283999999998,27.054962,23.36120875,27.526037249999998
2023-11-20 19:00:00,25.1,25.39805,24.239628800000002,26.5564712,23.786711,27.009389000000002,23.315635750000002,27.48046425
2023-11-20 20:00:00,25.1,25.22079,24.0623688,26.3792112,23.609451,26.832129000000002,23.13837575,27.30320425
2023-11-20 21:00:00,24.7,24.861046,23.702624800000002,26.0194672,23.249707,26.472385000000003,22.778631750000002,26.94346025
2023-11-20 22:00:00,24.6,25.472918,24.3144968,26.6313392,23.861579,27.084257,23.39050375,27.55533225
2023-11-20 23:00:00,24.2,25.04074,23.8823188,26.1991612,23.429401,26.652079,22.95832575,27.12315425
2023-11-21 00:00:00,24.1,24.478024,23.319602800000002,25.6364452,22.866685,26.089363000000002,22.395609750000002,26.56043825
2023-11-21 01:00:00,24.2,24.364504,23.2060828,25.5229252,22.753165,25.975843,22.28208975,26.44691825
2023-11-21 02:00:00,24.2,24.186413,23.027991800000002,25.3448342,22.575074,25.797752000000003,22.103998750000002,26.26882725
2023-11-21 03:00:00,24.0,24.001862,22.8434408,25.1602832,22.390522999999998,25.613201,21.91944775,26.08427625
2023-11-21 04:00:00,23.9,24.006346,22.8479248,25.1647672,22.395007,25.617685,21.92393175,26.08876025
2023-11-21 05:00:00,23.8,23.960136,22.8017148,25.118557199999998,22.348796999999998,25.571475,21.87772175,26.042550249999998
2023-11-21 06:00:00,24.6,24.232632,23.0742108,25.391053199999998,22.621292999999998,25.843971,22.15021775,26.315046249999998
2023-11-21 07:00:00,25.0,24.932098,23.7736768,26.0905192,23.320759,26.543437,22.84968375,27.01451225
2023-11-21 08:00:00,26.3,25.839952,24.6815308,26.9983732,24.228613,27.451291,23.75753775,27.92236625
2023-11-21 09:00:00,26.8,26.867659,25.7092378,28.0260802,25.25632,28.478998,24.78524475,28.95007325
2023-11-21 10:00:00,27.2,26.920204,25.7617828,28.078625199999998,25.308864999999997,28.531543,24.83778975,29.002618249999998
2023-11-21 11:00:00,28.1,27.586477,26.4280558,28.744898199999998,25.975137999999998,29.197816,25.50406275,29.668891249999998
2023-11-21 12:00:00,28.2,27.41802,26.2595988,28.576441199999998,25.806680999999998,29.029359,25.33560575,29.500434249999998
2023-11-21 13:00:00,28.1,27.086538,25.9281168,28.2449592,25.475199,28.697877000000002,25.00412375,29.16895225
2023-11-21 14:00:00,28.0,26.879961,25.721539800000002,28.0383822,25.268622,28.491300000000003,24.797546750000002,28.96237525
2023-11-21 15:00:00,27.9,26.585812,25.4273908,27.7442332,24.974473,28.197151,24.50339775,28.66822625
2023-11-21 16:00:00,27.5,26.236778,25.0783568,27.3951992,24.625439,27.848117000000002,24.15436375,28.31919225
2023-11-21 17:00:00,26.8,25.828047,24.669625800000002,26.9864682,24.216708,27.439386000000002,23.745632750000002,27.91046125
2023-11-21 18:00:00,26.4,25.436745,24.2783238,26.595166199999998,23.825405999999997,27.048084,23.35433075,27.519159249999998
2023-11-21 19:00:00,26.1,25.378439,24.2200178,26.5368602,23.7671,26.989778,23.29602475,27.46085325
2023-11-21 20:00:00,25.4,25.333567,24.1751458,26.491988199999998,23.722227999999998,26.944906,23.25115275,27.415981249999998
2023-11-21 21:00:00,25.5,25.17,24.011578800000002,26.3284212,23.558661,26.781339000000003,23.087585750000002,27.25241425
2023-11-21 22:00:00,25.5,25.325516,24.1670948,26.4839372,23.714177,26.936855,23.24310175,27.40793025
2023-11-21 23:00:00,26.1,25.08896,23.9305388,26.2473812,23.477621,26.700299,23.00654575,27.17137425
2023-11-22 00:00:00,26.2,24.657671,23.4992498,25.8160922,23.046332,26.26901,22.57525675,26.74008525
2023-11-22 01:00:00,25.5,24.309381,23.1509598,25.467802199999998,22.698041999999997,25.92072,22.22696675,26.391795249999998
2023-11-22 02:00:00,25.4,24.076988,22.9185668,25.2354092,22.465649,25.688327,21.99457375,26.15940225
2023-11-22 03:00:00,25.1,23.918394,22.7599728,25.0768152,22.307055,25.529733,21.83597975,26.00080825
2023-11-22 04:00:00,25.1,23.98544,22.8270188,25.1438612,22.374101,25.596779,21.90302575,26.06785425
2023-11-22 05:00:00,24.8,24.104681,22.9462598,25.2631022,22.493342,25.71602,22.02226675,26.18709525
2023-11-22 06:00:00,24.7,24.513885,23.3554638,25.672306199999998,22.902545999999997,26.125224,22.43147075,26.596299249999998
2023-11-22 07:00:00,25.1,25.014645,23.856223800000002,26.1730662,23.403306,26.625984000000003,22.932230750000002,27.09705925
2023-11-22 08:00:00,25.7,26.050304,24.8918828,27.2087252,24.438965,27.661643,23.96788975,28.13271825
2023-11-22 09:00:00,25.3,26.932568,25.7741468,28.0909892,25.321229,28.543907,24.85015375,29.01498225
2023-11-22 10:00:00,26.1,27.539888,26.381466800000002,28.6983092,25.928549,29.151227000000002,25.457473750000002,29.62230225
2023-11-22 11:00:00,26.5,28.285854,27.1274328,29.4442752,26.674515,29.897193,26.20343975,30.36826825
2023-11-22 12:00:00,26.6,27.86934,26.7109188,29.0277612,26.258001,29.480679000000002,25.78692575,29.95175425
2023-11-22 13:00:00,26.5,27.85697,26.6985488,29.0153912,26.245631,29.468309,25.77455575,29.93938425
2023-11-22 14:00:00,25.9,27.684431,26.5260098,28.8428522,26.073092,29.29577,25.60201675,29.76684525
2023-11-22 15:00:00,26.0,27.682375,26.5239538,28.8407962,26.071036,29.293714,25.59996075,29.76478925
2023-11-22 16:00:00,26.1,27.039957,25.8815358,28.1983782,25.428618,28.651296000000002,24.95754275,29.12237125
2023-11-22 17:00:00,25.9,26.479097,25.3206758,27.6375182,24.867758,28.090436,24.39668275,28.56151125
2023-11-22 18:00:00,26.3,26.03055,24.872128800000002,27.1889712,24.419211,27.641889000000003,23.948135750000002,28.11296425
2023-11-22 19:00:00,26.1,25.869055,24.7106338,27.0274762,24.257716,27.480394,23.78664075,27.95146925
2023-11-22 20:00:00,26.0,25.4916,24.3331788,26.650021199999998,23.880260999999997,27.102939,23.40918575,27.574014249999998
2023-11-22 21:00:00,26.0,25.187227,24.0288058,26.3456482,23.575888,26.798566,23.10481275,27.26964125
2023-11-22 22:00:00,25.9,25.23382,24.075398800000002,26.3922412,23.622481,26.845159000000002,23.151405750000002,27.31623425
2023-11-22 23:00:00,25.8,25.411219,24.2527978,26.5696402,23.799879999999998,27.022558,23.32880475,27.49363325
2023-11-23 00:00:00,25.9,25.494425,24.3360038,26.6528462,23.883086,27.105764,23.41201075,27.57683925
2023-11-23 01:00:00,25.9,25.115576,23.9571548,26.2739972,23.504237,26.726915,23.03316175,27.19799025
2023-11-23 02:00:00,25.6,24.77896,23.620538800000002,25.9373812,23.167621,26.390299000000002,22.696545750000002,26.86137425
2023-11-23 03:00:00,25.1,24.690619,23.532197800000002,25.8490402,23.07928,26.301958000000003,22.608204750000002,26.77303325
2023-11-23 04:00:00,25.3,24.611078,23.4526568,25.7694992,22.999738999999998,26.222417,22.52866375,26.69349225
2023-11-23 05:00:00,25.2,24.636227,23.477805800000002,25.7946482,23.024888,26.247566000000003,22.553812750000002,26.71864125
2023-11-23 06:00:00,25.8,24.724857,23.5664358,25.8832782,23.113518,26.336196,22.64244275,26.80727125
2023-11-23 07:00:00,25.7,25.231388,24.0729668,26.3898092,23.620048999999998,26.842727,23.14897375,27.31380225
2023-11-23 08:00:00,26.1,26.09605,24.937628800000002,27.2544712,24.484711,27.707389000000003,24.013635750000002,28.17846425
2023-11-23 09:00:00,26.6,26.984432,25.826010800000002,28.1428532,25.373093,28.595771000000003,24.902017750000002,29.06684625
2023-11-23 10:00:00,26.4,27.114494,25.9560728,28.2729152,25.503155,28.725833,25.03207975,29.19690825
2023-11-23 11:00:00,27.0,27.448042,26.2896208,28.6064632,25.836703,29.059381000000002,25.36562775,29.53045625
2023-11-23 12:00:00,27.8,27.333931,26.1755098,28.4923522,25.722592,28.94527,25.25151675,29.41634525
2023-11-23 13:00:00,28.0,27.22939,26.0709688,28.387811199999998,25.618050999999998,28.840729,25.14697575,29.311804249999998
2023-11-23 14:00:00,27.2,27.12285,25.9644288,28.2812712,25.511511,28.734189,25.04043575,29.20526425
2023-11-23 15:00:00,26.8,26.940937,25.782515800000002,28.0993582,25.329598,28.552276000000003,24.858522750000002,29.02335125
2023-11-23 16:00:00,26.2,26.483683,25.3252618,27.6421042,24.872344,28.095022,24.40126875,28.56609725
2023-11-23 17:00:00,25.9,26.236828,25.0784068,27.3952492,24.625488999999998,27.848167,24.15441375,28.31924225
2023-11-23 18:00:00,25.1,25.90667,24.7482488,27.065091199999998,24.295330999999997,27.518009,23.82425575,27.989084249999998
2023-11-23 19:00:00,24.2,25.96844,24.8100188,27.1268612,24.357101,27.579779000000002,23.88602575,28.05085425
2023-11-23 20:00:00,24.7,25.848839,24.690417800000002,27.0072602,24.2375,27.460178000000003,23.766424750000002,27.93125325
2023-11-23 21:00:00,24.2,25.786394,24.627972800000002,26.9448152,24.175055,27.397733000000002,23.703979750000002,27.86880825
2023-11-23 22:00:00,24.2,25.752563,24.5941418,26.910984199999998,24.141223999999998,27.363902,23.67014875,27.834977249999998
2023-11-23 23:00:00,24.5,25.567158,24.4087368,26.7255792,23.955818999999998,27.178497,23.48474375,27.64957225
2023-11-24 00:00:00,24.5,25.431513,24.2730918,26.5899342,23.820173999999998,27.042852,23.34909875,27.51392725
2023-11-24 01:00:00,24.3,25.184572,24.0261508,26.3429932,23.573233,26.795911,23.10215775,27.26698625
2023-11-24 02:00:00,23.9,24.8783,23.7198788,26.0367212,23.266961,26.489639,22.79588575,26.96071425
2023-11-24 03:00:00,24.0,24.56122,23.4027988,25.719641199999998,22.949880999999998,26.172559,22.47880575,26.643634249999998
2023-11-24 04:00:00,23.9,24.673721,23.5152998,25.8321422,23.062382,26.28506,22.59130675,26.75613525
2023-11-24 05:00:00,23.9,24.639896,23.4814748,25.7983172,23.028557,26.251235,22.55748175,26.72231025
2023-11-24 06:00:00,25.0,25.288864,24.1304428,26.4472852,23.677525,26.900203,23.20644975,27.37127825
2023-11-24 07:00:00,25.9,25.597155,24.4387338,26.7555762,23.985816,27.208494,23.51474075,27.67956925
2023-11-24 08:00:00,26.7,26.379608,25.2211868,27.5380292,24.768269,27.990947000000002,24.29719375,28.46202225
2023-11-24 09:00:00,28.1,26.787941,25.6295198,27.9463622,25.176602,28.39928,24.70552675,28.87035525
2023-11-24 10:00:00,28.5,27.259802,26.1013808,28.4182232,25.648463,28.871141,25.17738775,29.34221625
2023-11-24 11:00:00,27.5,27.527925,26.3695038,28.6863462,25.916586,29.139264,25.44551075,29.61033925
2023-11-24 12:00:00,27.7,27.82353,26.665108800000002,28.9819512,26.212191,29.434869000000003,25.741115750000002,29.90594425
2023-11-24 13:00:00,28.6,27.650877,26.492455800000002,28.8092982,26.039538,29.262216000000002,25.568462750000002,29.73329125
2023-11-24 14:00:00,26.5,27.209438,26.0510168,28.367859199999998,25.598098999999998,28.820777,25.12702375,29.291852249999998
2023-11-24 15:00:00,27.9,26.867931,25.7095098,28.026352199999998,25.256591999999998,28.47927,24.78551675,28.950345249999998
2023-11-24 16:00:00,27.8,26.388416,25.2299948,27.5468372,24.777077,27.999755,24.30600175,28.47083025
2023-11-24 17:00:00,27.6,25.965801,24.8073798,27.1242222,24.354461999999998,27.57714,23.88338675,28.04821525
2023-11-24 18:00:00,27.4,25.565397,24.4069758,26.7238182,23.954058,27.176736000000002,23.48298275,27.64781125
2023-11-24 19:00:00,27.2,25.086628,23.9282068,26.2450492,23.475289,26.697967000000002,23.00421375,27.16904225
2023-11-24 20:00:00,27.1,25.086376,23.927954800000002,26.2447972,23.475037,26.697715000000002,23.003961750000002,27.16879025
2023-11-24 21:00:00,27.1,24.903719,23.7452978,26.062140199999998,23.292379999999998,26.515058,22.82130475,26.986133249999998
2023-11-24 22:00:00,27.0,24.85794,23.6995188,26.0163612,23.246601,26.469279,22.77552575,26.94035425
2023-11-24 23:00:00,26.8,24.803492,23.6450708,25.961913199999998,23.192152999999998,26.414831,22.72107775,26.885906249999998
2023-11-25 00:00:00,26.7,24.606558,23.4481368,25.7649792,22.995219,26.217897,22.52414375,26.68897225
2023-11-25 01:00:00,26.4,24.385756,23.2273348,25.5441772,22.774417,25.997095,22.30334175,26.46817025
2023-11-25 02:00:00,25.7,24.238394,23.0799728,25.3968152,22.627055,25.849733,22.15597975,26.32080825
2023-11-25 03:00:00,25.9,24.063135,22.9047138,25.2215562,22.451795999999998,25.674474,21.98072075,26.14554925
2023-11-25 04:00:00,25.0,24.233862,23.0754408,25.392283199999998,22.622522999999997,25.845201,22.15144775,26.316276249999998
2023-11-25 05:00:00,23.4,24.32046,23.1620388,25.4788812,22.709121,25.931799,22.23804575,26.40287425
2023-11-25 06:00:00,25.0,24.73905,23.5806288,25.8974712,23.127710999999998,26.350389,22.65663575,26.82146425
2023-11-25 07:00:00,26.0,25.768929,24.6105078,26.9273502,24.15759,27.380268,23.68651475,27.85134325
2023-11-25 08:00:00,27.3,26.700613,25.5421918,27.8590342,25.089274,28.311952,24.61819875,28.78302725
2023-11-25 09:00:00,27.8,27.854181,26.6957598,29.0126022,26.242842,29.46552,25.77176675,29.93659525
2023-11-25 10:00:00,28.7,28.103434,26.9450128,29.2618552,26.492095,29.714773,26.02101975,30.18584825
2023-11-25 11:00:00,28.6,28.008278,26.8498568,29.1666992,26.396939,29.619617,25.92586375,30.09069225
2023-11-25 12:00:00,29.1,27.917744,26.7593228,29.0761652,26.306404999999998,29.529083,25.83532975,30.00015825
2023-11-25 13:00:00,29.0,28.433167,27.2747458,29.5915882,26.821828,30.044506000000002,26.35075275,30.51558125
2023-11-25 14:00:00,28.4,27.836515,26.6780938,28.994936199999998,26.225175999999998,29.447854,25.75410075,29.918929249999998
2023-11-25 15:00:00,28.5,27.347149,26.188727800000002,28.5055702,25.73581,28.958488000000003,25.264734750000002,29.42956325
2023-11-25 16:00:00,27.7,27.544065,26.3856438,28.7024862,25.932726,29.155404,25.46165075,29.62647925
2023-11-25 17:00:00,26.4,27.123878,25.965456800000002,28.2822992,25.512539,28.735217000000002,25.041463750000002,29.20629225
2023-11-25 18:00:00,24.0,26.54688,25.388458800000002,27.7053012,24.935541,28.158219000000003,24.464465750000002,28.62929425
2023-11-25 19:00:00,24.7,26.511074,25.3526528,27.6694952,24.899735,28.122413,24.42865975,28.59348825
2023-11-25 20:00:00,25.3,26.480225,25.3218038,27.6386462,24.868886,28.091564,24.39781075,28.56263925
2023-11-25 21:00:00,25.8,26.470926,25.3125048,27.629347199999998,24.859586999999998,28.082265,24.38851175,28.553340249999998
2023-11-25 22:00:00,25.3,26.442032,25.2836108,27.6004532,24.830693,28.053371000000002,24.35961775,28.52444625
2023-11-25 23:00:00,24.7,26.156158,24.997736800000002,27.3145792,24.544819,27.767497000000002,24.073743750000002,28.23857225
2023-11-26 00:00:00,24.3,25.980719,24.8222978,27.1391402,24.36938,27.592058,23.89830475,28.06313325
2023-11-26 01:00:00,24.0,25.769562,24.6111408,26.9279832,24.158223,27.380901,23.68714775,27.85197625
2023-11-26 02:00:00,24.5,25.174149,24.0157278,26.3325702,23.56281,26.785488,23.09173475,27.25656325
2023-11-26 03:00:00,24.5,25.528568,24.3701468,26.6869892,23.917229,27.139907,23.44615375,27.61098225
2023-11-26 04:00:00,24.7,24.82516,23.6667388,25.9835812,23.213821,26.436499,22.74274575,26.90757425
2023-11-26 05:00:00,25.3,24.296427,23.138005800000002,25.4548482,22.685088,25.907766000000002,22.214012750000002,26.37884125
2023-11-26 06:00:00,25.9,24.553102,23.3946808,25.7115232,22.941762999999998,26.164441,22.47068775,26.63551625
2023-11-26 07:00:00,26.7,25.691893,24.5334718,26.8503142,24.080554,27.303232,23.60947875,27.77430725
2023-11-26 08:00:00,27.6,26.805033,25.646611800000002,27.9634542,25.193694,28.416372000000003,24.722618750000002,28.88744725
2023-11-26 09:00:00,28.7,27.663427,26.5050058,28.821848199999998,26.052087999999998,29.274766,25.58101275,29.745841249999998
2023-11-26 10:00:00,29.2,27.972164,26.8137428,29.1305852,26.360825,29.583503,25.88974975,30.05457825
2023-11-26 11:00:00,29.1,28.260946,27.1025248,29.4193672,26.649607,29.872285,26.17853175,30.34336025
2023-11-26 12:00:00,29.7,28.328127,27.1697058,29.486548199999998,26.716787999999998,29.939466,26.24571275,30.410541249999998
2023-11-26 13:00:00,29.5,28.158098,26.9996768,29.3165192,26.546758999999998,29.769437,26.07568375,30.24051225
2023-11-26 14:00:00,29.3,27.868534,26.7101128,29.0269552,26.257195,29.479873,25.78611975,29.95094825
2023-11-26 15:00:00,28.9,27.746595,26.5881738,28.9050162,26.135256,29.357934,25.66418075,29.82900925
2023-11-26 16:00:00,28.3,27.449656,26.2912348,28.6080772,25.838317,29.060995000000002,25.36724175,29.53207025
2023-11-26 17:00:00,27.4,26.957663,25.7992418,28.1160842,25.346324,28.569002,24.87524875,29.04007725
2023-11-26 18:00:00,26.5,25.335566,24.1771448,26.4939872,23.724227,26.946905,23.25315175,27.41798025
2023-11-26 19:00:00,26.7,25.158308,23.999886800000002,26.3167292,23.546969,26.769647000000003,23.075893750000002,27.24072225
2023-11-26 20:00:00,26.4,25.589964,24.4315428,26.748385199999998,23.978624999999997,27.201303,23.50754975,27.672378249999998
2023-11-26 21:00:00,25.6,25.890493,24.7320718,27.0489142,24.279154,27.501832,23.80807875,27.97290725
2023-11-26 22:00:00,25.5,25.876785,24.718363800000002,27.0352062,24.265446,27.488124000000003,23.794370750000002,27.95919925
2023-11-26 23:00:00,25.3,25.200872,24.0424508,26.3592932,23.589533,26.812211,23.11845775,27.28328625
2023-11-27 00:00:00,24.8,24.921747,23.7633258,26.0801682,23.310408,26.533086,22.83933275,27.00416125
2023-11-27 01:00:00,24.2,24.891193,23.732771800000002,26.0496142,23.279854,26.502532000000002,22.808778750000002,26.97360725
2023-11-27 02:00:00,23.8,24.496847,23.3384258,25.6552682,22.885507999999998,26.108186,22.41443275,26.57926125
2023-11-27 03:00:00,23.3,24.574802,23.4163808,25.733223199999998,22.963462999999997,26.186141,22.49238775,26.657216249999998
2023-11-27 04:00:00,23.7,24.440071,23.2816498,25.5984922,22.828732,26.05141,22.35765675,26.52248525
2023-11-27 05:00:00,23.8,24.754457,23.5960358,25.912878199999998,23.143117999999998,26.365796,22.67204275,26.836871249999998
2023-11-27 06:00:00,25.4,25.351196,24.192774800000002,26.5096172,23.739857,26.962535000000003,23.268781750000002,27.43361025
2023-11-27 07:00:00,26.7,26.323627,25.1652058,27.482048199999998,24.712287999999997,27.934966,24.24121275,28.406041249999998
2023-11-27 08:00:00,28.0,27.153664,25.9952428,28.3120852,25.542324999999998,28.765003,25.07124975,29.23607825
2023-11-27 09:00:00,27.9,28.008442,26.8500208,29.166863199999998,26.397102999999998,29.619781,25.92602775,30.090856249999998
2023-11-27 10:00:00,28.1,28.49247,27.3340488,29.6508912,26.881131,30.103809000000002,26.41005575,30.57488425
2023-11-27 11:00:00,28.9,28.562836,27.4044148,29.7212572,26.951497,30.174175,26.48042175,30.64525025
2023-11-27 12:00:00,27.4,29.034475,27.8760538,30.1928962,27.423136,30.645814,26.95206075,31.11688925
2023-11-27 13:00:00,28.2,29.070549,27.9121278,30.2289702,27.45921,30.681888,26.98813475,31.15296325
2023-11-27 14:00:00,26.4,28.705471,27.5470498,29.8638922,27.094132,30.31681,26.62305675,30.78788525
2023-11-27 15:00:00,26.5,28.428585,27.270163800000002,29.5870062,26.817246,30.039924000000003,26.346170750000002,30.51099925
2023-11-27 16:00:00,26.3,27.86464,26.706218800000002,29.0230612,26.253301,29.475979000000002,25.782225750000002,29.94705425
2023-11-27 17:00:00,25.8,27.14782,25.9893988,28.3062412,25.536481,28.759159,25.06540575,29.23023425
2023-11-27 18:00:00,25.4,26.452343,25.2939218,27.6107642,24.841003999999998,28.063682,24.36992875,28.53475725
2023-11-27 19:00:00,24.1,26.34315,25.184728800000002,27.5015712,24.731811,27.954489000000002,24.260735750000002,28.42556425
2023-11-27 20:00:00,25.0,26.187155,25.0287338,27.3455762,24.575816,27.798494,24.10474075,28.26956925
2023-11-27 21:00:00,24.5,25.649063,24.490641800000002,26.8074842,24.037724,27.260402000000003,23.566648750000002,27.73147725
2023-11-27 22:00:00,24.8,25.644482,24.4860608,26.8029032,24.033143,27.255821,23.56206775,27.72689625
2023-11-27 23:00:00,24.3,25.479738,24.3213168,26.6381592,23.868399,27.091077000000002,23.39732375,27.56215225
2023-11-28 00:00:00,24.1,25.012676,23.8542548,26.1710972,23.401336999999998,26.624015,22.93026175,27.09509025
2023-11-28 01:00:00,23.7,24.99266,23.8342388,26.1510812,23.381321,26.603999,22.91024575,27.07507425
2023-11-28 02:00:00,23.1,24.474192,23.3157708,25.632613199999998,22.862852999999998,26.085531,22.39177775,26.556606249999998
2023-11-28 03:00:00,23.2,24.178988,23.0205668,25.3374092,22.567649,25.790327,22.09657375,26.26140225
2023-11-28 04:00:00,23.4,24.047924,22.8895028,25.206345199999998,22.436584999999997,25.659263,21.96550975,26.130338249999998
2023-11-28 05:00:00,23.7,24.33418,23.1757588,25.4926012,22.722841,25.945519,22.25176575,26.41659425
2023-11-28 06:00:00,24.1,24.707922,23.5495008,25.8663432,23.096583,26.319261,22.62550775,26.79033625
2023-11-28 07:00:00,25.3,26.105871,24.9474498,27.2642922,24.494532,27.71721,24.02345675,28.18828525
2023-11-28 08:00:00,26.5,27.496067,26.3376458,28.6544882,25.884728,29.107406,25.41365275,29.57848125
2023-11-28 09:00:00,27.5,27.74831,26.5898888,28.9067312,26.136971,29.359649,25.66589575,29.83072425
2023-11-28 10:00:00,26.4,27.921314,26.7628928,29.0797352,26.309974999999998,29.532653,25.83889975,30.003728249999998
2023-11-28 11:00:00,26.0,28.601812,27.4433908,29.7602332,26.990472999999998,30.213151,26.51939775,30.68422625
2023-11-28 12:00:00,25.8,28.668037,27.509615800000002,29.8264582,27.056698,30.279376000000003,26.585622750000002,30.75045125
2023-11-28 13:00:00,25.8,28.246069,27.0876478,29.404490199999998,26.634729999999998,29.857408,26.16365475,30.328483249999998
2023-11-28 14:00:00,25.9,27.547623,26.389201800000002,28.7060442,25.936284,29.158962000000002,25.465208750000002,29.63003725
2023-11-28 15:00:00,25.8,27.186874,26.0284528,28.3452952,25.575535,28.798213,25.10445975,29.26928825
2023-11-28 16:00:00,25.7,26.985529,25.8271078,28.1439502,25.37419,28.596868,24.90311475,29.06794325
2023-11-28 17:00:00,25.5,26.457468,25.2990468,27.615889199999998,24.846128999999998,28.068807,24.37505375,28.539882249999998
2023-11-28 18:00:00,24.5,25.655647,24.4972258,26.814068199999998,24.044307999999997,27.266986,23.57323275,27.738061249999998
2023-11-28 19:00:00,24.8,24.823385,23.6649638,25.981806199999998,23.212045999999997,26.434724,22.74097075,26.905799249999998
2023-11-28 20:00:00,24.7,25.031588,23.8731668,26.1900092,23.420249,26.642927,22.94917375,27.11400225
2023-11-28 21:00:00,24.9,25.063877,23.905455800000002,26.2222982,23.452538,26.675216000000002,22.981462750000002,27.14629125
2023-11-28 22:00:00,25.0,25.058426,23.9000048,26.2168472,23.447087,26.669765,22.97601175,27.14084025
2023-11-28 23:00:00,24.8,24.906769,23.7483478,26.0651902,23.29543,26.518108,22.82435475,26.98918325
2023-11-29 00:00:00,24.4,24.408974,23.2505528,25.5673952,22.797635,26.020313,22.32655975,26.49138825
2023-11-29 01:00:00,24.1,24.46085,23.3024288,25.6192712,22.849511,26.072189,22.37843575,26.54326425
2023-11-29 02:00:00,23.9,23.802479,22.644057800000002,24.9609002,22.19114,25.413818000000003,21.720064750000002,25.88489325
2023-11-29 03:00:00,24.1,23.890223,22.7318018,25.0486442,22.278883999999998,25.501562,21.80780875,25.97263725
2023-11-29 04:00:00,24.2,23.696486,22.5380648,24.8549072,22.085147,25.307825,21.61407175,25.77890025
2023-11-29 05:00:00,24.3,23.86145,22.703028800000002,25.0198712,22.250111,25.472789000000002,21.779035750000002,25.94386425
2023-11-29 06:00:00,24.7,24.076803,22.918381800000002,25.2352242,22.465464,25.688142000000003,21.994388750000002,26.15921725
2023-11-29 07:00:00,24.8,25.223171,24.0647498,26.3815922,23.611832,26.83451,23.14075675,27.30558525
2023-11-29 08:00:00,25.6,26.273838,25.115416800000002,27.4322592,24.662499,27.885177000000002,24.191423750000002,28.35625225
2023-11-29 09:00:00,26.2,27.181282,26.0228608,28.3397032,25.569943,28.792621,25.09886775,29.26369625
2023-11-29 10:00:00,26.0,27.001925,25.8435038,28.1603462,25.390586,28.613264,24.91951075,29.08433925
2023-11-29 11:00:00,25.9,26.493109,25.3346878,27.6515302,24.88177,28.104448,24.41069475,28.57552325
2023-11-29 12:00:00,26.2,27.363737,26.2053158,28.5221582,25.752398,28.975076,25.28132275,29.44615125
2023-11-29 13:00:00,26.3,27.047634,25.8892128,28.206055199999998,25.436294999999998,28.658973,24.96521975,29.130048249999998
2023-11-29 14:00:00,26.5,26.745073,25.586651800000002,27.9034942,25.133734,28.356412000000002,24.662658750000002,28.82748725
2023-11-29 15:00:00,26.6,26.74595,25.5875288,27.9043712,25.134611,28.357289,24.66353575,28.82836425
2023-11-29 16:00:00,26.7,26.128965,24.9705438,27.2873862,24.517626,27.740304000000002,24.04655075,28.21137925
2023-11-29 17:00:00,26.0,25.630249,24.4718278,26.7886702,24.018909999999998,27.241588,23.54783475,27.71266325
2023-11-29 18:00:00,24.4,25.026371,23.8679498,26.1847922,23.415032,26.637710000000002,22.94395675,27.10878525
2023-11-29 19:00:00,24.8,25.13733,23.9789088,26.295751199999998,23.525990999999998,26.748669,23.05491575,27.219744249999998
2023-11-29 20:00:00,24.5,25.138979,23.9805578,26.2974002,23.527639999999998,26.750318,23.05656475,27.22139325
2023-11-29 21:00:00,24.8,25.16883,24.0104088,26.3272512,23.557491,26.780169,23.08641575,27.25124425
2023-11-29 22:00:00,24.7,25.248112,24.0896908,26.4065332,23.636772999999998,26.859451,23.16569775,27.33052625
2023-11-29 23:00:00,24.3,25.098372,23.939950800000002,26.2567932,23.487033,26.709711000000002,23.015957750000002,27.18078625
2023-11-30 00:00:00,24.5,24.598377,23.4399558,25.7567982,22.987038,26.209716,22.51596275,26.68079125
2023-11-30 01:00:00,24.4,24.581131,23.4227098,25.7395522,22.969791999999998,26.19247,22.49871675,26.66354525
2023-11-30 02:00:00,24.0,24.195204,23.0367828,25.3536252,22.583865,25.806543,22.11278975,26.27761825
2023-11-30 03:00:00,23.6,24.097763,22.9393418,25.2561842,22.486424,25.709102,22.01534875,26.18017725
2023-11-30 04:00:00,23.4,24.241758,23.0833368,25.4001792,22.630419,25.853097,22.15934375,26.32417225
2023-11-30 05:00:00,23.5,24.260263,23.1018418,25.418684199999998,22.648923999999997,25.871602,22.17784875,26.342677249999998
2023-11-30 06:00:00,24.4,24.441952,23.2835308,25.6003732,22.830613,26.053291,22.35953775,26.52436625
2023-11-30 07:00:00,25.6,25.011673,23.8532518,26.170094199999998,23.400333999999997,26.623012,22.92925875,27.094087249999998
2023-11-30 08:00:00,26.4,26.249882,25.0914608,27.4083032,24.638543,27.861221,24.16746775,28.33229625
2023-11-30 09:00:00,27.7,26.781593,25.6231718,27.9400142,25.170254,28.392932000000002,24.69917875,28.86400725
2023-11-30 10:00:00,28.3,27.094282,25.9358608,28.2527032,25.482943,28.705621,25.01186775,29.17669625
2023-11-30 11:00:00,29.1,27.145033,25.986611800000002,28.3034542,25.533694,28.756372000000002,25.062618750000002,29.22744725
2023-11-30 12:00:00,29.2,26.991013,25.8325918,28.149434199999998,25.379673999999998,28.602352,24.90859875,29.073427249999998
2023-11-30 13:00:00,29.4,26.733507,25.5750858,27.8919282,25.122168,28.344846,24.65109275,28.81592125
2023-11-30 14:00:00,29.0,26.669092,25.5106708,27.8275132,25.057752999999998,28.280431,24.58667775,28.75150625
2023-11-30 15:00:00,28.5,26.615551,25.4571298,27.7739722,25.004212,28.22689,24.53313675,28.69796525
2023-11-30 16:00:00,28.0,26.636425,25.4780038,27.7948462,25.025085999999998,28.247764,24.55401075,28.71883925
2023-11-30 17:00:00,27.3,25.960608,24.8021868,27.1190292,24.349269,27.571947,23.87819375,28.04302225
2023-11-30 18:00:00,27.1,25.303167,24.1447458,26.461588199999998,23.691827999999997,26.914506,23.22075275,27.385581249999998
2023-11-30 19:00:00,26.9,25.25444,24.0960188,26.4128612,23.643100999999998,26.865779,23.17202575,27.33685425
2023-11-30 20:00:00,26.8,25.142763,23.9843418,26.301184199999998,23.531423999999998,26.754102,23.06034875,27.225177249999998
2023-11-30 21:00:00,26.7,25.07517,23.9167488,26.2335912,23.463831,26.686509,22.99275575,27.15758425
2023-11-30 22:00:00,26.5,25.360268,24.201846800000002,26.5186892,23.748929,26.971607000000002,23.277853750000002,27.44268225
2023-11-30 23:00:00,26.2,24.911718,23.7532968,26.0701392,23.300379,26.523057,22.82930375,26.99413225
2023-12-01 00:00:00,25.0,24.628588,23.4701668,25.7870092,23.017249,26.239927,22.54617375,26.71100225
2023-12-01 01:00:00,25.3,24.585222,23.426800800000002,25.7436432,22.973883,26.196561000000003,22.502807750000002,26.66763625
2023-12-01 02:00:00,25.7,24.366982,23.2085608,25.5254032,22.755643,25.978321,22.28456775,26.44939625
2023-12-01 03:00:00,25.4,23.626862,22.4684408,24.7852832,22.015522999999998,25.238201,21.54444775,25.70927625
2023-12-01 04:00:00,25.3,23.404978,22.2465568,24.5633992,21.793639,25.016317,21.32256375,25.48739225
2023-12-01 05:00:00,25.6,23.604193,22.4457718,24.762614199999998,21.992853999999998,25.215532,21.52177875,25.686607249999998
2023-12-01 06:00:00,25.2,24.188057,23.0296358,25.3464782,22.576718,25.799396,22.10564275,26.27047125
2023-12-01 07:00:00,25.1,25.356981,24.1985598,26.5154022,23.745642,26.968320000000002,23.27456675,27.43939525
2023-12-01 08:00:00,26.1,26.559929,25.4015078,27.7183502,24.94859,28.171268,24.47751475,28.64234325
2023-12-01 09:00:00,26.3,27.571945,26.4135238,28.7303662,25.960606,29.183284,25.48953075,29.65435925
2023-12-01 10:00:00,26.9,27.798603,26.6401818,28.9570242,26.187264,29.409942,25.71618875,29.88101725
2023-12-01 11:00:00,25.6,28.16758,27.0091588,29.3260012,26.556241,29.778919000000002,26.08516575,30.24999425
2023-12-01 12:00:00,26.6,28.263233,27.1048118,29.4216542,26.651894,29.874572,26.18081875,30.34564725
2023-12-01 13:00:00,26.8,28.209146,27.0507248,29.3675672,26.597807,29.820485,26.12673175,30.29156025
2023-12-01 14:00:00,27.2,27.784012,26.6255908,28.9424332,26.172673,29.395351,25.70159775,29.86642625
2023-12-01 15:00:00,26.1,27.712395,26.5539738,28.8708162,26.101056,29.323734,25.62998075,29.79480925
2023-12-01 16:00:00,24.6,27.26901,26.110588800000002,28.4274312,25.657671,28.880349000000002,25.186595750000002,29.35142425
2023-12-01 17:00:00,24.7,26.818512,25.6600908,27.976933199999998,25.207172999999997,28.429851,24.73609775,28.900926249999998
2023-12-01 18:00:00,24.7,26.32005,25.1616288,27.478471199999998,24.708710999999997,27.931389,24.23763575,28.402464249999998
2023-12-01 19:00:00,25.3,26.147055,24.988633800000002,27.3054762,24.535716,27.758394000000003,24.064640750000002,28.22946925
2023-12-01 20:00:00,24.4,26.056684,24.8982628,27.2151052,24.445345,27.668023,23.97426975,28.13909825
2023-12-01 21:00:00,24.7,26.028458,24.8700368,27.1868792,24.417119,27.639797,23.94604375,28.11087225
2023-12-01 22:00:00,24.8,25.930223,24.771801800000002,27.0886442,24.318884,27.541562000000003,23.847808750000002,28.01263725
2023-12-01 23:00:00,24.9,25.53716,24.3787388,26.6955812,23.925821,27.148499,23.45474575,27.61957425
2023-12-02 00:00:00,24.6,25.29453,24.136108800000002,26.4529512,23.683191,26.905869000000003,23.212115750000002,27.37694425
2023-12-02 01:00:00,24.5,25.063744,23.9053228,26.2221652,23.452405,26.675083,22.98132975,27.14615825
2023-12-02 02:00:00,24.8,25.10333,23.9449088,26.2617512,23.491991,26.714669,23.02091575,27.18574425
2023-12-02 03:00:00,24.3,24.99729,23.8388688,26.1557112,23.385951,26.608629,22.91487575,27.07970425
2023-12-02 04:00:00,24.2,25.023796,23.8653748,26.1822172,23.412457,26.635135000000002,22.94138175,27.10621025
2023-12-02 05:00:00,24.1,24.919828,23.7614068,26.0782492,23.308488999999998,26.531167,22.83741375,27.00224225
2023-12-02 06:00:00,24.6,24.838217,23.6797958,25.9966382,23.226878,26.449556,22.75580275,26.92063125
2023-12-02 07:00:00,24.9,25.128977,23.9705558,26.2873982,23.517637999999998,26.740316,23.04656275,27.21139125
2023-12-02 08:00:00,25.6,25.800472,24.6420508,26.9588932,24.189132999999998,27.411811,23.71805775,27.88288625
2023-12-02 09:00:00,25.3,26.268265,25.1098438,27.4266862,24.656926,27.879604,24.18585075,28.35067925
2023-12-02 10:00:00,25.3,26.162436,25.0040148,27.3208572,24.551097,27.773775,24.08002175,28.24485025
2023-12-02 11:00:00,25.1,26.112686,24.9542648,27.2711072,24.501347,27.724025,24.03027175,28.19510025
2023-12-02 12:00:00,26.1,25.960566,24.8021448,27.1189872,24.349227,27.571905,23.87815175,28.04298025
2023-12-02 13:00:00,25.6,26.283594,25.1251728,27.4420152,24.672255,27.894933,24.20117975,28.36600825
2023-12-02 14:00:00,25.0,25.984283,24.825861800000002,27.1427042,24.372944,27.595622000000002,23.901868750000002,28.06669725
2023-12-02 15:00:00,25.3,26.175608,25.0171868,27.3340292,24.564269,27.786947,24.09319375,28.25802225
2023-12-02 16:00:00,25.6,26.032238,24.8738168,27.1906592,24.420899,27.643577,23.94982375,28.11465225
2023-12-02 17:00:00,24.6,25.276258,24.1178368,26.434679199999998,23.664918999999998,26.887597,23.19384375,27.358672249999998
2023-12-02 18:00:00,24.8,25.093151,23.9347298,26.2515722,23.481811999999998,26.70449,23.01073675,27.17556525
2023-12-02 19:00:00,24.9,25.43737,24.278948800000002,26.5957912,23.826031,27.048709000000002,23.354955750000002,27.51978425
2023-12-02 20:00:00,24.5,25.062628,23.9042068,26.2210492,23.451289,26.673967,22.98021375,27.14504225
2023-12-02 21:00:00,25.1,25.066322,23.9079008,26.2247432,23.454983,26.677661,22.98390775,27.14873625
2023-12-02 22:00:00,24.8,24.975111,23.8166898,26.133532199999998,23.363771999999997,26.58645,22.89269675,27.057525249999998
2023-12-02 23:00:00,24.3,25.139994,23.981572800000002,26.2984152,23.528655,26.751333000000002,23.057579750000002,27.22240825
2023-12-03 00:00:00,24.5,24.64645,23.488028800000002,25.8048712,23.035111,26.257789000000002,22.564035750000002,26.72886425
2023-12-03 01:00:00,24.3,24.5428,23.3843788,25.7012212,22.931461,26.154139,22.46038575,26.62521425
2023-12-03 02:00:00,24.0,24.683292,23.524870800000002,25.8417132,23.071953,26.294631000000003,22.600877750000002,26.76570625
2023-12-03 03:00:00,24.2,24.645273,23.4868518,25.8036942,23.033934,26.256612,22.56285875,26.72768725
2023-12-03 04:00:00,24.3,23.801516,22.6430948,24.9599372,22.190177,25.412855,21.71910175,25.88393025
2023-12-03 05:00:00,24.3,24.061916,22.9034948,25.2203372,22.450577,25.673255,21.97950175,26.14433025
2023-12-03 06:00:00,24.1,24.626099,23.4676778,25.7845202,23.01476,26.237438,22.54368475,26.70851325
2023-12-03 07:00:00,24.1,25.150965,23.9925438,26.3093862,23.539626,26.762304,23.06855075,27.23337925
2023-12-03 08:00:00,24.2,25.759502,24.601080800000002,26.9179232,24.148163,27.370841000000002,23.677087750000002,27.84191625
2023-12-03 09:00:00,24.6,24.503187,23.3447658,25.6616082,22.891848,26.114526,22.42077275,26.58560125
2023-12-03 10:00:00,25.2,26.195154,25.0367328,27.353575199999998,24.583814999999998,27.806493,24.11273975,28.277568249999998
2023-12-03 11:00:00,25.0,25.161652,24.0032308,26.3200732,23.550313,26.772991,23.07923775,27.24406625
2023-12-03 12:00:00,24.3,27.233408,26.0749868,28.3918292,25.622069,28.844747,25.15099375,29.31582225
2023-12-03 13:00:00,24.5,27.775715,26.617293800000002,28.9341362,26.164376,29.387054000000003,25.693300750000002,29.85812925
2023-12-03 14:00:00,24.8,26.603783,25.4453618,27.7622042,24.992444,28.215122,24.52136875,28.68619725
2023-12-03 15:00:00,24.6,26.031878,24.8734568,27.1902992,24.420538999999998,27.643217,23.94946375,28.11429225
2023-12-03 16:00:00,24.8,25.578001,24.4195798,26.7364222,23.966662,27.18934,23.49558675,27.66041525
2023-12-03 17:00:00,24.8,24.929094,23.7706728,26.0875152,23.317755,26.540433,22.84667975,27.01150825
2023-12-03 18:00:00,24.0,25.225681,24.067259800000002,26.3841022,23.614342,26.837020000000003,23.143266750000002,27.30809525
2023-12-03 19:00:00,24.1,25.344744,24.1863228,26.503165199999998,23.733404999999998,26.956083,23.26232975,27.427158249999998
2023-12-03 20:00:00,24.1,25.21713,24.0587088,26.3755512,23.605791,26.828469000000002,23.13471575,27.29954425
2023-12-03 21:00:00,24.0,25.213535,24.0551138,26.3719562,23.602196,26.824874,23.13112075,27.29594925
2023-12-03 22:00:00,24.0,25.233898,24.0754768,26.3923192,23.622559,26.845237,23.15148375,27.31631225
2023-12-03 23:00:00,23.8,25.130245,23.9718238,26.288666199999998,23.518905999999998,26.741584,23.04783075,27.212659249999998
2023-12-04 00:00:00,24.0,24.874847,23.7164258,26.0332682,23.263507999999998,26.486186,22.79243275,26.95726125
2023-12-04 01:00:00,23.6,25.022697,23.8642758,26.1811182,23.411358,26.634036000000002,22.94028275,27.10511125
2023-12-04 02:00:00,23.5,24.568872,23.4104508,25.7272932,22.957532999999998,26.180211,22.48645775,26.65128625
2023-12-04 03:00:00,24.0,24.440474,23.2820528,25.598895199999998,22.829134999999997,26.051813,22.35805975,26.522888249999998
2023-12-04 04:00:00,24.6,24.702925,23.5445038,25.8613462,23.091586,26.314264,22.62051075,26.78533925
2023-12-04 05:00:00,24.7,24.755415,23.5969938,25.9138362,23.144076,26.366754,22.67300075,26.83782925
2023-12-04 06:00:00,25.8,24.672426,23.514004800000002,25.8308472,23.061087,26.283765000000002,22.590011750000002,26.75484025
2023-12-04 07:00:00,26.1,24.820679,23.6622578,25.979100199999998,23.209339999999997,26.432018,22.73826475,26.903093249999998
2023-12-04 08:00:00,26.9,25.784103,24.625681800000002,26.9425242,24.172764,27.395442000000003,23.701688750000002,27.86651725
2023-12-04 09:00:00,27.5,26.673698,25.515276800000002,27.8321192,25.062359,28.285037000000003,24.591283750000002,28.75611225
2023-12-04 10:00:00,28.3,27.21365,26.055228800000002,28.3720712,25.602311,28.824989000000002,25.131235750000002,29.29606425
2023-12-04 11:00:00,29.6,28.04432,26.8858988,29.2027412,26.432980999999998,29.655659,25.96190575,30.12673425
2023-12-04 12:00:00,30.2,27.752026,26.5936048,28.9104472,26.140687,29.363365,25.66961175,29.83444025
2023-12-04 13:00:00,30.2,27.956282,26.797860800000002,29.1147032,26.344943,29.567621000000003,25.873867750000002,30.03869625
2023-12-04 14:00:00,31.0,27.582548,26.4241268,28.7409692,25.971208999999998,29.193887,25.50013375,29.66496225
2023-12-04 15:00:00,31.0,27.53978,26.3813588,28.6982012,25.928441,29.151119,25.45736575,29.62219425
2023-12-04 16:00:00,28.8,27.185865,26.0274438,28.3442862,25.574526,28.797204,25.10345075,29.26827925
2023-12-04 17:00:00,27.6,25.861374,24.702952800000002,27.0197952,24.250035,27.472713000000002,23.778959750000002,27.94378825
2023-12-04 18:00:00,26.3,25.006557,23.8481358,26.1649782,23.395218,26.617896000000002,22.92414275,27.08897125
2023-12-04 19:00:00,25.6,24.990084,23.8316628,26.1485052,23.378745,26.601423,22.90766975,27.07249825
2023-12-04 20:00:00,25.1,24.76505,23.6066288,25.923471199999998,23.153710999999998,26.376389,22.68263575,26.847464249999998
2023-12-04 21:00:00,24.5,24.694592,23.5361708,25.8530132,23.083253,26.305931,22.61217775,26.77700625
2023-12-04 22:00:00,24.6,24.610878,23.4524568,25.7692992,22.999539,26.222217,22.52846375,26.69329225
2023-12-04 23:00:00,24.7,24.493769,23.3353478,25.6521902,22.88243,26.105108,22.41135475,26.57618325
2023-12-05 00:00:00,24.1,24.006544,22.848122800000002,25.1649652,22.395205,25.617883000000003,21.924129750000002,26.08895825
2023-12-05 01:00:00,24.3,24.250504,23.0920828,25.4089252,22.639165,25.861843,22.16808975,26.33291825
2023-12-05 02:00:00,24.6,23.919838,22.7614168,25.078259199999998,22.308498999999998,25.531177,21.83742375,26.002252249999998
2023-12-05 03:00:00,24.5,23.982805,22.8243838,25.1412262,22.371465999999998,25.594144,21.90039075,26.06521925
2023-12-05 04:00:00,24.3,23.961636,22.8032148,25.120057199999998,22.350296999999998,25.572975,21.87922175,26.044050249999998
2023-12-05 05:00:00,24.3,24.139257,22.9808358,25.2976782,22.527918,25.750596,22.05684275,26.22167125
2023-12-05 06:00:00,24.2,24.577477,23.4190558,25.735898199999998,22.966137999999997,26.188816,22.49506275,26.659891249999998
2023-12-05 07:00:00,25.0,25.63341,24.474988800000002,26.7918312,24.022071,27.244749000000002,23.550995750000002,27.71582425
2023-12-05 08:00:00,25.7,26.26845,25.110028800000002,27.4268712,24.657111,27.879789000000002,24.186035750000002,28.35086425
2023-12-05 09:00:00,26.7,27.180101,26.0216798,28.3385222,25.568762,28.79144,25.09768675,29.26251525
2023-12-05 10:00:00,27.7,28.186672,27.028250800000002,29.3450932,26.575333,29.798011000000002,26.104257750000002,30.26908625
2023-12-05 11:00:00,29.2,28.834457,27.6760358,29.9928782,27.223118,30.445796,26.75204275,30.91687125
2023-12-05 12:00:00,29.8,29.494574,28.3361528,30.6529952,27.883235,31.105913,27.41215975,31.57698825
2023-12-05 13:00:00,30.1,28.922773,27.7643518,30.0811942,27.311434,30.534112,26.84035875,31.00518725
2023-12-05 14:00:00,29.2,28.588121,27.4296998,29.7465422,26.976782,30.199460000000002,26.50570675,30.67053525
2023-12-05 15:00:00,27.3,28.155367,26.9969458,29.313788199999998,26.544027999999997,29.766706,26.07295275,30.237781249999998
2023-12-05 16:00:00,27.8,28.34898,27.1905588,29.5074012,26.737641,29.960319000000002,26.26656575,30.43139425
2023-12-05 17:00:00,27.1,27.632809,26.474387800000002,28.7912302,26.02147,29.244148000000003,25.550394750000002,29.71522325
2023-12-05 18:00:00,27.1,26.62626,25.4678388,27.784681199999998,25.014920999999998,28.237599,24.54384575,28.708674249999998
2023-12-05 19:00:00,23.1,25.88267,24.7242488,27.0410912,24.271331,27.494009000000002,23.80025575,27.96508425
2023-12-05 20:00:00,24.2,25.444546,24.2861248,26.6029672,23.833206999999998,27.055885,23.36213175,27.52696025
2023-12-05 21:00:00,24.3,25.11918,23.9607588,26.2776012,23.507841,26.730519,23.03676575,27.20159425
2023-12-05 22:00:00,24.9,25.14001,23.9815888,26.2984312,23.528671,26.751349,23.05759575,27.22242425
2023-12-05 23:00:00,25.1,25.088255,23.9298338,26.2466762,23.476916,26.699594,23.00584075,27.17066925
2023-12-06 00:00:00,25.1,24.705725,23.5473038,25.8641462,23.094386,26.317064000000002,22.62331075,26.78813925
2023-12-06 01:00:00,24.3,24.435778,23.2773568,25.5941992,22.824438999999998,26.047117,22.35336375,26.51819225
2023-12-06 02:00:00,24.3,24.24622,23.0877988,25.4046412,22.634881,25.857559000000002,22.16380575,26.32863425
2023-12-06 03:00:00,24.3,24.238226,23.0798048,25.3966472,22.626887,25.849565000000002,22.15581175,26.32064025
2023-12-06 04:00:00,23.7,24.197401,23.0389798,25.3558222,22.586062,25.80874,22.11498675,26.27981525
2023-12-06 05:00:00,23.5,24.429176,23.2707548,25.587597199999998,22.817836999999997,26.040515,22.34676175,26.511590249999998
2023-12-06 06:00:00,23.7,24.577784,23.419362800000002,25.7362052,22.966445,26.189123000000002,22.495369750000002,26.66019825
2023-12-06 07:00:00,23.8,25.312647,24.1542258,26.471068199999998,23.701307999999997,26.923986,23.23023275,27.395061249999998
2023-12-06 08:00:00,24.9,26.039343,24.8809218,27.197764199999998,24.428003999999998,27.650682,23.95692875,28.121757249999998
2023-12-06 09:00:00,26.2,26.679535,25.521113800000002,27.8379562,25.068196,28.290874000000002,24.597120750000002,28.76194925
2023-12-06 10:00:00,27.7,27.915392,26.7569708,29.0738132,26.304053,29.526731,25.83297775,29.99780625
2023-12-06 11:00:00,28.7,29.04915,27.8907288,30.2075712,27.437811,30.660489000000002,26.96673575,31.13156425
2023-12-06 12:00:00,28.9,29.651201,28.4927798,30.8096222,28.039862,31.26254,27.56878675,31.73361525
2023-12-06 13:00:00,28.2,29.58523,28.4268088,30.7436512,27.973891,31.196569,27.50281575,31.66764425
2023-12-06 14:00:00,27.8,29.571133,28.4127118,30.7295542,27.959794,31.182472,27.48871875,31.65354725
2023-12-06 15:00:00,27.7,29.752167,28.5937458,30.9105882,28.140828,31.363506,27.66975275,31.83458125
2023-12-06 16:00:00,27.4,27.925024,26.7666028,29.0834452,26.313685,29.536363,25.84260975,30.00743825
2023-12-06 17:00:00,26.8,27.162704,26.004282800000002,28.3211252,25.551365,28.774043000000002,25.080289750000002,29.24511825
2023-12-06 18:00:00,25.3,26.731775,25.5733538,27.8901962,25.120435999999998,28.343114,24.64936075,28.81418925
2023-12-06 19:00:00,24.4,25.450754,24.2923328,26.6091752,23.839415,27.062093,23.36833975,27.53316825
2023-12-06 20:00:00,24.3,24.82853,23.6701088,25.9869512,23.217191,26.439869,22.74611575,26.91094425
2023-12-06 21:00:00,24.2,24.780855,23.6224338,25.9392762,23.169515999999998,26.392194,22.69844075,26.86326925
2023-12-06 22:00:00,24.3,25.12244,23.9640188,26.2808612,23.511101,26.733779000000002,23.04002575,27.20485425
2023-12-06 23:00:00,24.1,25.25517,24.0967488,26.4135912,23.643831,26.866509,23.17275575,27.33758425
2023-12-07 00:00:00,23.8,25.096045,23.9376238,26.2544662,23.484706,26.707384,23.01363075,27.17845925
2023-12-07 01:00:00,24.1,24.624004,23.4655828,25.7824252,23.012665,26.235343,22.54158975,26.70641825
2023-12-07 02:00:00,23.9,24.50824,23.3498188,25.6666612,22.896901,26.119579,22.42582575,26.59065425
2023-12-07 03:00:00,23.7,24.411783,23.2533618,25.5702042,22.800444,26.023122,22.32936875,26.49419725
2023-12-07 04:00:00,23.8,24.381645,23.2232238,25.5400662,22.770305999999998,25.992984,22.29923075,26.46405925
2023-12-07 05:00:00,23.9,23.984661,22.8262398,25.1430822,22.373321999999998,25.596,21.90224675,26.06707525
2023-12-07 06:00:00,24.6,24.231396,23.0729748,25.3898172,22.620057,25.842735,22.14898175,26.31381025
2023-12-07 07:00:00,25.5,24.880896,23.7224748,26.0393172,23.269557,26.492235,22.79848175,26.96331025
2023-12-07 08:00:00,26.7,25.914972,24.7565508,27.073393199999998,24.303632999999998,27.526311,23.83255775,27.997386249999998
2023-12-07 09:00:00,27.8,26.35722,25.198798800000002,27.5156412,24.745881,27.968559000000003,24.274805750000002,28.43963425
2023-12-07 10:00:00,28.5,27.5858,26.4273788,28.7442212,25.974460999999998,29.197139,25.50338575,29.66821425
2023-12-07 11:00:00,28.7,28.526752,27.3683308,29.685173199999998,26.915412999999997,30.138091,26.44433775,30.609166249999998
2023-12-07 12:00:00,28.4,28.965946,27.8075248,30.1243672,27.354606999999998,30.577285,26.88353175,31.048360249999998
2023-12-07 13:00:00,28.4,28.668291,27.5098698,29.8267122,27.056952,30.27963,26.58587675,30.75070525
2023-12-07 14:00:00,27.8,28.019257,26.8608358,29.1776782,26.407918,29.630596,25.93684275,30.10167125
2023-12-07 15:00:00,27.8,27.340986,26.1825648,28.4994072,25.729647,28.952325000000002,25.25857175,29.42340025
2023-12-07 16:00:00,27.1,27.427794,26.2693728,28.586215199999998,25.816454999999998,29.039133,25.34537975,29.510208249999998
2023-12-07 17:00:00,26.5,26.762484,25.6040628,27.9209052,25.151145,28.373823,24.68006975,28.84489825
2023-12-07 18:00:00,26.7,26.022913,24.8644918,27.1813342,24.411573999999998,27.634252,23.94049875,28.10532725
2023-12-07 19:00:00,26.5,25.471443,24.3130218,26.6298642,23.860104,27.082782,23.38902875,27.55385725
2023-12-07 20:00:00,26.4,24.96113,23.8027088,26.1195512,23.349791,26.572469,22.87871575,27.04354425
2023-12-07 21:00:00,26.3,24.695517,23.5370958,25.853938199999998,23.084177999999998,26.306856,22.61310275,26.777931249999998
2023-12-07 22:00:00,26.1,24.8886,23.7301788,26.0470212,23.277261,26.499939,22.80618575,26.97101425
2023-12-07 23:00:00,25.8,24.57428,23.415858800000002,25.7327012,22.962941,26.185619000000003,22.491865750000002,26.65669425
2023-12-08 00:00:00,25.5,24.235888,23.0774668,25.3943092,22.624549,25.847227,22.15347375,26.31830225
2023-12-08 01:00:00,25.1,24.172338,23.0139168,25.3307592,22.560999,25.783677,22.08992375,26.25475225
2023-12-08 02:00:00,25.0,24.163692,23.0052708,25.3221132,22.552353,25.775031000000002,22.08127775,26.24610625
2023-12-08 03:00:00,24.7,24.100319,22.9418978,25.2587402,22.488979999999998,25.711658,22.01790475,26.18273325
2023-12-08 04:00:00,24.5,24.074398,22.9159768,25.232819199999998,22.463058999999998,25.685737,21.99198375,26.156812249999998
2023-12-08 05:00:00,24.3,23.964224,22.805802800000002,25.1226452,22.352885,25.575563000000002,21.881809750000002,26.04663825
2023-12-08 06:00:00,24.7,24.30871,23.150288800000002,25.4671312,22.697371,25.920049000000002,22.226295750000002,26.39112425
2023-12-08 07:00:00,25.8,24.877995,23.7195738,26.036416199999998,23.266655999999998,26.489334,22.79558075,26.960409249999998
2023-12-08 08:00:00,27.2,26.221369,25.0629478,27.3797902,24.61003,27.832708,24.13895475,28.30378325
2023-12-08 09:00:00,28.3,27.273281,26.1148598,28.4317022,25.661942,28.88462,25.19086675,29.35569525
2023-12-08 10:00:00,29.2,28.106142,26.9477208,29.264563199999998,26.494802999999997,29.717481,26.02372775,30.188556249999998
2023-12-08 11:00:00,29.4,28.165287,27.0068658,29.3237082,26.553948,29.776626,26.08287275,30.24770125
2023-12-08 12:00:00,29.5,28.28537,27.1269488,29.4437912,26.674031,29.896709,26.20295575,30.36778425
2023-12-08 13:00:00,29.3,28.208681,27.0502598,29.367102199999998,26.597341999999998,29.82002,26.12626675,30.291095249999998
2023-12-08 14:00:00,29.0,27.833397,26.674975800000002,28.9918182,26.222058,29.444736000000002,25.750982750000002,29.91581125
2023-12-08 15:00:00,28.4,27.723576,26.565154800000002,28.8819972,26.112237,29.334915000000002,25.641161750000002,29.80599025
2023-12-08 16:00:00,27.8,27.249819,26.0913978,28.408240199999998,25.638479999999998,28.861158,25.16740475,29.332233249999998
2023-12-08 17:00:00,27.0,26.56833,25.4099088,27.7267512,24.956991,28.179669,24.48591575,28.65074425
2023-12-08 18:00:00,26.9,26.27879,25.1203688,27.4372112,24.667451,27.890129,24.19637575,28.36120425
2023-12-08 19:00:00,26.6,26.19757,25.0391488,27.3559912,24.586230999999998,27.808909,24.11515575,28.27998425
2023-12-08 20:00:00,26.4,26.058876,24.900454800000002,27.2172972,24.447537,27.670215000000002,23.976461750000002,28.14129025
2023-12-08 21:00:00,26.3,25.915794,24.757372800000002,27.0742152,24.304455,27.527133000000003,23.833379750000002,27.99820825
2023-12-08 22:00:00,26.2,25.832117,24.6736958,26.9905382,24.220778,27.443456,23.74970275,27.91453125
2023-12-08 23:00:00,26.0,25.63119,24.4727688,26.7896112,24.019851,27.242529,23.54877575,27.71360425
2023-12-09 00:00:00,25.8,25.353708,24.1952868,26.5121292,23.742369,26.965047000000002,23.27129375,27.43612225
2023-12-09 01:00:00,25.7,25.013405,23.8549838,26.171826199999998,23.402065999999998,26.624744,22.93099075,27.095819249999998
2023-12-09 02:00:00,25.3,25.009516,23.851094800000002,26.1679372,23.398177,26.620855000000002,22.927101750000002,27.09193025
2023-12-09 03:00:00,25.1,24.726513,23.5680918,25.8849342,23.115174,26.337852,22.64409875,26.80892725
2023-12-09 04:00:00,24.8,24.613989,23.4555678,25.7724102,23.00265,26.225328,22.53157475,26.69640325
2023-12-09 05:00:00,24.6,24.383451,23.2250298,25.5418722,22.772112,25.994790000000002,22.30103675,26.46586525
2023-12-09 06:00:00,25.3,24.625679,23.467257800000002,25.7841002,23.01434,26.237018000000003,22.543264750000002,26.70809325
2023-12-09 07:00:00,26.3,25.425833,24.2674118,26.5842542,23.814494,27.037172,23.34341875,27.50824725
2023-12-09 08:00:00,27.7,26.597475,25.4390538,27.7558962,24.986136,28.208814,24.51506075,28.67988925
2023-12-09 09:00:00,28.4,27.777885,26.619463800000002,28.9363062,26.166546,29.389224000000002,25.695470750000002,29.86029925
2023-12-09 10:00:00,28.8,28.39288,27.234458800000002,29.5513012,26.781541,30.004219000000003,26.310465750000002,30.47529425
2023-12-09 11:00:00,28.9,28.555435,27.3970138,29.7138562,26.944096,30.166774,26.47302075,30.63784925
2023-12-09 12:00:00,29.0,28.704205,27.545783800000002,29.8626262,27.092866,30.315544000000003,26.621790750000002,30.78661925
2023-12-09 13:00:00,28.8,28.709341,27.5509198,29.867762199999998,27.098001999999997,30.32068,26.62692675,30.791755249999998
2023-12-09 14:00:00,28.6,28.414415,27.255993800000002,29.5728362,26.803076,30.025754000000003,26.332000750000002,30.49682925
2023-12-09 15:00:00,28.0,28.03711,26.8786888,29.195531199999998,26.425770999999997,29.648449,25.95469575,30.119524249999998
2023-12-09 16:00:00,27.4,27.594507,26.4360858,28.7529282,25.983168,29.205846,25.51209275,29.67692125
2023-12-09 17:00:00,26.7,26.870714,25.7122928,28.0291352,25.259375,28.482053,24.78829975,28.95312825
2023-12-09 18:00:00,26.3,26.386278,25.2278568,27.5446992,24.774939,27.997617,24.30386375,28.46869225
2023-12-09 19:00:00,26.3,26.16905,25.0106288,27.327471199999998,24.557710999999998,27.780389,24.08663575,28.251464249999998
2023-12-09 20:00:00,26.3,25.977938,24.819516800000002,27.1363592,24.366599,27.589277000000003,23.895523750000002,28.06035225
2023-12-09 21:00:00,26.2,25.955309,24.7968878,27.1137302,24.34397,27.566648,23.87289475,28.03772325
2023-12-09 22:00:00,26.1,25.72389,24.5654688,26.8823112,24.112551,27.335229,23.64147575,27.80630425
2023-12-09 23:00:00,26.1,25.754221,24.5957998,26.9126422,24.142882,27.365560000000002,23.671806750000002,27.83663525
2023-12-10 00:00:00,26.0,25.574602,24.4161808,26.733023199999998,23.963262999999998,27.185941,23.49218775,27.657016249999998
2023-12-10 01:00:00,25.8,25.362293,24.2038718,26.5207142,23.750954,26.973632000000002,23.27987875,27.44470725
2023-12-10 02:00:00,25.5,25.087074,23.928652800000002,26.2454952,23.475735,26.698413000000002,23.004659750000002,27.16948825
2023-12-10 03:00:00,25.1,24.815573,23.6571518,25.9739942,23.204234,26.426912,22.73315875,26.89798725
2023-12-10 04:00:00,25.1,24.749569,23.5911478,25.9079902,23.13823,26.360908000000002,22.66715475,26.83198325
2023-12-10 05:00:00,25.0,24.699228,23.540806800000002,25.8576492,23.087889,26.310567000000002,22.616813750000002,26.78164225
2023-12-10 06:00:00,25.3,24.833227,23.6748058,25.9916482,23.221888,26.444566000000002,22.75081275,26.91564125
2023-12-10 07:00:00,26.2,25.655296,24.4968748,26.8137172,24.043957,27.266635,23.57288175,27.73771025
2023-12-10 08:00:00,27.1,26.891504,25.733082800000002,28.0499252,25.280165,28.502843000000002,24.809089750000002,28.97391825
2023-12-10 09:00:00,27.4,27.879883,26.7214618,29.0383042,26.268544,29.491222,25.79746875,29.96229725
2023-12-10 10:00:00,27.7,28.206808,27.0483868,29.365229199999998,26.595468999999998,29.818147,26.12439375,30.289222249999998
2023-12-10 11:00:00,27.9,28.247831,27.089409800000002,29.4062522,26.636492,29.859170000000002,26.165416750000002,30.33024525
2023-12-10 12:00:00,28.2,28.296648,27.1382268,29.4550692,26.685309,29.907987000000002,26.214233750000002,30.37906225
2023-12-10 13:00:00,28.1,28.153526,26.9951048,29.3119472,26.542187,29.764865,26.07111175,30.23594025
2023-12-10 14:00:00,27.9,27.830465,26.6720438,28.9888862,26.219126,29.441804,25.74805075,29.91287925
2023-12-10 15:00:00,27.5,27.761118,26.6026968,28.9195392,26.149779,29.372457,25.67870375,29.84353225
2023-12-10 16:00:00,27.0,27.120306,25.9618848,28.2787272,25.508967,28.731645,25.03789175,29.20272025
2023-12-10 17:00:00,26.2,26.690409,25.5319878,27.8488302,25.079069999999998,28.301748,24.60799475,28.77282325
2023-12-10 18:00:00,26.1,26.134153,24.975731800000002,27.2925742,24.522814,27.745492000000002,24.051738750000002,28.21656725
2023-12-10 19:00:00,25.9,25.923296,24.7648748,27.0817172,24.311957,27.534635,23.84088175,28.00571025
2023-12-10 20:00:00,25.8,25.863815,24.7053938,27.0222362,24.252475999999998,27.475154,23.78140075,27.94622925
2023-12-10 21:00:00,25.7,25.795898,24.6374768,26.9543192,24.184559,27.407237000000002,23.71348375,27.87831225
2023-12-10 22:00:00,25.7,25.788595,24.6301738,26.9470162,24.177256,27.399934000000002,23.70618075,27.87100925
2023-12-10 23:00:00,25.5,25.766764,24.6083428,26.925185199999998,24.155424999999997,27.378103,23.68434975,27.849178249999998
2023-12-11 00:00:00,25.3,25.56415,24.405728800000002,26.7225712,23.952811,27.175489000000002,23.481735750000002,27.64656425
2023-12-11 01:00:00,25.2,25.48696,24.3285388,26.6453812,23.875621,27.098299,23.40454575,27.56937425
2023-12-11 02:00:00,25.1,25.14569,23.9872688,26.304111199999998,23.534350999999997,26.757029,23.06327575,27.228104249999998
2023-12-11 03:00:00,25.0,24.697182,23.538760800000002,25.8556032,23.085843,26.308521000000002,22.614767750000002,26.77959625
2023-12-11 04:00:00,25.0,24.610743,23.4523218,25.7691642,22.999404,26.222082,22.52832875,26.69315725
2023-12-11 05:00:00,24.7,24.532675,23.3742538,25.6910962,22.921336,26.144014000000002,22.45026075,26.61508925
2023-12-11 06:00:00,23.7,24.72882,23.5703988,25.8872412,23.117480999999998,26.340159,22.64640575,26.81123425
2023-12-11 07:00:00,24.6,25.555393,24.3969718,26.713814199999998,23.944053999999998,27.166732,23.47297875,27.637807249999998
2023-12-11 08:00:00,25.8,26.886642,25.7282208,28.045063199999998,25.275302999999997,28.497981,24.80422775,28.969056249999998
2023-12-11 09:00:00,26.7,27.383371,26.2249498,28.5417922,25.772032,28.99471,25.30095675,29.46578525
2023-12-11 10:00:00,27.4,27.916374,26.7579528,29.0747952,26.305035,29.527713000000002,25.83395975,29.99878825
2023-12-11 11:00:00,27.7,28.070953,26.9125318,29.2293742,26.459614,29.682292,25.98853875,30.15336725
2023-12-11 12:00:00,28.1,28.149033,26.9906118,29.3074542,26.537694,29.760372,26.06661875,30.23144725
2023-12-11 13:00:00,27.8,28.091097,26.932675800000002,29.2495182,26.479758,29.702436000000002,26.008682750000002,30.17351125
2023-12-11 14:00:00,27.8,27.920635,26.7622138,29.0790562,26.309296,29.531974,25.83822075,30.00304925
2023-12-11 15:00:00,27.5,27.435404,26.2769828,28.593825199999998,25.824064999999997,29.046743,25.35298975,29.517818249999998
2023-12-11 16:00:00,26.8,26.934689,25.7762678,28.093110199999998,25.323349999999998,28.546028,24.85227475,29.017103249999998
2023-12-11 17:00:00,26.0,26.132624,24.9742028,27.2910452,24.521285,27.743963,24.05020975,28.21503825
2023-12-11 18:00:00,25.4,25.668125,24.5097038,26.8265462,24.056786,27.279464,23.58571075,27.75053925
2023-12-11 19:00:00,24.0,25.64745,24.4890288,26.8058712,24.036111,27.258789,23.56503575,27.72986425
2023-12-11 20:00:00,23.7,25.494259,24.3358378,26.6526802,23.88292,27.105598,23.41184475,27.57667325
2023-12-11 21:00:00,23.7,25.31014,24.1517188,26.4685612,23.698801,26.921479,23.22772575,27.39255425
2023-12-11 22:00:00,23.9,25.29406,24.135638800000002,26.4524812,23.682721,26.905399000000003,23.211645750000002,27.37647425
2023-12-11 23:00:00,23.5,25.096796,23.938374800000002,26.2552172,23.485457,26.708135000000002,23.014381750000002,27.17921025
2023-12-12 00:00:00,22.7,24.839693,23.6812718,25.9981142,23.228354,26.451032,22.75727875,26.92210725
2023-12-12 01:00:00,22.5,24.69103,23.532608800000002,25.8494512,23.079691,26.302369000000002,22.608615750000002,26.77344425
2023-12-12 02:00:00,22.4,24.544476,23.3860548,25.7028972,22.933137,26.155815,22.46206175,26.62689025
2023-12-12 03:00:00,22.4,24.352163,23.1937418,25.5105842,22.740824,25.963502000000002,22.26974875,26.43457725
2023-12-12 04:00:00,22.8,24.251495,23.0930738,25.409916199999998,22.640155999999998,25.862834,22.16908075,26.333909249999998
2023-12-12 05:00:00,22.8,24.160646,23.0022248,25.3190672,22.549307,25.771985,22.07823175,26.24306025
2023-12-12 06:00:00,23.1,24.07222,22.913798800000002,25.2306412,22.460881,25.683559000000002,21.989805750000002,26.15463425
2023-12-12 07:00:00,24.3,24.780062,23.6216408,25.9384832,23.168723,26.391401000000002,22.69764775,26.86247625
2023-12-12 08:00:00,25.8,25.997385,24.838963800000002,27.1558062,24.386046,27.608724000000002,23.914970750000002,28.07979925
2023-12-12 09:00:00,26.6,26.816221,25.6577998,27.974642199999998,25.204881999999998,28.42756,24.73380675,28.898635249999998
2023-12-12 10:00:00,27.1,27.520866,26.362444800000002,28.6792872,25.909527,29.132205000000003,25.438451750000002,29.60328025
2023-12-12 11:00:00,27.6,27.645273,26.4868518,28.8036942,26.033934,29.256612,25.56285875,29.72768725
2023-12-12 12:00:00,27.6,27.920012,26.7615908,29.0784332,26.308673,29.531351,25.83759775,30.00242625
2023-12-12 13:00:00,27.4,27.70898,26.5505588,28.8674012,26.097641,29.320319,25.62656575,29.79139425
2023-12-12 14:00:00,27.3,27.675884,26.5174628,28.8343052,26.064545,29.287223,25.59346975,29.75829825
2023-12-12 15:00:00,27.2,27.362875,26.2044538,28.5212962,25.751535999999998,28.974214,25.28046075,29.44528925
2023-12-12 16:00:00,26.7,26.573492,25.415070800000002,27.7319132,24.962153,28.184831000000003,24.491077750000002,28.65590625
2023-12-12 17:00:00,26.1,25.946394,24.787972800000002,27.1048152,24.335055,27.557733000000002,23.863979750000002,28.02880825
2023-12-12 18:00:00,25.9,25.196484,24.038062800000002,26.3549052,23.585145,26.807823000000003,23.114069750000002,27.27889825
2023-12-12 19:00:00,25.8,24.76516,23.606738800000002,25.9235812,23.153821,26.376499000000003,22.682745750000002,26.84757425
2023-12-12 20:00:00,25.6,24.383785,23.2253638,25.5422062,22.772446,25.995124,22.30137075,26.46619925
2023-12-12 21:00:00,25.4,24.146029,22.9876078,25.304450199999998,22.534689999999998,25.757368,22.06361475,26.228443249999998
2023-12-12 22:00:00,25.2,24.039364,22.8809428,25.1977852,22.428024999999998,25.650703,21.95694975,26.12177825
2023-12-12 23:00:00,25.1,23.667608,22.509186800000002,24.8260292,22.056269,25.278947000000002,21.585193750000002,25.75002225
2023-12-13 00:00:00,25.1,22.973795,21.8153738,24.1322162,21.362455999999998,24.585134,20.89138075,25.05620925
2023-12-13 01:00:00,24.9,22.633766,21.475344800000002,23.7921872,21.022427,24.245105000000002,20.551351750000002,24.71618025
2023-12-13 02:00:00,24.6,22.61092,21.4524988,23.7693412,20.999581,24.222259,20.52850575,24.69333425
2023-12-13 03:00:00,24.1,22.450937,21.2925158,23.6093582,20.839598,24.062276,20.36852275,24.53335125
2023-12-13 04:00:00,23.9,22.868105,21.7096838,24.0265262,21.256766,24.479444,20.78569075,24.95051925
2023-12-13 05:00:00,24.0,22.846222,21.6878008,24.0046432,21.234883,24.457561000000002,20.76380775,24.92863625
2023-12-13 06:00:00,25.1,23.199972,22.0415508,24.3583932,21.588632999999998,24.811311,21.11755775,25.28238625
2023-12-13 07:00:00,25.6,24.19323,23.0348088,25.3516512,22.581891,25.804569,22.11081575,26.27564425
2023-12-13 08:00:00,26.9,25.79298,24.6345588,26.9514012,24.181641,27.404319,23.71056575,27.87539425
2023-12-13 09:00:00,27.5,26.719604,25.5611828,27.8780252,25.108265,28.330943,24.63718975,28.80201825
2023-12-13 10:00:00,27.7,27.318964,26.1605428,28.4773852,25.707625,28.930303000000002,25.236549750000002,29.40137825
2023-12-13 11:00:00,28.3,27.619558,26.461136800000002,28.7779792,26.008219,29.230897000000002,25.537143750000002,29.70197225
2023-12-13 12:00:00,28.9,27.74824,26.5898188,28.9066612,26.136900999999998,29.359579,25.66582575,29.83065425
2023-12-13 13:00:00,29.0,27.4801,26.3216788,28.6385212,25.868761,29.091439,25.39768575,29.56251425
2023-12-13 14:00:00,28.0,27.319778,26.1613568,28.4781992,25.708439,28.931117,25.23736375,29.40219225
2023-12-13 15:00:00,27.9,27.088898,25.9304768,28.2473192,25.477559,28.700237,25.00648375,29.17131225
2023-12-13 16:00:00,27.3,26.488144,25.3297228,27.646565199999998,24.876804999999997,28.099483,24.40572975,28.570558249999998
2023-12-13 17:00:00,26.8,25.997953,24.8395318,27.1563742,24.386613999999998,27.609292,23.91553875,28.08036725
2023-12-13 18:00:00,26.3,25.705519,24.5470978,26.8639402,24.094179999999998,27.316858,23.62310475,27.78793325
2023-12-13 19:00:00,25.6,25.63508,24.4766588,26.793501199999998,24.023740999999998,27.246419,23.55266575,27.717494249999998
2023-12-13 20:00:00,25.6,25.322083,24.1636618,26.4805042,23.710744,26.933422,23.23966875,27.40449725
2023-12-13 21:00:00,25.5,25.066223,23.9078018,26.2246442,23.454884,26.677562,22.98380875,27.14863725
2023-12-13 22:00:00,25.4,24.920313,23.7618918,26.0787342,23.308974,26.531652,22.83789875,27.00272725
2023-12-13 23:00:00,25.5,24.798044,23.6396228,25.9564652,23.186705,26.409383000000002,22.71562975,26.88045825
2023-12-14 00:00:00,25.9,24.500902,23.3424808,25.6593232,22.889563,26.112241,22.41848775,26.58331625
2023-12-14 01:00:00,25.7,24.346054,23.1876328,25.504475199999998,22.734714999999998,25.957393,22.26363975,26.428468249999998
2023-12-14 02:00:00,25.4,23.924395,22.7659738,25.0828162,22.313056,25.535734,21.84198075,26.00680925
2023-12-14 03:00:00,25.3,23.598083,22.4396618,24.7565042,21.986743999999998,25.209422,21.51566875,25.68049725
2023-12-14 04:00:00,25.0,23.183798,22.0253768,24.3422192,21.572459,24.795137,21.10138375,25.26621225
2023-12-14 05:00:00,24.7,23.05216,21.8937388,24.2105812,21.440821,24.663499,20.96974575,25.13457425
2023-12-14 06:00:00,25.7,23.743023,22.5846018,24.9014442,22.131684,25.354362000000002,21.66060875,25.82543725
2023-12-14 07:00:00,25.7,24.68055,23.5221288,25.8389712,23.069211,26.291889,22.59813575,26.76296425
2023-12-14 08:00:00,26.4,25.976643,24.8182218,27.1350642,24.365304,27.587982,23.89422875,28.05905725
2023-12-14 09:00:00,26.2,26.870253,25.711831800000002,28.0286742,25.258914,28.481592000000003,24.787838750000002,28.95266725
2023-12-14 10:00:00,26.1,27.34868,26.190258800000002,28.5071012,25.737341,28.960019000000003,25.266265750000002,29.43109425
2023-12-14 11:00:00,26.0,27.742487,26.5840658,28.9009082,26.131148,29.353826,25.66007275,29.82490125
2023-12-14 12:00:00,26.0,27.819304,26.6608828,28.9777252,26.207964999999998,29.430643,25.73688975,29.90171825
2023-12-14 13:00:00,26.0,27.994135,26.8357138,29.1525562,26.382796,29.605474,25.91172075,30.07654925
2023-12-14 14:00:00,25.2,27.792418,26.633996800000002,28.9508392,26.181079,29.403757000000002,25.710003750000002,29.87483225
2023-12-14 15:00:00,25.7,27.43078,26.2723588,28.589201199999998,25.819440999999998,29.042119,25.34836575,29.513194249999998
2023-12-14 16:00:00,26.0,26.87486,25.716438800000002,28.0332812,25.263521,28.486199000000003,24.792445750000002,28.95727425
2023-12-14 17:00:00,25.7,26.138872,24.9804508,27.2972932,24.527533,27.750211,24.05645775,28.22128625
2023-12-14 18:00:00,25.7,25.895428,24.7370068,27.0538492,24.284088999999998,27.506767,23.81301375,27.97784225
2023-12-14 19:00:00,25.5,25.53379,24.3753688,26.6922112,23.922451,27.145129,23.45137575,27.61620425
2023-12-14 20:00:00,25.2,25.519243,24.3608218,26.6776642,23.907904,27.130582,23.43682875,27.60165725
2023-12-14 21:00:00,25.4,25.111675,23.953253800000002,26.2700962,23.500336,26.723014000000003,23.029260750000002,27.19408925
2023-12-14 22:00:00,25.0,24.982298,23.8238768,26.1407192,23.370959,26.593637,22.89988375,27.06471225
2023-12-14 23:00:00,24.7,24.950153,23.7917318,26.1085742,23.338814,26.561492,22.86773875,27.03256725
2023-12-15 00:00:00,25.0,25.196842,24.0384208,26.3552632,23.585503,26.808181,23.11442775,27.27925625
2023-12-15 01:00:00,24.9,25.144287,23.9858658,26.302708199999998,23.532947999999998,26.755626,23.06187275,27.226701249999998
2023-12-15 02:00:00,24.7,24.776388,23.6179668,25.9348092,23.165049,26.387727,22.69397375,26.85880225
2023-12-15 03:00:00,24.3,24.607763,23.4493418,25.766184199999998,22.996423999999998,26.219102,22.52534875,26.690177249999998
2023-12-15 04:00:00,24.4,24.559032,23.4006108,25.717453199999998,22.947692999999997,26.170371,22.47661775,26.641446249999998
2023-12-15 05:00:00,24.8,24.49779,23.3393688,25.656211199999998,22.886450999999997,26.109129,22.41537575,26.580204249999998
2023-12-15 06:00:00,24.8,24.790619,23.6321978,25.9490402,23.17928,26.401958,22.70820475,26.87303325
2023-12-15 07:00:00,25.3,25.597961,24.439539800000002,26.7563822,23.986622,27.209300000000002,23.515546750000002,27.68037525
2023-12-15 08:00:00,26.2,26.410929,25.2525078,27.5693502,24.79959,28.022268,24.32851475,28.49334325
2023-12-15 09:00:00,26.6,26.9085,25.7500788,28.0669212,25.297161,28.519839,24.82608575,28.99091425
2023-12-15 10:00:00,27.6,27.11721,25.9587888,28.2756312,25.505871,28.728549,25.03479575,29.19962425
2023-12-15 11:00:00,28.3,26.943014,25.784592800000002,28.1014352,25.331675,28.554353000000003,24.860599750000002,29.02542825
2023-12-15 12:00:00,28.3,26.773973,25.615551800000002,27.9323942,25.162634,28.385312000000003,24.691558750000002,28.85638725
2023-12-15 13:00:00,28.3,26.425083,25.2666618,27.5835042,24.813744,28.036422,24.34266875,28.50749725
2023-12-15 14:00:00,28.3,26.74196,25.5835388,27.900381199999998,25.130620999999998,28.353299,24.65954575,28.824374249999998
2023-12-15 15:00:00,28.0,26.440296,25.2818748,27.5987172,24.828957,28.051635,24.35788175,28.52271025
2023-12-15 16:00:00,27.5,26.143948,24.985526800000002,27.3023692,24.532609,27.755287000000003,24.061533750000002,28.22636225
2023-12-15 17:00:00,26.9,25.998262,24.8398408,27.1566832,24.386923,27.609601,23.91584775,28.08067625
2023-12-15 18:00:00,26.4,25.738268,24.579846800000002,26.8966892,24.126929,27.349607000000002,23.655853750000002,27.82068225
2023-12-15 19:00:00,26.3,25.470057,24.3116358,26.6284782,23.858718,27.081396,23.38764275,27.55247125
2023-12-15 20:00:00,26.3,25.194355,24.035933800000002,26.3527762,23.583016,26.805694000000003,23.111940750000002,27.27676925
2023-12-15 21:00:00,26.0,25.208275,24.0498538,26.3666962,23.596936,26.819614,23.12586075,27.29068925
2023-12-15 22:00:00,25.6,25.176079,24.017657800000002,26.3345002,23.56474,26.787418000000002,23.093664750000002,27.25849325
2023-12-15 23:00:00,24.9,24.8225,23.664078800000002,25.9809212,23.211161,26.433839000000003,22.740085750000002,26.90491425
2023-12-16 00:00:00,24.4,24.852453,23.6940318,26.0108742,23.241114,26.463792,22.77003875,26.93486725
2023-12-16 01:00:00,24.9,24.68924,23.530818800000002,25.8476612,23.077901,26.300579000000003,22.606825750000002,26.77165425
2023-12-16 02:00:00,24.8,24.609488,23.4510668,25.7679092,22.998148999999998,26.220827,22.52707375,26.69190225
2023-12-16 03:00:00,24.3,24.391333,23.2329118,25.5497542,22.779994,26.002672,22.30891875,26.47374725
2023-12-16 04:00:00,25.0,24.456072,23.2976508,25.6144932,22.844732999999998,26.067411,22.37365775,26.53848625
2023-12-16 05:00:00,25.1,24.639431,23.4810098,25.797852199999998,23.028091999999997,26.25077,22.55701675,26.721845249999998
2023-12-16 06:00:00,25.3,24.814049,23.6556278,25.9724702,23.20271,26.425388,22.73163475,26.89646325
2023-12-16 07:00:00,26.0,25.34897,24.190548800000002,26.5073912,23.737631,26.960309000000002,23.266555750000002,27.43138425
2023-12-16 08:00:00,26.4,26.258692,25.1002708,27.4171132,24.647353,27.870031,24.17627775,28.34110625
2023-12-16 09:00:00,27.1,27.032207,25.8737858,28.1906282,25.420868,28.643546,24.94979275,29.11462125
2023-12-16 10:00:00,27.8,27.27934,26.120918800000002,28.4377612,25.668001,28.890679000000002,25.196925750000002,29.36175425
2023-12-16 11:00:00,28.0,27.872795,26.7143738,29.0312162,26.261456,29.484134,25.79038075,29.95520925
2023-12-16 12:00:00,28.0,27.88503,26.7266088,29.0434512,26.273691,29.496369,25.80261575,29.96744425
2023-12-16 13:00:00,28.0,27.828629,26.6702078,28.9870502,26.21729,29.439968,25.74621475,29.91104325
2023-12-16 14:00:00,27.8,27.73779,26.5793688,28.8962112,26.126451,29.349129,25.65537575,29.82020425
2023-12-16 15:00:00,27.2,27.512573,26.3541518,28.6709942,25.901234,29.123912,25.43015875,29.59498725
2023-12-16 16:00:00,26.6,26.999582,25.8411608,28.1580032,25.388243,28.610921,24.91716775,29.08199625
2023-12-16 17:00:00,26.1,26.19154,25.0331188,27.3499612,24.580201,27.802879,24.10912575,28.27395425
2023-12-16 18:00:00,26.5,25.920124,24.761702800000002,27.0785452,24.308785,27.531463000000002,23.837709750000002,28.00253825
2023-12-16 19:00:00,26.4,25.872513,24.714091800000002,27.0309342,24.261174,27.483852000000002,23.790098750000002,27.95492725
2023-12-16 20:00:00,26.2,25.82965,24.6712288,26.9880712,24.218311,27.440989000000002,23.74723575,27.91206425
2023-12-16 21:00:00,26.2,25.73436,24.5759388,26.892781199999998,24.123020999999998,27.345699,23.65194575,27.816774249999998
2023-12-16 22:00:00,26.0,25.462202,24.303780800000002,26.6206232,23.850863,27.073541000000002,23.379787750000002,27.54461625
2023-12-16 23:00:00,25.8,25.26452,24.1060988,26.4229412,23.653181,26.875859000000002,23.18210575,27.34693425
2023-12-17 00:00:00,25.6,24.792686,23.6342648,25.9511072,23.181347,26.404025,22.71027175,26.87510025
2023-12-17 01:00:00,25.4,24.836815,23.678393800000002,25.9952362,23.225476,26.448154000000002,22.754400750000002,26.91922925
2023-12-17 02:00:00,25.3,24.708218,23.5497968,25.866639199999998,23.096878999999998,26.319557,22.62580375,26.790632249999998
2023-12-17 03:00:00,25.2,24.600536,23.442114800000002,25.7589572,22.989197,26.211875000000003,22.518121750000002,26.68295025
2023-12-17 04:00:00,25.2,24.63006,23.4716388,25.7884812,23.018721,26.241399,22.54764575,26.71247425
2023-12-17 05:00:00,25.1,24.836903,23.6784818,25.9953242,23.225564,26.448242,22.75448875,26.91931725
2023-12-17 06:00:00,25.5,24.764805,23.6063838,25.9232262,23.153465999999998,26.376144,22.68239075,26.84721925
2023-12-17 07:00:00,25.7,25.5344,24.375978800000002,26.6928212,23.923061,27.145739000000003,23.451985750000002,27.61681425
2023-12-17 08:00:00,26.5,26.452978,25.294556800000002,27.6113992,24.841639,28.064317000000003,24.370563750000002,28.53539225
2023-12-17 09:00:00,27.0,26.960695,25.802273800000002,28.1191162,25.349356,28.572034000000002,24.878280750000002,29.04310925
2023-12-17 10:00:00,27.5,27.450306,26.291884800000002,28.6087272,25.838967,29.061645000000002,25.367891750000002,29.53272025
2023-12-17 11:00:00,27.4,27.43776,26.2793388,28.5961812,25.826421,29.049099000000002,25.35534575,29.52017425
2023-12-17 12:00:00,27.5,27.887217,26.7287958,29.0456382,26.275878,29.498556,25.80480275,29.96963125
2023-12-17 13:00:00,27.3,27.765617,26.6071958,28.9240382,26.154277999999998,29.376956,25.68320275,29.84803125
2023-12-17 14:00:00,27.1,27.509525,26.3511038,28.6679462,25.898186,29.120864,25.42711075,29.59193925
2023-12-17 15:00:00,26.5,26.975801,25.8173798,28.1342222,25.364462,28.58714,24.89338675,29.05821525
2023-12-17 16:00:00,26.1,26.593521,25.4350998,27.7519422,24.982181999999998,28.20486,24.51110675,28.67593525
2023-12-17 17:00:00,25.6,26.27784,25.119418800000002,27.4362612,24.666501,27.889179000000002,24.195425750000002,28.36025425
2023-12-17 18:00:00,25.6,26.18052,25.022098800000002,27.3389412,24.569181,27.791859000000002,24.098105750000002,28.26293425
2023-12-17 19:00:00,25.5,26.05808,24.8996588,27.2165012,24.446741,27.669419,23.97566575,28.14049425
2023-12-17 20:00:00,25.4,25.84226,24.6838388,27.0006812,24.230921,27.453599,23.75984575,27.92467425
2023-12-17 21:00:00,25.4,25.831387,24.6729658,26.9898082,24.220048,27.442726,23.74897275,27.91380125
2023-12-17 22:00:00,25.2,25.695215,24.5367938,26.8536362,24.083876,27.306554000000002,23.61280075,27.77762925
2023-12-17 23:00:00,24.9,25.476433,24.3180118,26.6348542,23.865094,27.087772,23.39401875,27.55884725
2023-12-18 00:00:00,24.7,25.224155,24.0657338,26.3825762,23.612816,26.835494,23.14174075,27.30656925
2023-12-18 01:00:00,24.5,24.918406,23.7599848,26.0768272,23.307067,26.529745000000002,22.83599175,27.00082025
2023-12-18 02:00:00,24.5,24.780117,23.6216958,25.9385382,23.168778,26.391456,22.69770275,26.86253125
2023-12-18 03:00:00,24.3,24.71933,23.5609088,25.8777512,23.107991,26.330669,22.63691575,26.80174425
2023-12-18 04:00:00,24.0,24.670864,23.512442800000002,25.8292852,23.059525,26.282203000000003,22.588449750000002,26.75327825
2023-12-18 05:00:00,23.8,24.556713,23.3982918,25.715134199999998,22.945373999999997,26.168052,22.47429875,26.639127249999998
2023-12-18 06:00:00,24.8,24.598917,23.4404958,25.7573382,22.987578,26.210256,22.51650275,26.68133125
2023-12-18 07:00:00,25.4,25.247889,24.0894678,26.4063102,23.63655,26.859228,23.16547475,27.33030325
2023-12-18 08:00:00,26.6,25.889517,24.731095800000002,27.0479382,24.278178,27.500856000000002,23.807102750000002,27.97193125
2023-12-18 09:00:00,27.0,26.770712,25.6122908,27.9291332,25.159373,28.382051,24.68829775,28.85312625
2023-12-18 10:00:00,27.5,27.176985,26.0185638,28.335406199999998,25.565645999999997,28.788324,25.09457075,29.259399249999998
2023-12-18 11:00:00,27.7,27.470446,26.3120248,28.6288672,25.859106999999998,29.081785,25.38803175,29.55286025
2023-12-18 12:00:00,27.8,27.505983,26.3475618,28.6644042,25.894644,29.117322,25.42356875,29.58839725
2023-12-18 13:00:00,27.8,27.403975,26.2455538,28.5623962,25.792635999999998,29.015314,25.32156075,29.48638925
2023-12-18 14:00:00,27.6,26.776892,25.6184708,27.9353132,25.165553,28.388231,24.69447775,28.85930625
2023-12-18 15:00:00,27.2,26.105696,24.9472748,27.264117199999998,24.494356999999997,27.717035,24.02328175,28.188110249999998
2023-12-18 16:00:00,26.8,25.48955,24.331128800000002,26.6479712,23.878211,27.100889000000002,23.407135750000002,27.57196425
2023-12-18 17:00:00,26.1,25.166058,24.0076368,26.3244792,23.554719,26.777397,23.08364375,27.24847225
2023-12-18 18:00:00,26.3,25.029463,23.8710418,26.1878842,23.418124,26.640802,22.94704875,27.11187725
2023-12-18 19:00:00,26.6,25.065878,23.907456800000002,26.2242992,23.454539,26.677217000000002,22.983463750000002,27.14829225
2023-12-18 20:00:00,26.7,25.117365,23.9589438,26.2757862,23.506026,26.728704,23.03495075,27.19977925
2023-12-18 21:00:00,26.7,25.022863,23.8644418,26.1812842,23.411524,26.634202000000002,22.94044875,27.10527725
2023-12-18 22:00:00,26.4,24.946846,23.7884248,26.1052672,23.335507,26.558185,22.86443175,27.02926025
2023-12-18 23:00:00,26.1,24.675941,23.517519800000002,25.8343622,23.064602,26.287280000000003,22.593526750000002,26.75835525
2023-12-19 00:00:00,25.9,24.256584,23.0981628,25.4150052,22.645245,25.867923,22.17416975,26.33899825
2023-12-19 01:00:00,25.4,23.923876,22.7654548,25.0822972,22.312537,25.535215,21.84146175,26.00629025
2023-12-19 02:00:00,25.1,23.690796,22.5323748,24.8492172,22.079456999999998,25.302135,21.60838175,25.773210249999998
2023-12-19 03:00:00,24.8,23.5146,22.356178800000002,24.6730212,21.903261,25.125939000000002,21.432185750000002,25.59701425
2023-12-19 04:00:00,24.9,23.197416,22.0389948,24.3558372,21.586077,24.808755,21.11500175,25.27983025
2023-12-19 05:00:00,24.8,23.123148,21.9647268,24.2815692,21.511809,24.734487,21.04073375,25.20556225
2023-12-19 06:00:00,25.5,23.47,22.3115788,24.6284212,21.858660999999998,25.081339,21.38758575,25.552414249999998
2023-12-19 07:00:00,25.7,24.513361,23.3549398,25.6717822,22.902022,26.1247,22.43094675,26.59577525
2023-12-19 08:00:00,26.3,25.70729,24.5488688,26.8657112,24.095951,27.318629,23.62487575,27.78970425
2023-12-19 09:00:00,27.1,26.773888,25.6154668,27.9323092,25.162549,28.385227,24.69147375,28.85630225
2023-12-19 10:00:00,27.7,27.173744,26.0153228,28.3321652,25.562405,28.785083,25.09132975,29.25615825
2023-12-19 11:00:00,27.9,27.468962,26.310540800000002,28.6273832,25.857623,29.080301000000002,25.386547750000002,29.55137625
2023-12-19 12:00:00,28.0,27.601301,26.4428798,28.7597222,25.989962,29.21264,25.51888675,29.68371525
2023-12-19 13:00:00,27.9,27.5079,26.3494788,28.6663212,25.896561,29.119239,25.42548575,29.59031425
2023-12-19 14:00:00,27.5,27.28273,26.1243088,28.4411512,25.671391,28.894069000000002,25.20031575,29.36514425
2023-12-19 15:00:00,27.4,26.914291,25.7558698,28.072712199999998,25.302951999999998,28.52563,24.83187675,28.996705249999998
2023-12-19 16:00:00,26.9,26.474276,25.3158548,27.6326972,24.862937,28.085615,24.39186175,28.55669025
2023-12-19 17:00:00,26.2,25.977053,24.818631800000002,27.1354742,24.365714,27.588392000000002,23.894638750000002,28.05946725
2023-12-19 18:00:00,26.6,25.566818,24.408396800000002,26.7252392,23.955479,27.178157000000002,23.484403750000002,27.64923225
2023-12-19 19:00:00,26.3,25.90214,24.7437188,27.0605612,24.290801,27.513479,23.81972575,27.98455425
2023-12-19 20:00:00,25.9,25.954685,24.796263800000002,27.1131062,24.343346,27.566024000000002,23.872270750000002,28.03709925
2023-12-19 21:00:00,25.6,26.062702,24.904280800000002,27.2211232,24.451363,27.674041000000003,23.980287750000002,28.14511625
2023-12-19 22:00:00,25.4,25.798344,24.6399228,26.9567652,24.187005,27.409683,23.71592975,27.88075825
2023-12-19 23:00:00,25.2,25.518808,24.3603868,26.6772292,23.907469,27.130147,23.43639375,27.60122225
2023-12-20 00:00:00,24.9,25.347235,24.188813800000002,26.5056562,23.735896,26.958574000000002,23.264820750000002,27.42964925
2023-12-20 01:00:00,24.6,24.808365,23.6499438,25.966786199999998,23.197025999999997,26.419704,22.72595075,26.890779249999998
2023-12-20 02:00:00,24.4,24.483404,23.3249828,25.6418252,22.872065,26.094743,22.40098975,26.56581825
2023-12-20 03:00:00,24.3,24.105179,22.9467578,25.2636002,22.49384,25.716518,22.02276475,26.18759325
2023-12-20 04:00:00,24.3,24.132309,22.9738878,25.2907302,22.52097,25.743648,22.04989475,26.21472325
2023-12-20 05:00:00,24.1,23.906462,22.748040800000002,25.0648832,22.295123,25.517801000000002,21.824047750000002,25.98887625
2023-12-20 06:00:00,25.8,24.374287,23.2158658,25.5327082,22.762947999999998,25.985626,22.29187275,26.45670125
2023-12-20 07:00:00,25.9,24.8889,23.7304788,26.0473212,23.277561,26.500239,22.80648575,26.97131425
2023-12-20 08:00:00,26.5,25.548437,24.3900158,26.7068582,23.937098,27.159776,23.46602275,27.63085125
2023-12-20 09:00:00,27.2,26.684294,25.525872800000002,27.8427152,25.072955,28.295633000000002,24.601879750000002,28.76670825
2023-12-20 10:00:00,27.7,27.063194,25.9047728,28.2216152,25.451855,28.674533,24.98077975,29.14560825
2023-12-20 11:00:00,28.0,27.509874,26.3514528,28.6682952,25.898535,29.121213,25.42745975,29.59228825
2023-12-20 12:00:00,28.1,27.609873,26.4514518,28.7682942,25.998534,29.221212,25.52745875,29.69228725
2023-12-20 13:00:00,27.9,27.560968,26.4025468,28.7193892,25.949628999999998,29.172307,25.47855375,29.64338225
2023-12-20 14:00:00,27.4,27.349426,26.1910048,28.5078472,25.738087,28.960765000000002,25.26701175,29.43184025
2023-12-20 15:00:00,27.0,27.012548,25.8541268,28.1709692,25.401208999999998,28.623887,24.93013375,29.09496225
2023-12-20 16:00:00,26.4,26.419586,25.2611648,27.5780072,24.808246999999998,28.030925,24.33717175,28.50200025
2023-12-20 17:00:00,25.7,25.854324,24.6959028,27.012745199999998,24.242984999999997,27.465663,23.77190975,27.936738249999998
2023-12-20 18:00:00,25.7,25.90879,24.7503688,27.0672112,24.297451,27.520129,23.82637575,27.99120425
2023-12-20 19:00:00,25.2,25.783518,24.6250968,26.9419392,24.172179,27.394857000000002,23.70110375,27.86593225
2023-12-20 20:00:00,24.9,25.452217,24.2937958,26.6106382,23.840878,27.063556000000002,23.36980275,27.53463125
2023-12-20 21:00:00,24.7,25.331827,24.1734058,26.4902482,23.720488,26.943166,23.24941275,27.41424125
2023-12-20 22:00:00,24.5,24.959068,23.8006468,26.117489199999998,23.347728999999998,26.570407,22.87665375,27.041482249999998
2023-12-20 23:00:00,24.2,24.877972,23.7195508,26.0363932,23.266633,26.489311,22.79555775,26.96038625
2023-12-21 00:00:00,24.0,24.667606,23.5091848,25.8260272,23.056267,26.278945,22.58519175,26.75002025
2023-12-21 01:00:00,23.7,24.363487,23.2050658,25.5219082,22.752148,25.974826,22.28107275,26.44590125
2023-12-21 02:00:00,23.5,23.932827,22.7744058,25.0912482,22.321488,25.544166,21.85041275,26.01524125
2023-12-21 03:00:00,23.3,23.784142,22.6257208,24.9425632,22.172803,25.395481,21.70172775,25.86655625
2023-12-21 04:00:00,23.2,23.82893,22.6705088,24.9873512,22.217591,25.440269,21.74651575,25.91134425
2023-12-21 05:00:00,22.9,23.625841,22.467419800000002,24.7842622,22.014502,25.237180000000002,21.543426750000002,25.70825525
2023-12-21 06:00:00,23.4,24.135353,22.9769318,25.293774199999998,22.524013999999998,25.746692,22.05293875,26.217767249999998
2023-12-21 07:00:00,24.4,25.32191,24.1634888,26.4803312,23.710570999999998,26.933249,23.23949575,27.40432425
2023-12-21 08:00:00,25.9,25.906511,24.7480898,27.064932199999998,24.295171999999997,27.51785,23.82409675,27.988925249999998
2023-12-21 09:00:00,26.8,26.788979,25.630557800000002,27.9474002,25.17764,28.400318000000002,24.706564750000002,28.87139325
2023-12-21 10:00:00,27.4,27.288687,26.1302658,28.4471082,25.677348,28.900026,25.20627275,29.37110125
2023-12-21 11:00:00,27.7,27.629051,26.4706298,28.7874722,26.017712,29.24039,25.54663675,29.71146525
2023-12-21 12:00:00,27.8,27.748425,26.5900038,28.9068462,26.137086,29.359764000000002,25.66601075,29.83083925
2023-12-21 13:00:00,27.5,27.607155,26.4487338,28.765576199999998,25.995815999999998,29.218494,25.52474075,29.689569249999998
2023-12-21 14:00:00,27.2,27.307714,26.1492928,28.4661352,25.696375,28.919053,25.22529975,29.39012825
2023-12-21 15:00:00,26.7,26.96035,25.8019288,28.118771199999998,25.349010999999997,28.571689,24.87793575,29.042764249999998
2023-12-21 16:00:00,26.0,26.396235,25.2378138,27.5546562,24.784896,28.007574,24.31382075,28.47864925
2023-12-21 17:00:00,24.9,25.612858,24.4544368,26.7712792,24.001519,27.224197,23.53044375,27.69527225
2023-12-21 18:00:00,24.0,25.400545,24.2421238,26.5589662,23.789206,27.011884000000002,23.31813075,27.48295925
2023-12-21 19:00:00,23.6,25.176756,24.0183348,26.3351772,23.565417,26.788095000000002,23.09434175,27.25917025
2023-12-21 20:00:00,23.4,24.964563,23.8061418,26.122984199999998,23.353223999999997,26.575902,22.88214875,27.046977249999998
2023-12-21 21:00:00,23.4,24.65495,23.4965288,25.8133712,23.043611,26.266289,22.57253575,26.73736425
2023-12-21 22:00:00,23.2,24.234411,23.075989800000002,25.3928322,22.623072,25.845750000000002,22.151996750000002,26.31682525
2023-12-21 23:00:00,22.8,24.025583,22.8671618,25.1840042,22.414244,25.636922000000002,21.94316875,26.10799725
2023-12-22 00:00:00,22.5,23.550837,22.392415800000002,24.7092582,21.939498,25.162176000000002,21.468422750000002,25.63325125
2023-12-22 01:00:00,22.6,23.343496,22.1850748,24.501917199999998,21.732156999999997,24.954835,21.26108175,25.425910249999998
2023-12-22 02:00:00,22.3,23.142159,21.9837378,24.3005802,21.53082,24.753498,21.05974475,25.22457325
2023-12-22 03:00:00,21.6,23.103655,21.9452338,24.2620762,21.492316,24.714994,21.02124075,25.18606925
2023-12-22 04:00:00,21.2,23.058868,21.9004468,24.2172892,21.447529,24.670207,20.97645375,25.14128225
2023-12-22 05:00:00,20.9,22.9685,21.8100788,24.126921199999998,21.357160999999998,24.579839,20.88608575,25.050914249999998
2023-12-22 06:00:00,21.0,22.986948,21.828526800000002,24.1453692,21.375609,24.598287000000003,20.904533750000002,25.06936225
2023-12-22 07:00:00,22.1,24.009014,22.8505928,25.1674352,22.397675,25.620353,21.92659975,26.09142825
2023-12-22 08:00:00,24.1,25.581505,24.4230838,26.7399262,23.970166,27.192844,23.49909075,27.66391925
2023-12-22 09:00:00,26.0,26.752386,25.593964800000002,27.9108072,25.141047,28.363725000000002,24.669971750000002,28.83480025
2023-12-22 10:00:00,27.2,27.178942,26.0205208,28.3373632,25.567603,28.790281,25.09652775,29.26135625
2023-12-22 11:00:00,27.6,27.572111,26.4136898,28.7305322,25.960772,29.18345,25.48969675,29.65452525
2023-12-22 12:00:00,27.7,27.816275,26.6578538,28.9746962,26.204936,29.427614000000002,25.73386075,29.89868925
2023-12-22 13:00:00,27.4,27.53835,26.379928800000002,28.6967712,25.927011,29.149689000000002,25.455935750000002,29.62076425
2023-12-22 14:00:00,26.9,27.387743,26.2293218,28.5461642,25.776404,28.999082,25.30532875,29.47015725
2023-12-22 15:00:00,26.3,26.85099,25.6925688,28.0094112,25.239651,28.462329,24.76857575,28.93340425
2023-12-22 16:00:00,25.9,25.999199,24.8407778,27.1576202,24.38786,27.610538000000002,23.91678475,28.08161325
2023-12-22 17:00:00,25.3,25.328564,24.1701428,26.4869852,23.717225,26.939903,23.24614975,27.41097825
2023-12-22 18:00:00,24.8,24.603176,23.444754800000002,25.7615972,22.991837,26.214515000000002,22.520761750000002,26.68559025
2023-12-22 19:00:00,24.6,23.887466,22.7290448,25.0458872,22.276127,25.498805,21.80505175,25.96988025
2023-12-22 20:00:00,24.4,23.523434,22.365012800000002,24.6818552,21.912095,25.134773000000003,21.441019750000002,25.60584825
2023-12-22 21:00:00,24.1,23.501226,22.3428048,24.6596472,21.889886999999998,25.112565,21.41881175,25.58364025
2023-12-22 22:00:00,23.7,23.16695,22.0085288,24.3253712,21.555611,24.778289,21.08453575,25.24936425
2023-12-22 23:00:00,23.5,22.842062,21.6836408,24.000483199999998,21.230722999999998,24.453401,20.75964775,24.924476249999998
2023-12-23 00:00:00,23.4,22.268663,21.1102418,23.4270842,20.657324,23.880002,20.18624875,24.35107725
2023-12-23 01:00:00,23.2,22.231768,21.0733468,23.3901892,20.620428999999998,23.843107,20.14935375,24.314182249999998
2023-12-23 02:00:00,22.9,22.081976,20.9235548,23.2403972,20.470637,23.693315000000002,19.99956175,24.16439025
2023-12-23 03:00:00,22.5,21.732233,20.5738118,22.8906542,20.120894,23.343572,19.64981875,23.81464725
2023-12-23 04:00:00,22.2,21.552444,20.394022800000002,22.7108652,19.941105,23.163783000000002,19.470029750000002,23.63485825
2023-12-23 05:00:00,21.7,21.610104,20.4516828,22.7685252,19.998765,23.221443,19.52768975,23.69251825
2023-12-23 06:00:00,22.5,21.83326,20.6748388,22.9916812,20.221921,23.444599,19.75084575,23.91567425
2023-12-23 07:00:00,23.4,22.35957,21.201148800000002,23.5179912,20.748231,23.970909000000002,20.277155750000002,24.44198425
2023-12-23 08:00:00,25.1,24.210436,23.052014800000002,25.3688572,22.599097,25.821775000000002,22.128021750000002,26.29285025
2023-12-23 09:00:00,26.6,26.174488,25.0160668,27.3329092,24.563149,27.785827,24.09207375,28.25690225
2023-12-23 10:00:00,28.0,27.301477,26.1430558,28.459898199999998,25.690137999999997,28.912816,25.21906275,29.383891249999998
2023-12-23 11:00:00,28.3,27.812443,26.6540218,28.970864199999998,26.201103999999997,29.423782,25.73002875,29.894857249999998
2023-12-23 12:00:00,28.3,27.865763,26.707341800000002,29.0241842,26.254424,29.477102000000002,25.783348750000002,29.94817725
2023-12-23 13:00:00,28.4,27.737879,26.5794578,28.8963002,26.12654,29.349218,25.65546475,29.82029325
2023-12-23 14:00:00,27.4,27.241678,26.0832568,28.4000992,25.630339,28.853017,25.15926375,29.32409225
2023-12-23 15:00:00,27.3,26.587477,25.4290558,27.7458982,24.976138,28.198816,24.50506275,28.66989125
2023-12-23 16:00:00,27.1,26.027523,24.8691018,27.185944199999998,24.416183999999998,27.638862,23.94510875,28.109937249999998
2023-12-23 17:00:00,26.5,25.370249,24.211827800000002,26.5286702,23.75891,26.981588000000002,23.287834750000002,27.45266325
2023-12-23 18:00:00,26.1,24.700186,23.5417648,25.858607199999998,23.088846999999998,26.311525,22.61777175,26.782600249999998
2023-12-23 19:00:00,25.8,24.557518,23.399096800000002,25.7159392,22.946179,26.168857000000003,22.475103750000002,26.63993225
2023-12-23 20:00:00,25.8,24.31837,23.159948800000002,25.4767912,22.707031,25.929709000000003,22.235955750000002,26.40078425
2023-12-23 21:00:00,26.2,23.94401,22.7855888,25.102431199999998,22.332670999999998,25.555349,21.86159575,26.026424249999998
2023-12-23 22:00:00,26.2,23.871012,22.7125908,25.0294332,22.259673,25.482351,21.78859775,25.95342625
2023-12-23 23:00:00,25.7,22.884516,21.726094800000002,24.0429372,21.273177,24.495855000000002,20.802101750000002,24.96693025
2023-12-24 00:00:00,25.2,23.10029,21.9418688,24.2587112,21.488951,24.711629000000002,21.01787575,25.18270425
2023-12-24 01:00:00,25.1,22.87689,21.7184688,24.0353112,21.265551,24.488229,20.79447575,24.95930425
2023-12-24 02:00:00,24.4,22.596684,21.4382628,23.7551052,20.985345,24.208023,20.51426975,24.67909825
2023-12-24 03:00:00,24.3,22.202265,21.0438438,23.3606862,20.590926,23.813604,20.11985075,24.28467925
2023-12-24 04:00:00,24.1,21.87173,20.7133088,23.0301512,20.260391,23.483069,19.78931575,23.95414425
2023-12-24 05:00:00,24.3,21.959496,20.801074800000002,23.1179172,20.348157,23.570835000000002,19.877081750000002,24.04191025
2023-12-24 06:00:00,24.0,22.01579,20.8573688,23.1742112,20.404450999999998,23.627129,19.93337575,24.09820425
2023-12-24 07:00:00,24.6,22.996824,21.8384028,24.1552452,21.385485,24.608163,20.91440975,25.07923825
2023-12-24 08:00:00,25.3,24.880629,23.7222078,26.0390502,23.269289999999998,26.491968,22.79821475,26.96304325
2023-12-24 09:00:00,26.2,26.090557,24.9321358,27.2489782,24.479218,27.701896,24.00814275,28.17297125
2023-12-24 10:00:00,26.8,27.34226,26.1838388,28.5006812,25.730921,28.953599,25.25984575,29.42467425
2023-12-24 11:00:00,27.1,27.765945,26.6075238,28.924366199999998,26.154605999999998,29.377284,25.68353075,29.848359249999998
2023-12-24 12:00:00,27.7,27.856195,26.6977738,29.0146162,26.244856,29.467534,25.77378075,29.93860925
2023-12-24 13:00:00,28.0,27.735035,26.5766138,28.8934562,26.123696,29.346374,25.65262075,29.81744925
2023-12-24 14:00:00,28.0,27.422771,26.2643498,28.5811922,25.811432,29.034110000000002,25.34035675,29.50518525
2023-12-24 15:00:00,27.4,27.00415,25.8457288,28.1625712,25.392811,28.615489,24.92173575,29.08656425
2023-12-24 16:00:00,26.9,26.766539,25.608117800000002,27.9249602,25.1552,28.377878000000003,24.684124750000002,28.84895325
2023-12-24 17:00:00,26.1,26.157944,24.9995228,27.3163652,24.546605,27.769283,24.07552975,28.24035825
2023-12-24 18:00:00,25.3,25.75573,24.5973088,26.9141512,24.144391,27.367069,23.67331575,27.83814425
2023-12-24 19:00:00,24.8,25.627855,24.4694338,26.7862762,24.016516,27.239194,23.54544075,27.71026925
2023-12-24 20:00:00,24.7,25.491455,24.3330338,26.649876199999998,23.880115999999997,27.102794,23.40904075,27.573869249999998
2023-12-24 21:00:00,24.7,25.62275,24.4643288,26.7811712,24.011411,27.234089,23.54033575,27.70516425
2023-12-24 22:00:00,24.6,25.544714,24.3862928,26.7031352,23.933374999999998,27.156053,23.46229975,27.62712825
2023-12-24 23:00:00,24.4,25.411459,24.2530378,26.5698802,23.80012,27.022798,23.32904475,27.49387325
2023-12-25 00:00:00,24.0,25.11961,23.961188800000002,26.2780312,23.508271,26.730949000000003,23.037195750000002,27.20202425
2023-12-25 01:00:00,23.5,24.970934,23.8125128,26.1293552,23.359595,26.582273,22.88851975,27.05334825
2023-12-25 02:00:00,22.9,24.574131,23.415709800000002,25.7325522,22.962792,26.185470000000002,22.491716750000002,26.65654525
2023-12-25 03:00:00,22.5,24.427526,23.2691048,25.5859472,22.816187,26.038865,22.34511175,26.50994025
2023-12-25 04:00:00,22.2,24.25329,23.0948688,25.4117112,22.641951,25.864629,22.17087575,26.33570425
2023-12-25 05:00:00,22.2,24.298231,23.139809800000002,25.4566522,22.686892,25.909570000000002,22.215816750000002,26.38064525
2023-12-25 06:00:00,21.3,24.09649,22.9380688,25.2549112,22.485151,25.707829,22.01407575,26.17890425
2023-12-25 07:00:00,22.1,24.476618,23.3181968,25.635039199999998,22.865278999999997,26.087957,22.39420375,26.559032249999998
2023-12-25 08:00:00,24.1,25.697147,24.5387258,26.8555682,24.085808,27.308486000000002,23.61473275,27.77956125
2023-12-25 09:00:00,26.0,26.824524,25.6661028,27.9829452,25.213185,28.435863,24.74210975,28.90693825
2023-12-25 10:00:00,27.0,27.543592,26.3851708,28.7020132,25.932253,29.154931,25.46117775,29.62600625
2023-12-25 11:00:00,27.6,27.66993,26.5115088,28.8283512,26.058591,29.281269,25.58751575,29.75234425
2023-12-25 12:00:00,27.8,27.718904,26.5604828,28.877325199999998,26.107564999999997,29.330243,25.63648975,29.801318249999998
2023-12-25 13:00:00,27.9,27.785027,26.6266058,28.9434482,26.173688,29.396366,25.70261275,29.86744125
2023-12-25 14:00:00,27.9,27.657528,26.4991068,28.8159492,26.046189,29.268867,25.57511375,29.73994225
2023-12-25 15:00:00,27.4,27.210398,26.051976800000002,28.3688192,25.599059,28.821737000000002,25.127983750000002,29.29281225
2023-12-25 16:00:00,26.7,26.851212,25.6927908,28.0096332,25.239873,28.462551,24.76879775,28.93362625
2023-12-25 17:00:00,25.8,26.149334,24.9909128,27.3077552,24.537995,27.760673,24.06691975,28.23174825
2023-12-25 18:00:00,25.4,25.538149,24.3797278,26.6965702,23.92681,27.149488,23.45573475,27.62056325
2023-12-25 19:00:00,24.9,25.011875,23.8534538,26.1702962,23.400536,26.623214,22.92946075,27.09428925
2023-12-25 20:00:00,24.6,24.867756,23.7093348,26.0261772,23.256417,26.479095,22.78534175,26.95017025
2023-12-25 21:00:00,24.7,24.82683,23.6684088,25.9852512,23.215491,26.438169000000002,22.74441575,26.90924425
2023-12-25 22:00:00,25.1,24.764751,23.6063298,25.9231722,23.153412,26.37609,22.68233675,26.84716525
2023-12-25 23:00:00,25.0,24.293571,23.1351498,25.4519922,22.682232,25.90491,22.21115675,26.37598525
2023-12-26 00:00:00,25.1,23.715736,22.5573148,24.8741572,22.104397,25.327075,21.63332175,25.79815025
2023-12-26 01:00:00,24.9,23.187828,22.0294068,24.3462492,21.576489,24.799167,21.10541375,25.27024225
2023-12-26 02:00:00,24.5,22.77374,21.6153188,23.9321612,21.162401,24.385079,20.69132575,24.85615425
2023-12-26 03:00:00,24.2,22.70429,21.5458688,23.8627112,21.092951,24.315629,20.62187575,24.78670425
2023-12-26 04:00:00,24.2,22.264297,21.1058758,23.4227182,20.652957999999998,23.875636,20.18188275,24.34671125
2023-12-26 05:00:00,23.9,22.148859,20.990437800000002,23.3072802,20.53752,23.760198000000003,20.066444750000002,24.23127325
2023-12-26 06:00:00,23.4,21.9901,20.831678800000002,23.1485212,20.378761,23.601439000000003,19.907685750000002,24.07251425
2023-12-26 07:00:00,24.3,22.376974,21.2185528,23.5353952,20.765635,23.988313,20.29455975,24.45938825
2023-12-26 08:00:00,25.9,24.371075,23.212653800000002,25.5294962,22.759736,25.982414000000002,22.288660750000002,26.45348925
2023-12-26 09:00:00,27.1,26.317963,25.1595418,27.4763842,24.706623999999998,27.929302,24.23554875,28.40037725
2023-12-26 10:00:00,27.9,27.025465,25.8670438,28.1838862,25.414126,28.636804,24.94305075,29.10787925
2023-12-26 11:00:00,28.2,27.622786,26.464364800000002,28.7812072,26.011447,29.234125000000002,25.540371750000002,29.70520025
2023-12-26 12:00:00,28.2,27.723124,26.5647028,28.881545199999998,26.111784999999998,29.334463,25.64070975,29.805538249999998
2023-12-26 13:00:00,28.0,27.821487,26.663065800000002,28.9799082,26.210148,29.432826000000002,25.739072750000002,29.90390125
2023-12-26 14:00:00,27.6,27.651852,26.493430800000002,28.8102732,26.040513,29.263191000000003,25.569437750000002,29.73426625
2023-12-26 15:00:00,27.1,27.262136,26.103714800000002,28.4205572,25.650797,28.873475000000003,25.179721750000002,29.34455025
2023-12-26 16:00:00,26.4,26.623644,25.4652228,27.782065199999998,25.012304999999998,28.234983,24.54122975,28.706058249999998
2023-12-26 17:00:00,25.8,25.830095,24.6716738,26.9885162,24.218756,27.441434,23.74768075,27.91250925
2023-12-26 18:00:00,26.2,25.19046,24.032038800000002,26.3488812,23.579121,26.801799000000003,23.108045750000002,27.27287425
2023-12-26 19:00:00,26.0,24.78445,23.6260288,25.9428712,23.173111,26.395789,22.70203575,26.86686425
2023-12-26 20:00:00,25.7,24.52499,23.3665688,25.6834112,22.913650999999998,26.136329,22.44257575,26.60740425
2023-12-26 21:00:00,25.9,24.41653,23.258108800000002,25.5749512,22.805191,26.027869000000003,22.334115750000002,26.49894425
2023-12-26 22:00:00,26.3,24.611647,23.453225800000002,25.7700682,23.000308,26.222986000000002,22.529232750000002,26.69406125
2023-12-26 23:00:00,25.5,24.607033,23.448611800000002,25.7654542,22.995694,26.218372000000002,22.524618750000002,26.68944725
2023-12-27 00:00:00,25.5,24.489279,23.3308578,25.6477002,22.87794,26.100618,22.40686475,26.57169325
2023-12-27 01:00:00,25.6,24.311625,23.1532038,25.4700462,22.700286,25.922964,22.22921075,26.39403925
2023-12-27 02:00:00,25.4,23.773462,22.6150408,24.931883199999998,22.162122999999998,25.384801,21.69104775,25.855876249999998
2023-12-27 03:00:00,24.9,23.502735,22.344313800000002,24.6611562,21.891396,25.114074000000002,21.420320750000002,25.58514925
2023-12-27 04:00:00,24.5,23.373827,22.2154058,24.532248199999998,21.762487999999998,24.985166,21.29141275,25.456241249999998
2023-12-27 05:00:00,24.3,23.058424,21.9000028,24.216845199999998,21.447084999999998,24.669763,20.97600975,25.140838249999998
2023-12-27 06:00:00,24.3,23.169712,22.0112908,24.3281332,21.558373,24.781051,21.08729775,25.25212625
2023-12-27 07:00:00,24.8,23.912104,22.7536828,25.0705252,22.300765,25.523443,21.82968975,25.99451825
2023-12-27 08:00:00,25.7,25.610004,24.4515828,26.7684252,23.998665,27.221343,23.52758975,27.69241825
2023-12-27 09:00:00,26.3,26.764292,25.6058708,27.9227132,25.152953,28.375631000000002,24.68187775,28.84670625
2023-12-27 10:00:00,27.2,27.49053,26.3321088,28.6489512,25.879191,29.101869,25.40811575,29.57294425
2023-12-27 11:00:00,28.0,27.672323,26.5139018,28.830744199999998,26.060983999999998,29.283662,25.58990875,29.754737249999998
2023-12-27 12:00:00,28.4,27.764664,26.6062428,28.9230852,26.153325,29.376003,25.68224975,29.84707825
2023-12-27 13:00:00,28.4,27.625725,26.4673038,28.7841462,26.014386,29.237064,25.54331075,29.70813925
2023-12-27 14:00:00,28.1,27.361614,26.2031928,28.5200352,25.750275,28.972953,25.27919975,29.44402825
2023-12-27 15:00:00,27.7,26.936071,25.7776498,28.094492199999998,25.324731999999997,28.54741,24.85365675,29.018485249999998
2023-12-27 16:00:00,27.0,26.1509,24.9924788,27.3093212,24.539561,27.762239,24.06848575,28.23331425
2023-12-27 17:00:00,26.4,25.53299,24.374568800000002,26.6914112,23.921651,27.144329000000003,23.450575750000002,27.61540425
2023-12-27 18:00:00,26.0,25.63692,24.4784988,26.7953412,24.025581,27.248259,23.55450575,27.71933425
2023-12-27 19:00:00,25.8,25.50354,24.3451188,26.6619612,23.892201,27.114879000000002,23.42112575,27.58595425
2023-12-27 20:00:00,25.6,25.274834,24.1164128,26.433255199999998,23.663494999999998,26.886173,23.19241975,27.357248249999998
2023-12-27 21:00:00,25.5,25.405628,24.2472068,26.5640492,23.794289,27.016967,23.32321375,27.48804225
2023-12-27 22:00:00,25.2,25.555012,24.396590800000002,26.7134332,23.943673,27.166351000000002,23.472597750000002,27.63742625
2023-12-27 23:00:00,25.2,25.16893,24.0105088,26.3273512,23.557591,26.780269,23.08651575,27.25134425
2023-12-28 00:00:00,25.2,24.902353,23.743931800000002,26.0607742,23.291014,26.513692000000002,22.819938750000002,26.98476725
2023-12-28 01:00:00,24.8,24.93122,23.7727988,26.0896412,23.319881,26.542559,22.84880575,27.01363425
2023-12-28 02:00:00,24.8,24.680677,23.5222558,25.8390982,23.069338,26.292016,22.59826275,26.76309125
2023-12-28 03:00:00,24.6,24.5149,23.3564788,25.6733212,22.903561,26.126239,22.43248575,26.59731425
2023-12-28 04:00:00,24.4,24.28346,23.125038800000002,25.4418812,22.672121,25.894799000000003,22.201045750000002,26.36587425
2023-12-28 05:00:00,24.3,24.21835,23.0599288,25.3767712,22.607011,25.829689000000002,22.13593575,26.30076425
2023-12-28 06:00:00,24.5,24.488598,23.3301768,25.6470192,22.877259,26.099937,22.40618375,26.57101225
2023-12-28 07:00:00,24.9,25.323057,24.1646358,26.481478199999998,23.711717999999998,26.934396,23.24064275,27.405471249999998
2023-12-28 08:00:00,26.1,25.98485,24.826428800000002,27.1432712,24.373511,27.596189000000003,23.902435750000002,28.06726425
2023-12-28 09:00:00,27.1,26.892563,25.7341418,28.0509842,25.281223999999998,28.503902,24.81014875,28.97497725
2023-12-28 10:00:00,27.8,27.212173,26.0537518,28.3705942,25.600834,28.823512,25.12975875,29.29458725
2023-12-28 11:00:00,28.3,27.849098,26.690676800000002,29.0075192,26.237759,29.460437000000002,25.766683750000002,29.93151225
2023-12-28 12:00:00,28.4,27.849968,26.6915468,29.0083892,26.238629,29.461307,25.76755375,29.93238225
2023-12-28 13:00:00,28.2,27.92685,26.768428800000002,29.0852712,26.315511,29.538189000000003,25.844435750000002,30.00926425
2023-12-28 14:00:00,27.8,27.704144,26.5457228,28.8625652,26.092805,29.315483,25.62172975,29.78655825
2023-12-28 15:00:00,27.5,27.303635,26.1452138,28.4620562,25.692296,28.914974,25.22122075,29.38604925
2023-12-28 16:00:00,26.8,26.703226,25.5448048,27.8616472,25.091887,28.314565,24.62081175,28.78564025
2023-12-28 17:00:00,26.2,25.989515,24.8310938,27.1479362,24.378176,27.600854,23.90710075,28.07192925
2023-12-28 18:00:00,25.6,25.65568,24.4972588,26.8141012,24.044341,27.267019,23.57326575,27.73809425
2023-12-28 19:00:00,25.4,25.535612,24.3771908,26.6940332,23.924273,27.146951,23.45319775,27.61802625
2023-12-28 20:00:00,25.3,25.4227,24.2642788,26.5811212,23.811360999999998,27.034039,23.34028575,27.50511425
2023-12-28 21:00:00,25.0,25.199785,24.0413638,26.358206199999998,23.588445999999998,26.811124,23.11737075,27.282199249999998
2023-12-28 22:00:00,24.8,25.214458,24.0560368,26.3728792,23.603119,26.825797,23.13204375,27.29687225
2023-12-28 23:00:00,24.6,25.120117,23.9616958,26.2785382,23.508778,26.731456,23.03770275,27.20253125
2023-12-29 00:00:00,24.5,24.772362,23.6139408,25.9307832,23.161023,26.383701000000002,22.68994775,26.85477625
2023-12-29 01:00:00,24.3,24.46866,23.3102388,25.6270812,22.857321,26.079999,22.38624575,26.55107425
2023-12-29 02:00:00,24.2,24.32482,23.1663988,25.4832412,22.713480999999998,25.936159,22.24240575,26.40723425
2023-12-29 03:00:00,24.0,24.246717,23.0882958,25.4051382,22.635378,25.858056,22.16430275,26.32913125
2023-12-29 04:00:00,24.1,24.091942,22.9335208,25.2503632,22.480603,25.703281,22.00952775,26.17435625
2023-12-29 05:00:00,23.9,24.093695,22.9352738,25.2521162,22.482356,25.705034,22.01128075,26.17610925
2023-12-29 06:00:00,24.1,24.348953,23.190531800000002,25.5073742,22.737614,25.960292000000003,22.266538750000002,26.43136725
2023-12-29 07:00:00,25.0,25.316175,24.157753800000002,26.4745962,23.704836,26.927514000000002,23.233760750000002,27.39858925
2023-12-29 08:00:00,26.3,26.42747,25.2690488,27.5858912,24.816131,28.038809,24.34505575,28.50988425
2023-12-29 09:00:00,27.0,26.849035,25.6906138,28.0074562,25.237696,28.460374,24.76662075,28.93144925
2023-12-29 10:00:00,27.7,27.461775,26.3033538,28.6201962,25.850436,29.073114,25.37936075,29.54418925
2023-12-29 11:00:00,28.2,27.995312,26.8368908,29.153733199999998,26.383972999999997,29.606651,25.91289775,30.077726249999998
2023-12-29 12:00:00,28.3,27.740732,26.582310800000002,28.8991532,26.129393,29.352071000000002,25.658317750000002,29.82314625
2023-12-29 13:00:00,28.3,27.662134,26.5037128,28.820555199999998,26.050794999999997,29.273473,25.57971975,29.744548249999998
2023-12-29 14:00:00,28.0,27.532604,26.3741828,28.6910252,25.921265,29.143943,25.45018975,29.61501825
2023-12-29 15:00:00,27.5,27.140944,25.9825228,28.2993652,25.529605,28.752283000000002,25.05852975,29.22335825
2023-12-29 16:00:00,26.8,26.48443,25.3260088,27.6428512,24.873091,28.095769,24.40201575,28.56684425
2023-12-29 17:00:00,25.9,25.868961,24.7105398,27.027382199999998,24.257621999999998,27.4803,23.78654675,27.951375249999998
2023-12-29 18:00:00,25.0,25.599516,24.441094800000002,26.7579372,23.988177,27.210855000000002,23.517101750000002,27.68193025
2023-12-29 19:00:00,24.8,25.351505,24.1930838,26.5099262,23.740166,26.962844,23.26909075,27.43391925
2023-12-29 20:00:00,24.7,25.226694,24.0682728,26.385115199999998,23.615354999999997,26.838033,23.14427975,27.309108249999998
2023-12-29 21:00:00,24.6,24.975828,23.8174068,26.1342492,23.364489,26.587167,22.89341375,27.05824225
2023-12-29 22:00:00,24.5,24.67437,23.5159488,25.8327912,23.063031,26.285709,22.59195575,26.75678425
2023-12-29 23:00:00,24.4,24.566614,23.408192800000002,25.7250352,22.955275,26.177953000000002,22.484199750000002,26.64902825
2023-12-30 00:00:00,24.1,24.16835,23.0099288,25.3267712,22.557011,25.779689,22.08593575,26.25076425
2023-12-30 01:00:00,23.8,24.255447,23.0970258,25.4138682,22.644108,25.866786,22.17303275,26.33786125
2023-12-30 02:00:00,23.7,24.037872,22.8794508,25.1962932,22.426533,25.649211,21.95545775,26.12028625
2023-12-30 03:00:00,23.4,23.845678,22.6872568,25.0040992,22.234339,25.457017,21.76326375,25.92809225
2023-12-30 04:00:00,23.3,23.67364,22.5152188,24.8320612,22.062300999999998,25.284979,21.59122575,25.75605425
2023-12-30 05:00:00,23.3,23.283382,22.1249608,24.4418032,21.672043,24.894721,21.20096775,25.36579625
2023-12-30 06:00:00,24.0,23.406818,22.248396800000002,24.5652392,21.795479,25.018157000000002,21.324403750000002,25.48923225
2023-12-30 07:00:00,24.8,24.501078,23.3426568,25.6594992,22.889739,26.112417,22.41866375,26.58349225
2023-12-30 08:00:00,26.1,25.892296,24.733874800000002,27.0507172,24.280957,27.503635000000003,23.809881750000002,27.97471025
2023-12-30 09:00:00,27.0,26.863308,25.7048868,28.0217292,25.251969,28.474647,24.78089375,28.94572225
2023-12-30 10:00:00,27.6,27.492716,26.334294800000002,28.6511372,25.881377,29.104055000000002,25.410301750000002,29.57513025
2023-12-30 11:00:00,27.9,27.832834,26.6744128,28.991255199999998,26.221494999999997,29.444173,25.75041975,29.915248249999998
2023-12-30 12:00:00,28.1,27.872713,26.7142918,29.0311342,26.261374,29.484052000000002,25.79029875,29.95512725
2023-12-30 13:00:00,28.0,27.859629,26.701207800000002,29.0180502,26.24829,29.470968000000003,25.777214750000002,29.94204325
2023-12-30 14:00:00,27.7,27.669489,26.5110678,28.827910199999998,26.058149999999998,29.280828,25.58707475,29.751903249999998
2023-12-30 15:00:00,27.2,27.253534,26.0951128,28.411955199999998,25.642194999999997,28.864873,25.17111975,29.335948249999998
2023-12-30 16:00:00,26.6,26.557444,25.3990228,27.7158652,24.946105,28.168783,24.47502975,28.63985825
2023-12-30 17:00:00,25.8,25.912575,24.7541538,27.0709962,24.301236,27.523914,23.83016075,27.99498925
2023-12-30 18:00:00,25.5,25.242914,24.0844928,26.4013352,23.631574999999998,26.854253,23.16049975,27.32532825
2023-12-30 19:00:00,25.2,24.764812,23.6063908,25.9232332,23.153472999999998,26.376151,22.68239775,26.84722625
2023-12-30 20:00:00,25.0,24.616589,23.458167800000002,25.7750102,23.00525,26.227928000000002,22.534174750000002,26.69900325
2023-12-30 21:00:00,24.8,24.447018,23.2885968,25.6054392,22.835679,26.058357,22.36460375,26.52943225
2023-12-30 22:00:00,24.7,24.323696,23.165274800000002,25.4821172,22.712357,25.935035000000003,22.241281750000002,26.40611025
2023-12-30 23:00:00,24.3,24.310575,23.1521538,25.4689962,22.699236,25.921914,22.22816075,26.39298925
